{
"type": "FeatureCollection",
"xy_coordinate_resolution": 1e-06,
"features": [
{"type":"Feature","properties":{"parque":"Ventos da Santa Dulce","id_aerog":"AEG 14","situacao":"Em operação","pot_mw":2.0,"alt_torre":80.0,"diam_rotor":110.0,"proprietar":"Enel Green Power Morro do Chapéu II Eólica S.A.","ceg":"EOLCVBA033648-3-01"},"geometry":{"type":"Point","coordinates":[-41.317207,-11.609553]}},
{"type":"Feature","properties":{"parque":"Cristal","id_aerog":"AEG1","situacao":"Em operação","pot_mw":2.3,"alt_torre":80.0,"diam_rotor":101.0,"proprietar":"Enel Green Power Cristalandia I Eólica S.A.","ceg":"EOLCVBA030727-0-01"},"geometry":{"type":"Point","coordinates":[-41.400365,-11.817059]}},
{"type":"Feature","properties":{"parque":"São Judas","id_aerog":"AEG02","situacao":"Em operação","pot_mw":2.3,"alt_torre":80.0,"diam_rotor":84.0,"proprietar":"Enel Green Power São Judas Eólica S.A.","ceg":"EOLCVBA030725-4-01"},"geometry":{"type":"Point","coordinates":[-41.353511,-11.641863]}},
{"type":"Feature","properties":{"parque":"Cristal","id_aerog":"AEG7","situacao":"Em operação","pot_mw":2.3,"alt_torre":80.0,"diam_rotor":101.0,"proprietar":"Enel Green Power Cristalandia I Eólica S.A.","ceg":"EOLCVBA030727-0-01"},"geometry":{"type":"Point","coordinates":[-41.398093,-11.796277]}},
{"type":"Feature","properties":{"parque":"Cristal","id_aerog":"AEG12","situacao":"Em operação","pot_mw":2.3,"alt_torre":80.0,"diam_rotor":101.0,"proprietar":"Enel Green Power Cristalandia I Eólica S.A.","ceg":"EOLCVBA030727-0-01"},"geometry":{"type":"Point","coordinates":[-41.396009,-11.780237]}},
{"type":"Feature","properties":{"parque":"São Judas","id_aerog":"AEG05","situacao":"Em operação","pot_mw":2.3,"alt_torre":80.0,"diam_rotor":84.0,"proprietar":"Enel Green Power São Judas Eólica S.A.","ceg":"EOLCVBA030725-4-01"},"geometry":{"type":"Point","coordinates":[-41.355871,-11.65004]}},
{"type":"Feature","properties":{"parque":"São Judas","id_aerog":"AEG09","situacao":"Em operação","pot_mw":2.3,"alt_torre":80.0,"diam_rotor":84.0,"proprietar":"Enel Green Power São Judas Eólica S.A.","ceg":"EOLCVBA030725-4-01"},"geometry":{"type":"Point","coordinates":[-41.358994,-11.672425]}},
{"type":"Feature","properties":{"parque":"Cristal","id_aerog":"AEG13","situacao":"Em operação","pot_mw":2.3,"alt_torre":80.0,"diam_rotor":101.0,"proprietar":"Enel Green Power Cristalandia I Eólica S.A.","ceg":"EOLCVBA030727-0-01"},"geometry":{"type":"Point","coordinates":[-41.393998,-11.777751]}},
{"type":"Feature","properties":{"parque":"Cristal","id_aerog":"AEG2","situacao":"Em operação","pot_mw":2.3,"alt_torre":80.0,"diam_rotor":101.0,"proprietar":"Enel Green Power Cristalandia I Eólica S.A.","ceg":"EOLCVBA030727-0-01"},"geometry":{"type":"Point","coordinates":[-41.399598,-11.814256]}},
{"type":"Feature","properties":{"parque":"Primavera","id_aerog":"AEG1","situacao":"Em operação","pot_mw":2.3,"alt_torre":80.0,"diam_rotor":84.0,"proprietar":"Enel Green Power Primavera Eólica S.A.","ceg":"EOLCVBA030726-2-01"},"geometry":{"type":"Point","coordinates":[-41.380859,-11.749388]}},
{"type":"Feature","properties":{"parque":"Cristal","id_aerog":"AEG9","situacao":"Em operação","pot_mw":2.3,"alt_torre":80.0,"diam_rotor":101.0,"proprietar":"Enel Green Power Cristalandia I Eólica S.A.","ceg":"EOLCVBA030727-0-01"},"geometry":{"type":"Point","coordinates":[-41.396897,-11.790595]}},
{"type":"Feature","properties":{"parque":"Primavera","id_aerog":"AEG10","situacao":"Em operação","pot_mw":2.3,"alt_torre":80.0,"diam_rotor":84.0,"proprietar":"Enel Green Power Primavera Eólica S.A.","ceg":"EOLCVBA030726-2-01"},"geometry":{"type":"Point","coordinates":[-41.368381,-11.71106]}},
{"type":"Feature","properties":{"parque":"São Judas","id_aerog":"AEG01","situacao":"Em operação","pot_mw":2.3,"alt_torre":80.0,"diam_rotor":84.0,"proprietar":"Enel Green Power São Judas Eólica S.A.","ceg":"EOLCVBA030725-4-01"},"geometry":{"type":"Point","coordinates":[-41.352735,-11.63896]}},
{"type":"Feature","properties":{"parque":"Cristal","id_aerog":"AEG6","situacao":"Em operação","pot_mw":2.3,"alt_torre":80.0,"diam_rotor":101.0,"proprietar":"Enel Green Power Cristalandia I Eólica S.A.","ceg":"EOLCVBA030727-0-01"},"geometry":{"type":"Point","coordinates":[-41.398311,-11.799257]}},
{"type":"Feature","properties":{"parque":"Serra da Babilônia VII","id_aerog":"SDB-VII-B-10","situacao":"Em operação","pot_mw":2.35,"alt_torre":98.0,"diam_rotor":92.0,"proprietar":"Eólica Serra da Babilônia VII S.A.","ceg":"EOLCVBA032467-1-01"},"geometry":{"type":"Point","coordinates":[-41.334379,-11.088442]}},
{"type":"Feature","properties":{"parque":"São Judas","id_aerog":"AEG12","situacao":"Em operação","pot_mw":2.3,"alt_torre":80.0,"diam_rotor":84.0,"proprietar":"Enel Green Power São Judas Eólica S.A.","ceg":"EOLCVBA030725-4-01"},"geometry":{"type":"Point","coordinates":[-41.365971,-11.637785]}},
{"type":"Feature","properties":{"parque":"Ventos de Santa Aurora","id_aerog":"BA-04-06","situacao":"Em operação","pot_mw":2.1,"alt_torre":80.0,"diam_rotor":114.0,"proprietar":"Central Eólica Babilônia IV S.A.","ceg":"EOLCVBA034742-6-01"},"geometry":{"type":"Point","coordinates":[-41.235504,-10.979222]}},
{"type":"Feature","properties":{"parque":"Ventos da Bahia XXIII","id_aerog":"3","situacao":"Em operação","pot_mw":5.5,"alt_torre":126.0,"diam_rotor":158.0,"proprietar":"Parque Eólico Ventos da Bahia XXIII S.A.","ceg":"EOLCVBA035234-9-01"},"geometry":{"type":"Point","coordinates":[-41.494358,-12.088896]}},
{"type":"Feature","properties":{"parque":"Ventos da Bahia XXVII","id_aerog":"9","situacao":"Em operação","pot_mw":5.5,"alt_torre":126.0,"diam_rotor":158.0,"proprietar":"Parque Eólico Ventos da Bahia XXVII S.A.","ceg":"EOLCVBA034889-9-01"},"geometry":{"type":"Point","coordinates":[-41.493705,-12.081899]}},
{"type":"Feature","properties":{"parque":"Cristal","id_aerog":"AEG5","situacao":"Em operação","pot_mw":2.3,"alt_torre":80.0,"diam_rotor":101.0,"proprietar":"Enel Green Power Cristalandia I Eólica S.A.","ceg":"EOLCVBA030727-0-01"},"geometry":{"type":"Point","coordinates":[-41.397772,-11.802596]}},
{"type":"Feature","properties":{"parque":"Ventos do São Gabriel","id_aerog":"BA-03-07","situacao":"Em operação","pot_mw":2.1,"alt_torre":80.0,"diam_rotor":114.0,"proprietar":"Central Eólica Babilônia III S.A.","ceg":"EOLCVBA034739-6-01"},"geometry":{"type":"Point","coordinates":[-41.235184,-10.970729]}},
{"type":"Feature","properties":{"parque":"Boa Vista da Lagoinha","id_aerog":"BV-14","situacao":"Em operação","pot_mw":2.0,"alt_torre":95.0,"diam_rotor":110.0,"proprietar":"Enel Green Power Boa Vista Eólica S.A.","ceg":"EOLCVBA032759-0-01"},"geometry":{"type":"Point","coordinates":[-41.326488,-11.644288]}},
{"type":"Feature","properties":{"parque":"Ventos da Bahia XXIII","id_aerog":"4","situacao":"Em operação","pot_mw":5.5,"alt_torre":126.0,"diam_rotor":158.0,"proprietar":"Parque Eólico Ventos da Bahia XXIII S.A.","ceg":"EOLCVBA035234-9-01"},"geometry":{"type":"Point","coordinates":[-41.495168,-12.091139]}},
{"type":"Feature","properties":{"parque":"Ventos da Bahia XXVII","id_aerog":"8","situacao":"Em operação","pot_mw":5.5,"alt_torre":126.0,"diam_rotor":158.0,"proprietar":"Parque Eólico Ventos da Bahia XXVII S.A.","ceg":"EOLCVBA034889-9-01"},"geometry":{"type":"Point","coordinates":[-41.493492,-12.079679]}},
{"type":"Feature","properties":{"parque":"Ventos da Bahia XIII","id_aerog":"1","situacao":"Em operação","pot_mw":5.5,"alt_torre":101.0,"diam_rotor":158.0,"proprietar":"Parque Eólico Ventos da Bahia XIII S.A.","ceg":"EOLCVBA032535-0-01"},"geometry":{"type":"Point","coordinates":[-41.496662,-12.131297]}},
{"type":"Feature","properties":{"parque":"Ventos do São Mário","id_aerog":"1","situacao":"Em operação","pot_mw":2.0,"alt_torre":80.0,"diam_rotor":110.0,"proprietar":"Enel Green Power Morro do Chapéu I Eólica S.A.","ceg":"EOLCVBA033650-5-01"},"geometry":{"type":"Point","coordinates":[-41.228529,-11.587414]}},
{"type":"Feature","properties":{"parque":"Ventos da Bahia XIV","id_aerog":"1","situacao":"Em operação","pot_mw":5.5,"alt_torre":126.0,"diam_rotor":158.0,"proprietar":"Parque Eólico Ventos da Bahia XIV S.A.","ceg":"EOLCVBA032536-8-01"},"geometry":{"type":"Point","coordinates":[-41.506776,-12.11018]}},
{"type":"Feature","properties":{"parque":"Ventos da Santa Esperança","id_aerog":"AEG 11","situacao":"Em operação","pot_mw":2.0,"alt_torre":80.0,"diam_rotor":110.0,"proprietar":"Enel Green Power Morro do Chapéu II Eólica S.A.","ceg":"EOLCVBA033649-1-01"},"geometry":{"type":"Point","coordinates":[-41.307903,-11.586096]}},
{"type":"Feature","properties":{"parque":"Ventos da Santa Esperança","id_aerog":"AEG 2","situacao":"Em operação","pot_mw":2.0,"alt_torre":80.0,"diam_rotor":110.0,"proprietar":"Enel Green Power Morro do Chapéu II Eólica S.A.","ceg":"EOLCVBA033649-1-01"},"geometry":{"type":"Point","coordinates":[-41.315183,-11.605268]}},
{"type":"Feature","properties":{"parque":"Boa Vista da Lagoinha","id_aerog":"BV-01","situacao":"Em operação","pot_mw":2.0,"alt_torre":80.0,"diam_rotor":110.0,"proprietar":"Enel Green Power Boa Vista Eólica S.A.","ceg":"EOLCVBA032759-0-01"},"geometry":{"type":"Point","coordinates":[-41.389243,-11.761345]}},
{"type":"Feature","properties":{"parque":"Serra da Babilônia II","id_aerog":"SDB-II-B-08","situacao":"Em operação","pot_mw":2.35,"alt_torre":98.0,"diam_rotor":92.0,"proprietar":"Eólica Serra da Babilônia II S.A.","ceg":"EOLCVBA032462-0-01"},"geometry":{"type":"Point","coordinates":[-41.335881,-11.106983]}},
{"type":"Feature","properties":{"parque":"Ventos de Santa Esperança 17","id_aerog":"VSE17-10","situacao":"Em operação","pot_mw":4.2,"alt_torre":105.0,"diam_rotor":150.0,"proprietar":"Enel Green Power Ventos de Santa Esperança 17 S.A.","ceg":"EOLCVBA034509-1-01"},"geometry":{"type":"Point","coordinates":[-41.312343,-11.503771]}},
{"type":"Feature","properties":{"parque":"Serra da Babilônia E","id_aerog":"SDB-E-03","situacao":"Em operação","pot_mw":5.3,"alt_torre":121.0,"diam_rotor":158.0,"proprietar":"Eólica SDB ECO S.A.","ceg":"EOLCVBA040611-2-01"},"geometry":{"type":"Point","coordinates":[-41.335602,-11.155848]}},
{"type":"Feature","properties":{"parque":"Ventos de Santa Esperança 15","id_aerog":"VSE15-07","situacao":"Em operação","pot_mw":4.2,"alt_torre":105.0,"diam_rotor":150.0,"proprietar":"Enel Green Power Ventos de Santa Esperança 15 S.A.","ceg":"EOLCVBA034507-5-01"},"geometry":{"type":"Point","coordinates":[-41.313764,-11.55423]}},
{"type":"Feature","properties":{"parque":"Serra da Babilônia XII","id_aerog":"SDB-XII-A-02","situacao":"Em operação","pot_mw":2.35,"alt_torre":98.0,"diam_rotor":92.0,"proprietar":"Eólica Serra da Babilônia XII S.A.","ceg":"EOLCVBA032471-0-01"},"geometry":{"type":"Point","coordinates":[-41.316419,-11.101259]}},
{"type":"Feature","properties":{"parque":"Ventos da Bahia XXIII","id_aerog":"2","situacao":"Em operação","pot_mw":5.5,"alt_torre":126.0,"diam_rotor":158.0,"proprietar":"Parque Eólico Ventos da Bahia XXIII S.A.","ceg":"EOLCVBA035234-9-01"},"geometry":{"type":"Point","coordinates":[-41.493427,-12.086582]}},
{"type":"Feature","properties":{"parque":"Ventos de Santa Esperança 17","id_aerog":"VSE17-06","situacao":"Em operação","pot_mw":4.2,"alt_torre":105.0,"diam_rotor":150.0,"proprietar":"Enel Green Power Ventos de Santa Esperança 17 S.A.","ceg":"EOLCVBA034509-1-01"},"geometry":{"type":"Point","coordinates":[-41.303233,-11.51823]}},
{"type":"Feature","properties":{"parque":"Boa Vista da Lagoinha","id_aerog":"BV-12","situacao":"Em operação","pot_mw":2.0,"alt_torre":95.0,"diam_rotor":110.0,"proprietar":"Enel Green Power Boa Vista Eólica S.A.","ceg":"EOLCVBA032759-0-01"},"geometry":{"type":"Point","coordinates":[-41.319176,-11.65586]}},
{"type":"Feature","properties":{"parque":"Ventos da Bahia XXIII","id_aerog":"7","situacao":"Em operação","pot_mw":5.5,"alt_torre":126.0,"diam_rotor":158.0,"proprietar":"Parque Eólico Ventos da Bahia XXIII S.A.","ceg":"EOLCVBA035234-9-01"},"geometry":{"type":"Point","coordinates":[-41.496514,-12.098635]}},
{"type":"Feature","properties":{"parque":"Serra da Babilônia E","id_aerog":"SDB-E-05","situacao":"Em operação","pot_mw":5.3,"alt_torre":121.0,"diam_rotor":158.0,"proprietar":"Eólica SDB ECO S.A.","ceg":"EOLCVBA040611-2-01"},"geometry":{"type":"Point","coordinates":[-41.346106,-11.157835]}},
{"type":"Feature","properties":{"parque":"Serra da Babilônia F","id_aerog":"SDB-F-04","situacao":"Em operação","pot_mw":5.3,"alt_torre":121.0,"diam_rotor":158.0,"proprietar":"Eólica SDB F S.A.","ceg":"EOLCVBA040612-0-01"},"geometry":{"type":"Point","coordinates":[-41.345722,-11.163531]}},
{"type":"Feature","properties":{"parque":"Serra da Babilônia C","id_aerog":"SDB-C-03","situacao":"Em operação","pot_mw":5.3,"alt_torre":121.0,"diam_rotor":158.0,"proprietar":"Eólica SDB C S.A.","ceg":"EOLCVBA040609-0-01"},"geometry":{"type":"Point","coordinates":[-41.330821,-11.139293]}},
{"type":"Feature","properties":{"parque":"Serra da Babilônia C","id_aerog":"SDB-C-04","situacao":"Em operação","pot_mw":5.3,"alt_torre":121.0,"diam_rotor":158.0,"proprietar":"Eólica SDB C S.A.","ceg":"EOLCVBA040609-0-01"},"geometry":{"type":"Point","coordinates":[-41.341999,-11.137516]}},
{"type":"Feature","properties":{"parque":"Serra da Babilônia E","id_aerog":"SDB-E-04","situacao":"Em operação","pot_mw":5.3,"alt_torre":121.0,"diam_rotor":158.0,"proprietar":"Eólica SDB ECO S.A.","ceg":"EOLCVBA040611-2-01"},"geometry":{"type":"Point","coordinates":[-41.34611,-11.15497]}},
{"type":"Feature","properties":{"parque":"Ventos de Santa Esperança 17","id_aerog":"VSE17-07","situacao":"Em operação","pot_mw":4.2,"alt_torre":105.0,"diam_rotor":150.0,"proprietar":"Enel Green Power Ventos de Santa Esperança 17 S.A.","ceg":"EOLCVBA034509-1-01"},"geometry":{"type":"Point","coordinates":[-41.303232,-11.514642]}},
{"type":"Feature","properties":{"parque":"Ventos de Santa Esperança 15","id_aerog":"VSE15-03","situacao":"Em operação","pot_mw":4.2,"alt_torre":105.0,"diam_rotor":150.0,"proprietar":"Enel Green Power Ventos de Santa Esperança 15 S.A.","ceg":"EOLCVBA034507-5-01"},"geometry":{"type":"Point","coordinates":[-41.302505,-11.551356]}},
{"type":"Feature","properties":{"parque":"Ventos de Santa Esperança 13","id_aerog":"VSE13-01","situacao":"Em operação","pot_mw":4.2,"alt_torre":105.0,"diam_rotor":150.0,"proprietar":"Enel Green Power Ventos de Santa Esperança 13 S.A.","ceg":"EOLCVBA034692-6-01"},"geometry":{"type":"Point","coordinates":[-41.356796,-11.583424]}},
{"type":"Feature","properties":{"parque":"Ventos de Santa Esperança 13","id_aerog":"VSE13-08","situacao":"Em operação","pot_mw":4.2,"alt_torre":105.0,"diam_rotor":150.0,"proprietar":"Enel Green Power Ventos de Santa Esperança 13 S.A.","ceg":"EOLCVBA034692-6-01"},"geometry":{"type":"Point","coordinates":[-41.341655,-11.554756]}},
{"type":"Feature","properties":{"parque":"Ventos de Santa Esperança 13","id_aerog":"VSE13-06","situacao":"Em operação","pot_mw":4.2,"alt_torre":105.0,"diam_rotor":150.0,"proprietar":"Enel Green Power Ventos de Santa Esperança 13 S.A.","ceg":"EOLCVBA034692-6-01"},"geometry":{"type":"Point","coordinates":[-41.33858,-11.590548]}},
{"type":"Feature","properties":{"parque":"Ventos do São Mário","id_aerog":"7","situacao":"Em operação","pot_mw":2.0,"alt_torre":80.0,"diam_rotor":110.0,"proprietar":"Enel Green Power Morro do Chapéu I Eólica S.A.","ceg":"EOLCVBA033650-5-01"},"geometry":{"type":"Point","coordinates":[-41.227772,-11.570556]}},
{"type":"Feature","properties":{"parque":"Ventos de Santa Esperança 17","id_aerog":"VSE17-05","situacao":"Em operação","pot_mw":4.2,"alt_torre":105.0,"diam_rotor":150.0,"proprietar":"Enel Green Power Ventos de Santa Esperança 17 S.A.","ceg":"EOLCVBA034509-1-01"},"geometry":{"type":"Point","coordinates":[-41.302953,-11.522027]}},
{"type":"Feature","properties":{"parque":"Ventos do São Mário","id_aerog":"15","situacao":"Em operação","pot_mw":2.0,"alt_torre":80.0,"diam_rotor":110.0,"proprietar":"Enel Green Power Morro do Chapéu I Eólica S.A.","ceg":"EOLCVBA033650-5-01"},"geometry":{"type":"Point","coordinates":[-41.226008,-11.549115]}},
{"type":"Feature","properties":{"parque":"Serra da Babilônia F","id_aerog":"SDB-F-03","situacao":"Em operação","pot_mw":5.3,"alt_torre":121.0,"diam_rotor":158.0,"proprietar":"Eólica SDB F S.A.","ceg":"EOLCVBA040612-0-01"},"geometry":{"type":"Point","coordinates":[-41.346101,-11.160691]}},
{"type":"Feature","properties":{"parque":"Serra da Babilônia VIII","id_aerog":"SDB-VIII-B-09","situacao":"Em operação","pot_mw":2.35,"alt_torre":98.0,"diam_rotor":92.0,"proprietar":"Eólica Serra da Babilônia VIII S.A.","ceg":"EOLCVBA032468-0-01"},"geometry":{"type":"Point","coordinates":[-41.313721,-11.082817]}},
{"type":"Feature","properties":{"parque":"Serra da Babilônia C","id_aerog":"SDB-C-02","situacao":"Em operação","pot_mw":5.3,"alt_torre":121.0,"diam_rotor":158.0,"proprietar":"Eólica SDB C S.A.","ceg":"EOLCVBA040609-0-01"},"geometry":{"type":"Point","coordinates":[-41.32978,-11.136021]}},
{"type":"Feature","properties":{"parque":"Serra da Babilônia E","id_aerog":"SDB-E-02","situacao":"Em operação","pot_mw":5.3,"alt_torre":121.0,"diam_rotor":158.0,"proprietar":"Eólica SDB ECO S.A.","ceg":"EOLCVBA040611-2-01"},"geometry":{"type":"Point","coordinates":[-41.333902,-11.152689]}},
{"type":"Feature","properties":{"parque":"Cristal","id_aerog":"AEG8","situacao":"Em operação","pot_mw":2.3,"alt_torre":80.0,"diam_rotor":101.0,"proprietar":"Enel Green Power Cristalandia I Eólica S.A.","ceg":"EOLCVBA030727-0-01"},"geometry":{"type":"Point","coordinates":[-41.397399,-11.793464]}},
{"type":"Feature","properties":{"parque":"São Judas","id_aerog":"AEG04","situacao":"Em operação","pot_mw":2.3,"alt_torre":80.0,"diam_rotor":84.0,"proprietar":"Enel Green Power São Judas Eólica S.A.","ceg":"EOLCVBA030725-4-01"},"geometry":{"type":"Point","coordinates":[-41.355051,-11.647354]}},
{"type":"Feature","properties":{"parque":"Ventos do São Paulo","id_aerog":"AEG 4","situacao":"Em operação","pot_mw":2.0,"alt_torre":80.0,"diam_rotor":110.0,"proprietar":"Enel Green Power Morro do Chapéu I Eólica S.A.","ceg":"EOLCVBA033652-1-01"},"geometry":{"type":"Point","coordinates":[-41.297489,-11.573545]}},
{"type":"Feature","properties":{"parque":"Ventos da Santa Esperança","id_aerog":"AEG 3","situacao":"Em operação","pot_mw":2.0,"alt_torre":80.0,"diam_rotor":110.0,"proprietar":"Enel Green Power Morro do Chapéu II Eólica S.A.","ceg":"EOLCVBA033649-1-01"},"geometry":{"type":"Point","coordinates":[-41.314459,-11.603141]}},
{"type":"Feature","properties":{"parque":"São Judas","id_aerog":"AEG08","situacao":"Em operação","pot_mw":2.3,"alt_torre":80.0,"diam_rotor":84.0,"proprietar":"Enel Green Power São Judas Eólica S.A.","ceg":"EOLCVBA030725-4-01"},"geometry":{"type":"Point","coordinates":[-41.358878,-11.669525]}},
{"type":"Feature","properties":{"parque":"Ventos da Bahia XXIII","id_aerog":"8","situacao":"Em operação","pot_mw":5.5,"alt_torre":126.0,"diam_rotor":158.0,"proprietar":"Parque Eólico Ventos da Bahia XXIII S.A.","ceg":"EOLCVBA035234-9-01"},"geometry":{"type":"Point","coordinates":[-41.506148,-12.105813]}},
{"type":"Feature","properties":{"parque":"Ventos da Bahia XIII","id_aerog":"4","situacao":"Em operação","pot_mw":5.5,"alt_torre":101.0,"diam_rotor":158.0,"proprietar":"Parque Eólico Ventos da Bahia XIII S.A.","ceg":"EOLCVBA032535-0-01"},"geometry":{"type":"Point","coordinates":[-41.494152,-12.138891]}},
{"type":"Feature","properties":{"parque":"Ventos da Bahia XIV","id_aerog":"5","situacao":"Em operação","pot_mw":5.5,"alt_torre":126.0,"diam_rotor":158.0,"proprietar":"Parque Eólico Ventos da Bahia XIV S.A.","ceg":"EOLCVBA032536-8-01"},"geometry":{"type":"Point","coordinates":[-41.498268,-12.126304]}},
{"type":"Feature","properties":{"parque":"Ventos de Santa Esperança 13","id_aerog":"VSE13-02","situacao":"Em operação","pot_mw":4.2,"alt_torre":105.0,"diam_rotor":150.0,"proprietar":"Enel Green Power Ventos de Santa Esperança 13 S.A.","ceg":"EOLCVBA034692-6-01"},"geometry":{"type":"Point","coordinates":[-41.356532,-11.580309]}},
{"type":"Feature","properties":{"parque":"Serra da Babilônia VI","id_aerog":"SDB-VI-A-03","situacao":"Em operação","pot_mw":2.35,"alt_torre":98.0,"diam_rotor":92.0,"proprietar":"Eólica Serra da Babilônia VI S.A.","ceg":"EOLCVBA032466-3-01"},"geometry":{"type":"Point","coordinates":[-41.32586,-11.052441]}},
{"type":"Feature","properties":{"parque":"Serra da Babilônia IX","id_aerog":"SDB-IX-B-12","situacao":"Em operação","pot_mw":2.35,"alt_torre":98.0,"diam_rotor":92.0,"proprietar":"Eólica Serra da Babilônia IX S.A.","ceg":"EOLCVBA032465-5-01"},"geometry":{"type":"Point","coordinates":[-41.325672,-11.100393]}},
{"type":"Feature","properties":{"parque":"Ventos da Bahia XXIII","id_aerog":"5","situacao":"Em operação","pot_mw":5.5,"alt_torre":126.0,"diam_rotor":158.0,"proprietar":"Parque Eólico Ventos da Bahia XXIII S.A.","ceg":"EOLCVBA035234-9-01"},"geometry":{"type":"Point","coordinates":[-41.495786,-12.093401]}},
{"type":"Feature","properties":{"parque":"Serra da Babilônia A","id_aerog":"SDB-A-02","situacao":"Em operação","pot_mw":5.3,"alt_torre":121.0,"diam_rotor":158.0,"proprietar":"Eólica SDB Alfa S.A.","ceg":"EOLCVBA037083-5-01"},"geometry":{"type":"Point","coordinates":[-41.325324,-11.123467]}},
{"type":"Feature","properties":{"parque":"Serra da Babilônia C","id_aerog":"SDB-C-05","situacao":"Em operação","pot_mw":5.3,"alt_torre":121.0,"diam_rotor":158.0,"proprietar":"Eólica SDB C S.A.","ceg":"EOLCVBA040609-0-01"},"geometry":{"type":"Point","coordinates":[-41.342799,-11.140275]}},
{"type":"Feature","properties":{"parque":"Ventos da Bahia XIII","id_aerog":"6","situacao":"Em operação","pot_mw":5.5,"alt_torre":101.0,"diam_rotor":158.0,"proprietar":"Parque Eólico Ventos da Bahia XIII S.A.","ceg":"EOLCVBA032535-0-01"},"geometry":{"type":"Point","coordinates":[-41.494148,-12.143409]}},
{"type":"Feature","properties":{"parque":"Ventos da Bahia XXIII","id_aerog":"1","situacao":"Em operação","pot_mw":5.5,"alt_torre":126.0,"diam_rotor":158.0,"proprietar":"Parque Eólico Ventos da Bahia XXIII S.A.","ceg":"EOLCVBA035234-9-01"},"geometry":{"type":"Point","coordinates":[-41.493626,-12.084231]}},
{"type":"Feature","properties":{"parque":"Serra da Babilônia C","id_aerog":"SDB-C-01","situacao":"Em operação","pot_mw":5.3,"alt_torre":121.0,"diam_rotor":158.0,"proprietar":"Eólica SDB C S.A.","ceg":"EOLCVBA040609-0-01"},"geometry":{"type":"Point","coordinates":[-41.328628,-11.132785]}},
{"type":"Feature","properties":{"parque":"Ventos do São Paulo","id_aerog":"AEG 10","situacao":"Em operação","pot_mw":2.0,"alt_torre":80.0,"diam_rotor":110.0,"proprietar":"Enel Green Power Morro do Chapéu I Eólica S.A.","ceg":"EOLCVBA033652-1-01"},"geometry":{"type":"Point","coordinates":[-41.303954,-11.563824]}},
{"type":"Feature","properties":{"parque":"Ventos da Bahia XIV","id_aerog":"4","situacao":"Em operação","pot_mw":5.5,"alt_torre":101.0,"diam_rotor":158.0,"proprietar":"Parque Eólico Ventos da Bahia XIV S.A.","ceg":"EOLCVBA032536-8-01"},"geometry":{"type":"Point","coordinates":[-41.499117,-12.123793]}},
{"type":"Feature","properties":{"parque":"Serra da Babilônia XII","id_aerog":"SDB-XII-B-08","situacao":"Em operação","pot_mw":2.35,"alt_torre":98.0,"diam_rotor":92.0,"proprietar":"Eólica Serra da Babilônia XII S.A.","ceg":"EOLCVBA032471-0-01"},"geometry":{"type":"Point","coordinates":[-41.325585,-11.104505]}},
{"type":"Feature","properties":{"parque":"Serra da Babilônia VI","id_aerog":"SDB-VI-B-10","situacao":"Em operação","pot_mw":2.35,"alt_torre":98.0,"diam_rotor":92.0,"proprietar":"Eólica Serra da Babilônia VI S.A.","ceg":"EOLCVBA032466-3-01"},"geometry":{"type":"Point","coordinates":[-41.335217,-11.101738]}},
{"type":"Feature","properties":{"parque":"São Judas","id_aerog":"AEG13","situacao":"Em operação","pot_mw":2.3,"alt_torre":80.0,"diam_rotor":84.0,"proprietar":"Enel Green Power São Judas Eólica S.A.","ceg":"EOLCVBA030725-4-01"},"geometry":{"type":"Point","coordinates":[-41.366439,-11.644306]}},
{"type":"Feature","properties":{"parque":"Ventos do São Paulo","id_aerog":"AEG 8","situacao":"Em operação","pot_mw":2.0,"alt_torre":80.0,"diam_rotor":110.0,"proprietar":"Enel Green Power Morro do Chapéu I Eólica S.A.","ceg":"EOLCVBA033652-1-01"},"geometry":{"type":"Point","coordinates":[-41.29589,-11.564963]}},
{"type":"Feature","properties":{"parque":"Ventos da Santa Esperança","id_aerog":"AEG 8","situacao":"Em operação","pot_mw":2.0,"alt_torre":80.0,"diam_rotor":110.0,"proprietar":"Enel Green Power Morro do Chapéu II Eólica S.A.","ceg":"EOLCVBA033649-1-01"},"geometry":{"type":"Point","coordinates":[-41.3103,-11.592213]}},
{"type":"Feature","properties":{"parque":"Ventos da Bahia XXIII","id_aerog":"9","situacao":"Em operação","pot_mw":5.5,"alt_torre":126.0,"diam_rotor":158.0,"proprietar":"Parque Eólico Ventos da Bahia XXIII S.A.","ceg":"EOLCVBA035234-9-01"},"geometry":{"type":"Point","coordinates":[-41.50626,-12.108016]}},
{"type":"Feature","properties":{"parque":"Ventos da Santa Esperança","id_aerog":"AEG 12","situacao":"Em operação","pot_mw":2.0,"alt_torre":80.0,"diam_rotor":110.0,"proprietar":"Enel Green Power Morro do Chapéu II Eólica S.A.","ceg":"EOLCVBA033649-1-01"},"geometry":{"type":"Point","coordinates":[-41.305599,-11.584578]}},
{"type":"Feature","properties":{"parque":"Ventos do São Paulo","id_aerog":"AEG 14","situacao":"Em operação","pot_mw":2.0,"alt_torre":80.0,"diam_rotor":110.0,"proprietar":"Enel Green Power Morro do Chapéu I Eólica S.A.","ceg":"EOLCVBA033652-1-01"},"geometry":{"type":"Point","coordinates":[-41.305887,-11.57234]}},
{"type":"Feature","properties":{"parque":"Ventos da Santa Dulce","id_aerog":"AEG 10","situacao":"Em operação","pot_mw":2.0,"alt_torre":80.0,"diam_rotor":110.0,"proprietar":"Enel Green Power Morro do Chapéu II Eólica S.A.","ceg":"EOLCVBA033648-3-01"},"geometry":{"type":"Point","coordinates":[-41.325025,-11.592835]}},
{"type":"Feature","properties":{"parque":"Ventos da Santa Esperança","id_aerog":"AEG 10","situacao":"Em operação","pot_mw":2.0,"alt_torre":80.0,"diam_rotor":110.0,"proprietar":"Enel Green Power Morro do Chapéu II Eólica S.A.","ceg":"EOLCVBA033649-1-01"},"geometry":{"type":"Point","coordinates":[-41.308973,-11.588003]}},
{"type":"Feature","properties":{"parque":"Serra da Babilônia F","id_aerog":"SDB-F-02","situacao":"Em operação","pot_mw":5.3,"alt_torre":121.0,"diam_rotor":158.0,"proprietar":"Eólica SDB F S.A.","ceg":"EOLCVBA040612-0-01"},"geometry":{"type":"Point","coordinates":[-41.33608,-11.162974]}},
{"type":"Feature","properties":{"parque":"São Judas","id_aerog":"AEG11","situacao":"Em operação","pot_mw":2.3,"alt_torre":80.0,"diam_rotor":84.0,"proprietar":"Enel Green Power São Judas Eólica S.A.","ceg":"EOLCVBA030725-4-01"},"geometry":{"type":"Point","coordinates":[-41.360515,-11.677708]}},
{"type":"Feature","properties":{"parque":"Ventos da Santa Dulce","id_aerog":"AEG 4","situacao":"Em operação","pot_mw":2.0,"alt_torre":80.0,"diam_rotor":110.0,"proprietar":"Enel Green Power Morro do Chapéu II Eólica S.A.","ceg":"EOLCVBA033648-3-01"},"geometry":{"type":"Point","coordinates":[-41.331186,-11.606332]}},
{"type":"Feature","properties":{"parque":"São Judas","id_aerog":"AEG10","situacao":"Em operação","pot_mw":2.3,"alt_torre":80.0,"diam_rotor":84.0,"proprietar":"Enel Green Power São Judas Eólica S.A.","ceg":"EOLCVBA030725-4-01"},"geometry":{"type":"Point","coordinates":[-41.359759,-11.675039]}},
{"type":"Feature","properties":{"parque":"Ventos do São Paulo","id_aerog":"AEG 5","situacao":"Em operação","pot_mw":2.0,"alt_torre":80.0,"diam_rotor":110.0,"proprietar":"Enel Green Power Morro do Chapéu I Eólica S.A.","ceg":"EOLCVBA033652-1-01"},"geometry":{"type":"Point","coordinates":[-41.296382,-11.571548]}},
{"type":"Feature","properties":{"parque":"Serra da Babilônia X","id_aerog":"SDB-X-B-08","situacao":"Em operação","pot_mw":2.35,"alt_torre":98.0,"diam_rotor":92.0,"proprietar":"Eólica Serra da Babilônia X S.A.","ceg":"EOLCVBA032469-8-01"},"geometry":{"type":"Point","coordinates":[-41.331596,-11.074402]}},
{"type":"Feature","properties":{"parque":"Ventos do São Mário","id_aerog":"9","situacao":"Em operação","pot_mw":2.0,"alt_torre":80.0,"diam_rotor":110.0,"proprietar":"Enel Green Power Morro do Chapéu I Eólica S.A.","ceg":"EOLCVBA033650-5-01"},"geometry":{"type":"Point","coordinates":[-41.228633,-11.56473]}},
{"type":"Feature","properties":{"parque":"Ventos da Bahia XIII","id_aerog":"2","situacao":"Em operação","pot_mw":5.5,"alt_torre":101.0,"diam_rotor":158.0,"proprietar":"Parque Eólico Ventos da Bahia XIII S.A.","ceg":"EOLCVBA032535-0-01"},"geometry":{"type":"Point","coordinates":[-41.495749,-12.133862]}},
{"type":"Feature","properties":{"parque":"Ventos de Santa Esperança 15","id_aerog":"VSE15-09","situacao":"Em operação","pot_mw":4.2,"alt_torre":105.0,"diam_rotor":150.0,"proprietar":"Enel Green Power Ventos de Santa Esperança 15 S.A.","ceg":"EOLCVBA034507-5-01"},"geometry":{"type":"Point","coordinates":[-41.30139,-11.537158]}},
{"type":"Feature","properties":{"parque":"Ventos da Bahia XXIII","id_aerog":"6","situacao":"Em operação","pot_mw":5.5,"alt_torre":126.0,"diam_rotor":158.0,"proprietar":"Parque Eólico Ventos da Bahia XXIII S.A.","ceg":"EOLCVBA035234-9-01"},"geometry":{"type":"Point","coordinates":[-41.495955,-12.095794]}},
{"type":"Feature","properties":{"parque":"São Judas","id_aerog":"AEG07","situacao":"Em operação","pot_mw":2.3,"alt_torre":80.0,"diam_rotor":84.0,"proprietar":"Enel Green Power São Judas Eólica S.A.","ceg":"EOLCVBA030725-4-01"},"geometry":{"type":"Point","coordinates":[-41.358955,-11.666678]}},
{"type":"Feature","properties":{"parque":"Boa Vista da Lagoinha","id_aerog":"BV-15","situacao":"Em operação","pot_mw":2.0,"alt_torre":95.0,"diam_rotor":110.0,"proprietar":"Enel Green Power Boa Vista Eólica S.A.","ceg":"EOLCVBA032759-0-01"},"geometry":{"type":"Point","coordinates":[-41.325283,-11.641614]}},
{"type":"Feature","properties":{"parque":"Serra da Babilônia II","id_aerog":"SDB-II-B-10","situacao":"Em operação","pot_mw":2.35,"alt_torre":98.0,"diam_rotor":92.0,"proprietar":"Eólica Serra da Babilônia II S.A.","ceg":"EOLCVBA032462-0-01"},"geometry":{"type":"Point","coordinates":[-41.33591,-11.110715]}},
{"type":"Feature","properties":{"parque":"Ventos do São Paulo","id_aerog":"AEG 6","situacao":"Em operação","pot_mw":2.0,"alt_torre":80.0,"diam_rotor":110.0,"proprietar":"Enel Green Power Morro do Chapéu I Eólica S.A.","ceg":"EOLCVBA033652-1-01"},"geometry":{"type":"Point","coordinates":[-41.295477,-11.569503]}},
{"type":"Feature","properties":{"parque":"Ventos da Santa Dulce","id_aerog":"AEG 3","situacao":"Em operação","pot_mw":2.0,"alt_torre":80.0,"diam_rotor":110.0,"proprietar":"Enel Green Power Morro do Chapéu II Eólica S.A.","ceg":"EOLCVBA033648-3-01"},"geometry":{"type":"Point","coordinates":[-41.332491,-11.610063]}},
{"type":"Feature","properties":{"parque":"Ventos de Santa Esperança 17","id_aerog":"VSE17-08","situacao":"Em operação","pot_mw":4.2,"alt_torre":105.0,"diam_rotor":150.0,"proprietar":"Enel Green Power Ventos de Santa Esperança 17 S.A.","ceg":"EOLCVBA034509-1-01"},"geometry":{"type":"Point","coordinates":[-41.31491,-11.509597]}},
{"type":"Feature","properties":{"parque":"Serra da Babilônia X","id_aerog":"SDB-X-B-07","situacao":"Em operação","pot_mw":2.35,"alt_torre":98.0,"diam_rotor":92.0,"proprietar":"Eólica Serra da Babilônia X S.A.","ceg":"EOLCVBA032469-8-01"},"geometry":{"type":"Point","coordinates":[-41.330433,-11.073037]}},
{"type":"Feature","properties":{"parque":"Ventos da Santa Dulce","id_aerog":"AEG 12","situacao":"Em operação","pot_mw":2.0,"alt_torre":80.0,"diam_rotor":110.0,"proprietar":"Enel Green Power Morro do Chapéu II Eólica S.A.","ceg":"EOLCVBA033648-3-01"},"geometry":{"type":"Point","coordinates":[-41.325349,-11.586588]}},
{"type":"Feature","properties":{"parque":"Ventos da Santa Dulce","id_aerog":"AEG 5","situacao":"Em operação","pot_mw":2.0,"alt_torre":80.0,"diam_rotor":110.0,"proprietar":"Enel Green Power Morro do Chapéu II Eólica S.A.","ceg":"EOLCVBA033648-3-01"},"geometry":{"type":"Point","coordinates":[-41.326217,-11.605035]}},
{"type":"Feature","properties":{"parque":"São Judas","id_aerog":"AEG03","situacao":"Em operação","pot_mw":2.3,"alt_torre":80.0,"diam_rotor":84.0,"proprietar":"Enel Green Power São Judas Eólica S.A.","ceg":"EOLCVBA030725-4-01"},"geometry":{"type":"Point","coordinates":[-41.354267,-11.644613]}},
{"type":"Feature","properties":{"parque":"Ventos do São Mário","id_aerog":"11","situacao":"Em operação","pot_mw":2.0,"alt_torre":80.0,"diam_rotor":110.0,"proprietar":"Enel Green Power Morro do Chapéu I Eólica S.A.","ceg":"EOLCVBA033650-5-01"},"geometry":{"type":"Point","coordinates":[-41.225942,-11.559391]}},
{"type":"Feature","properties":{"parque":"Ventos da Santa Dulce","id_aerog":"AEG 13","situacao":"Em operação","pot_mw":2.0,"alt_torre":80.0,"diam_rotor":110.0,"proprietar":"Enel Green Power Morro do Chapéu II Eólica S.A.","ceg":"EOLCVBA033648-3-01"},"geometry":{"type":"Point","coordinates":[-41.323592,-11.584714]}},
{"type":"Feature","properties":{"parque":"Ventos do São Paulo","id_aerog":"AEG 12","situacao":"Em operação","pot_mw":2.0,"alt_torre":80.0,"diam_rotor":110.0,"proprietar":"Enel Green Power Morro do Chapéu I Eólica S.A.","ceg":"EOLCVBA033652-1-01"},"geometry":{"type":"Point","coordinates":[-41.305033,-11.568009]}},
{"type":"Feature","properties":{"parque":"Ventos da Santa Dulce","id_aerog":"AEG 11","situacao":"Em operação","pot_mw":2.0,"alt_torre":80.0,"diam_rotor":110.0,"proprietar":"Enel Green Power Morro do Chapéu II Eólica S.A.","ceg":"EOLCVBA033648-3-01"},"geometry":{"type":"Point","coordinates":[-41.327636,-11.588251]}},
{"type":"Feature","properties":{"parque":"Ventos de Santa Esperança 17","id_aerog":"VSE17-04","situacao":"Em operação","pot_mw":4.2,"alt_torre":105.0,"diam_rotor":150.0,"proprietar":"Enel Green Power Ventos de Santa Esperança 17 S.A.","ceg":"EOLCVBA034509-1-01"},"geometry":{"type":"Point","coordinates":[-41.302049,-11.525893]}},
{"type":"Feature","properties":{"parque":"Serra da Babilônia VIII","id_aerog":"SDB-VIII-B-11","situacao":"Em operação","pot_mw":2.35,"alt_torre":98.0,"diam_rotor":92.0,"proprietar":"Eólica Serra da Babilônia VIII S.A.","ceg":"EOLCVBA032468-0-01"},"geometry":{"type":"Point","coordinates":[-41.314986,-11.086657]}},
{"type":"Feature","properties":{"parque":"Ventos de Santa Esperança 13","id_aerog":"VSE13-05","situacao":"Em operação","pot_mw":4.2,"alt_torre":105.0,"diam_rotor":150.0,"proprietar":"Enel Green Power Ventos de Santa Esperança 13 S.A.","ceg":"EOLCVBA034692-6-01"},"geometry":{"type":"Point","coordinates":[-41.338901,-11.593826]}},
{"type":"Feature","properties":{"parque":"Serra da Babilônia II","id_aerog":"SDB-II-A-02","situacao":"Em operação","pot_mw":2.35,"alt_torre":98.0,"diam_rotor":92.0,"proprietar":"Eólica Serra da Babilônia II S.A.","ceg":"EOLCVBA032462-0-01"},"geometry":{"type":"Point","coordinates":[-41.305626,-11.098315]}},
{"type":"Feature","properties":{"parque":"Ventos do São Gabriel","id_aerog":"BA-03-01","situacao":"Em operação","pot_mw":2.1,"alt_torre":80.0,"diam_rotor":114.0,"proprietar":"Central Eólica Babilônia III S.A.","ceg":"EOLCVBA034739-6-01"},"geometry":{"type":"Point","coordinates":[-41.233434,-10.958198]}},
{"type":"Feature","properties":{"parque":"Serra da Babilônia XI","id_aerog":"SDB-XI-B-11","situacao":"Em operação","pot_mw":2.35,"alt_torre":98.0,"diam_rotor":92.0,"proprietar":"Eólica Serra da Babilônia XI S.A.","ceg":"EOLCVBA032470-1-01"},"geometry":{"type":"Point","coordinates":[-41.328126,-11.068301]}},
{"type":"Feature","properties":{"parque":"Serra da Babilônia VII","id_aerog":"SDB-VII-A-03","situacao":"Em operação","pot_mw":2.35,"alt_torre":98.0,"diam_rotor":92.0,"proprietar":"Eólica Serra da Babilônia VII S.A.","ceg":"EOLCVBA032467-1-01"},"geometry":{"type":"Point","coordinates":[-41.317472,-11.060738]}},
{"type":"Feature","properties":{"parque":"Ventos do São Gabriel","id_aerog":"BA-03-02","situacao":"Em operação","pot_mw":2.1,"alt_torre":80.0,"diam_rotor":114.0,"proprietar":"Central Eólica Babilônia III S.A.","ceg":"EOLCVBA034739-6-01"},"geometry":{"type":"Point","coordinates":[-41.233679,-10.960311]}},
{"type":"Feature","properties":{"parque":"Serra da Babilônia XII","id_aerog":"SDB-XII-A-05","situacao":"Em operação","pot_mw":2.35,"alt_torre":98.0,"diam_rotor":92.0,"proprietar":"Eólica Serra da Babilônia XII S.A.","ceg":"EOLCVBA032471-0-01"},"geometry":{"type":"Point","coordinates":[-41.316388,-11.107757]}},
{"type":"Feature","properties":{"parque":"Serra da Babilônia E","id_aerog":"SDB-E-01","situacao":"Em operação","pot_mw":5.3,"alt_torre":121.0,"diam_rotor":158.0,"proprietar":"Eólica SDB ECO S.A.","ceg":"EOLCVBA040611-2-01"},"geometry":{"type":"Point","coordinates":[-41.333034,-11.14937]}},
{"type":"Feature","properties":{"parque":"Ventos de Santa Esperança 13","id_aerog":"VSE13-07","situacao":"Em operação","pot_mw":4.2,"alt_torre":105.0,"diam_rotor":150.0,"proprietar":"Enel Green Power Ventos de Santa Esperança 13 S.A.","ceg":"EOLCVBA034692-6-01"},"geometry":{"type":"Point","coordinates":[-41.343356,-11.557544]}},
{"type":"Feature","properties":{"parque":"Serra da Babilônia A","id_aerog":"SDB-A-01","situacao":"Em operação","pot_mw":5.3,"alt_torre":121.0,"diam_rotor":158.0,"proprietar":"Eólica SDB Alfa S.A.","ceg":"EOLCVBA037083-5-01"},"geometry":{"type":"Point","coordinates":[-41.32422,-11.120358]}},
{"type":"Feature","properties":{"parque":"Serra da Babilônia XI","id_aerog":"SDB-XI-B-12","situacao":"Em operação","pot_mw":2.35,"alt_torre":98.0,"diam_rotor":92.0,"proprietar":"Eólica Serra da Babilônia XI S.A.","ceg":"EOLCVBA032470-1-01"},"geometry":{"type":"Point","coordinates":[-41.328898,-11.069895]}},
{"type":"Feature","properties":{"parque":"Ventos de Santa Esperança 13","id_aerog":"VSE13-03","situacao":"Em operação","pot_mw":4.2,"alt_torre":105.0,"diam_rotor":150.0,"proprietar":"Enel Green Power Ventos de Santa Esperança 13 S.A.","ceg":"EOLCVBA034692-6-01"},"geometry":{"type":"Point","coordinates":[-41.356394,-11.570397]}},
{"type":"Feature","properties":{"parque":"Ventos da Bahia XIV","id_aerog":"6","situacao":"Em operação","pot_mw":5.5,"alt_torre":126.0,"diam_rotor":158.0,"proprietar":"Parque Eólico Ventos da Bahia XIV S.A.","ceg":"EOLCVBA032536-8-01"},"geometry":{"type":"Point","coordinates":[-41.497556,-12.128741]}},
{"type":"Feature","properties":{"parque":"Ventos de Santa Esperança 17","id_aerog":"VSE17-03","situacao":"Em operação","pot_mw":4.2,"alt_torre":105.0,"diam_rotor":150.0,"proprietar":"Enel Green Power Ventos de Santa Esperança 17 S.A.","ceg":"EOLCVBA034509-1-01"},"geometry":{"type":"Point","coordinates":[-41.292126,-11.502295]}},
{"type":"Feature","properties":{"parque":"Serra da Babilônia IX","id_aerog":"SDB-IX-B-05","situacao":"Em operação","pot_mw":2.35,"alt_torre":98.0,"diam_rotor":92.0,"proprietar":"Eólica Serra da Babilônia IX S.A.","ceg":"EOLCVBA032465-5-01"},"geometry":{"type":"Point","coordinates":[-41.324974,-11.086183]}},
{"type":"Feature","properties":{"parque":"Ventos de Santa Esperança 17","id_aerog":"VSE17-01","situacao":"Em operação","pot_mw":4.2,"alt_torre":105.0,"diam_rotor":150.0,"proprietar":"Enel Green Power Ventos de Santa Esperança 17 S.A.","ceg":"EOLCVBA034509-1-01"},"geometry":{"type":"Point","coordinates":[-41.294582,-11.507978]}},
{"type":"Feature","properties":{"parque":"Ventos da Santa Esperança","id_aerog":"AEG 4","situacao":"Em operação","pot_mw":2.0,"alt_torre":80.0,"diam_rotor":110.0,"proprietar":"Enel Green Power Morro do Chapéu II Eólica S.A.","ceg":"EOLCVBA033649-1-01"},"geometry":{"type":"Point","coordinates":[-41.313909,-11.600832]}},
{"type":"Feature","properties":{"parque":"Ventos de Santa Esperança 13","id_aerog":"VSE13-04","situacao":"Em operação","pot_mw":4.2,"alt_torre":105.0,"diam_rotor":150.0,"proprietar":"Enel Green Power Ventos de Santa Esperança 13 S.A.","ceg":"EOLCVBA034692-6-01"},"geometry":{"type":"Point","coordinates":[-41.356176,-11.567299]}},
{"type":"Feature","properties":{"parque":"Ventos da Bahia IV","id_aerog":"22","situacao":"Em operação","pot_mw":3.0,"alt_torre":120.0,"diam_rotor":125.0,"proprietar":"Parque Eólico Colina S.A.","ceg":"EOLCVBA031770-5-01"},"geometry":{"type":"Point","coordinates":[-41.443383,-11.979212]}},
{"type":"Feature","properties":{"parque":"Serra da Babilônia X","id_aerog":"SDB-X-A-05","situacao":"Em operação","pot_mw":2.35,"alt_torre":98.0,"diam_rotor":92.0,"proprietar":"Eólica Serra da Babilônia X S.A.","ceg":"EOLCVBA032469-8-01"},"geometry":{"type":"Point","coordinates":[-41.321566,-11.075265]}},
{"type":"Feature","properties":{"parque":"Serra da Babilônia VII","id_aerog":"SDB-VII-A-01","situacao":"Em operação","pot_mw":2.35,"alt_torre":98.0,"diam_rotor":92.0,"proprietar":"Eólica Serra da Babilônia VII S.A.","ceg":"EOLCVBA032467-1-01"},"geometry":{"type":"Point","coordinates":[-41.316383,-11.057113]}},
{"type":"Feature","properties":{"parque":"São Judas","id_aerog":"AEG06","situacao":"Em operação","pot_mw":2.3,"alt_torre":80.0,"diam_rotor":84.0,"proprietar":"Enel Green Power São Judas Eólica S.A.","ceg":"EOLCVBA030725-4-01"},"geometry":{"type":"Point","coordinates":[-41.357012,-11.652669]}},
{"type":"Feature","properties":{"parque":"Ventos do São Paulo","id_aerog":"AEG 7","situacao":"Em operação","pot_mw":2.0,"alt_torre":80.0,"diam_rotor":110.0,"proprietar":"Enel Green Power Morro do Chapéu I Eólica S.A.","ceg":"EOLCVBA033652-1-01"},"geometry":{"type":"Point","coordinates":[-41.29544,-11.567253]}},
{"type":"Feature","properties":{"parque":"Ventos de Santa Esperança 15","id_aerog":"VSE15-08","situacao":"Em operação","pot_mw":4.2,"alt_torre":105.0,"diam_rotor":150.0,"proprietar":"Enel Green Power Ventos de Santa Esperança 15 S.A.","ceg":"EOLCVBA034507-5-01"},"geometry":{"type":"Point","coordinates":[-41.313059,-11.550955]}},
{"type":"Feature","properties":{"parque":"Ventos de Santa Esperança 15","id_aerog":"VSE15-05","situacao":"Em operação","pot_mw":4.2,"alt_torre":105.0,"diam_rotor":150.0,"proprietar":"Enel Green Power Ventos de Santa Esperança 15 S.A.","ceg":"EOLCVBA034507-5-01"},"geometry":{"type":"Point","coordinates":[-41.317154,-11.562029]}},
{"type":"Feature","properties":{"parque":"Ventos de Santa Aurora","id_aerog":"BA-04-07","situacao":"Em operação","pot_mw":2.1,"alt_torre":80.0,"diam_rotor":114.0,"proprietar":"Central Eólica Babilônia IV S.A.","ceg":"EOLCVBA034742-6-01"},"geometry":{"type":"Point","coordinates":[-41.235886,-10.981325]}},
{"type":"Feature","properties":{"parque":"Serra da Babilônia X","id_aerog":"SDB-X-B-09","situacao":"Em operação","pot_mw":2.35,"alt_torre":98.0,"diam_rotor":92.0,"proprietar":"Eólica Serra da Babilônia X S.A.","ceg":"EOLCVBA032469-8-01"},"geometry":{"type":"Point","coordinates":[-41.331921,-11.076179]}},
{"type":"Feature","properties":{"parque":"Serra da Babilônia IX","id_aerog":"SDB-IX-B-10","situacao":"Em operação","pot_mw":2.35,"alt_torre":98.0,"diam_rotor":92.0,"proprietar":"Eólica Serra da Babilônia IX S.A.","ceg":"EOLCVBA032465-5-01"},"geometry":{"type":"Point","coordinates":[-41.325539,-11.096282]}},
{"type":"Feature","properties":{"parque":"Ventos da Santa Dulce","id_aerog":"AEG 9","situacao":"Em operação","pot_mw":2.0,"alt_torre":80.0,"diam_rotor":110.0,"proprietar":"Enel Green Power Morro do Chapéu II Eólica S.A.","ceg":"EOLCVBA033648-3-01"},"geometry":{"type":"Point","coordinates":[-41.325246,-11.595156]}},
{"type":"Feature","properties":{"parque":"Ventos de Santa Esperança 15","id_aerog":"VSE15-11","situacao":"Em operação","pot_mw":4.2,"alt_torre":105.0,"diam_rotor":150.0,"proprietar":"Enel Green Power Ventos de Santa Esperança 15 S.A.","ceg":"EOLCVBA034507-5-01"},"geometry":{"type":"Point","coordinates":[-41.301742,-11.529763]}},
{"type":"Feature","properties":{"parque":"Ventos do São Paulo","id_aerog":"AEG 2","situacao":"Em operação","pot_mw":2.0,"alt_torre":80.0,"diam_rotor":110.0,"proprietar":"Enel Green Power Morro do Chapéu I Eólica S.A.","ceg":"EOLCVBA033652-1-01"},"geometry":{"type":"Point","coordinates":[-41.301744,-11.57699]}},
{"type":"Feature","properties":{"parque":"Serra da Babilônia IX","id_aerog":"SDB-IX-A-02","situacao":"Em operação","pot_mw":2.35,"alt_torre":98.0,"diam_rotor":92.0,"proprietar":"Eólica Serra da Babilônia IX S.A.","ceg":"EOLCVBA032465-5-01"},"geometry":{"type":"Point","coordinates":[-41.31595,-11.092822]}},
{"type":"Feature","properties":{"parque":"Serra da Babilônia II","id_aerog":"SDB-II-A-01","situacao":"Em operação","pot_mw":2.35,"alt_torre":98.0,"diam_rotor":92.0,"proprietar":"Eólica Serra da Babilônia II S.A.","ceg":"EOLCVBA032462-0-01"},"geometry":{"type":"Point","coordinates":[-41.305668,-11.095495]}},
{"type":"Feature","properties":{"parque":"Serra da Babilônia XII","id_aerog":"SDB-XII-B-12","situacao":"Em operação","pot_mw":2.35,"alt_torre":98.0,"diam_rotor":92.0,"proprietar":"Eólica Serra da Babilônia XII S.A.","ceg":"EOLCVBA032471-0-01"},"geometry":{"type":"Point","coordinates":[-41.325613,-11.11262]}},
{"type":"Feature","properties":{"parque":"Boa Vista da Lagoinha","id_aerog":"BV-13","situacao":"Em operação","pot_mw":2.0,"alt_torre":95.0,"diam_rotor":110.0,"proprietar":"Enel Green Power Boa Vista Eólica S.A.","ceg":"EOLCVBA032759-0-01"},"geometry":{"type":"Point","coordinates":[-41.327941,-11.647041]}},
{"type":"Feature","properties":{"parque":"Ventos da Bahia XIV","id_aerog":"3","situacao":"Em operação","pot_mw":5.5,"alt_torre":101.0,"diam_rotor":158.0,"proprietar":"Parque Eólico Ventos da Bahia XIV S.A.","ceg":"EOLCVBA032536-8-01"},"geometry":{"type":"Point","coordinates":[-41.500894,-12.120371]}},
{"type":"Feature","properties":{"parque":"Ventos do São Paulo","id_aerog":"AEG 1","situacao":"Em operação","pot_mw":2.0,"alt_torre":80.0,"diam_rotor":110.0,"proprietar":"Enel Green Power Morro do Chapéu I Eólica S.A.","ceg":"EOLCVBA033652-1-01"},"geometry":{"type":"Point","coordinates":[-41.303424,-11.578676]}},
{"type":"Feature","properties":{"parque":"Boa Vista da Lagoinha","id_aerog":"BV-10","situacao":"Em operação","pot_mw":2.0,"alt_torre":80.0,"diam_rotor":110.0,"proprietar":"Enel Green Power Boa Vista Eólica S.A.","ceg":"EOLCVBA032759-0-01"},"geometry":{"type":"Point","coordinates":[-41.364234,-11.694684]}},
{"type":"Feature","properties":{"parque":"Serra da Babilônia VI","id_aerog":"SDB-VI-B-06","situacao":"Em operação","pot_mw":2.35,"alt_torre":98.0,"diam_rotor":92.0,"proprietar":"Eólica Serra da Babilônia VI S.A.","ceg":"EOLCVBA032466-3-01"},"geometry":{"type":"Point","coordinates":[-41.33571,-11.093582]}},
{"type":"Feature","properties":{"parque":"Serra da Babilônia IX","id_aerog":"SDB-IX-B-07","situacao":"Em operação","pot_mw":2.35,"alt_torre":98.0,"diam_rotor":92.0,"proprietar":"Eólica Serra da Babilônia IX S.A.","ceg":"EOLCVBA032465-5-01"},"geometry":{"type":"Point","coordinates":[-41.325253,-11.090184]}},
{"type":"Feature","properties":{"parque":"Serra da Babilônia VII","id_aerog":"SDB-VII-A-02","situacao":"Em operação","pot_mw":2.35,"alt_torre":98.0,"diam_rotor":92.0,"proprietar":"Eólica Serra da Babilônia VII S.A.","ceg":"EOLCVBA032467-1-01"},"geometry":{"type":"Point","coordinates":[-41.316782,-11.058999]}},
{"type":"Feature","properties":{"parque":"Ventos da Santa Esperança","id_aerog":"AEG 9","situacao":"Em operação","pot_mw":2.0,"alt_torre":80.0,"diam_rotor":110.0,"proprietar":"Enel Green Power Morro do Chapéu II Eólica S.A.","ceg":"EOLCVBA033649-1-01"},"geometry":{"type":"Point","coordinates":[-41.309568,-11.590131]}},
{"type":"Feature","properties":{"parque":"Serra da Babilônia VII","id_aerog":"SDB-VII-B-12","situacao":"Em operação","pot_mw":2.35,"alt_torre":98.0,"diam_rotor":92.0,"proprietar":"Eólica Serra da Babilônia VII S.A.","ceg":"EOLCVBA032467-1-01"},"geometry":{"type":"Point","coordinates":[-41.335449,-11.091786]}},
{"type":"Feature","properties":{"parque":"Serra da Babilônia IX","id_aerog":"SDB-IX-A-04","situacao":"Em operação","pot_mw":2.35,"alt_torre":98.0,"diam_rotor":92.0,"proprietar":"Eólica Serra da Babilônia IX S.A.","ceg":"EOLCVBA032465-5-01"},"geometry":{"type":"Point","coordinates":[-41.31602,-11.097105]}},
{"type":"Feature","properties":{"parque":"Ventos de Santa Esperança 15","id_aerog":"VSE15-04","situacao":"Em operação","pot_mw":4.2,"alt_torre":105.0,"diam_rotor":150.0,"proprietar":"Enel Green Power Ventos de Santa Esperança 15 S.A.","ceg":"EOLCVBA034507-5-01"},"geometry":{"type":"Point","coordinates":[-41.302851,-11.547819]}},
{"type":"Feature","properties":{"parque":"Serra da Babilônia XI","id_aerog":"SDB-XI-A-03","situacao":"Em operação","pot_mw":2.35,"alt_torre":98.0,"diam_rotor":92.0,"proprietar":"Eólica Serra da Babilônia XI S.A.","ceg":"EOLCVBA032470-1-01"},"geometry":{"type":"Point","coordinates":[-41.323749,-11.080535]}},
{"type":"Feature","properties":{"parque":"Serra da Babilônia VI","id_aerog":"SDB-VI-B-11","situacao":"Em operação","pot_mw":2.35,"alt_torre":98.0,"diam_rotor":92.0,"proprietar":"Eólica Serra da Babilônia VI S.A.","ceg":"EOLCVBA032466-3-01"},"geometry":{"type":"Point","coordinates":[-41.335441,-11.103489]}},
{"type":"Feature","properties":{"parque":"Serra da Babilônia X","id_aerog":"SDB-X-B-10","situacao":"Em operação","pot_mw":2.35,"alt_torre":98.0,"diam_rotor":92.0,"proprietar":"Eólica Serra da Babilônia X S.A.","ceg":"EOLCVBA032469-8-01"},"geometry":{"type":"Point","coordinates":[-41.331818,-11.078132]}},
{"type":"Feature","properties":{"parque":"Serra da Babilônia VIII","id_aerog":"SDB-VIII-B-10","situacao":"Em operação","pot_mw":2.35,"alt_torre":98.0,"diam_rotor":92.0,"proprietar":"Eólica Serra da Babilônia VIII S.A.","ceg":"EOLCVBA032468-0-01"},"geometry":{"type":"Point","coordinates":[-41.314303,-11.084738]}},
{"type":"Feature","properties":{"parque":"Serra da Babilônia XII","id_aerog":"SDB-XII-B-09","situacao":"Em operação","pot_mw":2.35,"alt_torre":98.0,"diam_rotor":92.0,"proprietar":"Eólica Serra da Babilônia XII S.A.","ceg":"EOLCVBA032471-0-01"},"geometry":{"type":"Point","coordinates":[-41.325519,-11.106557]}},
{"type":"Feature","properties":{"parque":"Serra da Babilônia VIII","id_aerog":"SDB-VIII-B-12","situacao":"Em operação","pot_mw":2.35,"alt_torre":98.0,"diam_rotor":92.0,"proprietar":"Eólica Serra da Babilônia VIII S.A.","ceg":"EOLCVBA032468-0-01"},"geometry":{"type":"Point","coordinates":[-41.315368,-11.088634]}},
{"type":"Feature","properties":{"parque":"Serra da Babilônia VIII","id_aerog":"SDB-VIII-A-06","situacao":"Em operação","pot_mw":2.35,"alt_torre":98.0,"diam_rotor":92.0,"proprietar":"Eólica Serra da Babilônia VIII S.A.","ceg":"EOLCVBA032468-0-01"},"geometry":{"type":"Point","coordinates":[-41.30515,-11.093646]}},
{"type":"Feature","properties":{"parque":"Serra da Babilônia XII","id_aerog":"SDB-XII-A-01","situacao":"Em operação","pot_mw":2.35,"alt_torre":98.0,"diam_rotor":92.0,"proprietar":"Eólica Serra da Babilônia XII S.A.","ceg":"EOLCVBA032471-0-01"},"geometry":{"type":"Point","coordinates":[-41.31621,-11.099182]}},
{"type":"Feature","properties":{"parque":"Ventos da Santa Esperança","id_aerog":"AEG 6","situacao":"Em operação","pot_mw":2.0,"alt_torre":80.0,"diam_rotor":110.0,"proprietar":"Enel Green Power Morro do Chapéu II Eólica S.A.","ceg":"EOLCVBA033649-1-01"},"geometry":{"type":"Point","coordinates":[-41.312561,-11.596324]}},
{"type":"Feature","properties":{"parque":"Ventos da Bahia XIII","id_aerog":"9","situacao":"Em operação","pot_mw":5.5,"alt_torre":101.0,"diam_rotor":158.0,"proprietar":"Parque Eólico Ventos da Bahia XIII S.A.","ceg":"EOLCVBA032535-0-01"},"geometry":{"type":"Point","coordinates":[-41.494249,-12.150248]}},
{"type":"Feature","properties":{"parque":"Ventos de Santa Aurora","id_aerog":"BA-04-09","situacao":"Em operação","pot_mw":2.1,"alt_torre":80.0,"diam_rotor":114.0,"proprietar":"Central Eólica Babilônia IV S.A.","ceg":"EOLCVBA034742-6-01"},"geometry":{"type":"Point","coordinates":[-41.241535,-10.990601]}},
{"type":"Feature","properties":{"parque":"Serra da Babilônia X","id_aerog":"SDB-X-A-04","situacao":"Em operação","pot_mw":2.35,"alt_torre":98.0,"diam_rotor":92.0,"proprietar":"Eólica Serra da Babilônia X S.A.","ceg":"EOLCVBA032469-8-01"},"geometry":{"type":"Point","coordinates":[-41.320858,-11.073536]}},
{"type":"Feature","properties":{"parque":"Serra da Babilônia X","id_aerog":"SDB-X-A-02","situacao":"Em operação","pot_mw":2.35,"alt_torre":98.0,"diam_rotor":92.0,"proprietar":"Eólica Serra da Babilônia X S.A.","ceg":"EOLCVBA032469-8-01"},"geometry":{"type":"Point","coordinates":[-41.319586,-11.070048]}},
{"type":"Feature","properties":{"parque":"Boa Vista da Lagoinha","id_aerog":"BV-05","situacao":"Em operação","pot_mw":2.0,"alt_torre":80.0,"diam_rotor":110.0,"proprietar":"Enel Green Power Boa Vista Eólica S.A.","ceg":"EOLCVBA032759-0-01"},"geometry":{"type":"Point","coordinates":[-41.381189,-11.75262]}},
{"type":"Feature","properties":{"parque":"Ventos da Santa Esperança","id_aerog":"AEG 14","situacao":"Em operação","pot_mw":2.0,"alt_torre":80.0,"diam_rotor":110.0,"proprietar":"Enel Green Power Morro do Chapéu II Eólica S.A.","ceg":"EOLCVBA033649-1-01"},"geometry":{"type":"Point","coordinates":[-41.304604,-11.580528]}},
{"type":"Feature","properties":{"parque":"Ventos da Santa Esperança","id_aerog":"AEG 5","situacao":"Em operação","pot_mw":2.0,"alt_torre":80.0,"diam_rotor":110.0,"proprietar":"Enel Green Power Morro do Chapéu II Eólica S.A.","ceg":"EOLCVBA033649-1-01"},"geometry":{"type":"Point","coordinates":[-41.31323,-11.59856]}},
{"type":"Feature","properties":{"parque":"Ventos de Santa Aurora","id_aerog":"BA-04-05","situacao":"Em operação","pot_mw":2.1,"alt_torre":80.0,"diam_rotor":114.0,"proprietar":"Central Eólica Babilônia IV S.A.","ceg":"EOLCVBA034742-6-01"},"geometry":{"type":"Point","coordinates":[-41.235342,-10.977099]}},
{"type":"Feature","properties":{"parque":"Serra da Babilônia IX","id_aerog":"SDB-IX-A-03","situacao":"Em operação","pot_mw":2.35,"alt_torre":98.0,"diam_rotor":92.0,"proprietar":"Eólica Serra da Babilônia IX S.A.","ceg":"EOLCVBA032465-5-01"},"geometry":{"type":"Point","coordinates":[-41.316076,-11.094918]}},
{"type":"Feature","properties":{"parque":"Serra da Babilônia VII","id_aerog":"SDB-VII-B-08","situacao":"Em operação","pot_mw":2.35,"alt_torre":98.0,"diam_rotor":92.0,"proprietar":"Eólica Serra da Babilônia VII S.A.","ceg":"EOLCVBA032467-1-01"},"geometry":{"type":"Point","coordinates":[-41.333929,-11.084812]}},
{"type":"Feature","properties":{"parque":"Ventos da Santa Esperança","id_aerog":"AEG 13","situacao":"Em operação","pot_mw":2.0,"alt_torre":80.0,"diam_rotor":110.0,"proprietar":"Enel Green Power Morro do Chapéu II Eólica S.A.","ceg":"EOLCVBA033649-1-01"},"geometry":{"type":"Point","coordinates":[-41.304392,-11.582717]}},
{"type":"Feature","properties":{"parque":"Ventos da Santa Dulce","id_aerog":"AEG 7","situacao":"Em operação","pot_mw":2.0,"alt_torre":80.0,"diam_rotor":110.0,"proprietar":"Enel Green Power Morro do Chapéu II Eólica S.A.","ceg":"EOLCVBA033648-3-01"},"geometry":{"type":"Point","coordinates":[-41.325304,-11.599918]}},
{"type":"Feature","properties":{"parque":"Ventos do São Mário","id_aerog":"5","situacao":"Em operação","pot_mw":2.0,"alt_torre":80.0,"diam_rotor":110.0,"proprietar":"Enel Green Power Morro do Chapéu I Eólica S.A.","ceg":"EOLCVBA033650-5-01"},"geometry":{"type":"Point","coordinates":[-41.227772,-11.577488]}},
{"type":"Feature","properties":{"parque":"Serra da Babilônia II","id_aerog":"SDB-II-A-03","situacao":"Em operação","pot_mw":2.35,"alt_torre":98.0,"diam_rotor":92.0,"proprietar":"Eólica Serra da Babilônia II S.A.","ceg":"EOLCVBA032462-0-01"},"geometry":{"type":"Point","coordinates":[-41.305307,-11.100811]}},
{"type":"Feature","properties":{"parque":"Ventos do Santo Abraão","id_aerog":"AAO-12","situacao":"Em operação","pot_mw":2.0,"alt_torre":80.0,"diam_rotor":110.0,"proprietar":"Enel Green Power São Abraão Eólica S.A","ceg":"EOLCVBA032884-7-01"},"geometry":{"type":"Point","coordinates":[-41.339314,-11.604974]}},
{"type":"Feature","properties":{"parque":"Ventos do São Paulo","id_aerog":"AEG 3","situacao":"Em operação","pot_mw":2.0,"alt_torre":80.0,"diam_rotor":110.0,"proprietar":"Enel Green Power Morro do Chapéu I Eólica S.A.","ceg":"EOLCVBA033652-1-01"},"geometry":{"type":"Point","coordinates":[-41.298642,-11.575479]}},
{"type":"Feature","properties":{"parque":"Serra da Babilônia XII","id_aerog":"SDB-XII-B-11","situacao":"Em operação","pot_mw":2.35,"alt_torre":98.0,"diam_rotor":92.0,"proprietar":"Eólica Serra da Babilônia XII S.A.","ceg":"EOLCVBA032471-0-01"},"geometry":{"type":"Point","coordinates":[-41.325406,-11.110688]}},
{"type":"Feature","properties":{"parque":"Serra da Babilônia IX","id_aerog":"SDB-IX-B-11","situacao":"Em operação","pot_mw":2.35,"alt_torre":98.0,"diam_rotor":92.0,"proprietar":"Eólica Serra da Babilônia IX S.A.","ceg":"EOLCVBA032465-5-01"},"geometry":{"type":"Point","coordinates":[-41.325591,-11.098315]}},
{"type":"Feature","properties":{"parque":"Serra da Babilônia XII","id_aerog":"SDB-XII-B-07","situacao":"Em operação","pot_mw":2.35,"alt_torre":98.0,"diam_rotor":92.0,"proprietar":"Eólica Serra da Babilônia XII S.A.","ceg":"EOLCVBA032471-0-01"},"geometry":{"type":"Point","coordinates":[-41.325579,-11.102472]}},
{"type":"Feature","properties":{"parque":"Ventos do São Gabriel","id_aerog":"BA-03-06","situacao":"Em operação","pot_mw":2.1,"alt_torre":80.0,"diam_rotor":114.0,"proprietar":"Central Eólica Babilônia III S.A.","ceg":"EOLCVBA034739-6-01"},"geometry":{"type":"Point","coordinates":[-41.23462,-10.968682]}},
{"type":"Feature","properties":{"parque":"Ventos do Santo Abraão","id_aerog":"AAO-02","situacao":"Em operação","pot_mw":2.0,"alt_torre":80.0,"diam_rotor":110.0,"proprietar":"Enel Green Power São Abraão Eólica S.A","ceg":"EOLCVBA032884-7-01"},"geometry":{"type":"Point","coordinates":[-41.350906,-11.62317]}},
{"type":"Feature","properties":{"parque":"Esperança","id_aerog":"Esperança 04","situacao":"Em operação","pot_mw":2.0,"alt_torre":80.0,"diam_rotor":144.0,"proprietar":"Enel Green Power Esperança Eólica S.A.","ceg":"EOLCVBA031355-6-01"},"geometry":{"type":"Point","coordinates":[-41.415526,-11.854566]}},
{"type":"Feature","properties":{"parque":"Serra da Babilônia II","id_aerog":"SDB-II-B-07","situacao":"Em operação","pot_mw":2.35,"alt_torre":98.0,"diam_rotor":92.0,"proprietar":"Eólica Serra da Babilônia II S.A.","ceg":"EOLCVBA032462-0-01"},"geometry":{"type":"Point","coordinates":[-41.335665,-11.105231]}},
{"type":"Feature","properties":{"parque":"Ventos da Bahia IV","id_aerog":"19","situacao":"Em operação","pot_mw":3.0,"alt_torre":120.0,"diam_rotor":125.0,"proprietar":"Parque Eólico Colina S.A.","ceg":"EOLCVBA031770-5-01"},"geometry":{"type":"Point","coordinates":[-41.444549,-11.984325]}},
{"type":"Feature","properties":{"parque":"Ventos da Bahia XIII","id_aerog":"8","situacao":"Em operação","pot_mw":5.5,"alt_torre":101.0,"diam_rotor":158.0,"proprietar":"Parque Eólico Ventos da Bahia XIII S.A.","ceg":"EOLCVBA032535-0-01"},"geometry":{"type":"Point","coordinates":[-41.494181,-12.14798]}},
{"type":"Feature","properties":{"parque":"Ventos de Santa Esperança 15","id_aerog":"VSE15-01","situacao":"Em operação","pot_mw":4.2,"alt_torre":105.0,"diam_rotor":150.0,"proprietar":"Enel Green Power Ventos de Santa Esperança 15 S.A.","ceg":"EOLCVBA034507-5-01"},"geometry":{"type":"Point","coordinates":[-41.301728,-11.558338]}},
{"type":"Feature","properties":{"parque":"Ventos do Santo Abraão","id_aerog":"AAO-04","situacao":"Em operação","pot_mw":2.0,"alt_torre":80.0,"diam_rotor":110.0,"proprietar":"Enel Green Power São Abraão Eólica S.A","ceg":"EOLCVBA032884-7-01"},"geometry":{"type":"Point","coordinates":[-41.347807,-11.619779]}},
{"type":"Feature","properties":{"parque":"Ventos do Santo Abraão","id_aerog":"AAO-10","situacao":"Em operação","pot_mw":2.0,"alt_torre":80.0,"diam_rotor":110.0,"proprietar":"Enel Green Power São Abraão Eólica S.A","ceg":"EOLCVBA032884-7-01"},"geometry":{"type":"Point","coordinates":[-41.341344,-11.608735]}},
{"type":"Feature","properties":{"parque":"Serra da Babilônia X","id_aerog":"SDB-X-B-06","situacao":"Em operação","pot_mw":2.35,"alt_torre":98.0,"diam_rotor":92.0,"proprietar":"Eólica Serra da Babilônia X S.A.","ceg":"EOLCVBA032469-8-01"},"geometry":{"type":"Point","coordinates":[-41.329433,-11.071581]}},
{"type":"Feature","properties":{"parque":"Serra da Babilônia VI","id_aerog":"SDB-VI-B-09","situacao":"Em operação","pot_mw":2.35,"alt_torre":98.0,"diam_rotor":92.0,"proprietar":"Eólica Serra da Babilônia VI S.A.","ceg":"EOLCVBA032466-3-01"},"geometry":{"type":"Point","coordinates":[-41.335127,-11.099597]}},
{"type":"Feature","properties":{"parque":"Ventos do São Paulo","id_aerog":"AEG 11","situacao":"Em operação","pot_mw":2.0,"alt_torre":80.0,"diam_rotor":110.0,"proprietar":"Enel Green Power Morro do Chapéu I Eólica S.A.","ceg":"EOLCVBA033652-1-01"},"geometry":{"type":"Point","coordinates":[-41.3041,-11.566028]}},
{"type":"Feature","properties":{"parque":"Ventos do São Paulo","id_aerog":"AEG 9","situacao":"Em operação","pot_mw":2.0,"alt_torre":80.0,"diam_rotor":110.0,"proprietar":"Enel Green Power Morro do Chapéu I Eólica S.A.","ceg":"EOLCVBA033652-1-01"},"geometry":{"type":"Point","coordinates":[-41.295487,-11.562906]}},
{"type":"Feature","properties":{"parque":"Ventos de Santa Esperança 17","id_aerog":"VSE17-02","situacao":"Em operação","pot_mw":4.2,"alt_torre":105.0,"diam_rotor":150.0,"proprietar":"Enel Green Power Ventos de Santa Esperança 17 S.A.","ceg":"EOLCVBA034509-1-01"},"geometry":{"type":"Point","coordinates":[-41.293085,-11.505278]}},
{"type":"Feature","properties":{"parque":"Ventos do São Gabriel","id_aerog":"BA-03-04","situacao":"Em operação","pot_mw":2.1,"alt_torre":80.0,"diam_rotor":114.0,"proprietar":"Central Eólica Babilônia III S.A.","ceg":"EOLCVBA034739-6-01"},"geometry":{"type":"Point","coordinates":[-41.233756,-10.964549]}},
{"type":"Feature","properties":{"parque":"Ventos do Santo Abraão","id_aerog":"AAO-13","situacao":"Em operação","pot_mw":2.0,"alt_torre":80.0,"diam_rotor":110.0,"proprietar":"Enel Green Power São Abraão Eólica S.A","ceg":"EOLCVBA032884-7-01"},"geometry":{"type":"Point","coordinates":[-41.33894,-11.602953]}},
{"type":"Feature","properties":{"parque":"Serra da Babilônia VI","id_aerog":"SDB-VI-A-02","situacao":"Em operação","pot_mw":2.35,"alt_torre":98.0,"diam_rotor":92.0,"proprietar":"Eólica Serra da Babilônia VI S.A.","ceg":"EOLCVBA032466-3-01"},"geometry":{"type":"Point","coordinates":[-41.325728,-11.050779]}},
{"type":"Feature","properties":{"parque":"Ventos da Santa Esperança","id_aerog":"AEG 7","situacao":"Em operação","pot_mw":2.0,"alt_torre":80.0,"diam_rotor":110.0,"proprietar":"Enel Green Power Morro do Chapéu II Eólica S.A.","ceg":"EOLCVBA033649-1-01"},"geometry":{"type":"Point","coordinates":[-41.311269,-11.59422]}},
{"type":"Feature","properties":{"parque":"Serra da Babilônia VII","id_aerog":"SDB-VII-A-06","situacao":"Em operação","pot_mw":2.35,"alt_torre":98.0,"diam_rotor":92.0,"proprietar":"Eólica Serra da Babilônia VII S.A.","ceg":"EOLCVBA032467-1-01"},"geometry":{"type":"Point","coordinates":[-41.318897,-11.066258]}},
{"type":"Feature","properties":{"parque":"Serra da Babilônia F","id_aerog":"SDB-F-01","situacao":"Em operação","pot_mw":5.3,"alt_torre":121.0,"diam_rotor":158.0,"proprietar":"Eólica SDB F S.A.","ceg":"EOLCVBA040612-0-01"},"geometry":{"type":"Point","coordinates":[-41.33607,-11.159387]}},
{"type":"Feature","properties":{"parque":"Ventos do Santo Abraão","id_aerog":"AAO-14","situacao":"Em operação","pot_mw":2.0,"alt_torre":80.0,"diam_rotor":110.0,"proprietar":"Enel Green Power São Abraão Eólica S.A","ceg":"EOLCVBA032884-7-01"},"geometry":{"type":"Point","coordinates":[-41.33916,-11.600737]}},
{"type":"Feature","properties":{"parque":"Serra da Babilônia VI","id_aerog":"SDB-VI-A-05","situacao":"Em operação","pot_mw":2.35,"alt_torre":98.0,"diam_rotor":92.0,"proprietar":"Eólica Serra da Babilônia VI S.A.","ceg":"EOLCVBA032466-3-01"},"geometry":{"type":"Point","coordinates":[-41.326,-11.056181]}},
{"type":"Feature","properties":{"parque":"Esperança","id_aerog":"Esperança 06","situacao":"Em operação","pot_mw":2.0,"alt_torre":80.0,"diam_rotor":144.0,"proprietar":"Enel Green Power Esperança Eólica S.A.","ceg":"EOLCVBA031355-6-01"},"geometry":{"type":"Point","coordinates":[-41.414615,-11.850038]}},
{"type":"Feature","properties":{"parque":"Serra da Babilônia X","id_aerog":"SDB-X-A-03","situacao":"Em operação","pot_mw":2.35,"alt_torre":98.0,"diam_rotor":92.0,"proprietar":"Eólica Serra da Babilônia X S.A.","ceg":"EOLCVBA032469-8-01"},"geometry":{"type":"Point","coordinates":[-41.31983,-11.07198]}},
{"type":"Feature","properties":{"parque":"Ventos da Santa Dulce","id_aerog":"AEG 1","situacao":"Em operação","pot_mw":2.0,"alt_torre":80.0,"diam_rotor":110.0,"proprietar":"Enel Green Power Morro do Chapéu II Eólica S.A.","ceg":"EOLCVBA033648-3-01"},"geometry":{"type":"Point","coordinates":[-41.339426,-11.598539]}},
{"type":"Feature","properties":{"parque":"Serra da Babilônia VI","id_aerog":"SDB-VI-B-07","situacao":"Em operação","pot_mw":2.35,"alt_torre":98.0,"diam_rotor":92.0,"proprietar":"Eólica Serra da Babilônia VI S.A.","ceg":"EOLCVBA032466-3-01"},"geometry":{"type":"Point","coordinates":[-41.335488,-11.09559]}},
{"type":"Feature","properties":{"parque":"Serra da Babilônia II","id_aerog":"SDB-II-B-12","situacao":"Em operação","pot_mw":2.35,"alt_torre":98.0,"diam_rotor":92.0,"proprietar":"Eólica Serra da Babilônia II S.A.","ceg":"EOLCVBA032462-0-01"},"geometry":{"type":"Point","coordinates":[-41.335593,-11.114549]}},
{"type":"Feature","properties":{"parque":"Serra da Babilônia II","id_aerog":"SDB-II-A-04","situacao":"Em operação","pot_mw":2.35,"alt_torre":98.0,"diam_rotor":92.0,"proprietar":"Eólica Serra da Babilônia II S.A.","ceg":"EOLCVBA032462-0-01"},"geometry":{"type":"Point","coordinates":[-41.304933,-11.103281]}},
{"type":"Feature","properties":{"parque":"Serra da Babilônia XII","id_aerog":"SDB-XII-A-04","situacao":"Em operação","pot_mw":2.35,"alt_torre":98.0,"diam_rotor":92.0,"proprietar":"Eólica Serra da Babilônia XII S.A.","ceg":"EOLCVBA032471-0-01"},"geometry":{"type":"Point","coordinates":[-41.316644,-11.105478]}},
{"type":"Feature","properties":{"parque":"Serra da Babilônia A","id_aerog":"SDB-A-03","situacao":"Em operação","pot_mw":5.3,"alt_torre":121.0,"diam_rotor":158.0,"proprietar":"Eólica SDB Alfa S.A.","ceg":"EOLCVBA037083-5-01"},"geometry":{"type":"Point","coordinates":[-41.340265,-11.117432]}},
{"type":"Feature","properties":{"parque":"Ventos do Santo Abraão","id_aerog":"AAO-11","situacao":"Em operação","pot_mw":2.0,"alt_torre":80.0,"diam_rotor":110.0,"proprietar":"Enel Green Power São Abraão Eólica S.A","ceg":"EOLCVBA032884-7-01"},"geometry":{"type":"Point","coordinates":[-41.339835,-11.606976]}},
{"type":"Feature","properties":{"parque":"Serra da Babilônia XI","id_aerog":"SDB-XI-A-04","situacao":"Em operação","pot_mw":2.35,"alt_torre":98.0,"diam_rotor":92.0,"proprietar":"Eólica Serra da Babilônia XI S.A.","ceg":"EOLCVBA032470-1-01"},"geometry":{"type":"Point","coordinates":[-41.324331,-11.082347]}},
{"type":"Feature","properties":{"parque":"Serra da Babilônia IX","id_aerog":"SDB-IX-B-06","situacao":"Em operação","pot_mw":2.35,"alt_torre":98.0,"diam_rotor":92.0,"proprietar":"Eólica Serra da Babilônia IX S.A.","ceg":"EOLCVBA032465-5-01"},"geometry":{"type":"Point","coordinates":[-41.325063,-11.088206]}},
{"type":"Feature","properties":{"parque":"Serra da Babilônia XI","id_aerog":"SDB-XI-B-10","situacao":"Em operação","pot_mw":2.35,"alt_torre":98.0,"diam_rotor":92.0,"proprietar":"Eólica Serra da Babilônia XI S.A.","ceg":"EOLCVBA032470-1-01"},"geometry":{"type":"Point","coordinates":[-41.328176,-11.066494]}},
{"type":"Feature","properties":{"parque":"Serra da Babilônia VI","id_aerog":"SDB-VI-A-04","situacao":"Em operação","pot_mw":2.35,"alt_torre":98.0,"diam_rotor":92.0,"proprietar":"Eólica Serra da Babilônia VI S.A.","ceg":"EOLCVBA032466-3-01"},"geometry":{"type":"Point","coordinates":[-41.326003,-11.054247]}},
{"type":"Feature","properties":{"parque":"Ventos do São Mário","id_aerog":"12","situacao":"Em operação","pot_mw":2.0,"alt_torre":80.0,"diam_rotor":110.0,"proprietar":"Enel Green Power Morro do Chapéu I Eólica S.A.","ceg":"EOLCVBA033650-5-01"},"geometry":{"type":"Point","coordinates":[-41.22651,-11.556965]}},
{"type":"Feature","properties":{"parque":"Serra da Babilônia IX","id_aerog":"SDB-IX-B-08","situacao":"Em operação","pot_mw":2.35,"alt_torre":98.0,"diam_rotor":92.0,"proprietar":"Eólica Serra da Babilônia IX S.A.","ceg":"EOLCVBA032465-5-01"},"geometry":{"type":"Point","coordinates":[-41.325351,-11.092217]}},
{"type":"Feature","properties":{"parque":"Serra da Babilônia IX","id_aerog":"SDB-IX-A-01","situacao":"Em operação","pot_mw":2.35,"alt_torre":98.0,"diam_rotor":92.0,"proprietar":"Eólica Serra da Babilônia IX S.A.","ceg":"EOLCVBA032465-5-01"},"geometry":{"type":"Point","coordinates":[-41.315677,-11.09071]}},
{"type":"Feature","properties":{"parque":"Ventos da Bahia XIII","id_aerog":"5","situacao":"Em operação","pot_mw":5.5,"alt_torre":101.0,"diam_rotor":158.0,"proprietar":"Parque Eólico Ventos da Bahia XIII S.A.","ceg":"EOLCVBA032535-0-01"},"geometry":{"type":"Point","coordinates":[-41.494182,-12.141159]}},
{"type":"Feature","properties":{"parque":"Serra da Babilônia XI","id_aerog":"SDB-XI-B-08","situacao":"Em operação","pot_mw":2.35,"alt_torre":98.0,"diam_rotor":92.0,"proprietar":"Eólica Serra da Babilônia XI S.A.","ceg":"EOLCVBA032470-1-01"},"geometry":{"type":"Point","coordinates":[-41.328285,-11.062878]}},
{"type":"Feature","properties":{"parque":"Ventos da Santa Dulce","id_aerog":"AEG 8","situacao":"Em operação","pot_mw":2.0,"alt_torre":80.0,"diam_rotor":110.0,"proprietar":"Enel Green Power Morro do Chapéu II Eólica S.A.","ceg":"EOLCVBA033648-3-01"},"geometry":{"type":"Point","coordinates":[-41.325257,-11.597596]}},
{"type":"Feature","properties":{"parque":"Serra da Babilônia XII","id_aerog":"SDB-XII-A-03","situacao":"Em operação","pot_mw":2.35,"alt_torre":98.0,"diam_rotor":92.0,"proprietar":"Eólica Serra da Babilônia XII S.A.","ceg":"EOLCVBA032471-0-01"},"geometry":{"type":"Point","coordinates":[-41.316472,-11.103401]}},
{"type":"Feature","properties":{"parque":"Serra da Babilônia VI","id_aerog":"SDB-VI-A-01","situacao":"Em operação","pot_mw":2.35,"alt_torre":98.0,"diam_rotor":92.0,"proprietar":"Eólica Serra da Babilônia VI S.A.","ceg":"EOLCVBA032466-3-01"},"geometry":{"type":"Point","coordinates":[-41.325587,-11.049117]}},
{"type":"Feature","properties":{"parque":"Ventos do São Mário","id_aerog":"3","situacao":"Em operação","pot_mw":2.0,"alt_torre":80.0,"diam_rotor":110.0,"proprietar":"Enel Green Power Morro do Chapéu I Eólica S.A.","ceg":"EOLCVBA033650-5-01"},"geometry":{"type":"Point","coordinates":[-41.228509,-11.582643]}},
{"type":"Feature","properties":{"parque":"Ventos do São Mário","id_aerog":"13","situacao":"Em operação","pot_mw":2.0,"alt_torre":80.0,"diam_rotor":110.0,"proprietar":"Enel Green Power Morro do Chapéu I Eólica S.A.","ceg":"EOLCVBA033650-5-01"},"geometry":{"type":"Point","coordinates":[-41.226665,-11.554587]}},
{"type":"Feature","properties":{"parque":"Serra da Babilônia XI","id_aerog":"SDB-XI-A-01","situacao":"Em operação","pot_mw":2.35,"alt_torre":98.0,"diam_rotor":92.0,"proprietar":"Eólica Serra da Babilônia XI S.A.","ceg":"EOLCVBA032470-1-01"},"geometry":{"type":"Point","coordinates":[-41.322303,-11.076995]}},
{"type":"Feature","properties":{"parque":"Ventos do Santo Abraão","id_aerog":"AAO-07","situacao":"Em operação","pot_mw":2.0,"alt_torre":80.0,"diam_rotor":110.0,"proprietar":"Enel Green Power São Abraão Eólica S.A","ceg":"EOLCVBA032884-7-01"},"geometry":{"type":"Point","coordinates":[-41.342898,-11.614849]}},
{"type":"Feature","properties":{"parque":"Serra da Babilônia II","id_aerog":"SDB-II-A-06","situacao":"Em operação","pot_mw":2.35,"alt_torre":98.0,"diam_rotor":92.0,"proprietar":"Eólica Serra da Babilônia II S.A.","ceg":"EOLCVBA032462-0-01"},"geometry":{"type":"Point","coordinates":[-41.304487,-11.108183]}},
{"type":"Feature","properties":{"parque":"Serra da Babilônia XII","id_aerog":"SDB-XII-B-10","situacao":"Em operação","pot_mw":2.35,"alt_torre":98.0,"diam_rotor":92.0,"proprietar":"Eólica Serra da Babilônia XII S.A.","ceg":"EOLCVBA032471-0-01"},"geometry":{"type":"Point","coordinates":[-41.325362,-11.108655]}},
{"type":"Feature","properties":{"parque":"Ventos do São Mário","id_aerog":"8","situacao":"Em operação","pot_mw":2.0,"alt_torre":80.0,"diam_rotor":110.0,"proprietar":"Enel Green Power Morro do Chapéu I Eólica S.A.","ceg":"EOLCVBA033650-5-01"},"geometry":{"type":"Point","coordinates":[-41.228872,-11.56715]}},
{"type":"Feature","properties":{"parque":"Ventos da Santa Dulce","id_aerog":"AEG 6","situacao":"Em operação","pot_mw":2.0,"alt_torre":80.0,"diam_rotor":110.0,"proprietar":"Enel Green Power Morro do Chapéu II Eólica S.A.","ceg":"EOLCVBA033648-3-01"},"geometry":{"type":"Point","coordinates":[-41.325682,-11.602436]}},
{"type":"Feature","properties":{"parque":"Ventos da Bahia IV","id_aerog":"20","situacao":"Em operação","pot_mw":3.0,"alt_torre":120.0,"diam_rotor":125.0,"proprietar":"Parque Eólico Colina S.A.","ceg":"EOLCVBA031770-5-01"},"geometry":{"type":"Point","coordinates":[-41.444157,-11.98262]}},
{"type":"Feature","properties":{"parque":"Serra da Babilônia VII","id_aerog":"SDB-VII-B-09","situacao":"Em operação","pot_mw":2.35,"alt_torre":98.0,"diam_rotor":92.0,"proprietar":"Eólica Serra da Babilônia VII S.A.","ceg":"EOLCVBA032467-1-01"},"geometry":{"type":"Point","coordinates":[-41.334264,-11.086563]}},
{"type":"Feature","properties":{"parque":"Ventos da Santa Esperança","id_aerog":"AEG 1","situacao":"Em operação","pot_mw":2.0,"alt_torre":80.0,"diam_rotor":110.0,"proprietar":"Enel Green Power Morro do Chapéu II Eólica S.A.","ceg":"EOLCVBA033649-1-01"},"geometry":{"type":"Point","coordinates":[-41.315742,-11.607504]}},
{"type":"Feature","properties":{"parque":"Ventos da Santa Dulce","id_aerog":"AEG 2","situacao":"Em operação","pot_mw":2.0,"alt_torre":80.0,"diam_rotor":110.0,"proprietar":"Enel Green Power Morro do Chapéu II Eólica S.A.","ceg":"EOLCVBA033648-3-01"},"geometry":{"type":"Point","coordinates":[-41.332811,-11.612138]}},
{"type":"Feature","properties":{"parque":"Serra da Babilônia XI","id_aerog":"SDB-XI-B-09","situacao":"Em operação","pot_mw":2.35,"alt_torre":98.0,"diam_rotor":92.0,"proprietar":"Eólica Serra da Babilônia XI S.A.","ceg":"EOLCVBA032470-1-01"},"geometry":{"type":"Point","coordinates":[-41.328235,-11.064686]}},
{"type":"Feature","properties":{"parque":"Serra da Babilônia VII","id_aerog":"SDB-VII-A-05","situacao":"Em operação","pot_mw":2.35,"alt_torre":98.0,"diam_rotor":92.0,"proprietar":"Eólica Serra da Babilônia VII S.A.","ceg":"EOLCVBA032467-1-01"},"geometry":{"type":"Point","coordinates":[-41.318444,-11.064418]}},
{"type":"Feature","properties":{"parque":"Serra da Babilônia X","id_aerog":"SDB-X-A-01","situacao":"Em operação","pot_mw":2.35,"alt_torre":98.0,"diam_rotor":92.0,"proprietar":"Eólica Serra da Babilônia X S.A.","ceg":"EOLCVBA032469-8-01"},"geometry":{"type":"Point","coordinates":[-41.319169,-11.068181]}},
{"type":"Feature","properties":{"parque":"Esperança","id_aerog":"Esperança 10","situacao":"Em operação","pot_mw":2.0,"alt_torre":80.0,"diam_rotor":144.0,"proprietar":"Enel Green Power Esperança Eólica S.A.","ceg":"EOLCVBA031355-6-01"},"geometry":{"type":"Point","coordinates":[-41.409698,-11.841694]}},
{"type":"Feature","properties":{"parque":"Ventos de Santa Esperança 15","id_aerog":"VSE15-10","situacao":"Em operação","pot_mw":4.2,"alt_torre":105.0,"diam_rotor":150.0,"proprietar":"Enel Green Power Ventos de Santa Esperança 15 S.A.","ceg":"EOLCVBA034507-5-01"},"geometry":{"type":"Point","coordinates":[-41.301935,-11.53325]}},
{"type":"Feature","properties":{"parque":"Ventos do São Mário","id_aerog":"6","situacao":"Em operação","pot_mw":2.0,"alt_torre":80.0,"diam_rotor":110.0,"proprietar":"Enel Green Power Morro do Chapéu I Eólica S.A.","ceg":"EOLCVBA033650-5-01"},"geometry":{"type":"Point","coordinates":[-41.227277,-11.574067]}},
{"type":"Feature","properties":{"parque":"Serra da Babilônia II","id_aerog":"SDB-II-B-09","situacao":"Em operação","pot_mw":2.35,"alt_torre":98.0,"diam_rotor":92.0,"proprietar":"Eólica Serra da Babilônia II S.A.","ceg":"EOLCVBA032462-0-01"},"geometry":{"type":"Point","coordinates":[-41.335905,-11.108899]}},
{"type":"Feature","properties":{"parque":"Ventos do São Mário","id_aerog":"14","situacao":"Em operação","pot_mw":2.0,"alt_torre":80.0,"diam_rotor":110.0,"proprietar":"Enel Green Power Morro do Chapéu I Eólica S.A.","ceg":"EOLCVBA033650-5-01"},"geometry":{"type":"Point","coordinates":[-41.226848,-11.552209]}},
{"type":"Feature","properties":{"parque":"Serra da Babilônia II","id_aerog":"SDB-II-B-11","situacao":"Em operação","pot_mw":2.35,"alt_torre":98.0,"diam_rotor":92.0,"proprietar":"Eólica Serra da Babilônia II S.A.","ceg":"EOLCVBA032462-0-01"},"geometry":{"type":"Point","coordinates":[-41.335624,-11.112714]}},
{"type":"Feature","properties":{"parque":"Serra da Babilônia A","id_aerog":"SDB-A-04","situacao":"Em operação","pot_mw":5.3,"alt_torre":121.0,"diam_rotor":158.0,"proprietar":"Eólica SDB Alfa S.A.","ceg":"EOLCVBA037083-5-01"},"geometry":{"type":"Point","coordinates":[-41.340993,-11.120417]}},
{"type":"Feature","properties":{"parque":"Ventos da Bahia XIII","id_aerog":"7","situacao":"Em operação","pot_mw":5.5,"alt_torre":101.0,"diam_rotor":158.0,"proprietar":"Parque Eólico Ventos da Bahia XIII S.A.","ceg":"EOLCVBA032535-0-01"},"geometry":{"type":"Point","coordinates":[-41.494133,-12.145686]}},
{"type":"Feature","properties":{"parque":"Serra da Babilônia XII","id_aerog":"SDB-XII-A-06","situacao":"Em operação","pot_mw":2.35,"alt_torre":98.0,"diam_rotor":92.0,"proprietar":"Eólica Serra da Babilônia XII S.A.","ceg":"EOLCVBA032471-0-01"},"geometry":{"type":"Point","coordinates":[-41.316104,-11.110046]}},
{"type":"Feature","properties":{"parque":"Serra da Babilônia XI","id_aerog":"SDB-XI-A-05","situacao":"Em operação","pot_mw":2.35,"alt_torre":98.0,"diam_rotor":92.0,"proprietar":"Eólica Serra da Babilônia XI S.A.","ceg":"EOLCVBA032470-1-01"},"geometry":{"type":"Point","coordinates":[-41.324739,-11.084215]}},
{"type":"Feature","properties":{"parque":"Boa Vista da Lagoinha","id_aerog":"BV-07","situacao":"Em operação","pot_mw":2.0,"alt_torre":80.0,"diam_rotor":110.0,"proprietar":"Enel Green Power Boa Vista Eólica S.A.","ceg":"EOLCVBA032759-0-01"},"geometry":{"type":"Point","coordinates":[-41.374521,-11.73651]}},
{"type":"Feature","properties":{"parque":"Ventos do São Gabriel","id_aerog":"BA-03-03","situacao":"Em operação","pot_mw":2.1,"alt_torre":80.0,"diam_rotor":114.0,"proprietar":"Central Eólica Babilônia III S.A.","ceg":"EOLCVBA034739-6-01"},"geometry":{"type":"Point","coordinates":[-41.233731,-10.962425]}},
{"type":"Feature","properties":{"parque":"Ventos da Bahia IV","id_aerog":"21","situacao":"Em operação","pot_mw":3.0,"alt_torre":120.0,"diam_rotor":125.0,"proprietar":"Parque Eólico Colina S.A.","ceg":"EOLCVBA031770-5-01"},"geometry":{"type":"Point","coordinates":[-41.443774,-11.980916]}},
{"type":"Feature","properties":{"parque":"Ventos do Santo Abraão","id_aerog":"AAO-06","situacao":"Em operação","pot_mw":2.0,"alt_torre":80.0,"diam_rotor":110.0,"proprietar":"Enel Green Power São Abraão Eólica S.A","ceg":"EOLCVBA032884-7-01"},"geometry":{"type":"Point","coordinates":[-41.344763,-11.616424]}},
{"type":"Feature","properties":{"parque":"Ventos do Santo Abraão","id_aerog":"AAO-08","situacao":"Em operação","pot_mw":2.0,"alt_torre":80.0,"diam_rotor":110.0,"proprietar":"Enel Green Power São Abraão Eólica S.A","ceg":"EOLCVBA032884-7-01"},"geometry":{"type":"Point","coordinates":[-41.341618,-11.613052]}},
{"type":"Feature","properties":{"parque":"Esperança","id_aerog":"Esperança 03","situacao":"Em operação","pot_mw":2.0,"alt_torre":80.0,"diam_rotor":144.0,"proprietar":"Enel Green Power Esperança Eólica S.A.","ceg":"EOLCVBA031355-6-01"},"geometry":{"type":"Point","coordinates":[-41.415602,-11.856915]}},
{"type":"Feature","properties":{"parque":"Esperança","id_aerog":"Esperança 05","situacao":"Em operação","pot_mw":2.0,"alt_torre":80.0,"diam_rotor":144.0,"proprietar":"Enel Green Power Esperança Eólica S.A.","ceg":"EOLCVBA031355-6-01"},"geometry":{"type":"Point","coordinates":[-41.415432,-11.852172]}},
{"type":"Feature","properties":{"parque":"Serra da Babilônia VII","id_aerog":"SDB-VII-B-07","situacao":"Em operação","pot_mw":2.35,"alt_torre":98.0,"diam_rotor":92.0,"proprietar":"Eólica Serra da Babilônia VII S.A.","ceg":"EOLCVBA032467-1-01"},"geometry":{"type":"Point","coordinates":[-41.333422,-11.083144]}},
{"type":"Feature","properties":{"parque":"Boa Vista da Lagoinha","id_aerog":"BV-11","situacao":"Em operação","pot_mw":2.0,"alt_torre":95.0,"diam_rotor":110.0,"proprietar":"Enel Green Power Boa Vista Eólica S.A.","ceg":"EOLCVBA032759-0-01"},"geometry":{"type":"Point","coordinates":[-41.319701,-11.65947]}},
{"type":"Feature","properties":{"parque":"Ventos do São Paulo","id_aerog":"AEG 13","situacao":"Em operação","pot_mw":2.0,"alt_torre":80.0,"diam_rotor":110.0,"proprietar":"Enel Green Power Morro do Chapéu I Eólica S.A.","ceg":"EOLCVBA033652-1-01"},"geometry":{"type":"Point","coordinates":[-41.305325,-11.570157]}},
{"type":"Feature","properties":{"parque":"Serra da Babilônia VII","id_aerog":"SDB-VII-A-04","situacao":"Em operação","pot_mw":2.35,"alt_torre":98.0,"diam_rotor":92.0,"proprietar":"Eólica Serra da Babilônia VII S.A.","ceg":"EOLCVBA032467-1-01"},"geometry":{"type":"Point","coordinates":[-41.317817,-11.06266]}},
{"type":"Feature","properties":{"parque":"Serra da Babilônia XI","id_aerog":"SDB-XI-B-07","situacao":"Em operação","pot_mw":2.35,"alt_torre":98.0,"diam_rotor":92.0,"proprietar":"Eólica Serra da Babilônia XI S.A.","ceg":"EOLCVBA032470-1-01"},"geometry":{"type":"Point","coordinates":[-41.327649,-11.061184]}},
{"type":"Feature","properties":{"parque":"Serra da Babilônia VII","id_aerog":"SDB-VII-B-11","situacao":"Em operação","pot_mw":2.35,"alt_torre":98.0,"diam_rotor":92.0,"proprietar":"Eólica Serra da Babilônia VII S.A.","ceg":"EOLCVBA032467-1-01"},"geometry":{"type":"Point","coordinates":[-41.335444,-11.090024]}},
{"type":"Feature","properties":{"parque":"Ventos do São Mário","id_aerog":"10","situacao":"Em operação","pot_mw":2.0,"alt_torre":80.0,"diam_rotor":110.0,"proprietar":"Enel Green Power Morro do Chapéu I Eólica S.A.","ceg":"EOLCVBA033650-5-01"},"geometry":{"type":"Point","coordinates":[-41.229163,-11.562195]}},
{"type":"Feature","properties":{"parque":"Ventos de Santa Esperança 15","id_aerog":"VSE15-02","situacao":"Em operação","pot_mw":4.2,"alt_torre":105.0,"diam_rotor":150.0,"proprietar":"Enel Green Power Ventos de Santa Esperança 15 S.A.","ceg":"EOLCVBA034507-5-01"},"geometry":{"type":"Point","coordinates":[-41.301746,-11.554949]}},
{"type":"Feature","properties":{"parque":"Ventos do Santo Abraão","id_aerog":"AAO-05","situacao":"Em operação","pot_mw":2.0,"alt_torre":80.0,"diam_rotor":110.0,"proprietar":"Enel Green Power São Abraão Eólica S.A","ceg":"EOLCVBA032884-7-01"},"geometry":{"type":"Point","coordinates":[-41.345878,-11.618213]}},
{"type":"Feature","properties":{"parque":"Ventos da Bahia XIV","id_aerog":"2","situacao":"Em operação","pot_mw":5.5,"alt_torre":126.0,"diam_rotor":158.0,"proprietar":"Parque Eólico Ventos da Bahia XIV S.A.","ceg":"EOLCVBA032536-8-01"},"geometry":{"type":"Point","coordinates":[-41.501915,-12.117633]}},
{"type":"Feature","properties":{"parque":"Esperança","id_aerog":"Esperança 11","situacao":"Em operação","pot_mw":2.0,"alt_torre":80.0,"diam_rotor":144.0,"proprietar":"Enel Green Power Esperança Eólica S.A.","ceg":"EOLCVBA031355-6-01"},"geometry":{"type":"Point","coordinates":[-41.408964,-11.839577]}},
{"type":"Feature","properties":{"parque":"Ventos do São Mário","id_aerog":"4","situacao":"Em operação","pot_mw":2.0,"alt_torre":80.0,"diam_rotor":110.0,"proprietar":"Enel Green Power Morro do Chapéu I Eólica S.A.","ceg":"EOLCVBA033650-5-01"},"geometry":{"type":"Point","coordinates":[-41.228188,-11.580223]}},
{"type":"Feature","properties":{"parque":"Serra da Babilônia II","id_aerog":"SDB-II-A-05","situacao":"Em operação","pot_mw":2.35,"alt_torre":98.0,"diam_rotor":92.0,"proprietar":"Eólica Serra da Babilônia II S.A.","ceg":"EOLCVBA032462-0-01"},"geometry":{"type":"Point","coordinates":[-41.304769,-11.105686]}},
{"type":"Feature","properties":{"parque":"Serra da Babilônia XI","id_aerog":"SDB-XI-A-02","situacao":"Em operação","pot_mw":2.35,"alt_torre":98.0,"diam_rotor":92.0,"proprietar":"Eólica Serra da Babilônia XI S.A.","ceg":"EOLCVBA032470-1-01"},"geometry":{"type":"Point","coordinates":[-41.323058,-11.078742]}},
{"type":"Feature","properties":{"parque":"Ventos do São Gabriel","id_aerog":"BA-03-05","situacao":"Em operação","pot_mw":2.1,"alt_torre":80.0,"diam_rotor":114.0,"proprietar":"Central Eólica Babilônia III S.A.","ceg":"EOLCVBA034739-6-01"},"geometry":{"type":"Point","coordinates":[-41.23391,-10.966672]}},
{"type":"Feature","properties":{"parque":"Serra da Babilônia X","id_aerog":"SDB-X-B-11","situacao":"Em operação","pot_mw":2.35,"alt_torre":98.0,"diam_rotor":92.0,"proprietar":"Eólica Serra da Babilônia X S.A.","ceg":"EOLCVBA032469-8-01"},"geometry":{"type":"Point","coordinates":[-41.33279,-11.079571]}},
{"type":"Feature","properties":{"parque":"Serra da Babilônia VI","id_aerog":"SDB-VI-B-08","situacao":"Em operação","pot_mw":2.35,"alt_torre":98.0,"diam_rotor":92.0,"proprietar":"Eólica Serra da Babilônia VI S.A.","ceg":"EOLCVBA032466-3-01"},"geometry":{"type":"Point","coordinates":[-41.335184,-11.097644]}},
{"type":"Feature","properties":{"parque":"Serra da Babilônia IX","id_aerog":"SDB-IX-B-09","situacao":"Em operação","pot_mw":2.35,"alt_torre":98.0,"diam_rotor":92.0,"proprietar":"Eólica Serra da Babilônia IX S.A.","ceg":"EOLCVBA032465-5-01"},"geometry":{"type":"Point","coordinates":[-41.325495,-11.094204]}},
{"type":"Feature","properties":{"parque":"Ventos do Santo Abraão","id_aerog":"AAO-09","situacao":"Em operação","pot_mw":2.0,"alt_torre":80.0,"diam_rotor":110.0,"proprietar":"Enel Green Power São Abraão Eólica S.A","ceg":"EOLCVBA032884-7-01"},"geometry":{"type":"Point","coordinates":[-41.341472,-11.610921]}},
{"type":"Feature","properties":{"parque":"Esperança","id_aerog":"Esperança 07","situacao":"Em operação","pot_mw":2.0,"alt_torre":80.0,"diam_rotor":144.0,"proprietar":"Enel Green Power Esperança Eólica S.A.","ceg":"EOLCVBA031355-6-01"},"geometry":{"type":"Point","coordinates":[-41.41335,-11.847997]}},
{"type":"Feature","properties":{"parque":"Esperança","id_aerog":"Esperança 12","situacao":"Em operação","pot_mw":2.0,"alt_torre":80.0,"diam_rotor":144.0,"proprietar":"Enel Green Power Esperança Eólica S.A.","ceg":"EOLCVBA031355-6-01"},"geometry":{"type":"Point","coordinates":[-41.408312,-11.837432]}},
{"type":"Feature","properties":{"parque":"Ventos de Santa Esperança 15","id_aerog":"VSE15-06","situacao":"Em operação","pot_mw":4.2,"alt_torre":105.0,"diam_rotor":150.0,"proprietar":"Enel Green Power Ventos de Santa Esperança 15 S.A.","ceg":"EOLCVBA034507-5-01"},"geometry":{"type":"Point","coordinates":[-41.314522,-11.557297]}},
{"type":"Feature","properties":{"parque":"Ventos do Santo Abraão","id_aerog":"AAO-01","situacao":"Em operação","pot_mw":2.0,"alt_torre":80.0,"diam_rotor":110.0,"proprietar":"Enel Green Power São Abraão Eólica S.A","ceg":"EOLCVBA032884-7-01"},"geometry":{"type":"Point","coordinates":[-41.352131,-11.624949]}},
{"type":"Feature","properties":{"parque":"Ventos do Santo Abraão","id_aerog":"AAO-03","situacao":"Em operação","pot_mw":2.0,"alt_torre":80.0,"diam_rotor":110.0,"proprietar":"Enel Green Power São Abraão Eólica S.A","ceg":"EOLCVBA032884-7-01"},"geometry":{"type":"Point","coordinates":[-41.349599,-11.621409]}},
{"type":"Feature","properties":{"parque":"Ventos de Santa Esperança 17","id_aerog":"VSE17-09","situacao":"Em operação","pot_mw":4.2,"alt_torre":105.0,"diam_rotor":150.0,"proprietar":"Enel Green Power Ventos de Santa Esperança 17 S.A.","ceg":"EOLCVBA034509-1-01"},"geometry":{"type":"Point","coordinates":[-41.313448,-11.506735]}},
{"type":"Feature","properties":{"parque":"Ventos do São Mário","id_aerog":"2","situacao":"Em operação","pot_mw":2.0,"alt_torre":80.0,"diam_rotor":110.0,"proprietar":"Enel Green Power Morro do Chapéu I Eólica S.A.","ceg":"EOLCVBA033650-5-01"},"geometry":{"type":"Point","coordinates":[-41.228748,-11.585027]}},
{"type":"Feature","properties":{"parque":"Ventos da Bahia XIII","id_aerog":"3","situacao":"Em operação","pot_mw":5.5,"alt_torre":126.0,"diam_rotor":158.0,"proprietar":"Parque Eólico Ventos da Bahia XIII S.A.","ceg":"EOLCVBA032535-0-01"},"geometry":{"type":"Point","coordinates":[-41.49501,-12.136399]}},
{"type":"Feature","properties":{"parque":"Serra da Babilônia XI","id_aerog":"SDB-XI-B-06","situacao":"Em operação","pot_mw":2.35,"alt_torre":98.0,"diam_rotor":92.0,"proprietar":"Eólica Serra da Babilônia XI S.A.","ceg":"EOLCVBA032470-1-01"},"geometry":{"type":"Point","coordinates":[-41.326394,-11.059775]}},
{"type":"Feature","properties":{"parque":"Esperança","id_aerog":"Esperança 01","situacao":"Em operação","pot_mw":2.0,"alt_torre":80.0,"diam_rotor":144.0,"proprietar":"Enel Green Power Esperança Eólica S.A.","ceg":"EOLCVBA031355-6-01"},"geometry":{"type":"Point","coordinates":[-41.416139,-11.861627]}},
{"type":"Feature","properties":{"parque":"Serra da Babilônia X","id_aerog":"SDB-X-B-12","situacao":"Em operação","pot_mw":2.35,"alt_torre":98.0,"diam_rotor":92.0,"proprietar":"Eólica Serra da Babilônia X S.A.","ceg":"EOLCVBA032469-8-01"},"geometry":{"type":"Point","coordinates":[-41.333161,-11.08133]}},
{"type":"Feature","properties":{"parque":"Serra da Babilônia B","id_aerog":"SDB-B-03","situacao":"Em operação","pot_mw":5.3,"alt_torre":121.0,"diam_rotor":158.0,"proprietar":"Eólica SDB B S.A.","ceg":"EOLCVBA040608-2-01"},"geometry":{"type":"Point","coordinates":[-41.339985,-11.124835]}},
{"type":"Feature","properties":{"parque":"Serra da Babilônia B","id_aerog":"SDB-B-04","situacao":"Em operação","pot_mw":5.3,"alt_torre":121.0,"diam_rotor":158.0,"proprietar":"Eólica SDB B S.A.","ceg":"EOLCVBA040608-2-01"},"geometry":{"type":"Point","coordinates":[-41.340312,-11.127905]}},
{"type":"Feature","properties":{"parque":"Serra da Babilônia B","id_aerog":"SDB-B-05","situacao":"Em operação","pot_mw":5.3,"alt_torre":121.0,"diam_rotor":158.0,"proprietar":"Eólica SDB B S.A.","ceg":"EOLCVBA040608-2-01"},"geometry":{"type":"Point","coordinates":[-41.340657,-11.13112]}},
{"type":"Feature","properties":{"parque":"Serra da Babilônia B","id_aerog":"SDB-B-06","situacao":"Em operação","pot_mw":5.3,"alt_torre":121.0,"diam_rotor":158.0,"proprietar":"Eólica SDB B S.A.","ceg":"EOLCVBA040608-2-01"},"geometry":{"type":"Point","coordinates":[-41.341123,-11.134441]}},
{"type":"Feature","properties":{"parque":"Serra da Babilônia B","id_aerog":"SDB-B-01","situacao":"Em operação","pot_mw":5.3,"alt_torre":121.0,"diam_rotor":158.0,"proprietar":"Eólica SDB B S.A.","ceg":"EOLCVBA040608-2-01"},"geometry":{"type":"Point","coordinates":[-41.326419,-11.126576]}},
{"type":"Feature","properties":{"parque":"Serra da Babilônia B","id_aerog":"SDB-B-02","situacao":"Em operação","pot_mw":5.3,"alt_torre":121.0,"diam_rotor":158.0,"proprietar":"Eólica SDB B S.A.","ceg":"EOLCVBA040608-2-01"},"geometry":{"type":"Point","coordinates":[-41.327524,-11.129685]}},
{"type":"Feature","properties":{"parque":"Serra da Babilônia D","id_aerog":"SDB-D-03","situacao":"Em operação","pot_mw":5.3,"alt_torre":121.0,"diam_rotor":158.0,"proprietar":"Eólica SDB D S.A.","ceg":"EOLCVBA040610-4-01"},"geometry":{"type":"Point","coordinates":[-41.343599,-11.14307]}},
{"type":"Feature","properties":{"parque":"Serra da Babilônia D","id_aerog":"SDB-D-04","situacao":"Em operação","pot_mw":5.3,"alt_torre":121.0,"diam_rotor":158.0,"proprietar":"Eólica SDB D S.A.","ceg":"EOLCVBA040610-4-01"},"geometry":{"type":"Point","coordinates":[-41.344381,-11.145839]}},
{"type":"Feature","properties":{"parque":"Serra da Babilônia D","id_aerog":"SDB-D-05","situacao":"Em operação","pot_mw":5.3,"alt_torre":121.0,"diam_rotor":158.0,"proprietar":"Eólica SDB D S.A.","ceg":"EOLCVBA040610-4-01"},"geometry":{"type":"Point","coordinates":[-41.345181,-11.148607]}},
{"type":"Feature","properties":{"parque":"Serra da Babilônia D","id_aerog":"SDB-D-06","situacao":"Em operação","pot_mw":5.3,"alt_torre":121.0,"diam_rotor":158.0,"proprietar":"Eólica SDB D S.A.","ceg":"EOLCVBA040610-4-01"},"geometry":{"type":"Point","coordinates":[-41.345963,-11.151384]}},
{"type":"Feature","properties":{"parque":"Serra da Babilônia D","id_aerog":"SDB-D-01","situacao":"Em operação","pot_mw":5.3,"alt_torre":121.0,"diam_rotor":158.0,"proprietar":"Eólica SDB D S.A.","ceg":"EOLCVBA040610-4-01"},"geometry":{"type":"Point","coordinates":[-41.331553,-11.142658]}},
{"type":"Feature","properties":{"parque":"Serra da Babilônia D","id_aerog":"SDB-D-02","situacao":"Em operação","pot_mw":5.3,"alt_torre":121.0,"diam_rotor":158.0,"proprietar":"Eólica SDB D S.A.","ceg":"EOLCVBA040610-4-01"},"geometry":{"type":"Point","coordinates":[-41.332293,-11.146014]}},
{"type":"Feature","properties":{"parque":"Ventos de Santa Esperança 25","id_aerog":"VSE25-01","situacao":"Em operação","pot_mw":4.2,"alt_torre":105.0,"diam_rotor":150.0,"proprietar":"Enel Green Power Ventos de Santa Esperança 25 S.A.","ceg":"EOLCVBA034513-0-01"},"geometry":{"type":"Point","coordinates":[-41.330043,-11.559025]}},
{"type":"Feature","properties":{"parque":"Ventos de Santa Esperança 25","id_aerog":"VSE25-02","situacao":"Em operação","pot_mw":4.2,"alt_torre":105.0,"diam_rotor":150.0,"proprietar":"Enel Green Power Ventos de Santa Esperança 25 S.A.","ceg":"EOLCVBA034513-0-01"},"geometry":{"type":"Point","coordinates":[-41.328197,-11.556392]}},
{"type":"Feature","properties":{"parque":"Ventos de Santa Esperança 25","id_aerog":"VSE25-03","situacao":"Em operação","pot_mw":4.2,"alt_torre":105.0,"diam_rotor":150.0,"proprietar":"Enel Green Power Ventos de Santa Esperança 25 S.A.","ceg":"EOLCVBA034513-0-01"},"geometry":{"type":"Point","coordinates":[-41.326462,-11.553785]}},
{"type":"Feature","properties":{"parque":"Ventos de Santa Esperança 25","id_aerog":"VSE25-04","situacao":"Em operação","pot_mw":4.2,"alt_torre":105.0,"diam_rotor":150.0,"proprietar":"Enel Green Power Ventos de Santa Esperança 25 S.A.","ceg":"EOLCVBA034513-0-01"},"geometry":{"type":"Point","coordinates":[-41.3251,-11.550922]}},
{"type":"Feature","properties":{"parque":"Ventos de Santa Esperança 25","id_aerog":"VSE25-05","situacao":"Em operação","pot_mw":4.2,"alt_torre":105.0,"diam_rotor":150.0,"proprietar":"Enel Green Power Ventos de Santa Esperança 25 S.A.","ceg":"EOLCVBA034513-0-01"},"geometry":{"type":"Point","coordinates":[-41.324305,-11.547856]}},
{"type":"Feature","properties":{"parque":"Ventos de Santa Esperança 25","id_aerog":"VSE25-06","situacao":"Em operação","pot_mw":4.2,"alt_torre":105.0,"diam_rotor":150.0,"proprietar":"Enel Green Power Ventos de Santa Esperança 25 S.A.","ceg":"EOLCVBA034513-0-01"},"geometry":{"type":"Point","coordinates":[-41.322943,-11.544948]}},
{"type":"Feature","properties":{"parque":"Ventos de Santa Esperança 08","id_aerog":"VSE08-01","situacao":"Em operação","pot_mw":4.2,"alt_torre":105.0,"diam_rotor":150.0,"proprietar":"Enel Green Power Ventos de Santa Esperança 08 S.A.","ceg":"EOLCVBA034661-6-01"},"geometry":{"type":"Point","coordinates":[-41.338953,-11.586931]}},
{"type":"Feature","properties":{"parque":"Ventos de Santa Esperança 08","id_aerog":"VSE08-02","situacao":"Em operação","pot_mw":4.2,"alt_torre":105.0,"diam_rotor":150.0,"proprietar":"Enel Green Power Ventos de Santa Esperança 08 S.A.","ceg":"EOLCVBA034661-6-01"},"geometry":{"type":"Point","coordinates":[-41.339673,-11.583129]}},
{"type":"Feature","properties":{"parque":"Ventos de Santa Esperança 08","id_aerog":"VSE08-03","situacao":"Em operação","pot_mw":4.2,"alt_torre":105.0,"diam_rotor":150.0,"proprietar":"Enel Green Power Ventos de Santa Esperança 08 S.A.","ceg":"EOLCVBA034661-6-01"},"geometry":{"type":"Point","coordinates":[-41.339902,-11.579829]}},
{"type":"Feature","properties":{"parque":"Ventos de Santa Esperança 08","id_aerog":"VSE08-04","situacao":"Em operação","pot_mw":4.2,"alt_torre":105.0,"diam_rotor":150.0,"proprietar":"Enel Green Power Ventos de Santa Esperança 08 S.A.","ceg":"EOLCVBA034661-6-01"},"geometry":{"type":"Point","coordinates":[-41.339858,-11.576685]}},
{"type":"Feature","properties":{"parque":"Ventos de Santa Esperança 08","id_aerog":"VSE08-05","situacao":"Em operação","pot_mw":4.2,"alt_torre":105.0,"diam_rotor":150.0,"proprietar":"Enel Green Power Ventos de Santa Esperança 08 S.A.","ceg":"EOLCVBA034661-6-01"},"geometry":{"type":"Point","coordinates":[-41.340133,-11.57333]}},
{"type":"Feature","properties":{"parque":"Ventos de Santa Esperança 08","id_aerog":"VSE08-06","situacao":"Em operação","pot_mw":4.2,"alt_torre":105.0,"diam_rotor":150.0,"proprietar":"Enel Green Power Ventos de Santa Esperança 08 S.A.","ceg":"EOLCVBA034661-6-01"},"geometry":{"type":"Point","coordinates":[-41.340124,-11.57005]}},
{"type":"Feature","properties":{"parque":"Ventos de Santa Esperança 16","id_aerog":"VSE16-01","situacao":"Em operação","pot_mw":4.2,"alt_torre":105.0,"diam_rotor":150.0,"proprietar":"Enel Green Power Ventos de Santa Esperança 16 S.A","ceg":"EOLCVBA034508-3-01"},"geometry":{"type":"Point","coordinates":[-41.320241,-11.530592]}},
{"type":"Feature","properties":{"parque":"Ventos de Santa Esperança 16","id_aerog":"VSE16-02","situacao":"Em operação","pot_mw":4.2,"alt_torre":105.0,"diam_rotor":150.0,"proprietar":"Enel Green Power Ventos de Santa Esperança 16 S.A","ceg":"EOLCVBA034508-3-01"},"geometry":{"type":"Point","coordinates":[-41.320183,-11.526924]}},
{"type":"Feature","properties":{"parque":"Ventos de Santa Esperança 16","id_aerog":"VSE16-03","situacao":"Em operação","pot_mw":4.2,"alt_torre":105.0,"diam_rotor":150.0,"proprietar":"Enel Green Power Ventos de Santa Esperança 16 S.A","ceg":"EOLCVBA034508-3-01"},"geometry":{"type":"Point","coordinates":[-41.318446,-11.52401]}},
{"type":"Feature","properties":{"parque":"Ventos de Santa Esperança 16","id_aerog":"VSE16-04","situacao":"Em operação","pot_mw":4.2,"alt_torre":105.0,"diam_rotor":150.0,"proprietar":"Enel Green Power Ventos de Santa Esperança 16 S.A","ceg":"EOLCVBA034508-3-01"},"geometry":{"type":"Point","coordinates":[-41.338028,-11.549445]}},
{"type":"Feature","properties":{"parque":"Ventos de Santa Esperança 16","id_aerog":"VSE16-05","situacao":"Em operação","pot_mw":4.2,"alt_torre":105.0,"diam_rotor":150.0,"proprietar":"Enel Green Power Ventos de Santa Esperança 16 S.A","ceg":"EOLCVBA034508-3-01"},"geometry":{"type":"Point","coordinates":[-41.337005,-11.546525]}},
{"type":"Feature","properties":{"parque":"Ventos de Santa Esperança 16","id_aerog":"VSE16-06","situacao":"Em operação","pot_mw":4.2,"alt_torre":105.0,"diam_rotor":150.0,"proprietar":"Enel Green Power Ventos de Santa Esperança 16 S.A","ceg":"EOLCVBA034508-3-01"},"geometry":{"type":"Point","coordinates":[-41.335926,-11.543525]}},
{"type":"Feature","properties":{"parque":"Ventos de Santa Esperança 16","id_aerog":"VSE16-07","situacao":"Em operação","pot_mw":4.2,"alt_torre":105.0,"diam_rotor":150.0,"proprietar":"Enel Green Power Ventos de Santa Esperança 16 S.A","ceg":"EOLCVBA034508-3-01"},"geometry":{"type":"Point","coordinates":[-41.334436,-11.540663]}},
{"type":"Feature","properties":{"parque":"Ventos de Santa Esperança 16","id_aerog":"VSE16-08","situacao":"Em operação","pot_mw":4.2,"alt_torre":105.0,"diam_rotor":150.0,"proprietar":"Enel Green Power Ventos de Santa Esperança 16 S.A","ceg":"EOLCVBA034508-3-01"},"geometry":{"type":"Point","coordinates":[-41.33239,-11.538077]}},
{"type":"Feature","properties":{"parque":"Ventos de Santa Esperança 16","id_aerog":"VSE16-09","situacao":"Em operação","pot_mw":4.2,"alt_torre":105.0,"diam_rotor":150.0,"proprietar":"Enel Green Power Ventos de Santa Esperança 16 S.A","ceg":"EOLCVBA034508-3-01"},"geometry":{"type":"Point","coordinates":[-41.330561,-11.535272]}},
{"type":"Feature","properties":{"parque":"Ventos de Santa Esperança 16","id_aerog":"VSE16-10","situacao":"Em operação","pot_mw":4.2,"alt_torre":105.0,"diam_rotor":150.0,"proprietar":"Enel Green Power Ventos de Santa Esperança 16 S.A","ceg":"EOLCVBA034508-3-01"},"geometry":{"type":"Point","coordinates":[-41.339599,-11.552089]}},
{"type":"Feature","properties":{"parque":"Ventos de Santa Esperança 21","id_aerog":"VSE21-01","situacao":"Em operação","pot_mw":4.2,"alt_torre":105.0,"diam_rotor":150.0,"proprietar":"Enel Green Power Ventos de Santa Esperança 21 S.A","ceg":"EOLCVBA034511-3-01"},"geometry":{"type":"Point","coordinates":[-41.291093,-11.499194]}},
{"type":"Feature","properties":{"parque":"Ventos de Santa Esperança 21","id_aerog":"VSE21-02","situacao":"Em operação","pot_mw":4.2,"alt_torre":105.0,"diam_rotor":150.0,"proprietar":"Enel Green Power Ventos de Santa Esperança 21 S.A","ceg":"EOLCVBA034511-3-01"},"geometry":{"type":"Point","coordinates":[-41.289823,-11.496231]}},
{"type":"Feature","properties":{"parque":"Ventos de Santa Esperança 21","id_aerog":"VSE21-03","situacao":"Em operação","pot_mw":4.2,"alt_torre":105.0,"diam_rotor":150.0,"proprietar":"Enel Green Power Ventos de Santa Esperança 21 S.A","ceg":"EOLCVBA034511-3-01"},"geometry":{"type":"Point","coordinates":[-41.288435,-11.493341]}},
{"type":"Feature","properties":{"parque":"Ventos de Santa Esperança 21","id_aerog":"VSE21-04","situacao":"Em operação","pot_mw":4.2,"alt_torre":105.0,"diam_rotor":150.0,"proprietar":"Enel Green Power Ventos de Santa Esperança 21 S.A","ceg":"EOLCVBA034511-3-01"},"geometry":{"type":"Point","coordinates":[-41.30414,-11.49113]}},
{"type":"Feature","properties":{"parque":"Ventos de Santa Esperança 21","id_aerog":"VSE21-05","situacao":"Em operação","pot_mw":4.2,"alt_torre":105.0,"diam_rotor":150.0,"proprietar":"Enel Green Power Ventos de Santa Esperança 21 S.A","ceg":"EOLCVBA034511-3-01"},"geometry":{"type":"Point","coordinates":[-41.301893,-11.488644]}},
{"type":"Feature","properties":{"parque":"Ventos de Santa Esperança 21","id_aerog":"VSE21-06","situacao":"Em operação","pot_mw":4.2,"alt_torre":105.0,"diam_rotor":150.0,"proprietar":"Enel Green Power Ventos de Santa Esperança 21 S.A","ceg":"EOLCVBA034511-3-01"},"geometry":{"type":"Point","coordinates":[-41.2998,-11.485832]}},
{"type":"Feature","properties":{"parque":"Ventos de Santa Esperança 21","id_aerog":"VSE21-07","situacao":"Em operação","pot_mw":4.2,"alt_torre":105.0,"diam_rotor":150.0,"proprietar":"Enel Green Power Ventos de Santa Esperança 21 S.A","ceg":"EOLCVBA034511-3-01"},"geometry":{"type":"Point","coordinates":[-41.298886,-11.482803]}},
{"type":"Feature","properties":{"parque":"Ventos de Santa Esperança 21","id_aerog":"VSE21-08","situacao":"Em operação","pot_mw":4.2,"alt_torre":105.0,"diam_rotor":150.0,"proprietar":"Enel Green Power Ventos de Santa Esperança 21 S.A","ceg":"EOLCVBA034511-3-01"},"geometry":{"type":"Point","coordinates":[-41.293096,-11.48171]}},
{"type":"Feature","properties":{"parque":"Ventos de Santa Esperança 21","id_aerog":"VSE21-09","situacao":"Em operação","pot_mw":4.2,"alt_torre":105.0,"diam_rotor":150.0,"proprietar":"Enel Green Power Ventos de Santa Esperança 21 S.A","ceg":"EOLCVBA034511-3-01"},"geometry":{"type":"Point","coordinates":[-41.292976,-11.478213]}},
{"type":"Feature","properties":{"parque":"Ventos de Santa Esperança 21","id_aerog":"VSE21-10","situacao":"Em operação","pot_mw":4.2,"alt_torre":105.0,"diam_rotor":150.0,"proprietar":"Enel Green Power Ventos de Santa Esperança 21 S.A","ceg":"EOLCVBA034511-3-01"},"geometry":{"type":"Point","coordinates":[-41.292363,-11.474847]}},
{"type":"Feature","properties":{"parque":"Ventos de Santa Esperança 21","id_aerog":"VSE21-11","situacao":"Em operação","pot_mw":4.2,"alt_torre":105.0,"diam_rotor":150.0,"proprietar":"Enel Green Power Ventos de Santa Esperança 21 S.A","ceg":"EOLCVBA034511-3-01"},"geometry":{"type":"Point","coordinates":[-41.291757,-11.47131]}},
{"type":"Feature","properties":{"parque":"Ventos de Santa Esperança 22","id_aerog":"VSE22-01","situacao":"Em operação","pot_mw":4.2,"alt_torre":105.0,"diam_rotor":150.0,"proprietar":"Enel Green Power Ventos de Santa Esperança 22 S.A","ceg":"EOLCVBA034512-1-01"},"geometry":{"type":"Point","coordinates":[-41.280067,-11.516939]}},
{"type":"Feature","properties":{"parque":"Ventos de Santa Esperança 22","id_aerog":"VSE22-02","situacao":"Em operação","pot_mw":4.2,"alt_torre":105.0,"diam_rotor":150.0,"proprietar":"Enel Green Power Ventos de Santa Esperança 22 S.A","ceg":"EOLCVBA034512-1-01"},"geometry":{"type":"Point","coordinates":[-41.278734,-11.514157]}},
{"type":"Feature","properties":{"parque":"Ventos de Santa Esperança 22","id_aerog":"VSE22-03","situacao":"Em operação","pot_mw":4.2,"alt_torre":105.0,"diam_rotor":150.0,"proprietar":"Enel Green Power Ventos de Santa Esperança 22 S.A","ceg":"EOLCVBA034512-1-01"},"geometry":{"type":"Point","coordinates":[-41.278214,-11.510971]}},
{"type":"Feature","properties":{"parque":"Ventos de Santa Esperança 22","id_aerog":"VSE22-04","situacao":"Em operação","pot_mw":4.2,"alt_torre":105.0,"diam_rotor":150.0,"proprietar":"Enel Green Power Ventos de Santa Esperança 22 S.A","ceg":"EOLCVBA034512-1-01"},"geometry":{"type":"Point","coordinates":[-41.277747,-11.507685]}},
{"type":"Feature","properties":{"parque":"Ventos de Santa Esperança 22","id_aerog":"VSE22-05","situacao":"Em operação","pot_mw":4.2,"alt_torre":105.0,"diam_rotor":150.0,"proprietar":"Enel Green Power Ventos de Santa Esperança 22 S.A","ceg":"EOLCVBA034512-1-01"},"geometry":{"type":"Point","coordinates":[-41.277227,-11.504463]}},
{"type":"Feature","properties":{"parque":"Ventos de Santa Esperança 22","id_aerog":"VSE22-06","situacao":"Em operação","pot_mw":4.2,"alt_torre":105.0,"diam_rotor":150.0,"proprietar":"Enel Green Power Ventos de Santa Esperança 22 S.A","ceg":"EOLCVBA034512-1-01"},"geometry":{"type":"Point","coordinates":[-41.277081,-11.501111]}},
{"type":"Feature","properties":{"parque":"Ventos de Santa Esperança 22","id_aerog":"VSE22-07","situacao":"Em operação","pot_mw":4.2,"alt_torre":105.0,"diam_rotor":150.0,"proprietar":"Enel Green Power Ventos de Santa Esperança 22 S.A","ceg":"EOLCVBA034512-1-01"},"geometry":{"type":"Point","coordinates":[-41.27635,-11.498008]}},
{"type":"Feature","properties":{"parque":"Ventos de Santa Esperança 22","id_aerog":"VSE22-07B","situacao":"Em operação","pot_mw":4.2,"alt_torre":105.0,"diam_rotor":150.0,"proprietar":"Enel Green Power Ventos de Santa Esperança 22 S.A","ceg":"EOLCVBA034512-1-01"},"geometry":{"type":"Point","coordinates":[-41.291087,-11.516527]}},
{"type":"Feature","properties":{"parque":"Ventos de Santa Esperança 22","id_aerog":"VSE22-08","situacao":"Em operação","pot_mw":4.2,"alt_torre":105.0,"diam_rotor":150.0,"proprietar":"Enel Green Power Ventos de Santa Esperança 22 S.A","ceg":"EOLCVBA034512-1-01"},"geometry":{"type":"Point","coordinates":[-41.290067,-11.513942]}},
{"type":"Feature","properties":{"parque":"Ventos de Santa Esperança 22","id_aerog":"VSE22-09","situacao":"Em operação","pot_mw":4.2,"alt_torre":105.0,"diam_rotor":150.0,"proprietar":"Enel Green Power Ventos de Santa Esperança 22 S.A","ceg":"EOLCVBA034512-1-01"},"geometry":{"type":"Point","coordinates":[-41.286225,-11.490828]}},
{"type":"Feature","properties":{"parque":"Ventos de Santa Esperança 22","id_aerog":"VSE22-10","situacao":"Em operação","pot_mw":4.2,"alt_torre":105.0,"diam_rotor":150.0,"proprietar":"Enel Green Power Ventos de Santa Esperança 22 S.A","ceg":"EOLCVBA034512-1-01"},"geometry":{"type":"Point","coordinates":[-41.283357,-11.4886]}},
{"type":"Feature","properties":{"parque":"Ventos de Santa Esperança 26","id_aerog":"VSE26-01","situacao":"Em operação","pot_mw":4.2,"alt_torre":105.0,"diam_rotor":150.0,"proprietar":"Enel Green Power Ventos de Santa Esperança 26 S.A","ceg":"EOLCVBA034514-8-01"},"geometry":{"type":"Point","coordinates":[-41.331714,-11.526127]}},
{"type":"Feature","properties":{"parque":"Ventos de Santa Esperança 26","id_aerog":"VSE26-02","situacao":"Em operação","pot_mw":4.2,"alt_torre":105.0,"diam_rotor":150.0,"proprietar":"Enel Green Power Ventos de Santa Esperança 26 S.A","ceg":"EOLCVBA034514-8-01"},"geometry":{"type":"Point","coordinates":[-41.331677,-11.522729]}},
{"type":"Feature","properties":{"parque":"Ventos de Santa Esperança 26","id_aerog":"VSE26-03","situacao":"Em operação","pot_mw":4.2,"alt_torre":105.0,"diam_rotor":150.0,"proprietar":"Enel Green Power Ventos de Santa Esperança 26 S.A","ceg":"EOLCVBA034514-8-01"},"geometry":{"type":"Point","coordinates":[-41.33101,-11.51968]}},
{"type":"Feature","properties":{"parque":"Ventos de Santa Esperança 26","id_aerog":"VSE26-04","situacao":"Em operação","pot_mw":4.2,"alt_torre":105.0,"diam_rotor":150.0,"proprietar":"Enel Green Power Ventos de Santa Esperança 26 S.A","ceg":"EOLCVBA034514-8-01"},"geometry":{"type":"Point","coordinates":[-41.329337,-11.51682]}},
{"type":"Feature","properties":{"parque":"Ventos de Santa Esperança 26","id_aerog":"VSE26-05","situacao":"Em operação","pot_mw":4.2,"alt_torre":105.0,"diam_rotor":150.0,"proprietar":"Enel Green Power Ventos de Santa Esperança 26 S.A","ceg":"EOLCVBA034514-8-01"},"geometry":{"type":"Point","coordinates":[-41.325038,-11.515508]}},
{"type":"Feature","properties":{"parque":"Ventos de Santa Esperança 26","id_aerog":"VSE26-06","situacao":"Em operação","pot_mw":4.2,"alt_torre":105.0,"diam_rotor":150.0,"proprietar":"Enel Green Power Ventos de Santa Esperança 26 S.A","ceg":"EOLCVBA034514-8-01"},"geometry":{"type":"Point","coordinates":[-41.327652,-11.511411]}},
{"type":"Feature","properties":{"parque":"Ventos de Santa Esperança 26","id_aerog":"VSE26-07","situacao":"Em operação","pot_mw":4.2,"alt_torre":105.0,"diam_rotor":150.0,"proprietar":"Enel Green Power Ventos de Santa Esperança 26 S.A","ceg":"EOLCVBA034514-8-01"},"geometry":{"type":"Point","coordinates":[-41.352967,-11.525485]}},
{"type":"Feature","properties":{"parque":"Ventos de Santa Esperança 26","id_aerog":"VSE26-08","situacao":"Em operação","pot_mw":4.2,"alt_torre":105.0,"diam_rotor":150.0,"proprietar":"Enel Green Power Ventos de Santa Esperança 26 S.A","ceg":"EOLCVBA034514-8-01"},"geometry":{"type":"Point","coordinates":[-41.353222,-11.521896]}},
{"type":"Feature","properties":{"parque":"Ventos de Santa Esperança 26","id_aerog":"VSE26-09","situacao":"Em operação","pot_mw":4.2,"alt_torre":105.0,"diam_rotor":150.0,"proprietar":"Enel Green Power Ventos de Santa Esperança 26 S.A","ceg":"EOLCVBA034514-8-01"},"geometry":{"type":"Point","coordinates":[-41.353566,-11.51808]}},
{"type":"Feature","properties":{"parque":"Ventos de Santa Esperança 26","id_aerog":"VSE26-10","situacao":"Em operação","pot_mw":4.2,"alt_torre":105.0,"diam_rotor":150.0,"proprietar":"Enel Green Power Ventos de Santa Esperança 26 S.A","ceg":"EOLCVBA034514-8-01"},"geometry":{"type":"Point","coordinates":[-41.353097,-11.514595]}},
{"type":"Feature","properties":{"parque":"Ventos de Santa Esperança 26","id_aerog":"VSE26-11","situacao":"Em operação","pot_mw":4.2,"alt_torre":105.0,"diam_rotor":150.0,"proprietar":"Enel Green Power Ventos de Santa Esperança 26 S.A","ceg":"EOLCVBA034514-8-01"},"geometry":{"type":"Point","coordinates":[-41.353057,-11.510872]}},
{"type":"Feature","properties":{"parque":"Ventos de Santo Antônio 08","id_aerog":"VSA08-12","situacao":"Não operando","pot_mw":6.2,"alt_torre":115.0,"diam_rotor":170.0,"proprietar":"Ventos de Santa Rufina Energias Renováveis S.A.","ceg":"EOLCVBA051595-7-01"},"geometry":{"type":"Point","coordinates":[-41.324908,-11.046529]}},
{"type":"Feature","properties":{"parque":"Ventos de Santo Antônio 08","id_aerog":"VSA08-11","situacao":"Não operando","pot_mw":6.2,"alt_torre":115.0,"diam_rotor":170.0,"proprietar":"Ventos de Santa Rufina Energias Renováveis S.A.","ceg":"EOLCVBA051595-7-01"},"geometry":{"type":"Point","coordinates":[-41.324876,-11.044767]}},
{"type":"Feature","properties":{"parque":"Ventos de Santo Antônio 08","id_aerog":"VSA08-10","situacao":"Não operando","pot_mw":6.2,"alt_torre":115.0,"diam_rotor":170.0,"proprietar":"Ventos de Santa Rufina Energias Renováveis S.A.","ceg":"EOLCVBA051595-7-01"},"geometry":{"type":"Point","coordinates":[-41.324576,-11.042664]}},
{"type":"Feature","properties":{"parque":"Ventos de Santo Antônio 08","id_aerog":"VSA08-09","situacao":"Não operando","pot_mw":6.2,"alt_torre":115.0,"diam_rotor":170.0,"proprietar":"Ventos de Santa Rufina Energias Renováveis S.A.","ceg":"EOLCVBA051595-7-01"},"geometry":{"type":"Point","coordinates":[-41.32402,-11.040662]}},
{"type":"Feature","properties":{"parque":"Ventos de Santo Antônio 08","id_aerog":"VSA08-08","situacao":"Não operando","pot_mw":6.2,"alt_torre":115.0,"diam_rotor":170.0,"proprietar":"Ventos de Santa Rufina Energias Renováveis S.A.","ceg":"EOLCVBA051595-7-01"},"geometry":{"type":"Point","coordinates":[-41.323428,-11.038651]}},
{"type":"Feature","properties":{"parque":"Ventos de Santo Antônio 08","id_aerog":"VSA08-07","situacao":"Não operando","pot_mw":6.2,"alt_torre":115.0,"diam_rotor":170.0,"proprietar":"Ventos de Santa Rufina Energias Renováveis S.A.","ceg":"EOLCVBA051595-7-01"},"geometry":{"type":"Point","coordinates":[-41.322617,-11.036768]}},
{"type":"Feature","properties":{"parque":"Ventos de Santo Antônio 08","id_aerog":"VSA08-06","situacao":"Não operando","pot_mw":6.2,"alt_torre":115.0,"diam_rotor":170.0,"proprietar":"Ventos de Santa Rufina Energias Renováveis S.A.","ceg":"EOLCVBA051595-7-01"},"geometry":{"type":"Point","coordinates":[-41.321706,-11.034905]}},
{"type":"Feature","properties":{"parque":"Ventos de Santo Antônio 08","id_aerog":"VSA08-05","situacao":"Não operando","pot_mw":6.2,"alt_torre":115.0,"diam_rotor":170.0,"proprietar":"Ventos de Santa Rufina Energias Renováveis S.A.","ceg":"EOLCVBA051595-7-01"},"geometry":{"type":"Point","coordinates":[-41.320128,-11.033173]}},
{"type":"Feature","properties":{"parque":"Ventos de São Januário 16","id_aerog":"JAN16-05","situacao":"Em operação","pot_mw":4.5,"alt_torre":105.0,"diam_rotor":150.0,"proprietar":"Ventos de São Joaquim Energias Renováveis S.A.","ceg":"EOLCVBA033547-9-01"},"geometry":{"type":"Point","coordinates":[-41.287235,-11.126534]}},
{"type":"Feature","properties":{"parque":"Ventos de São Januário 16","id_aerog":"JAN16-06","situacao":"Em operação","pot_mw":4.5,"alt_torre":105.0,"diam_rotor":150.0,"proprietar":"Ventos de São Joaquim Energias Renováveis S.A.","ceg":"EOLCVBA033547-9-01"},"geometry":{"type":"Point","coordinates":[-41.287242,-11.128639]}},
{"type":"Feature","properties":{"parque":"Ventos de São Januário 16","id_aerog":"JAN16-07","situacao":"Em operação","pot_mw":4.5,"alt_torre":105.0,"diam_rotor":150.0,"proprietar":"Ventos de São Joaquim Energias Renováveis S.A.","ceg":"EOLCVBA033547-9-01"},"geometry":{"type":"Point","coordinates":[-41.299787,-11.116849]}},
{"type":"Feature","properties":{"parque":"Ventos de São Januário 16","id_aerog":"JAN16-08","situacao":"Em operação","pot_mw":4.5,"alt_torre":105.0,"diam_rotor":150.0,"proprietar":"Ventos de São Joaquim Energias Renováveis S.A.","ceg":"EOLCVBA033547-9-01"},"geometry":{"type":"Point","coordinates":[-41.30027,-11.118834]}},
{"type":"Feature","properties":{"parque":"Ventos de São Januário 16","id_aerog":"JAN16-09","situacao":"Em operação","pot_mw":4.5,"alt_torre":105.0,"diam_rotor":150.0,"proprietar":"Ventos de São Joaquim Energias Renováveis S.A.","ceg":"EOLCVBA033547-9-01"},"geometry":{"type":"Point","coordinates":[-41.301153,-11.12068]}},
{"type":"Feature","properties":{"parque":"Ventos de São Januário 16","id_aerog":"JAN16-10","situacao":"Em operação","pot_mw":4.5,"alt_torre":105.0,"diam_rotor":150.0,"proprietar":"Ventos de São Joaquim Energias Renováveis S.A.","ceg":"EOLCVBA033547-9-01"},"geometry":{"type":"Point","coordinates":[-41.301901,-11.122635]}},
{"type":"Feature","properties":{"parque":"Ventos de São Januário 16","id_aerog":"JAN16-11","situacao":"Em operação","pot_mw":4.5,"alt_torre":105.0,"diam_rotor":150.0,"proprietar":"Ventos de São Joaquim Energias Renováveis S.A.","ceg":"EOLCVBA033547-9-01"},"geometry":{"type":"Point","coordinates":[-41.30262,-11.124554]}},
{"type":"Feature","properties":{"parque":"Ventos de São Januário 16","id_aerog":"JAN16-12","situacao":"Em operação","pot_mw":4.5,"alt_torre":105.0,"diam_rotor":150.0,"proprietar":"Ventos de São Joaquim Energias Renováveis S.A.","ceg":"EOLCVBA033547-9-01"},"geometry":{"type":"Point","coordinates":[-41.314487,-11.120767]}},
{"type":"Feature","properties":{"parque":"Ventos de São Januário 16","id_aerog":"JAN16-13","situacao":"Em operação","pot_mw":4.5,"alt_torre":105.0,"diam_rotor":150.0,"proprietar":"Ventos de São Joaquim Energias Renováveis S.A.","ceg":"EOLCVBA033547-9-01"},"geometry":{"type":"Point","coordinates":[-41.315179,-11.122687]}},
{"type":"Feature","properties":{"parque":"Ventos de São Januário 16","id_aerog":"JAN16-14","situacao":"Em operação","pot_mw":4.5,"alt_torre":105.0,"diam_rotor":150.0,"proprietar":"Ventos de São Joaquim Energias Renováveis S.A.","ceg":"EOLCVBA033547-9-01"},"geometry":{"type":"Point","coordinates":[-41.315862,-11.124615]}},
{"type":"Feature","properties":{"parque":"Ventos de São Januário 16","id_aerog":"JAN16-15","situacao":"Em operação","pot_mw":4.5,"alt_torre":105.0,"diam_rotor":150.0,"proprietar":"Ventos de São Joaquim Energias Renováveis S.A.","ceg":"EOLCVBA033547-9-01"},"geometry":{"type":"Point","coordinates":[-41.316527,-11.126544]}},
{"type":"Feature","properties":{"parque":"Ventos de São Januário 16","id_aerog":"JAN16-16","situacao":"Em operação","pot_mw":4.5,"alt_torre":105.0,"diam_rotor":150.0,"proprietar":"Ventos de São Joaquim Energias Renováveis S.A.","ceg":"EOLCVBA033547-9-01"},"geometry":{"type":"Point","coordinates":[-41.317229,-11.128464]}},
{"type":"Feature","properties":{"parque":"Ventos de São Januário 19","id_aerog":"JAN19-01","situacao":"Em operação","pot_mw":4.5,"alt_torre":105.0,"diam_rotor":150.0,"proprietar":"Ventos de São João XXIII Energias Renováveis S.A.","ceg":"EOLCVBA037101-7-01"},"geometry":{"type":"Point","coordinates":[-41.308488,-11.13989]}},
{"type":"Feature","properties":{"parque":"Ventos de São Januário 19","id_aerog":"JAN19-02","situacao":"Em operação","pot_mw":4.5,"alt_torre":105.0,"diam_rotor":150.0,"proprietar":"Ventos de São João XXIII Energias Renováveis S.A.","ceg":"EOLCVBA037101-7-01"},"geometry":{"type":"Point","coordinates":[-41.309281,-11.141791]}},
{"type":"Feature","properties":{"parque":"Ventos de São Januário 19","id_aerog":"JAN19-03","situacao":"Em operação","pot_mw":4.5,"alt_torre":105.0,"diam_rotor":150.0,"proprietar":"Ventos de São João XXIII Energias Renováveis S.A.","ceg":"EOLCVBA037101-7-01"},"geometry":{"type":"Point","coordinates":[-41.309982,-11.143711]}},
{"type":"Feature","properties":{"parque":"Ventos de São Januário 19","id_aerog":"JAN19-04","situacao":"Em operação","pot_mw":4.5,"alt_torre":105.0,"diam_rotor":150.0,"proprietar":"Ventos de São João XXIII Energias Renováveis S.A.","ceg":"EOLCVBA037101-7-01"},"geometry":{"type":"Point","coordinates":[-41.310666,-11.145639]}},
{"type":"Feature","properties":{"parque":"Ventos de São Januário 19","id_aerog":"JAN19-05","situacao":"Em operação","pot_mw":4.5,"alt_torre":105.0,"diam_rotor":150.0,"proprietar":"Ventos de São João XXIII Energias Renováveis S.A.","ceg":"EOLCVBA037101-7-01"},"geometry":{"type":"Point","coordinates":[-41.312036,-11.147644]}},
{"type":"Feature","properties":{"parque":"Ventos de São Januário 19","id_aerog":"JAN19-06","situacao":"Em operação","pot_mw":4.5,"alt_torre":105.0,"diam_rotor":150.0,"proprietar":"Ventos de São João XXIII Energias Renováveis S.A.","ceg":"EOLCVBA037101-7-01"},"geometry":{"type":"Point","coordinates":[-41.31272,-11.149609]}},
{"type":"Feature","properties":{"parque":"Ventos de São Januário 19","id_aerog":"JAN19-07","situacao":"Em operação","pot_mw":4.5,"alt_torre":105.0,"diam_rotor":150.0,"proprietar":"Ventos de São João XXIII Energias Renováveis S.A.","ceg":"EOLCVBA037101-7-01"},"geometry":{"type":"Point","coordinates":[-41.313294,-11.15162]}},
{"type":"Feature","properties":{"parque":"Ventos de São Januário 19","id_aerog":"JAN19-08","situacao":"Em operação","pot_mw":4.5,"alt_torre":105.0,"diam_rotor":150.0,"proprietar":"Ventos de São João XXIII Energias Renováveis S.A.","ceg":"EOLCVBA037101-7-01"},"geometry":{"type":"Point","coordinates":[-41.313873,-11.154281]}},
{"type":"Feature","properties":{"parque":"Ventos de São Januário 19","id_aerog":"JAN19-09","situacao":"Em operação","pot_mw":4.5,"alt_torre":105.0,"diam_rotor":150.0,"proprietar":"Ventos de São João XXIII Energias Renováveis S.A.","ceg":"EOLCVBA037101-7-01"},"geometry":{"type":"Point","coordinates":[-41.324133,-11.153244]}},
{"type":"Feature","properties":{"parque":"Ventos de São Januário 19","id_aerog":"JAN19-10","situacao":"Em operação","pot_mw":4.5,"alt_torre":105.0,"diam_rotor":150.0,"proprietar":"Ventos de São João XXIII Energias Renováveis S.A.","ceg":"EOLCVBA037101-7-01"},"geometry":{"type":"Point","coordinates":[-41.324807,-11.1552]}},
{"type":"Feature","properties":{"parque":"Ventos de São Januário 19","id_aerog":"JAN19-11","situacao":"Em operação","pot_mw":4.5,"alt_torre":105.0,"diam_rotor":150.0,"proprietar":"Ventos de São João XXIII Energias Renováveis S.A.","ceg":"EOLCVBA037101-7-01"},"geometry":{"type":"Point","coordinates":[-41.325527,-11.157128]}},
{"type":"Feature","properties":{"parque":"Ventos de São Januário 19","id_aerog":"JAN19-12","situacao":"Em operação","pot_mw":4.5,"alt_torre":105.0,"diam_rotor":150.0,"proprietar":"Ventos de São João XXIII Energias Renováveis S.A.","ceg":"EOLCVBA037101-7-01"},"geometry":{"type":"Point","coordinates":[-41.326147,-11.159066]}},
{"type":"Feature","properties":{"parque":"Ventos de São Januário 19","id_aerog":"JAN19-13","situacao":"Em operação","pot_mw":4.5,"alt_torre":105.0,"diam_rotor":150.0,"proprietar":"Ventos de São João XXIII Energias Renováveis S.A.","ceg":"EOLCVBA037101-7-01"},"geometry":{"type":"Point","coordinates":[-41.326766,-11.161022]}},
{"type":"Feature","properties":{"parque":"Ventos de São Januário 19","id_aerog":"JAN19-14","situacao":"Em operação","pot_mw":4.5,"alt_torre":105.0,"diam_rotor":150.0,"proprietar":"Ventos de São João XXIII Energias Renováveis S.A.","ceg":"EOLCVBA037101-7-01"},"geometry":{"type":"Point","coordinates":[-41.327368,-11.16297]}},
{"type":"Feature","properties":{"parque":"Ventos de São Januário 19","id_aerog":"JAN19-15","situacao":"Em operação","pot_mw":4.5,"alt_torre":105.0,"diam_rotor":150.0,"proprietar":"Ventos de São João XXIII Energias Renováveis S.A.","ceg":"EOLCVBA037101-7-01"},"geometry":{"type":"Point","coordinates":[-41.327987,-11.164935]}},
{"type":"Feature","properties":{"parque":"Ventos de São Januário 19","id_aerog":"JAN19-16","situacao":"Em operação","pot_mw":4.5,"alt_torre":105.0,"diam_rotor":150.0,"proprietar":"Ventos de São João XXIII Energias Renováveis S.A.","ceg":"EOLCVBA037101-7-01"},"geometry":{"type":"Point","coordinates":[-41.328686,-11.167577]}},
{"type":"Feature","properties":{"parque":"Ventos de Santa Luzia 10","id_aerog":"LUZ-10-10","situacao":"Não operando","pot_mw":4.2,"alt_torre":120.0,"diam_rotor":150.0,"proprietar":"Ventos de São Vladimir Energias Renováveis S.A.","ceg":"EOLCVBA049423-2-01"},"geometry":{"type":"Point","coordinates":[-42.057053,-12.899074]}},
{"type":"Feature","properties":{"parque":"Ventos de Santa Luzia 10","id_aerog":"LUZ-10-09","situacao":"Não operando","pot_mw":4.2,"alt_torre":120.0,"diam_rotor":150.0,"proprietar":"Ventos de São Vladimir Energias Renováveis S.A.","ceg":"EOLCVBA049423-2-01"},"geometry":{"type":"Point","coordinates":[-42.057391,-12.896928]}},
{"type":"Feature","properties":{"parque":"Ventos de Santa Luzia 10","id_aerog":"LUZ-10-08","situacao":"Não operando","pot_mw":4.2,"alt_torre":120.0,"diam_rotor":150.0,"proprietar":"Ventos de São Vladimir Energias Renováveis S.A.","ceg":"EOLCVBA049423-2-01"},"geometry":{"type":"Point","coordinates":[-42.057674,-12.894754]}},
{"type":"Feature","properties":{"parque":"Ventos de Santa Luzia 10","id_aerog":"LUZ-10-07","situacao":"Não operando","pot_mw":4.2,"alt_torre":120.0,"diam_rotor":150.0,"proprietar":"Ventos de São Vladimir Energias Renováveis S.A.","ceg":"EOLCVBA049423-2-01"},"geometry":{"type":"Point","coordinates":[-42.061485,-12.883733]}},
{"type":"Feature","properties":{"parque":"Ventos de Santa Luzia 10","id_aerog":"LUZ-10-06","situacao":"Não operando","pot_mw":4.2,"alt_torre":120.0,"diam_rotor":150.0,"proprietar":"Ventos de São Vladimir Energias Renováveis S.A.","ceg":"EOLCVBA049423-2-01"},"geometry":{"type":"Point","coordinates":[-42.061675,-12.881676]}},
{"type":"Feature","properties":{"parque":"Ventos de Santa Luzia 10","id_aerog":"LUZ-10-05","situacao":"Não operando","pot_mw":4.2,"alt_torre":120.0,"diam_rotor":150.0,"proprietar":"Ventos de São Vladimir Energias Renováveis S.A.","ceg":"EOLCVBA049423-2-01"},"geometry":{"type":"Point","coordinates":[-42.061828,-12.879645]}},
{"type":"Feature","properties":{"parque":"Ventos de Santa Luzia 10","id_aerog":"LUZ-10-04","situacao":"Não operando","pot_mw":4.2,"alt_torre":120.0,"diam_rotor":150.0,"proprietar":"Ventos de São Vladimir Energias Renováveis S.A.","ceg":"EOLCVBA049423-2-01"},"geometry":{"type":"Point","coordinates":[-42.061934,-12.877587]}},
{"type":"Feature","properties":{"parque":"Ventos de Santa Luzia 10","id_aerog":"LUZ-10-03","situacao":"Não operando","pot_mw":4.2,"alt_torre":120.0,"diam_rotor":150.0,"proprietar":"Ventos de São Vladimir Energias Renováveis S.A.","ceg":"EOLCVBA049423-2-01"},"geometry":{"type":"Point","coordinates":[-42.060188,-12.874162]}},
{"type":"Feature","properties":{"parque":"Ventos de Santa Luzia 10","id_aerog":"LUZ-10-02","situacao":"Não operando","pot_mw":4.2,"alt_torre":120.0,"diam_rotor":150.0,"proprietar":"Ventos de São Vladimir Energias Renováveis S.A.","ceg":"EOLCVBA049423-2-01"},"geometry":{"type":"Point","coordinates":[-42.060507,-12.872116]}},
{"type":"Feature","properties":{"parque":"Ventos de Santa Luzia 10","id_aerog":"LUZ-10-01","situacao":"Não operando","pot_mw":4.2,"alt_torre":120.0,"diam_rotor":150.0,"proprietar":"Ventos de São Vladimir Energias Renováveis S.A.","ceg":"EOLCVBA049423-2-01"},"geometry":{"type":"Point","coordinates":[-42.06443,-12.868041]}},
{"type":"Feature","properties":{"parque":"Ventos de Santa Luzia 09","id_aerog":"LUZ09-10","situacao":"Não operando","pot_mw":4.2,"alt_torre":120.0,"diam_rotor":150.0,"proprietar":"Ventos de Santa Virgínia Energias Renováveis S.A.","ceg":"EOLCVBA049422-4-01"},"geometry":{"type":"Point","coordinates":[-42.06461,-12.866002]}},
{"type":"Feature","properties":{"parque":"Ventos de Santa Luzia 09","id_aerog":"LUZ09-09","situacao":"Não operando","pot_mw":4.2,"alt_torre":120.0,"diam_rotor":150.0,"proprietar":"Ventos de Santa Virgínia Energias Renováveis S.A.","ceg":"EOLCVBA049422-4-01"},"geometry":{"type":"Point","coordinates":[-42.064984,-12.863965]}},
{"type":"Feature","properties":{"parque":"Ventos de Santa Luzia 09","id_aerog":"LUZ09-08","situacao":"Não operando","pot_mw":4.2,"alt_torre":120.0,"diam_rotor":150.0,"proprietar":"Ventos de Santa Virgínia Energias Renováveis S.A.","ceg":"EOLCVBA049422-4-01"},"geometry":{"type":"Point","coordinates":[-42.065311,-12.861927]}},
{"type":"Feature","properties":{"parque":"Ventos de Santa Luzia 09","id_aerog":"LUZ09-07","situacao":"Não operando","pot_mw":4.2,"alt_torre":120.0,"diam_rotor":150.0,"proprietar":"Ventos de Santa Virgínia Energias Renováveis S.A.","ceg":"EOLCVBA049422-4-01"},"geometry":{"type":"Point","coordinates":[-42.06562,-12.85989]}},
{"type":"Feature","properties":{"parque":"Ventos de Santa Luzia 09","id_aerog":"LUZ09-06","situacao":"Não operando","pot_mw":4.2,"alt_torre":120.0,"diam_rotor":150.0,"proprietar":"Ventos de Santa Virgínia Energias Renováveis S.A.","ceg":"EOLCVBA049422-4-01"},"geometry":{"type":"Point","coordinates":[-42.065929,-12.857843]}},
{"type":"Feature","properties":{"parque":"Ventos de Santa Luzia 09","id_aerog":"LUZ09-05","situacao":"Não operando","pot_mw":4.2,"alt_torre":120.0,"diam_rotor":150.0,"proprietar":"Ventos de Santa Virgínia Energias Renováveis S.A.","ceg":"EOLCVBA049422-4-01"},"geometry":{"type":"Point","coordinates":[-42.066238,-12.855814]}},
{"type":"Feature","properties":{"parque":"Ventos de Santa Luzia 09","id_aerog":"LUZ09-04","situacao":"Não operando","pot_mw":4.2,"alt_torre":120.0,"diam_rotor":150.0,"proprietar":"Ventos de Santa Virgínia Energias Renováveis S.A.","ceg":"EOLCVBA049422-4-01"},"geometry":{"type":"Point","coordinates":[-42.066612,-12.853786]}},
{"type":"Feature","properties":{"parque":"Ventos de Santa Luzia 09","id_aerog":"LUZ09-03","situacao":"Não operando","pot_mw":4.2,"alt_torre":120.0,"diam_rotor":150.0,"proprietar":"Ventos de Santa Virgínia Energias Renováveis S.A.","ceg":"EOLCVBA049422-4-01"},"geometry":{"type":"Point","coordinates":[-42.066921,-12.851757]}},
{"type":"Feature","properties":{"parque":"Ventos de Santa Luzia 09","id_aerog":"LUZ09-02","situacao":"Não operando","pot_mw":4.2,"alt_torre":120.0,"diam_rotor":150.0,"proprietar":"Ventos de Santa Virgínia Energias Renováveis S.A.","ceg":"EOLCVBA049422-4-01"},"geometry":{"type":"Point","coordinates":[-42.067138,-12.849727]}},
{"type":"Feature","properties":{"parque":"Ventos de Santa Luzia 09","id_aerog":"LUZ09-01","situacao":"Não operando","pot_mw":4.2,"alt_torre":120.0,"diam_rotor":150.0,"proprietar":"Ventos de Santa Virgínia Energias Renováveis S.A.","ceg":"EOLCVBA049422-4-01"},"geometry":{"type":"Point","coordinates":[-42.067419,-12.847698]}},
{"type":"Feature","properties":{"parque":"Ventos de Santa Luzia 08","id_aerog":"LUZ08-10","situacao":"Não operando","pot_mw":4.2,"alt_torre":120.0,"diam_rotor":150.0,"proprietar":"Ventos de São Vigílio Energias Renováveis S.A.","ceg":"EOLCVBA049421-6-01"},"geometry":{"type":"Point","coordinates":[-42.026804,-12.790711]}},
{"type":"Feature","properties":{"parque":"Ventos de Santa Luzia 08","id_aerog":"LUZ08-09","situacao":"Não operando","pot_mw":4.2,"alt_torre":120.0,"diam_rotor":150.0,"proprietar":"Ventos de São Vigílio Energias Renováveis S.A.","ceg":"EOLCVBA049421-6-01"},"geometry":{"type":"Point","coordinates":[-42.027409,-12.788605]}},
{"type":"Feature","properties":{"parque":"Ventos de Santa Luzia 08","id_aerog":"LUZ08-08","situacao":"Não operando","pot_mw":4.2,"alt_torre":120.0,"diam_rotor":150.0,"proprietar":"Ventos de São Vigílio Energias Renováveis S.A.","ceg":"EOLCVBA049421-6-01"},"geometry":{"type":"Point","coordinates":[-42.028219,-12.786175]}},
{"type":"Feature","properties":{"parque":"Ventos de Santa Luzia 08","id_aerog":"LUZ08-07","situacao":"Não operando","pot_mw":4.2,"alt_torre":120.0,"diam_rotor":150.0,"proprietar":"Ventos de São Vigílio Energias Renováveis S.A.","ceg":"EOLCVBA049421-6-01"},"geometry":{"type":"Point","coordinates":[-42.028575,-12.784111]}},
{"type":"Feature","properties":{"parque":"Ventos de Santa Luzia 08","id_aerog":"LUZ08-06","situacao":"Não operando","pot_mw":4.2,"alt_torre":120.0,"diam_rotor":150.0,"proprietar":"Ventos de São Vigílio Energias Renováveis S.A.","ceg":"EOLCVBA049421-6-01"},"geometry":{"type":"Point","coordinates":[-42.028857,-12.782046]}},
{"type":"Feature","properties":{"parque":"Ventos de Santa Luzia 08","id_aerog":"LUZ08-05","situacao":"Não operando","pot_mw":4.2,"alt_torre":120.0,"diam_rotor":150.0,"proprietar":"Ventos de São Vigílio Energias Renováveis S.A.","ceg":"EOLCVBA049421-6-01"},"geometry":{"type":"Point","coordinates":[-42.02912,-12.779998]}},
{"type":"Feature","properties":{"parque":"Ventos de Santa Luzia 08","id_aerog":"LUZ08-04","situacao":"Não operando","pot_mw":4.2,"alt_torre":120.0,"diam_rotor":150.0,"proprietar":"Ventos de São Vigílio Energias Renováveis S.A.","ceg":"EOLCVBA049421-6-01"},"geometry":{"type":"Point","coordinates":[-42.030369,-12.777032]}},
{"type":"Feature","properties":{"parque":"Ventos de Santa Luzia 08","id_aerog":"LUZ08-03","situacao":"Não operando","pot_mw":4.2,"alt_torre":120.0,"diam_rotor":150.0,"proprietar":"Ventos de São Vigílio Energias Renováveis S.A.","ceg":"EOLCVBA049421-6-01"},"geometry":{"type":"Point","coordinates":[-42.030485,-12.774992]}},
{"type":"Feature","properties":{"parque":"Ventos de Santa Luzia 08","id_aerog":"LUZ08-02","situacao":"Não operando","pot_mw":4.2,"alt_torre":120.0,"diam_rotor":150.0,"proprietar":"Ventos de São Vigílio Energias Renováveis S.A.","ceg":"EOLCVBA049421-6-01"},"geometry":{"type":"Point","coordinates":[-42.030564,-12.772952]}},
{"type":"Feature","properties":{"parque":"Ventos de Santa Luzia 08","id_aerog":"LUZ08-01","situacao":"Não operando","pot_mw":4.2,"alt_torre":120.0,"diam_rotor":150.0,"proprietar":"Ventos de São Vigílio Energias Renováveis S.A.","ceg":"EOLCVBA049421-6-01"},"geometry":{"type":"Point","coordinates":[-42.030745,-12.770904]}},
{"type":"Feature","properties":{"parque":"Ventos de Santa Luzia 07","id_aerog":"LUZ07-10","situacao":"Não operando","pot_mw":4.2,"alt_torre":120.0,"diam_rotor":150.0,"proprietar":"Ventos de Santo Urbano I Energias Renováveis S.A.","ceg":"EOLCVBA049420-8-01"},"geometry":{"type":"Point","coordinates":[-42.030861,-12.768828]}},
{"type":"Feature","properties":{"parque":"Ventos de Santa Luzia 07","id_aerog":"LUZ07-09","situacao":"Não operando","pot_mw":4.2,"alt_torre":120.0,"diam_rotor":150.0,"proprietar":"Ventos de Santo Urbano I Energias Renováveis S.A.","ceg":"EOLCVBA049420-8-01"},"geometry":{"type":"Point","coordinates":[-42.031458,-12.766504]}},
{"type":"Feature","properties":{"parque":"Ventos de Santa Luzia 07","id_aerog":"LUZ07-08","situacao":"Não operando","pot_mw":4.2,"alt_torre":120.0,"diam_rotor":150.0,"proprietar":"Ventos de Santo Urbano I Energias Renováveis S.A.","ceg":"EOLCVBA049420-8-01"},"geometry":{"type":"Point","coordinates":[-42.031593,-12.764446]}},
{"type":"Feature","properties":{"parque":"Ventos de Santa Luzia 07","id_aerog":"LUZ07-07","situacao":"Não operando","pot_mw":4.2,"alt_torre":120.0,"diam_rotor":150.0,"proprietar":"Ventos de Santo Urbano I Energias Renováveis S.A.","ceg":"EOLCVBA049420-8-01"},"geometry":{"type":"Point","coordinates":[-42.032253,-12.761491]}},
{"type":"Feature","properties":{"parque":"Ventos de Santa Luzia 07","id_aerog":"LUZ07-06","situacao":"Não operando","pot_mw":4.2,"alt_torre":120.0,"diam_rotor":150.0,"proprietar":"Ventos de Santo Urbano I Energias Renováveis S.A.","ceg":"EOLCVBA049420-8-01"},"geometry":{"type":"Point","coordinates":[-42.032921,-12.759458]}},
{"type":"Feature","properties":{"parque":"Ventos de Santa Luzia 07","id_aerog":"LUZ07-05","situacao":"Não operando","pot_mw":4.2,"alt_torre":120.0,"diam_rotor":150.0,"proprietar":"Ventos de Santo Urbano I Energias Renováveis S.A.","ceg":"EOLCVBA049420-8-01"},"geometry":{"type":"Point","coordinates":[-42.033727,-12.757407]}},
{"type":"Feature","properties":{"parque":"Ventos de Santa Luzia 07","id_aerog":"LUZ07-04","situacao":"Não operando","pot_mw":4.2,"alt_torre":120.0,"diam_rotor":150.0,"proprietar":"Ventos de Santo Urbano I Energias Renováveis S.A.","ceg":"EOLCVBA049420-8-01"},"geometry":{"type":"Point","coordinates":[-42.030683,-12.752532]}},
{"type":"Feature","properties":{"parque":"Ventos de Santa Luzia 07","id_aerog":"LUZ07-03","situacao":"Não operando","pot_mw":4.2,"alt_torre":120.0,"diam_rotor":150.0,"proprietar":"Ventos de Santo Urbano I Energias Renováveis S.A.","ceg":"EOLCVBA049420-8-01"},"geometry":{"type":"Point","coordinates":[-42.031545,-12.750455]}},
{"type":"Feature","properties":{"parque":"Ventos de Santa Luzia 07","id_aerog":"LUZ07-02","situacao":"Não operando","pot_mw":4.2,"alt_torre":120.0,"diam_rotor":150.0,"proprietar":"Ventos de Santo Urbano I Energias Renováveis S.A.","ceg":"EOLCVBA049420-8-01"},"geometry":{"type":"Point","coordinates":[-42.032351,-12.748378]}},
{"type":"Feature","properties":{"parque":"Ventos de Santa Luzia 07","id_aerog":"LUZ07-01","situacao":"Não operando","pot_mw":4.2,"alt_torre":120.0,"diam_rotor":150.0,"proprietar":"Ventos de Santo Urbano I Energias Renováveis S.A.","ceg":"EOLCVBA049420-8-01"},"geometry":{"type":"Point","coordinates":[-42.033212,-12.746329]}},
{"type":"Feature","properties":{"parque":"Ventos de Santa Luzia 06","id_aerog":"LUZ06-10","situacao":"Não operando","pot_mw":4.2,"alt_torre":120.0,"diam_rotor":150.0,"proprietar":"Ventos de Santo Ubaldo Energias Renováveis S.A.","ceg":"EOLCVBA049419-4-01"},"geometry":{"type":"Point","coordinates":[-42.033843,-12.744285]}},
{"type":"Feature","properties":{"parque":"Ventos de Santa Luzia 06","id_aerog":"LUZ06-09","situacao":"Não operando","pot_mw":4.2,"alt_torre":120.0,"diam_rotor":150.0,"proprietar":"Ventos de Santo Ubaldo Energias Renováveis S.A.","ceg":"EOLCVBA049419-4-01"},"geometry":{"type":"Point","coordinates":[-42.034346,-12.742205]}},
{"type":"Feature","properties":{"parque":"Ventos de Santa Luzia 06","id_aerog":"LUZ06-08","situacao":"Não operando","pot_mw":4.2,"alt_torre":120.0,"diam_rotor":150.0,"proprietar":"Ventos de Santo Ubaldo Energias Renováveis S.A.","ceg":"EOLCVBA049419-4-01"},"geometry":{"type":"Point","coordinates":[-42.035004,-12.740162]}},
{"type":"Feature","properties":{"parque":"Ventos de Santa Luzia 06","id_aerog":"LUZ06-07","situacao":"Não operando","pot_mw":4.2,"alt_torre":120.0,"diam_rotor":150.0,"proprietar":"Ventos de Santo Ubaldo Energias Renováveis S.A.","ceg":"EOLCVBA049419-4-01"},"geometry":{"type":"Point","coordinates":[-42.035433,-12.738107]}},
{"type":"Feature","properties":{"parque":"Ventos de Santa Luzia 06","id_aerog":"LUZ06-06","situacao":"Não operando","pot_mw":4.2,"alt_torre":120.0,"diam_rotor":150.0,"proprietar":"Ventos de Santo Ubaldo Energias Renováveis S.A.","ceg":"EOLCVBA049419-4-01"},"geometry":{"type":"Point","coordinates":[-42.035963,-12.736063]}},
{"type":"Feature","properties":{"parque":"Ventos de Santa Luzia 06","id_aerog":"LUZ06-05","situacao":"Não operando","pot_mw":4.2,"alt_torre":120.0,"diam_rotor":150.0,"proprietar":"Ventos de Santo Ubaldo Energias Renováveis S.A.","ceg":"EOLCVBA049419-4-01"},"geometry":{"type":"Point","coordinates":[-42.03653,-12.73401]}},
{"type":"Feature","properties":{"parque":"Ventos de Santa Luzia 06","id_aerog":"LUZ06-04","situacao":"Não operando","pot_mw":4.2,"alt_torre":120.0,"diam_rotor":150.0,"proprietar":"Ventos de Santo Ubaldo Energias Renováveis S.A.","ceg":"EOLCVBA049419-4-01"},"geometry":{"type":"Point","coordinates":[-42.039609,-12.730305]}},
{"type":"Feature","properties":{"parque":"Ventos de Santa Luzia 06","id_aerog":"LUZ06-03","situacao":"Não operando","pot_mw":4.2,"alt_torre":120.0,"diam_rotor":150.0,"proprietar":"Ventos de Santo Ubaldo Energias Renováveis S.A.","ceg":"EOLCVBA049419-4-01"},"geometry":{"type":"Point","coordinates":[-42.039798,-12.728257]}},
{"type":"Feature","properties":{"parque":"Ventos de Santa Luzia 06","id_aerog":"LUZ06-02","situacao":"Não operando","pot_mw":4.2,"alt_torre":120.0,"diam_rotor":150.0,"proprietar":"Ventos de Santo Ubaldo Energias Renováveis S.A.","ceg":"EOLCVBA049419-4-01"},"geometry":{"type":"Point","coordinates":[-42.040126,-12.726175]}},
{"type":"Feature","properties":{"parque":"Ventos de Santa Luzia 06","id_aerog":"LUZ06-01","situacao":"Não operando","pot_mw":4.2,"alt_torre":120.0,"diam_rotor":150.0,"proprietar":"Ventos de Santo Ubaldo Energias Renováveis S.A.","ceg":"EOLCVBA049419-4-01"},"geometry":{"type":"Point","coordinates":[-42.043233,-12.722416]}},
{"type":"Feature","properties":{"parque":"Ventos de Santa Luzia 05","id_aerog":"LUZ05-10","situacao":"Não operando","pot_mw":4.2,"alt_torre":120.0,"diam_rotor":150.0,"proprietar":"Ventos de São Tilão Energias Renováveis S.A.","ceg":"EOLCVBA049418-6-01"},"geometry":{"type":"Point","coordinates":[-42.043708,-12.720371]}},
{"type":"Feature","properties":{"parque":"Ventos de Santa Luzia 05","id_aerog":"LUZ05-09","situacao":"Não operando","pot_mw":4.2,"alt_torre":120.0,"diam_rotor":150.0,"proprietar":"Ventos de São Tilão Energias Renováveis S.A.","ceg":"EOLCVBA049418-6-01"},"geometry":{"type":"Point","coordinates":[-42.043989,-12.718333]}},
{"type":"Feature","properties":{"parque":"Ventos de Santa Luzia 05","id_aerog":"LUZ05-08","situacao":"Não operando","pot_mw":4.2,"alt_torre":120.0,"diam_rotor":150.0,"proprietar":"Ventos de São Tilão Energias Renováveis S.A.","ceg":"EOLCVBA049418-6-01"},"geometry":{"type":"Point","coordinates":[-42.04439,-12.716305]}},
{"type":"Feature","properties":{"parque":"Ventos de Santa Luzia 05","id_aerog":"LUZ05-07","situacao":"Não operando","pot_mw":4.2,"alt_torre":120.0,"diam_rotor":150.0,"proprietar":"Ventos de São Tilão Energias Renováveis S.A.","ceg":"EOLCVBA049418-6-01"},"geometry":{"type":"Point","coordinates":[-42.044653,-12.714249]}},
{"type":"Feature","properties":{"parque":"Ventos de Santa Luzia 05","id_aerog":"LUZ05-06","situacao":"Não operando","pot_mw":4.2,"alt_torre":120.0,"diam_rotor":150.0,"proprietar":"Ventos de São Tilão Energias Renováveis S.A.","ceg":"EOLCVBA049418-6-01"},"geometry":{"type":"Point","coordinates":[-42.044943,-12.71222]}},
{"type":"Feature","properties":{"parque":"Ventos de Santa Luzia 05","id_aerog":"LUZ05-05","situacao":"Não operando","pot_mw":4.2,"alt_torre":120.0,"diam_rotor":150.0,"proprietar":"Ventos de São Tilão Energias Renováveis S.A.","ceg":"EOLCVBA049418-6-01"},"geometry":{"type":"Point","coordinates":[-42.04528,-12.710164]}},
{"type":"Feature","properties":{"parque":"Ventos de Santa Luzia 05","id_aerog":"LUZ05-04","situacao":"Não operando","pot_mw":4.2,"alt_torre":120.0,"diam_rotor":150.0,"proprietar":"Ventos de São Tilão Energias Renováveis S.A.","ceg":"EOLCVBA049418-6-01"},"geometry":{"type":"Point","coordinates":[-42.045597,-12.708136]}},
{"type":"Feature","properties":{"parque":"Ventos de Santa Luzia 05","id_aerog":"LUZ05-03","situacao":"Não operando","pot_mw":4.2,"alt_torre":120.0,"diam_rotor":150.0,"proprietar":"Ventos de São Tilão Energias Renováveis S.A.","ceg":"EOLCVBA049418-6-01"},"geometry":{"type":"Point","coordinates":[-42.045971,-12.706108]}},
{"type":"Feature","properties":{"parque":"Ventos de Santa Luzia 05","id_aerog":"LUZ05-02","situacao":"Não operando","pot_mw":4.2,"alt_torre":120.0,"diam_rotor":150.0,"proprietar":"Ventos de São Tilão Energias Renováveis S.A.","ceg":"EOLCVBA049418-6-01"},"geometry":{"type":"Point","coordinates":[-42.046307,-12.704052]}},
{"type":"Feature","properties":{"parque":"Ventos de Santa Luzia 05","id_aerog":"LUZ05-01","situacao":"Não operando","pot_mw":4.2,"alt_torre":120.0,"diam_rotor":150.0,"proprietar":"Ventos de São Tilão Energias Renováveis S.A.","ceg":"EOLCVBA049418-6-01"},"geometry":{"type":"Point","coordinates":[-42.04668,-12.701997]}},
{"type":"Feature","properties":{"parque":"Ventos de Santa Luzia 04","id_aerog":"LUZ04-10","situacao":"Não operando","pot_mw":4.2,"alt_torre":120.0,"diam_rotor":150.0,"proprietar":"Ventos de São Thomas Energias Renováveis S.A.","ceg":"EOLCVBA049417-8-01"},"geometry":{"type":"Point","coordinates":[-42.047017,-12.699941]}},
{"type":"Feature","properties":{"parque":"Ventos de Santa Luzia 04","id_aerog":"LUZ04-09","situacao":"Não operando","pot_mw":4.2,"alt_torre":120.0,"diam_rotor":150.0,"proprietar":"Ventos de São Thomas Energias Renováveis S.A.","ceg":"EOLCVBA049417-8-01"},"geometry":{"type":"Point","coordinates":[-42.047335,-12.697886]}},
{"type":"Feature","properties":{"parque":"Ventos de Santa Luzia 04","id_aerog":"LUZ04-08","situacao":"Não operando","pot_mw":4.2,"alt_torre":120.0,"diam_rotor":150.0,"proprietar":"Ventos de São Thomas Energias Renováveis S.A.","ceg":"EOLCVBA049417-8-01"},"geometry":{"type":"Point","coordinates":[-42.047708,-12.695858]}},
{"type":"Feature","properties":{"parque":"Ventos de Santa Luzia 04","id_aerog":"LUZ04-07","situacao":"Não operando","pot_mw":4.2,"alt_torre":120.0,"diam_rotor":150.0,"proprietar":"Ventos de São Thomas Energias Renováveis S.A.","ceg":"EOLCVBA049417-8-01"},"geometry":{"type":"Point","coordinates":[-42.048017,-12.69382]}},
{"type":"Feature","properties":{"parque":"Ventos de Santa Luzia 04","id_aerog":"LUZ04-06","situacao":"Não operando","pot_mw":4.2,"alt_torre":120.0,"diam_rotor":150.0,"proprietar":"Ventos de São Thomas Energias Renováveis S.A.","ceg":"EOLCVBA049417-8-01"},"geometry":{"type":"Point","coordinates":[-42.048335,-12.691791]}},
{"type":"Feature","properties":{"parque":"Ventos de Santa Luzia 04","id_aerog":"LUZ04-05","situacao":"Não operando","pot_mw":4.2,"alt_torre":120.0,"diam_rotor":150.0,"proprietar":"Ventos de São Thomas Energias Renováveis S.A.","ceg":"EOLCVBA049417-8-01"},"geometry":{"type":"Point","coordinates":[-42.04857,-12.689761]}},
{"type":"Feature","properties":{"parque":"Ventos de Santa Luzia 04","id_aerog":"LUZ04-04","situacao":"Não operando","pot_mw":4.2,"alt_torre":120.0,"diam_rotor":150.0,"proprietar":"Ventos de São Thomas Energias Renováveis S.A.","ceg":"EOLCVBA049417-8-01"},"geometry":{"type":"Point","coordinates":[-42.04886,-12.687732]}},
{"type":"Feature","properties":{"parque":"Ventos de Santa Luzia 04","id_aerog":"LUZ04-03","situacao":"Não operando","pot_mw":4.2,"alt_torre":120.0,"diam_rotor":150.0,"proprietar":"Ventos de São Thomas Energias Renováveis S.A.","ceg":"EOLCVBA049417-8-01"},"geometry":{"type":"Point","coordinates":[-42.049104,-12.685694]}},
{"type":"Feature","properties":{"parque":"Ventos de Santa Luzia 04","id_aerog":"LUZ04-02","situacao":"Não operando","pot_mw":4.2,"alt_torre":120.0,"diam_rotor":150.0,"proprietar":"Ventos de São Thomas Energias Renováveis S.A.","ceg":"EOLCVBA049417-8-01"},"geometry":{"type":"Point","coordinates":[-42.049404,-12.683647]}},
{"type":"Feature","properties":{"parque":"Ventos de Santa Luzia 04","id_aerog":"LUZ04-01","situacao":"Não operando","pot_mw":4.2,"alt_torre":120.0,"diam_rotor":150.0,"proprietar":"Ventos de São Thomas Energias Renováveis S.A.","ceg":"EOLCVBA049417-8-01"},"geometry":{"type":"Point","coordinates":[-42.049685,-12.681609]}},
{"type":"Feature","properties":{"parque":"Ventos de Santa Luzia 03","id_aerog":"LUZ03-10","situacao":"Não operando","pot_mw":4.2,"alt_torre":120.0,"diam_rotor":150.0,"proprietar":"Ventos de São Teonas Energias Renováveis S.A.","ceg":"EOLCVBA049416-0-01"},"geometry":{"type":"Point","coordinates":[-42.049929,-12.679561]}},
{"type":"Feature","properties":{"parque":"Ventos de Santa Luzia 03","id_aerog":"LUZ03-09","situacao":"Não operando","pot_mw":4.2,"alt_torre":120.0,"diam_rotor":150.0,"proprietar":"Ventos de São Teonas Energias Renováveis S.A.","ceg":"EOLCVBA049416-0-01"},"geometry":{"type":"Point","coordinates":[-42.050146,-12.677523]}},
{"type":"Feature","properties":{"parque":"Ventos de Santa Luzia 03","id_aerog":"LUZ03-08","situacao":"Não operando","pot_mw":4.2,"alt_torre":120.0,"diam_rotor":150.0,"proprietar":"Ventos de São Teonas Energias Renováveis S.A.","ceg":"EOLCVBA049416-0-01"},"geometry":{"type":"Point","coordinates":[-42.050436,-12.675484]}},
{"type":"Feature","properties":{"parque":"Ventos de Santa Luzia 03","id_aerog":"LUZ03-07","situacao":"Não operando","pot_mw":4.2,"alt_torre":120.0,"diam_rotor":150.0,"proprietar":"Ventos de São Teonas Energias Renováveis S.A.","ceg":"EOLCVBA049416-0-01"},"geometry":{"type":"Point","coordinates":[-42.050754,-12.673438]}},
{"type":"Feature","properties":{"parque":"Ventos de Santa Luzia 03","id_aerog":"LUZ03-06","situacao":"Não operando","pot_mw":4.2,"alt_torre":120.0,"diam_rotor":150.0,"proprietar":"Ventos de São Teonas Energias Renováveis S.A.","ceg":"EOLCVBA049416-0-01"},"geometry":{"type":"Point","coordinates":[-42.050952,-12.671372]}},
{"type":"Feature","properties":{"parque":"Ventos de Santa Luzia 03","id_aerog":"LUZ03-05","situacao":"Não operando","pot_mw":4.2,"alt_torre":120.0,"diam_rotor":150.0,"proprietar":"Ventos de São Teonas Energias Renováveis S.A.","ceg":"EOLCVBA049416-0-01"},"geometry":{"type":"Point","coordinates":[-42.051096,-12.669323]}},
{"type":"Feature","properties":{"parque":"Ventos de Santa Luzia 03","id_aerog":"LUZ03-04","situacao":"Não operando","pot_mw":4.2,"alt_torre":120.0,"diam_rotor":150.0,"proprietar":"Ventos de São Teonas Energias Renováveis S.A.","ceg":"EOLCVBA049416-0-01"},"geometry":{"type":"Point","coordinates":[-42.052262,-12.66631]}},
{"type":"Feature","properties":{"parque":"Ventos de Santa Luzia 03","id_aerog":"LUZ03-03","situacao":"Não operando","pot_mw":4.2,"alt_torre":120.0,"diam_rotor":150.0,"proprietar":"Ventos de São Teonas Energias Renováveis S.A.","ceg":"EOLCVBA049416-0-01"},"geometry":{"type":"Point","coordinates":[-42.05246,-12.664244]}},
{"type":"Feature","properties":{"parque":"Ventos de Santa Luzia 03","id_aerog":"LUZ03-02","situacao":"Não operando","pot_mw":4.2,"alt_torre":120.0,"diam_rotor":150.0,"proprietar":"Ventos de São Teonas Energias Renováveis S.A.","ceg":"EOLCVBA049416-0-01"},"geometry":{"type":"Point","coordinates":[-42.052631,-12.662205]}},
{"type":"Feature","properties":{"parque":"Ventos de Santa Luzia 03","id_aerog":"LUZ03-01","situacao":"Não operando","pot_mw":4.2,"alt_torre":120.0,"diam_rotor":150.0,"proprietar":"Ventos de São Teonas Energias Renováveis S.A.","ceg":"EOLCVBA049416-0-01"},"geometry":{"type":"Point","coordinates":[-42.052829,-12.660166]}},
{"type":"Feature","properties":{"parque":"Ventos de Santa Luzia 02","id_aerog":"LUZ02-10","situacao":"Não operando","pot_mw":4.2,"alt_torre":120.0,"diam_rotor":150.0,"proprietar":"Ventos de São Teófano Energias Renováveis S.A.","ceg":"EOLCVBA049399-6-01"},"geometry":{"type":"Point","coordinates":[-42.053036,-12.658118]}},
{"type":"Feature","properties":{"parque":"Ventos de Santa Luzia 02","id_aerog":"LUZ02-09","situacao":"Não operando","pot_mw":4.2,"alt_torre":120.0,"diam_rotor":150.0,"proprietar":"Ventos de São Teófano Energias Renováveis S.A.","ceg":"EOLCVBA049399-6-01"},"geometry":{"type":"Point","coordinates":[-42.053419,-12.656053]}},
{"type":"Feature","properties":{"parque":"Ventos de Santa Luzia 02","id_aerog":"LUZ02-08","situacao":"Não operando","pot_mw":4.2,"alt_torre":120.0,"diam_rotor":150.0,"proprietar":"Ventos de São Teófano Energias Renováveis S.A.","ceg":"EOLCVBA049399-6-01"},"geometry":{"type":"Point","coordinates":[-42.0537,-12.654006]}},
{"type":"Feature","properties":{"parque":"Ventos de Santa Luzia 02","id_aerog":"LUZ02-07","situacao":"Não operando","pot_mw":4.2,"alt_torre":120.0,"diam_rotor":150.0,"proprietar":"Ventos de São Teófano Energias Renováveis S.A.","ceg":"EOLCVBA049399-6-01"},"geometry":{"type":"Point","coordinates":[-42.053824,-12.651966]}},
{"type":"Feature","properties":{"parque":"Ventos de Santa Luzia 02","id_aerog":"LUZ02-06","situacao":"Não operando","pot_mw":4.2,"alt_torre":120.0,"diam_rotor":150.0,"proprietar":"Ventos de São Teófano Energias Renováveis S.A.","ceg":"EOLCVBA049399-6-01"},"geometry":{"type":"Point","coordinates":[-42.053885,-12.649899]}},
{"type":"Feature","properties":{"parque":"Ventos de Santa Luzia 02","id_aerog":"LUZ02-05","situacao":"Não operando","pot_mw":4.2,"alt_torre":120.0,"diam_rotor":150.0,"proprietar":"Ventos de São Teófano Energias Renováveis S.A.","ceg":"EOLCVBA049399-6-01"},"geometry":{"type":"Point","coordinates":[-42.053734,-12.64782]}},
{"type":"Feature","properties":{"parque":"Ventos de Santa Luzia 02","id_aerog":"LUZ02-04","situacao":"Não operando","pot_mw":4.2,"alt_torre":120.0,"diam_rotor":150.0,"proprietar":"Ventos de São Teófano Energias Renováveis S.A.","ceg":"EOLCVBA049399-6-01"},"geometry":{"type":"Point","coordinates":[-42.053693,-12.64576]}},
{"type":"Feature","properties":{"parque":"Ventos de Santa Luzia 02","id_aerog":"LUZ02-03","situacao":"Não operando","pot_mw":4.2,"alt_torre":120.0,"diam_rotor":150.0,"proprietar":"Ventos de São Teófano Energias Renováveis S.A.","ceg":"EOLCVBA049399-6-01"},"geometry":{"type":"Point","coordinates":[-42.053717,-12.643719]}},
{"type":"Feature","properties":{"parque":"Ventos de Santa Luzia 02","id_aerog":"LUZ02-02","situacao":"Não operando","pot_mw":4.2,"alt_torre":120.0,"diam_rotor":150.0,"proprietar":"Ventos de São Teófano Energias Renováveis S.A.","ceg":"EOLCVBA049399-6-01"},"geometry":{"type":"Point","coordinates":[-42.053841,-12.64167]}},
{"type":"Feature","properties":{"parque":"Ventos de Santa Luzia 02","id_aerog":"LUZ02-01","situacao":"Não operando","pot_mw":4.2,"alt_torre":120.0,"diam_rotor":150.0,"proprietar":"Ventos de São Teófano Energias Renováveis S.A.","ceg":"EOLCVBA049399-6-01"},"geometry":{"type":"Point","coordinates":[-42.05403,-12.639631]}},
{"type":"Feature","properties":{"parque":"Ventos de Santa Luzia 01","id_aerog":"LUZ-01-10","situacao":"Não operando","pot_mw":4.2,"alt_torre":120.0,"diam_rotor":150.0,"proprietar":"Ventos de São Romualdo Energias Renováveis S.A.","ceg":"EOLCVBA049398-8-01"},"geometry":{"type":"Point","coordinates":[-42.054265,-12.637583]}},
{"type":"Feature","properties":{"parque":"Ventos de Santa Luzia 01","id_aerog":"LUZ-01-09","situacao":"Não operando","pot_mw":4.2,"alt_torre":120.0,"diam_rotor":150.0,"proprietar":"Ventos de São Romualdo Energias Renováveis S.A.","ceg":"EOLCVBA049398-8-01"},"geometry":{"type":"Point","coordinates":[-42.054684,-12.635547]}},
{"type":"Feature","properties":{"parque":"Ventos de Santa Luzia 01","id_aerog":"LUZ-01-08","situacao":"Não operando","pot_mw":4.2,"alt_torre":120.0,"diam_rotor":150.0,"proprietar":"Ventos de São Romualdo Energias Renováveis S.A.","ceg":"EOLCVBA049398-8-01"},"geometry":{"type":"Point","coordinates":[-42.054965,-12.633499]}},
{"type":"Feature","properties":{"parque":"Ventos de Santa Luzia 01","id_aerog":"LUZ-01-07","situacao":"Não operando","pot_mw":4.2,"alt_torre":120.0,"diam_rotor":150.0,"proprietar":"Ventos de São Romualdo Energias Renováveis S.A.","ceg":"EOLCVBA049398-8-01"},"geometry":{"type":"Point","coordinates":[-42.055136,-12.63146]}},
{"type":"Feature","properties":{"parque":"Ventos de Santa Luzia 01","id_aerog":"LUZ-01-06","situacao":"Não operando","pot_mw":4.2,"alt_torre":120.0,"diam_rotor":150.0,"proprietar":"Ventos de São Romualdo Energias Renováveis S.A.","ceg":"EOLCVBA049398-8-01"},"geometry":{"type":"Point","coordinates":[-42.055362,-12.629412]}},
{"type":"Feature","properties":{"parque":"Ventos de Santa Luzia 01","id_aerog":"LUZ-01-05","situacao":"Não operando","pot_mw":4.2,"alt_torre":120.0,"diam_rotor":150.0,"proprietar":"Ventos de São Romualdo Energias Renováveis S.A.","ceg":"EOLCVBA049398-8-01"},"geometry":{"type":"Point","coordinates":[-42.055679,-12.627375]}},
{"type":"Feature","properties":{"parque":"Ventos de Santa Luzia 01","id_aerog":"LUZ-01-04","situacao":"Não operando","pot_mw":4.2,"alt_torre":120.0,"diam_rotor":150.0,"proprietar":"Ventos de São Romualdo Energias Renováveis S.A.","ceg":"EOLCVBA049398-8-01"},"geometry":{"type":"Point","coordinates":[-42.055978,-12.625337]}},
{"type":"Feature","properties":{"parque":"Ventos de Santa Luzia 01","id_aerog":"LUZ-01-03","situacao":"Não operando","pot_mw":4.2,"alt_torre":120.0,"diam_rotor":150.0,"proprietar":"Ventos de São Romualdo Energias Renováveis S.A.","ceg":"EOLCVBA049398-8-01"},"geometry":{"type":"Point","coordinates":[-42.056563,-12.623293]}},
{"type":"Feature","properties":{"parque":"Ventos de Santa Luzia 01","id_aerog":"LUZ-01-02","situacao":"Não operando","pot_mw":4.2,"alt_torre":120.0,"diam_rotor":150.0,"proprietar":"Ventos de São Romualdo Energias Renováveis S.A.","ceg":"EOLCVBA049398-8-01"},"geometry":{"type":"Point","coordinates":[-42.057074,-12.621239]}},
{"type":"Feature","properties":{"parque":"Ventos de Santa Luzia 01","id_aerog":"LUZ-01-01","situacao":"Não operando","pot_mw":4.2,"alt_torre":120.0,"diam_rotor":150.0,"proprietar":"Ventos de São Romualdo Energias Renováveis S.A.","ceg":"EOLCVBA049398-8-01"},"geometry":{"type":"Point","coordinates":[-42.057722,-12.619196]}},
{"type":"Feature","properties":{"parque":"Ventos de Santa Patrícia 12","id_aerog":"PAT-12-01","situacao":"Não operando","pot_mw":6.2,"alt_torre":115.0,"diam_rotor":170.0,"proprietar":"Ventos de Santa Patrícia Energias Renováveis S/A","ceg":"EOLCVBA066061-2-01"},"geometry":{"type":"Point","coordinates":[-41.373164,-10.96879]}},
{"type":"Feature","properties":{"parque":"Ventos de Santa Patrícia 12","id_aerog":"PAT-12-02","situacao":"Não operando","pot_mw":6.2,"alt_torre":115.0,"diam_rotor":170.0,"proprietar":"Ventos de Santa Patrícia Energias Renováveis S/A","ceg":"EOLCVBA066061-2-01"},"geometry":{"type":"Point","coordinates":[-41.372734,-10.966499]}},
{"type":"Feature","properties":{"parque":"Ventos de Santa Patrícia 12","id_aerog":"PAT-12-06","situacao":"Não operando","pot_mw":6.2,"alt_torre":115.0,"diam_rotor":170.0,"proprietar":"Ventos de Santa Patrícia Energias Renováveis S/A","ceg":"EOLCVBA066061-2-01"},"geometry":{"type":"Point","coordinates":[-41.3649,-10.965891]}},
{"type":"Feature","properties":{"parque":"Ventos de Santa Patrícia 12","id_aerog":"PAT-12-03","situacao":"Não operando","pot_mw":6.2,"alt_torre":115.0,"diam_rotor":170.0,"proprietar":"Ventos de Santa Patrícia Energias Renováveis S/A","ceg":"EOLCVBA066061-2-01"},"geometry":{"type":"Point","coordinates":[-41.372559,-10.964132]}},
{"type":"Feature","properties":{"parque":"Ventos de Santa Patrícia 12","id_aerog":"PAT-12-07","situacao":"Não operando","pot_mw":6.2,"alt_torre":115.0,"diam_rotor":170.0,"proprietar":"Ventos de Santa Patrícia Energias Renováveis S/A","ceg":"EOLCVBA066061-2-01"},"geometry":{"type":"Point","coordinates":[-41.36522,-10.963584]}},
{"type":"Feature","properties":{"parque":"Ventos de Santa Patrícia 12","id_aerog":"PAT-12-08","situacao":"Não operando","pot_mw":6.2,"alt_torre":115.0,"diam_rotor":170.0,"proprietar":"Ventos de Santa Patrícia Energias Renováveis S/A","ceg":"EOLCVBA066061-2-01"},"geometry":{"type":"Point","coordinates":[-41.365504,-10.961268]}},
{"type":"Feature","properties":{"parque":"Ventos de Santa Patrícia 12","id_aerog":"PAT-12-09","situacao":"Não operando","pot_mw":6.2,"alt_torre":115.0,"diam_rotor":170.0,"proprietar":"Ventos de Santa Patrícia Energias Renováveis S/A","ceg":"EOLCVBA066061-2-01"},"geometry":{"type":"Point","coordinates":[-41.365705,-10.958962]}},
{"type":"Feature","properties":{"parque":"Ventos de Santa Patrícia 12","id_aerog":"PAT-12-04","situacao":"Não operando","pot_mw":6.2,"alt_torre":115.0,"diam_rotor":170.0,"proprietar":"Ventos de Santa Patrícia Energias Renováveis S/A","ceg":"EOLCVBA066061-2-01"},"geometry":{"type":"Point","coordinates":[-41.380158,-10.957133]}},
{"type":"Feature","properties":{"parque":"Ventos de Santa Patrícia 12","id_aerog":"PAT-12-10","situacao":"Não operando","pot_mw":6.2,"alt_torre":115.0,"diam_rotor":170.0,"proprietar":"Ventos de Santa Patrícia Energias Renováveis S/A","ceg":"EOLCVBA066061-2-01"},"geometry":{"type":"Point","coordinates":[-41.36597,-10.956647]}},
{"type":"Feature","properties":{"parque":"Ventos de Santa Patrícia 12","id_aerog":"PAT-12-05","situacao":"Não operando","pot_mw":6.2,"alt_torre":115.0,"diam_rotor":170.0,"proprietar":"Ventos de Santa Patrícia Energias Renováveis S/A","ceg":"EOLCVBA066061-2-01"},"geometry":{"type":"Point","coordinates":[-41.379263,-10.954953]}},
{"type":"Feature","properties":{"parque":"Ventos de Santa Patrícia 12","id_aerog":"PAT-12-11","situacao":"Não operando","pot_mw":6.2,"alt_torre":115.0,"diam_rotor":170.0,"proprietar":"Ventos de Santa Patrícia Energias Renováveis S/A","ceg":"EOLCVBA066061-2-01"},"geometry":{"type":"Point","coordinates":[-41.365979,-10.954315]}},
{"type":"Feature","properties":{"parque":"Ventos de Santa Patrícia 14","id_aerog":"PAT-14-01","situacao":"Não operando","pot_mw":6.2,"alt_torre":115.0,"diam_rotor":170.0,"proprietar":"Ventos de Santa Patrícia Energias Renováveis S/A","ceg":"EOLCVBA066063-9-01"},"geometry":{"type":"Point","coordinates":[-41.378532,-10.952754]}},
{"type":"Feature","properties":{"parque":"Ventos de Santa Patrícia 12","id_aerog":"PAT-12-12","situacao":"Não operando","pot_mw":6.2,"alt_torre":115.0,"diam_rotor":170.0,"proprietar":"Ventos de Santa Patrícia Energias Renováveis S/A","ceg":"EOLCVBA066061-2-01"},"geometry":{"type":"Point","coordinates":[-41.366015,-10.951974]}},
{"type":"Feature","properties":{"parque":"Ventos de Santa Patrícia 13","id_aerog":"PAT-13-01","situacao":"Não operando","pot_mw":6.2,"alt_torre":115.0,"diam_rotor":170.0,"proprietar":"Ventos de Santa Patrícia Energias Renováveis S/A","ceg":"EOLCVBA066062-0-01"},"geometry":{"type":"Point","coordinates":[-41.366061,-10.949652]}},
{"type":"Feature","properties":{"parque":"Ventos de Santa Patrícia 13","id_aerog":"PAT-13-02","situacao":"Não operando","pot_mw":6.2,"alt_torre":115.0,"diam_rotor":170.0,"proprietar":"Ventos de Santa Patrícia Energias Renováveis S/A","ceg":"EOLCVBA066062-0-01"},"geometry":{"type":"Point","coordinates":[-41.366042,-10.947284]}},
{"type":"Feature","properties":{"parque":"Ventos de Santa Patrícia 14","id_aerog":"PAT-14-02","situacao":"Não operando","pot_mw":6.2,"alt_torre":115.0,"diam_rotor":170.0,"proprietar":"Ventos de Santa Patrícia Energias Renováveis S/A","ceg":"EOLCVBA066063-9-01"},"geometry":{"type":"Point","coordinates":[-41.387065,-10.945982]}},
{"type":"Feature","properties":{"parque":"Ventos de Santa Patrícia 13","id_aerog":"PAT-13-03","situacao":"Não operando","pot_mw":6.2,"alt_torre":115.0,"diam_rotor":170.0,"proprietar":"Ventos de Santa Patrícia Energias Renováveis S/A","ceg":"EOLCVBA066062-0-01"},"geometry":{"type":"Point","coordinates":[-41.366234,-10.944924]}},
{"type":"Feature","properties":{"parque":"Ventos de Santa Patrícia 14","id_aerog":"PAT-14-03","situacao":"Não operando","pot_mw":6.2,"alt_torre":115.0,"diam_rotor":170.0,"proprietar":"Ventos de Santa Patrícia Energias Renováveis S/A","ceg":"EOLCVBA066063-9-01"},"geometry":{"type":"Point","coordinates":[-41.386535,-10.943727]}},
{"type":"Feature","properties":{"parque":"Ventos de Santa Patrícia 13","id_aerog":"PAT-13-04","situacao":"Não operando","pot_mw":6.2,"alt_torre":115.0,"diam_rotor":170.0,"proprietar":"Ventos de Santa Patrícia Energias Renováveis S/A","ceg":"EOLCVBA066062-0-01"},"geometry":{"type":"Point","coordinates":[-41.366279,-10.942592]}},
{"type":"Feature","properties":{"parque":"Ventos de Santa Patrícia 14","id_aerog":"PAT-14-04","situacao":"Não operando","pot_mw":6.2,"alt_torre":115.0,"diam_rotor":170.0,"proprietar":"Ventos de Santa Patrícia Energias Renováveis S/A","ceg":"EOLCVBA066063-9-01"},"geometry":{"type":"Point","coordinates":[-41.385995,-10.941472]}},
{"type":"Feature","properties":{"parque":"Ventos de Santa Patrícia 13","id_aerog":"PAT-13-05","situacao":"Não operando","pot_mw":6.2,"alt_torre":115.0,"diam_rotor":170.0,"proprietar":"Ventos de Santa Patrícia Energias Renováveis S/A","ceg":"EOLCVBA066062-0-01"},"geometry":{"type":"Point","coordinates":[-41.365776,-10.940264]}},
{"type":"Feature","properties":{"parque":"Ventos de Santa Patrícia 14","id_aerog":"PAT-14-05","situacao":"Não operando","pot_mw":6.2,"alt_torre":115.0,"diam_rotor":170.0,"proprietar":"Ventos de Santa Patrícia Energias Renováveis S/A","ceg":"EOLCVBA066063-9-01"},"geometry":{"type":"Point","coordinates":[-41.385575,-10.939171]}},
{"type":"Feature","properties":{"parque":"Ventos de Santa Patrícia 13","id_aerog":"PAT-13-06","situacao":"Não operando","pot_mw":6.2,"alt_torre":115.0,"diam_rotor":170.0,"proprietar":"Ventos de Santa Patrícia Energias Renováveis S/A","ceg":"EOLCVBA066062-0-01"},"geometry":{"type":"Point","coordinates":[-41.364926,-10.938048]}},
{"type":"Feature","properties":{"parque":"Ventos de Santa Patrícia 14","id_aerog":"PAT-14-06","situacao":"Não operando","pot_mw":6.2,"alt_torre":115.0,"diam_rotor":170.0,"proprietar":"Ventos de Santa Patrícia Energias Renováveis S/A","ceg":"EOLCVBA066063-9-01"},"geometry":{"type":"Point","coordinates":[-41.38519,-10.936878]}},
{"type":"Feature","properties":{"parque":"Ventos de Santa Patrícia 13","id_aerog":"PAT-13-07","situacao":"Não operando","pot_mw":6.2,"alt_torre":115.0,"diam_rotor":170.0,"proprietar":"Ventos de Santa Patrícia Energias Renováveis S/A","ceg":"EOLCVBA066062-0-01"},"geometry":{"type":"Point","coordinates":[-41.36373,-10.935997]}},
{"type":"Feature","properties":{"parque":"Ventos de Santa Patrícia 14","id_aerog":"PAT-14-07","situacao":"Não operando","pot_mw":6.2,"alt_torre":115.0,"diam_rotor":170.0,"proprietar":"Ventos de Santa Patrícia Energias Renováveis S/A","ceg":"EOLCVBA066063-9-01"},"geometry":{"type":"Point","coordinates":[-41.384724,-10.934559]}},
{"type":"Feature","properties":{"parque":"Ventos de Santa Patrícia 13","id_aerog":"PAT-13-08","situacao":"Não operando","pot_mw":6.2,"alt_torre":115.0,"diam_rotor":170.0,"proprietar":"Ventos de Santa Patrícia Energias Renováveis S/A","ceg":"EOLCVBA066062-0-01"},"geometry":{"type":"Point","coordinates":[-41.36248,-10.934009]}},
{"type":"Feature","properties":{"parque":"Ventos de Santa Patrícia 14","id_aerog":"PAT-14-08","situacao":"Não operando","pot_mw":6.2,"alt_torre":115.0,"diam_rotor":170.0,"proprietar":"Ventos de Santa Patrícia Energias Renováveis S/A","ceg":"EOLCVBA066063-9-01"},"geometry":{"type":"Point","coordinates":[-41.383628,-10.93249]}},
{"type":"Feature","properties":{"parque":"Ventos de Santa Patrícia 13","id_aerog":"PAT-13-09","situacao":"Não operando","pot_mw":6.2,"alt_torre":115.0,"diam_rotor":170.0,"proprietar":"Ventos de Santa Patrícia Energias Renováveis S/A","ceg":"EOLCVBA066062-0-01"},"geometry":{"type":"Point","coordinates":[-41.361075,-10.932141]}},
{"type":"Feature","properties":{"parque":"Ventos de Santa Patrícia 14","id_aerog":"PAT-14-09","situacao":"Não operando","pot_mw":6.2,"alt_torre":115.0,"diam_rotor":170.0,"proprietar":"Ventos de Santa Patrícia Energias Renováveis S/A","ceg":"EOLCVBA066063-9-01"},"geometry":{"type":"Point","coordinates":[-41.382178,-10.930675]}},
{"type":"Feature","properties":{"parque":"Ventos de Santa Patrícia 13","id_aerog":"PAT-13-10","situacao":"Não operando","pot_mw":6.2,"alt_torre":115.0,"diam_rotor":170.0,"proprietar":"Ventos de Santa Patrícia Energias Renováveis S/A","ceg":"EOLCVBA066062-0-01"},"geometry":{"type":"Point","coordinates":[-41.359953,-10.930107]}},
{"type":"Feature","properties":{"parque":"Ventos de Santa Patrícia 14","id_aerog":"PAT-14-10","situacao":"Não operando","pot_mw":6.2,"alt_torre":115.0,"diam_rotor":170.0,"proprietar":"Ventos de Santa Patrícia Energias Renováveis S/A","ceg":"EOLCVBA066063-9-01"},"geometry":{"type":"Point","coordinates":[-41.381247,-10.928559]}},
{"type":"Feature","properties":{"parque":"Ventos de Santa Patrícia 13","id_aerog":"PAT-13-11","situacao":"Não operando","pot_mw":6.2,"alt_torre":115.0,"diam_rotor":170.0,"proprietar":"Ventos de Santa Patrícia Energias Renováveis S/A","ceg":"EOLCVBA066062-0-01"},"geometry":{"type":"Point","coordinates":[-41.359158,-10.927926]}},
{"type":"Feature","properties":{"parque":"Ventos de Santa Patrícia 14","id_aerog":"PAT-14-11","situacao":"Não operando","pot_mw":6.2,"alt_torre":115.0,"diam_rotor":170.0,"proprietar":"Ventos de Santa Patrícia Energias Renováveis S/A","ceg":"EOLCVBA066063-9-01"},"geometry":{"type":"Point","coordinates":[-41.380507,-10.92636]}},
{"type":"Feature","properties":{"parque":"Ventos de Santa Patrícia 13","id_aerog":"PAT-13-12","situacao":"Não operando","pot_mw":6.2,"alt_torre":115.0,"diam_rotor":170.0,"proprietar":"Ventos de Santa Patrícia Energias Renováveis S/A","ceg":"EOLCVBA066062-0-01"},"geometry":{"type":"Point","coordinates":[-41.358081,-10.925838]}},
{"type":"Feature","properties":{"parque":"Ventos de Santa Patrícia 14","id_aerog":"PAT-14-12","situacao":"Não operando","pot_mw":6.2,"alt_torre":115.0,"diam_rotor":170.0,"proprietar":"Ventos de Santa Patrícia Energias Renováveis S/A","ceg":"EOLCVBA066063-9-01"},"geometry":{"type":"Point","coordinates":[-41.38005,-10.924077]}},
{"type":"Feature","properties":{"parque":"Ventos de São Januário 17","id_aerog":"JAN17-01","situacao":"Em operação","pot_mw":4.5,"alt_torre":105.0,"diam_rotor":150.0,"proprietar":"Ventos de São Julio I Energias Renováveis S.A.","ceg":"EOLCVBA033548-7-01"},"geometry":{"type":"Point","coordinates":[-41.287332,-11.130735]}},
{"type":"Feature","properties":{"parque":"Ventos de São Januário 17","id_aerog":"JAN17-02","situacao":"Em operação","pot_mw":4.5,"alt_torre":105.0,"diam_rotor":150.0,"proprietar":"Ventos de São Julio I Energias Renováveis S.A.","ceg":"EOLCVBA033548-7-01"},"geometry":{"type":"Point","coordinates":[-41.287348,-11.132777]}},
{"type":"Feature","properties":{"parque":"Ventos de São Januário 17","id_aerog":"JAN17-03","situacao":"Em operação","pot_mw":4.5,"alt_torre":105.0,"diam_rotor":150.0,"proprietar":"Ventos de São Julio I Energias Renováveis S.A.","ceg":"EOLCVBA033548-7-01"},"geometry":{"type":"Point","coordinates":[-41.280557,-11.142038]}},
{"type":"Feature","properties":{"parque":"Ventos de São Januário 17","id_aerog":"JAN17-04","situacao":"Em operação","pot_mw":4.5,"alt_torre":105.0,"diam_rotor":150.0,"proprietar":"Ventos de São Julio I Energias Renováveis S.A.","ceg":"EOLCVBA033548-7-01"},"geometry":{"type":"Point","coordinates":[-41.280554,-11.14408]}},
{"type":"Feature","properties":{"parque":"Ventos de São Januário 17","id_aerog":"JAN17-05","situacao":"Em operação","pot_mw":4.5,"alt_torre":105.0,"diam_rotor":150.0,"proprietar":"Ventos de São Julio I Energias Renováveis S.A.","ceg":"EOLCVBA033548-7-01"},"geometry":{"type":"Point","coordinates":[-41.280799,-11.146076]}},
{"type":"Feature","properties":{"parque":"Ventos de São Januário 17","id_aerog":"JAN17-06","situacao":"Em operação","pot_mw":4.5,"alt_torre":105.0,"diam_rotor":150.0,"proprietar":"Ventos de São Julio I Energias Renováveis S.A.","ceg":"EOLCVBA033548-7-01"},"geometry":{"type":"Point","coordinates":[-41.281764,-11.147885]}},
{"type":"Feature","properties":{"parque":"Ventos de São Januário 17","id_aerog":"JAN17-07","situacao":"Em operação","pot_mw":4.5,"alt_torre":105.0,"diam_rotor":150.0,"proprietar":"Ventos de São Julio I Energias Renováveis S.A.","ceg":"EOLCVBA033548-7-01"},"geometry":{"type":"Point","coordinates":[-41.282867,-11.149594]}},
{"type":"Feature","properties":{"parque":"Ventos de São Januário 17","id_aerog":"JAN17-08","situacao":"Em operação","pot_mw":4.5,"alt_torre":105.0,"diam_rotor":150.0,"proprietar":"Ventos de São Julio I Energias Renováveis S.A.","ceg":"EOLCVBA033548-7-01"},"geometry":{"type":"Point","coordinates":[-41.283422,-11.15155]}},
{"type":"Feature","properties":{"parque":"Ventos de São Januário 17","id_aerog":"JAN17-09","situacao":"Em operação","pot_mw":4.5,"alt_torre":105.0,"diam_rotor":150.0,"proprietar":"Ventos de São Julio I Energias Renováveis S.A.","ceg":"EOLCVBA033548-7-01"},"geometry":{"type":"Point","coordinates":[-41.284251,-11.153406]}},
{"type":"Feature","properties":{"parque":"Ventos de São Januário 17","id_aerog":"JAN17-10","situacao":"Em operação","pot_mw":4.5,"alt_torre":105.0,"diam_rotor":150.0,"proprietar":"Ventos de São Julio I Energias Renováveis S.A.","ceg":"EOLCVBA033548-7-01"},"geometry":{"type":"Point","coordinates":[-41.285144,-11.155252]}},
{"type":"Feature","properties":{"parque":"Ventos de São Januário 17","id_aerog":"JAN17-11","situacao":"Em operação","pot_mw":4.5,"alt_torre":105.0,"diam_rotor":150.0,"proprietar":"Ventos de São Julio I Energias Renováveis S.A.","ceg":"EOLCVBA033548-7-01"},"geometry":{"type":"Point","coordinates":[-41.28631,-11.156906]}},
{"type":"Feature","properties":{"parque":"Ventos de São Januário 17","id_aerog":"JAN17-12","situacao":"Em operação","pot_mw":4.5,"alt_torre":105.0,"diam_rotor":150.0,"proprietar":"Ventos de São Julio I Energias Renováveis S.A.","ceg":"EOLCVBA033548-7-01"},"geometry":{"type":"Point","coordinates":[-41.287203,-11.158724]}},
{"type":"Feature","properties":{"parque":"Ventos de São Januário 17","id_aerog":"JAN17-13","situacao":"Em operação","pot_mw":4.5,"alt_torre":105.0,"diam_rotor":150.0,"proprietar":"Ventos de São Julio I Energias Renováveis S.A.","ceg":"EOLCVBA033548-7-01"},"geometry":{"type":"Point","coordinates":[-41.288132,-11.160552]}},
{"type":"Feature","properties":{"parque":"Ventos de São Januário 17","id_aerog":"JAN17-14","situacao":"Em operação","pot_mw":4.5,"alt_torre":105.0,"diam_rotor":150.0,"proprietar":"Ventos de São Julio I Energias Renováveis S.A.","ceg":"EOLCVBA033548-7-01"},"geometry":{"type":"Point","coordinates":[-41.288377,-11.162565]}},
{"type":"Feature","properties":{"parque":"Ventos de São Januário 17","id_aerog":"JAN17-15","situacao":"Em operação","pot_mw":4.5,"alt_torre":105.0,"diam_rotor":150.0,"proprietar":"Ventos de São Julio I Energias Renováveis S.A.","ceg":"EOLCVBA033548-7-01"},"geometry":{"type":"Point","coordinates":[-41.288786,-11.164541]}},
{"type":"Feature","properties":{"parque":"Ventos de São Januário 17","id_aerog":"JAN17-16","situacao":"Em operação","pot_mw":4.5,"alt_torre":105.0,"diam_rotor":150.0,"proprietar":"Ventos de São Julio I Energias Renováveis S.A.","ceg":"EOLCVBA033548-7-01"},"geometry":{"type":"Point","coordinates":[-41.289904,-11.167018]}},
{"type":"Feature","properties":{"parque":"Ventos de São Januário 18","id_aerog":"JAN18-01","situacao":"Em operação","pot_mw":4.5,"alt_torre":105.0,"diam_rotor":150.0,"proprietar":"Ventos de Santa Justina Energias Renováveis S.A.","ceg":"EOLCVBA033549-5-01"},"geometry":{"type":"Point","coordinates":[-41.30334,-11.126474]}},
{"type":"Feature","properties":{"parque":"Ventos de São Januário 18","id_aerog":"JAN18-02","situacao":"Em operação","pot_mw":4.5,"alt_torre":105.0,"diam_rotor":150.0,"proprietar":"Ventos de Santa Justina Energias Renováveis S.A.","ceg":"EOLCVBA033549-5-01"},"geometry":{"type":"Point","coordinates":[-41.304069,-11.128402]}},
{"type":"Feature","properties":{"parque":"Ventos de São Januário 18","id_aerog":"JAN18-03","situacao":"Em operação","pot_mw":4.5,"alt_torre":105.0,"diam_rotor":150.0,"proprietar":"Ventos de Santa Justina Energias Renováveis S.A.","ceg":"EOLCVBA033549-5-01"},"geometry":{"type":"Point","coordinates":[-41.304853,-11.130276]}},
{"type":"Feature","properties":{"parque":"Ventos de São Januário 18","id_aerog":"JAN18-04","situacao":"Em operação","pot_mw":4.5,"alt_torre":105.0,"diam_rotor":150.0,"proprietar":"Ventos de Santa Justina Energias Renováveis S.A.","ceg":"EOLCVBA033549-5-01"},"geometry":{"type":"Point","coordinates":[-41.305554,-11.132204]}},
{"type":"Feature","properties":{"parque":"Ventos de São Januário 18","id_aerog":"JAN18-05","situacao":"Em operação","pot_mw":4.5,"alt_torre":105.0,"diam_rotor":150.0,"proprietar":"Ventos de Santa Justina Energias Renováveis S.A.","ceg":"EOLCVBA033549-5-01"},"geometry":{"type":"Point","coordinates":[-41.306319,-11.134105]}},
{"type":"Feature","properties":{"parque":"Ventos de São Januário 18","id_aerog":"JAN18-06","situacao":"Em operação","pot_mw":4.5,"alt_torre":105.0,"diam_rotor":150.0,"proprietar":"Ventos de Santa Justina Energias Renováveis S.A.","ceg":"EOLCVBA033549-5-01"},"geometry":{"type":"Point","coordinates":[-41.307048,-11.136043]}},
{"type":"Feature","properties":{"parque":"Ventos de São Januário 18","id_aerog":"JAN18-07","situacao":"Em operação","pot_mw":4.5,"alt_torre":105.0,"diam_rotor":150.0,"proprietar":"Ventos de Santa Justina Energias Renováveis S.A.","ceg":"EOLCVBA033549-5-01"},"geometry":{"type":"Point","coordinates":[-41.307768,-11.137971]}},
{"type":"Feature","properties":{"parque":"Ventos de São Januário 18","id_aerog":"JAN18-08","situacao":"Em operação","pot_mw":4.5,"alt_torre":105.0,"diam_rotor":150.0,"proprietar":"Ventos de Santa Justina Energias Renováveis S.A.","ceg":"EOLCVBA033549-5-01"},"geometry":{"type":"Point","coordinates":[-41.317921,-11.130383]}},
{"type":"Feature","properties":{"parque":"Ventos de São Januário 18","id_aerog":"JAN18-09","situacao":"Em operação","pot_mw":4.5,"alt_torre":105.0,"diam_rotor":150.0,"proprietar":"Ventos de Santa Justina Energias Renováveis S.A.","ceg":"EOLCVBA033549-5-01"},"geometry":{"type":"Point","coordinates":[-41.318595,-11.132321]}},
{"type":"Feature","properties":{"parque":"Ventos de São Januário 18","id_aerog":"JAN18-10","situacao":"Em operação","pot_mw":4.5,"alt_torre":105.0,"diam_rotor":150.0,"proprietar":"Ventos de Santa Justina Energias Renováveis S.A.","ceg":"EOLCVBA033549-5-01"},"geometry":{"type":"Point","coordinates":[-41.319288,-11.134249]}},
{"type":"Feature","properties":{"parque":"Ventos de São Januário 18","id_aerog":"JAN18-11","situacao":"Em operação","pot_mw":4.5,"alt_torre":105.0,"diam_rotor":150.0,"proprietar":"Ventos de Santa Justina Energias Renováveis S.A.","ceg":"EOLCVBA033549-5-01"},"geometry":{"type":"Point","coordinates":[-41.319943,-11.136178]}},
{"type":"Feature","properties":{"parque":"Ventos de São Januário 18","id_aerog":"JAN18-12","situacao":"Em operação","pot_mw":4.5,"alt_torre":105.0,"diam_rotor":150.0,"proprietar":"Ventos de Santa Justina Energias Renováveis S.A.","ceg":"EOLCVBA033549-5-01"},"geometry":{"type":"Point","coordinates":[-41.320636,-11.138098]}},
{"type":"Feature","properties":{"parque":"Ventos de São Januário 18","id_aerog":"JAN18-13","situacao":"Em operação","pot_mw":4.5,"alt_torre":105.0,"diam_rotor":150.0,"proprietar":"Ventos de Santa Justina Energias Renováveis S.A.","ceg":"EOLCVBA033549-5-01"},"geometry":{"type":"Point","coordinates":[-41.321283,-11.140045]}},
{"type":"Feature","properties":{"parque":"Ventos de São Januário 18","id_aerog":"JAN18-14","situacao":"Em operação","pot_mw":4.5,"alt_torre":105.0,"diam_rotor":150.0,"proprietar":"Ventos de Santa Justina Energias Renováveis S.A.","ceg":"EOLCVBA033549-5-01"},"geometry":{"type":"Point","coordinates":[-41.321893,-11.14201]}},
{"type":"Feature","properties":{"parque":"Ventos de São Januário 18","id_aerog":"JAN18-15","situacao":"Em operação","pot_mw":4.5,"alt_torre":105.0,"diam_rotor":150.0,"proprietar":"Ventos de Santa Justina Energias Renováveis S.A.","ceg":"EOLCVBA033549-5-01"},"geometry":{"type":"Point","coordinates":[-41.322348,-11.14404]}},
{"type":"Feature","properties":{"parque":"Ventos de São Januário 18","id_aerog":"JAN18-16","situacao":"Em operação","pot_mw":4.5,"alt_torre":105.0,"diam_rotor":150.0,"proprietar":"Ventos de Santa Justina Energias Renováveis S.A.","ceg":"EOLCVBA033549-5-01"},"geometry":{"type":"Point","coordinates":[-41.32279,-11.146657]}},
{"type":"Feature","properties":{"parque":"Aroeira 06","id_aerog":"ARO-06-03","situacao":"Em operação","pot_mw":4.3,"alt_torre":90.0,"diam_rotor":150.0,"proprietar":"Enel Green Power Aroeira 06 S.A.","ceg":"EOLCVBA044951-2-01"},"geometry":{"type":"Point","coordinates":[-41.529844,-10.774551]}},
{"type":"Feature","properties":{"parque":"Aroeira 06","id_aerog":"ARO-06-02","situacao":"Em operação","pot_mw":4.3,"alt_torre":90.0,"diam_rotor":150.0,"proprietar":"Enel Green Power Aroeira 06 S.A.","ceg":"EOLCVBA044951-2-01"},"geometry":{"type":"Point","coordinates":[-41.53046,-10.770534]}},
{"type":"Feature","properties":{"parque":"Aroeira 06","id_aerog":"ARO-06-01","situacao":"Em operação","pot_mw":4.3,"alt_torre":90.0,"diam_rotor":150.0,"proprietar":"Enel Green Power Aroeira 06 S.A.","ceg":"EOLCVBA044951-2-01"},"geometry":{"type":"Point","coordinates":[-41.530109,-10.766796]}},
{"type":"Feature","properties":{"parque":"Aroeira 06","id_aerog":"ARO-06-07","situacao":"Em operação","pot_mw":4.3,"alt_torre":90.0,"diam_rotor":150.0,"proprietar":"Enel Green Power Aroeira 06 S.A.","ceg":"EOLCVBA044951-2-01"},"geometry":{"type":"Point","coordinates":[-41.537028,-10.760423]}},
{"type":"Feature","properties":{"parque":"Aroeira 06","id_aerog":"ARO-06-06","situacao":"Em operação","pot_mw":4.3,"alt_torre":90.0,"diam_rotor":150.0,"proprietar":"Enel Green Power Aroeira 06 S.A.","ceg":"EOLCVBA044951-2-01"},"geometry":{"type":"Point","coordinates":[-41.535538,-10.757101]}},
{"type":"Feature","properties":{"parque":"Aroeira 06","id_aerog":"ARO-06-09","situacao":"Em operação","pot_mw":4.3,"alt_torre":90.0,"diam_rotor":150.0,"proprietar":"Enel Green Power Aroeira 06 S.A.","ceg":"EOLCVBA044951-2-01"},"geometry":{"type":"Point","coordinates":[-41.542833,-10.753075]}},
{"type":"Feature","properties":{"parque":"Aroeira 06","id_aerog":"ARO-06-08","situacao":"Em operação","pot_mw":4.3,"alt_torre":90.0,"diam_rotor":150.0,"proprietar":"Enel Green Power Aroeira 06 S.A.","ceg":"EOLCVBA044951-2-01"},"geometry":{"type":"Point","coordinates":[-41.54472,-10.749292]}},
{"type":"Feature","properties":{"parque":"Aroeira 06","id_aerog":"ARO-06-05","situacao":"Em operação","pot_mw":4.3,"alt_torre":90.0,"diam_rotor":150.0,"proprietar":"Enel Green Power Aroeira 06 S.A.","ceg":"EOLCVBA044951-2-01"},"geometry":{"type":"Point","coordinates":[-41.534829,-10.747728]}},
{"type":"Feature","properties":{"parque":"Aroeira 06","id_aerog":"ARO-06-04","situacao":"Em operação","pot_mw":4.3,"alt_torre":90.0,"diam_rotor":150.0,"proprietar":"Enel Green Power Aroeira 06 S.A.","ceg":"EOLCVBA044951-2-01"},"geometry":{"type":"Point","coordinates":[-41.533317,-10.743918]}},
{"type":"Feature","properties":{"parque":"Aroeira 03","id_aerog":"ARO-03-04","situacao":"Em operação","pot_mw":4.3,"alt_torre":90.0,"diam_rotor":150.0,"proprietar":"Enel Green Power Aroeira 03 S.A.","ceg":"EOLCVBA044948-2-01"},"geometry":{"type":"Point","coordinates":[-41.471818,-10.834288]}},
{"type":"Feature","properties":{"parque":"Aroeira 03","id_aerog":"ARO-03-03","situacao":"Em operação","pot_mw":4.3,"alt_torre":90.0,"diam_rotor":150.0,"proprietar":"Enel Green Power Aroeira 03 S.A.","ceg":"EOLCVBA044948-2-01"},"geometry":{"type":"Point","coordinates":[-41.462559,-10.833287]}},
{"type":"Feature","properties":{"parque":"Aroeira 03","id_aerog":"ARO-03-05","situacao":"Em operação","pot_mw":4.3,"alt_torre":90.0,"diam_rotor":150.0,"proprietar":"Enel Green Power Aroeira 03 S.A.","ceg":"EOLCVBA044948-2-01"},"geometry":{"type":"Point","coordinates":[-41.490067,-10.832605]}},
{"type":"Feature","properties":{"parque":"Aroeira 03","id_aerog":"ARO-03-07","situacao":"Em operação","pot_mw":4.3,"alt_torre":90.0,"diam_rotor":150.0,"proprietar":"Enel Green Power Aroeira 03 S.A.","ceg":"EOLCVBA044948-2-01"},"geometry":{"type":"Point","coordinates":[-41.478229,-10.83027]}},
{"type":"Feature","properties":{"parque":"Aroeira 03","id_aerog":"ARO-03-06","situacao":"Em operação","pot_mw":4.3,"alt_torre":90.0,"diam_rotor":150.0,"proprietar":"Enel Green Power Aroeira 03 S.A.","ceg":"EOLCVBA044948-2-01"},"geometry":{"type":"Point","coordinates":[-41.464311,-10.827354]}},
{"type":"Feature","properties":{"parque":"Aroeira 03","id_aerog":"ARO-03-01","situacao":"Em operação","pot_mw":4.3,"alt_torre":90.0,"diam_rotor":150.0,"proprietar":"Enel Green Power Aroeira 03 S.A.","ceg":"EOLCVBA044948-2-01"},"geometry":{"type":"Point","coordinates":[-41.451139,-10.827251]}},
{"type":"Feature","properties":{"parque":"Aroeira 03","id_aerog":"ARO-03-09","situacao":"Em operação","pot_mw":4.3,"alt_torre":90.0,"diam_rotor":150.0,"proprietar":"Enel Green Power Aroeira 03 S.A.","ceg":"EOLCVBA044948-2-01"},"geometry":{"type":"Point","coordinates":[-41.478474,-10.82678]}},
{"type":"Feature","properties":{"parque":"Aroeira 03","id_aerog":"ARO-03-10","situacao":"Em operação","pot_mw":4.3,"alt_torre":90.0,"diam_rotor":150.0,"proprietar":"Enel Green Power Aroeira 03 S.A.","ceg":"EOLCVBA044948-2-01"},"geometry":{"type":"Point","coordinates":[-41.482635,-10.822581]}},
{"type":"Feature","properties":{"parque":"Aroeira 04","id_aerog":"ARO-04-06","situacao":"Em operação","pot_mw":4.3,"alt_torre":90.0,"diam_rotor":150.0,"proprietar":"Enel Green Power Aroeira 04 S.A.","ceg":"EOLCVBA044949-0-01"},"geometry":{"type":"Point","coordinates":[-41.504881,-10.820187]}},
{"type":"Feature","properties":{"parque":"Aroeira 04","id_aerog":"ARO-04-01","situacao":"Em operação","pot_mw":4.3,"alt_torre":90.0,"diam_rotor":150.0,"proprietar":"Enel Green Power Aroeira 04 S.A.","ceg":"EOLCVBA044949-0-01"},"geometry":{"type":"Point","coordinates":[-41.486889,-10.818598]}},
{"type":"Feature","properties":{"parque":"Aroeira 03","id_aerog":"ARO-03-08","situacao":"Em operação","pot_mw":4.3,"alt_torre":90.0,"diam_rotor":150.0,"proprietar":"Enel Green Power Aroeira 03 S.A.","ceg":"EOLCVBA044948-2-01"},"geometry":{"type":"Point","coordinates":[-41.463901,-10.816369]}},
{"type":"Feature","properties":{"parque":"Aroeira 04","id_aerog":"ARO-04-05","situacao":"Em operação","pot_mw":4.3,"alt_torre":90.0,"diam_rotor":150.0,"proprietar":"Enel Green Power Aroeira 04 S.A.","ceg":"EOLCVBA044949-0-01"},"geometry":{"type":"Point","coordinates":[-41.500586,-10.815912]}},
{"type":"Feature","properties":{"parque":"Aroeira 04","id_aerog":"ARO-04-04","situacao":"Em operação","pot_mw":4.3,"alt_torre":90.0,"diam_rotor":150.0,"proprietar":"Enel Green Power Aroeira 04 S.A.","ceg":"EOLCVBA044949-0-01"},"geometry":{"type":"Point","coordinates":[-41.491628,-10.813535]}},
{"type":"Feature","properties":{"parque":"Aroeira 02","id_aerog":"ARO-02-10","situacao":"Em operação","pot_mw":4.3,"alt_torre":90.0,"diam_rotor":150.0,"proprietar":"Enel Green Power Aroeira 02 S.A.","ceg":"EOLCVBA044947-4-01"},"geometry":{"type":"Point","coordinates":[-41.462503,-10.807371]}},
{"type":"Feature","properties":{"parque":"Aroeira 02","id_aerog":"ARO-02-09","situacao":"Em operação","pot_mw":4.3,"alt_torre":90.0,"diam_rotor":150.0,"proprietar":"Enel Green Power Aroeira 02 S.A.","ceg":"EOLCVBA044947-4-01"},"geometry":{"type":"Point","coordinates":[-41.465095,-10.803564]}},
{"type":"Feature","properties":{"parque":"Aroeira 02","id_aerog":"ARO-02-05","situacao":"Em operação","pot_mw":4.3,"alt_torre":90.0,"diam_rotor":150.0,"proprietar":"Enel Green Power Aroeira 02 S.A.","ceg":"EOLCVBA044947-4-01"},"geometry":{"type":"Point","coordinates":[-41.443947,-10.801573]}},
{"type":"Feature","properties":{"parque":"Aroeira 04","id_aerog":"ARO-04-10","situacao":"Em operação","pot_mw":4.3,"alt_torre":90.0,"diam_rotor":150.0,"proprietar":"Enel Green Power Aroeira 04 S.A.","ceg":"EOLCVBA044949-0-01"},"geometry":{"type":"Point","coordinates":[-41.519565,-10.801011]}},
{"type":"Feature","properties":{"parque":"Aroeira 04","id_aerog":"ARO-04-09","situacao":"Em operação","pot_mw":4.3,"alt_torre":90.0,"diam_rotor":150.0,"proprietar":"Enel Green Power Aroeira 04 S.A.","ceg":"EOLCVBA044949-0-01"},"geometry":{"type":"Point","coordinates":[-41.508836,-10.796761]}},
{"type":"Feature","properties":{"parque":"Aroeira 04","id_aerog":"ARO-04-03","situacao":"Em operação","pot_mw":4.3,"alt_torre":90.0,"diam_rotor":150.0,"proprietar":"Enel Green Power Aroeira 04 S.A.","ceg":"EOLCVBA044949-0-01"},"geometry":{"type":"Point","coordinates":[-41.482936,-10.795867]}},
{"type":"Feature","properties":{"parque":"Aroeira 04","id_aerog":"ARO-04-08","situacao":"Em operação","pot_mw":4.3,"alt_torre":90.0,"diam_rotor":150.0,"proprietar":"Enel Green Power Aroeira 04 S.A.","ceg":"EOLCVBA044949-0-01"},"geometry":{"type":"Point","coordinates":[-41.505274,-10.793726]}},
{"type":"Feature","properties":{"parque":"Aroeira 04","id_aerog":"ARO-04-02","situacao":"Em operação","pot_mw":4.3,"alt_torre":90.0,"diam_rotor":150.0,"proprietar":"Enel Green Power Aroeira 04 S.A.","ceg":"EOLCVBA044949-0-01"},"geometry":{"type":"Point","coordinates":[-41.480224,-10.792735]}},
{"type":"Feature","properties":{"parque":"Aroeira 01","id_aerog":"ARO-01-11","situacao":"Em operação","pot_mw":4.3,"alt_torre":90.0,"diam_rotor":150.0,"proprietar":"Enel Green Power Aroeira 01 S.A.","ceg":"EOLCVBA044940-7-01"},"geometry":{"type":"Point","coordinates":[-41.456021,-10.792594]}},
{"type":"Feature","properties":{"parque":"Aroeira 05","id_aerog":"ARO-05-06","situacao":"Em operação","pot_mw":4.3,"alt_torre":90.0,"diam_rotor":150.0,"proprietar":"Enel Green Power Aroeira 05 S.A.","ceg":"EOLCVBA044950-4-01"},"geometry":{"type":"Point","coordinates":[-41.518295,-10.791208]}},
{"type":"Feature","properties":{"parque":"Aroeira 04","id_aerog":"ARO-04-07","situacao":"Em operação","pot_mw":4.3,"alt_torre":90.0,"diam_rotor":150.0,"proprietar":"Enel Green Power Aroeira 04 S.A.","ceg":"EOLCVBA044949-0-01"},"geometry":{"type":"Point","coordinates":[-41.505848,-10.79027]}},
{"type":"Feature","properties":{"parque":"Aroeira 05","id_aerog":"ARO-05-10","situacao":"Em operação","pot_mw":4.3,"alt_torre":90.0,"diam_rotor":150.0,"proprietar":"Enel Green Power Aroeira 05 S.A.","ceg":"EOLCVBA044950-4-01"},"geometry":{"type":"Point","coordinates":[-41.520775,-10.787284]}},
{"type":"Feature","properties":{"parque":"Aroeira 05","id_aerog":"ARO-05-05","situacao":"Em operação","pot_mw":4.3,"alt_torre":90.0,"diam_rotor":150.0,"proprietar":"Enel Green Power Aroeira 05 S.A.","ceg":"EOLCVBA044950-4-01"},"geometry":{"type":"Point","coordinates":[-41.508843,-10.78664]}},
{"type":"Feature","properties":{"parque":"Aroeira 01","id_aerog":"ARO-01-01","situacao":"Em operação","pot_mw":4.3,"alt_torre":90.0,"diam_rotor":150.0,"proprietar":"Enel Green Power Aroeira 01 S.A.","ceg":"EOLCVBA044940-7-01"},"geometry":{"type":"Point","coordinates":[-41.442222,-10.786071]}},
{"type":"Feature","properties":{"parque":"Aroeira 05","id_aerog":"ARO-05-01","situacao":"Em operação","pot_mw":4.3,"alt_torre":90.0,"diam_rotor":150.0,"proprietar":"Enel Green Power Aroeira 05 S.A.","ceg":"EOLCVBA044950-4-01"},"geometry":{"type":"Point","coordinates":[-41.493496,-10.785192]}},
{"type":"Feature","properties":{"parque":"Aroeira 05","id_aerog":"ARO-05-04","situacao":"Em operação","pot_mw":4.3,"alt_torre":90.0,"diam_rotor":150.0,"proprietar":"Enel Green Power Aroeira 05 S.A.","ceg":"EOLCVBA044950-4-01"},"geometry":{"type":"Point","coordinates":[-41.506971,-10.783412]}},
{"type":"Feature","properties":{"parque":"Aroeira 05","id_aerog":"ARO-05-03","situacao":"Em operação","pot_mw":4.3,"alt_torre":90.0,"diam_rotor":150.0,"proprietar":"Enel Green Power Aroeira 05 S.A.","ceg":"EOLCVBA044950-4-01"},"geometry":{"type":"Point","coordinates":[-41.496965,-10.78033]}},
{"type":"Feature","properties":{"parque":"Aroeira 05","id_aerog":"ARO-05-09","situacao":"Em operação","pot_mw":4.3,"alt_torre":90.0,"diam_rotor":150.0,"proprietar":"Enel Green Power Aroeira 05 S.A.","ceg":"EOLCVBA044950-4-01"},"geometry":{"type":"Point","coordinates":[-41.512237,-10.779248]}},
{"type":"Feature","properties":{"parque":"Aroeira 05","id_aerog":"ARO-05-02","situacao":"Em operação","pot_mw":4.3,"alt_torre":90.0,"diam_rotor":150.0,"proprietar":"Enel Green Power Aroeira 05 S.A.","ceg":"EOLCVBA044950-4-01"},"geometry":{"type":"Point","coordinates":[-41.496498,-10.776873]}},
{"type":"Feature","properties":{"parque":"Aroeira 05","id_aerog":"ARO-05-08","situacao":"Em operação","pot_mw":4.3,"alt_torre":90.0,"diam_rotor":150.0,"proprietar":"Enel Green Power Aroeira 05 S.A.","ceg":"EOLCVBA044950-4-01"},"geometry":{"type":"Point","coordinates":[-41.510373,-10.776047]}},
{"type":"Feature","properties":{"parque":"Aroeira 08","id_aerog":"ARO-08-07","situacao":"Em operação","pot_mw":4.3,"alt_torre":90.0,"diam_rotor":150.0,"proprietar":"Enel Green Power Aroeira 08 S.A.","ceg":"EOLCVBA044953-9-01"},"geometry":{"type":"Point","coordinates":[-41.484135,-10.774876]}},
{"type":"Feature","properties":{"parque":"Aroeira 01","id_aerog":"ARO-01-06","situacao":"Em operação","pot_mw":4.3,"alt_torre":90.0,"diam_rotor":150.0,"proprietar":"Enel Green Power Aroeira 01 S.A.","ceg":"EOLCVBA044940-7-01"},"geometry":{"type":"Point","coordinates":[-41.461446,-10.774099]}},
{"type":"Feature","properties":{"parque":"Aroeira 05","id_aerog":"ARO-05-07","situacao":"Em operação","pot_mw":4.3,"alt_torre":90.0,"diam_rotor":150.0,"proprietar":"Enel Green Power Aroeira 05 S.A.","ceg":"EOLCVBA044950-4-01"},"geometry":{"type":"Point","coordinates":[-41.50902,-10.772723]}},
{"type":"Feature","properties":{"parque":"Aroeira 08","id_aerog":"ARO-08-06","situacao":"Em operação","pot_mw":4.3,"alt_torre":90.0,"diam_rotor":150.0,"proprietar":"Enel Green Power Aroeira 08 S.A.","ceg":"EOLCVBA044953-9-01"},"geometry":{"type":"Point","coordinates":[-41.486363,-10.771343]}},
{"type":"Feature","properties":{"parque":"Aroeira 07","id_aerog":"ARO-07-03","situacao":"Em operação","pot_mw":4.3,"alt_torre":90.0,"diam_rotor":150.0,"proprietar":"Enel Green Power Aroeira 07 S.A.","ceg":"EOLCVBA044952-0-01"},"geometry":{"type":"Point","coordinates":[-41.498832,-10.769544]}},
{"type":"Feature","properties":{"parque":"Aroeira 08","id_aerog":"ARO-08-05","situacao":"Em operação","pot_mw":4.3,"alt_torre":90.0,"diam_rotor":150.0,"proprietar":"Enel Green Power Aroeira 08 S.A.","ceg":"EOLCVBA044953-9-01"},"geometry":{"type":"Point","coordinates":[-41.485093,-10.767982]}},
{"type":"Feature","properties":{"parque":"Aroeira 08","id_aerog":"ARO-08-04","situacao":"Em operação","pot_mw":4.3,"alt_torre":90.0,"diam_rotor":150.0,"proprietar":"Enel Green Power Aroeira 08 S.A.","ceg":"EOLCVBA044953-9-01"},"geometry":{"type":"Point","coordinates":[-41.481614,-10.764983]}},
{"type":"Feature","properties":{"parque":"Aroeira 07","id_aerog":"ARO-07-02","situacao":"Em operação","pot_mw":4.3,"alt_torre":90.0,"diam_rotor":150.0,"proprietar":"Enel Green Power Aroeira 07 S.A.","ceg":"EOLCVBA044952-0-01"},"geometry":{"type":"Point","coordinates":[-41.50105,-10.762559]}},
{"type":"Feature","properties":{"parque":"Aroeira 08","id_aerog":"ARO-08-03","situacao":"Em operação","pot_mw":4.3,"alt_torre":90.0,"diam_rotor":150.0,"proprietar":"Enel Green Power Aroeira 08 S.A.","ceg":"EOLCVBA044953-9-01"},"geometry":{"type":"Point","coordinates":[-41.479705,-10.761754]}},
{"type":"Feature","properties":{"parque":"Aroeira 07","id_aerog":"ARO-07-01","situacao":"Em operação","pot_mw":4.3,"alt_torre":90.0,"diam_rotor":150.0,"proprietar":"Enel Green Power Aroeira 07 S.A.","ceg":"EOLCVBA044952-0-01"},"geometry":{"type":"Point","coordinates":[-41.498429,-10.759436]}},
{"type":"Feature","properties":{"parque":"Aroeira 08","id_aerog":"ARO-08-02","situacao":"Em operação","pot_mw":4.3,"alt_torre":90.0,"diam_rotor":150.0,"proprietar":"Enel Green Power Aroeira 08 S.A.","ceg":"EOLCVBA044953-9-01"},"geometry":{"type":"Point","coordinates":[-41.479037,-10.758245]}},
{"type":"Feature","properties":{"parque":"Aroeira 08","id_aerog":"ARO-08-10","situacao":"Em operação","pot_mw":4.3,"alt_torre":90.0,"diam_rotor":150.0,"proprietar":"Enel Green Power Aroeira 08 S.A.","ceg":"EOLCVBA044953-9-01"},"geometry":{"type":"Point","coordinates":[-41.492733,-10.756861]}},
{"type":"Feature","properties":{"parque":"Aroeira 07","id_aerog":"ARO-07-10","situacao":"Em operação","pot_mw":4.3,"alt_torre":90.0,"diam_rotor":150.0,"proprietar":"Enel Green Power Aroeira 07 S.A.","ceg":"EOLCVBA044952-0-01"},"geometry":{"type":"Point","coordinates":[-41.518274,-10.755715]}},
{"type":"Feature","properties":{"parque":"Aroeira 08","id_aerog":"ARO-08-09","situacao":"Em operação","pot_mw":4.3,"alt_torre":90.0,"diam_rotor":150.0,"proprietar":"Enel Green Power Aroeira 08 S.A.","ceg":"EOLCVBA044953-9-01"},"geometry":{"type":"Point","coordinates":[-41.493116,-10.753424]}},
{"type":"Feature","properties":{"parque":"Aroeira 07","id_aerog":"ARO-07-06","situacao":"Em operação","pot_mw":4.3,"alt_torre":90.0,"diam_rotor":150.0,"proprietar":"Enel Green Power Aroeira 07 S.A.","ceg":"EOLCVBA044952-0-01"},"geometry":{"type":"Point","coordinates":[-41.505747,-10.752636]}},
{"type":"Feature","properties":{"parque":"Aroeira 07","id_aerog":"ARO-07-09","situacao":"Em operação","pot_mw":4.3,"alt_torre":90.0,"diam_rotor":150.0,"proprietar":"Enel Green Power Aroeira 07 S.A.","ceg":"EOLCVBA044952-0-01"},"geometry":{"type":"Point","coordinates":[-41.519022,-10.75223]}},
{"type":"Feature","properties":{"parque":"Aroeira 07","id_aerog":"ARO-07-05","situacao":"Em operação","pot_mw":4.3,"alt_torre":90.0,"diam_rotor":150.0,"proprietar":"Enel Green Power Aroeira 07 S.A.","ceg":"EOLCVBA044952-0-01"},"geometry":{"type":"Point","coordinates":[-41.507804,-10.748282]}},
{"type":"Feature","properties":{"parque":"Aroeira 07","id_aerog":"ARO-07-08","situacao":"Em operação","pot_mw":4.3,"alt_torre":90.0,"diam_rotor":150.0,"proprietar":"Enel Green Power Aroeira 07 S.A.","ceg":"EOLCVBA044952-0-01"},"geometry":{"type":"Point","coordinates":[-41.519757,-10.743974]}},
{"type":"Feature","properties":{"parque":"Ventos de Santa Patrícia 10","id_aerog":"PAT-10-01","situacao":"Não operando","pot_mw":6.2,"alt_torre":115.0,"diam_rotor":170.0,"proprietar":"Ventos de Santa Patrícia Energias Renováveis S/A","ceg":"EOLCVBA049808-4-01"},"geometry":{"type":"Point","coordinates":[-41.353977,-11.040304]}},
{"type":"Feature","properties":{"parque":"Ventos de Santa Patrícia 10","id_aerog":"PAT-10-02","situacao":"Não operando","pot_mw":6.2,"alt_torre":115.0,"diam_rotor":170.0,"proprietar":"Ventos de Santa Patrícia Energias Renováveis S/A","ceg":"EOLCVBA049808-4-01"},"geometry":{"type":"Point","coordinates":[-41.353409,-11.037922]}},
{"type":"Feature","properties":{"parque":"Ventos de Santa Patrícia 10","id_aerog":"PAT-10-03","situacao":"Não operando","pot_mw":6.2,"alt_torre":115.0,"diam_rotor":170.0,"proprietar":"Ventos de Santa Patrícia Energias Renováveis S/A","ceg":"EOLCVBA049808-4-01"},"geometry":{"type":"Point","coordinates":[-41.352733,-11.035677]}},
{"type":"Feature","properties":{"parque":"Ventos de Santa Patrícia 10","id_aerog":"PAT-10-04","situacao":"Não operando","pot_mw":6.2,"alt_torre":115.0,"diam_rotor":170.0,"proprietar":"Ventos de Santa Patrícia Energias Renováveis S/A","ceg":"EOLCVBA049808-4-01"},"geometry":{"type":"Point","coordinates":[-41.352394,-11.033385]}},
{"type":"Feature","properties":{"parque":"Ventos de Santa Patrícia 10","id_aerog":"PAT-10-05","situacao":"Não operando","pot_mw":6.2,"alt_torre":115.0,"diam_rotor":170.0,"proprietar":"Ventos de Santa Patrícia Energias Renováveis S/A","ceg":"EOLCVBA049808-4-01"},"geometry":{"type":"Point","coordinates":[-41.352311,-11.031027]}},
{"type":"Feature","properties":{"parque":"Ventos de Santa Patrícia 10","id_aerog":"PAT-10-06","situacao":"Não operando","pot_mw":6.2,"alt_torre":115.0,"diam_rotor":170.0,"proprietar":"Ventos de Santa Patrícia Energias Renováveis S/A","ceg":"EOLCVBA049808-4-01"},"geometry":{"type":"Point","coordinates":[-41.352092,-11.028697]}},
{"type":"Feature","properties":{"parque":"Ventos de Santa Patrícia 10","id_aerog":"PAT-10-07","situacao":"Não operando","pot_mw":6.2,"alt_torre":115.0,"diam_rotor":170.0,"proprietar":"Ventos de Santa Patrícia Energias Renováveis S/A","ceg":"EOLCVBA049808-4-01"},"geometry":{"type":"Point","coordinates":[-41.354915,-11.023741]}},
{"type":"Feature","properties":{"parque":"Ventos de Santa Patrícia 10","id_aerog":"PAT-10-08","situacao":"Não operando","pot_mw":6.2,"alt_torre":115.0,"diam_rotor":170.0,"proprietar":"Ventos de Santa Patrícia Energias Renováveis S/A","ceg":"EOLCVBA049808-4-01"},"geometry":{"type":"Point","coordinates":[-41.356427,-11.019437]}},
{"type":"Feature","properties":{"parque":"Ventos de Santa Patrícia 10","id_aerog":"PAT-10-09","situacao":"Não operando","pot_mw":6.2,"alt_torre":115.0,"diam_rotor":170.0,"proprietar":"Ventos de Santa Patrícia Energias Renováveis S/A","ceg":"EOLCVBA049808-4-01"},"geometry":{"type":"Point","coordinates":[-41.35607,-11.017135]}},
{"type":"Feature","properties":{"parque":"Ventos de Santa Patrícia 10","id_aerog":"PAT-10-10","situacao":"Não operando","pot_mw":6.2,"alt_torre":115.0,"diam_rotor":170.0,"proprietar":"Ventos de Santa Patrícia Energias Renováveis S/A","ceg":"EOLCVBA049808-4-01"},"geometry":{"type":"Point","coordinates":[-41.355732,-11.014815]}},
{"type":"Feature","properties":{"parque":"Ventos de Santa Patrícia 10","id_aerog":"PAT-10-11","situacao":"Não operando","pot_mw":6.2,"alt_torre":115.0,"diam_rotor":170.0,"proprietar":"Ventos de Santa Patrícia Energias Renováveis S/A","ceg":"EOLCVBA049808-4-01"},"geometry":{"type":"Point","coordinates":[-41.378987,-10.993668]}},
{"type":"Feature","properties":{"parque":"Ventos de Santa Patrícia 11","id_aerog":"PAT-11-01","situacao":"Não operando","pot_mw":6.2,"alt_torre":115.0,"diam_rotor":170.0,"proprietar":"Ventos de Santa Patrícia Energias Renováveis S/A","ceg":"EOLCVBA049809-2-01"},"geometry":{"type":"Point","coordinates":[-41.378393,-10.991432]}},
{"type":"Feature","properties":{"parque":"Ventos de Santa Patrícia 11","id_aerog":"PAT-11-02","situacao":"Não operando","pot_mw":6.2,"alt_torre":115.0,"diam_rotor":170.0,"proprietar":"Ventos de Santa Patrícia Energias Renováveis S/A","ceg":"EOLCVBA049809-2-01"},"geometry":{"type":"Point","coordinates":[-41.377854,-10.989177]}},
{"type":"Feature","properties":{"parque":"Ventos de Santa Patrícia 11","id_aerog":"PAT-11-03","situacao":"Não operando","pot_mw":6.2,"alt_torre":115.0,"diam_rotor":170.0,"proprietar":"Ventos de Santa Patrícia Energias Renováveis S/A","ceg":"EOLCVBA049809-2-01"},"geometry":{"type":"Point","coordinates":[-41.377278,-10.986922]}},
{"type":"Feature","properties":{"parque":"Ventos de Santa Patrícia 11","id_aerog":"PAT-11-04","situacao":"Não operando","pot_mw":6.2,"alt_torre":115.0,"diam_rotor":170.0,"proprietar":"Ventos de Santa Patrícia Energias Renováveis S/A","ceg":"EOLCVBA049809-2-01"},"geometry":{"type":"Point","coordinates":[-41.376684,-10.984686]}},
{"type":"Feature","properties":{"parque":"Ventos de Santa Patrícia 11","id_aerog":"PAT-11-05","situacao":"Não operando","pot_mw":6.2,"alt_torre":115.0,"diam_rotor":170.0,"proprietar":"Ventos de Santa Patrícia Energias Renováveis S/A","ceg":"EOLCVBA049809-2-01"},"geometry":{"type":"Point","coordinates":[-41.376108,-10.98244]}},
{"type":"Feature","properties":{"parque":"Ventos de Santa Patrícia 11","id_aerog":"PAT-11-06","situacao":"Não operando","pot_mw":6.2,"alt_torre":115.0,"diam_rotor":170.0,"proprietar":"Ventos de Santa Patrícia Energias Renováveis S/A","ceg":"EOLCVBA049809-2-01"},"geometry":{"type":"Point","coordinates":[-41.375623,-10.980185]}},
{"type":"Feature","properties":{"parque":"Ventos de Santa Patrícia 11","id_aerog":"PAT-11-07","situacao":"Não operando","pot_mw":6.2,"alt_torre":115.0,"diam_rotor":170.0,"proprietar":"Ventos de Santa Patrícia Energias Renováveis S/A","ceg":"EOLCVBA049809-2-01"},"geometry":{"type":"Point","coordinates":[-41.375239,-10.977892]}},
{"type":"Feature","properties":{"parque":"Ventos de Santa Patrícia 11","id_aerog":"PAT-11-08","situacao":"Não operando","pot_mw":6.2,"alt_torre":115.0,"diam_rotor":170.0,"proprietar":"Ventos de Santa Patrícia Energias Renováveis S/A","ceg":"EOLCVBA049809-2-01"},"geometry":{"type":"Point","coordinates":[-41.374818,-10.975582]}},
{"type":"Feature","properties":{"parque":"Ventos de Santa Patrícia 11","id_aerog":"PAT-11-09","situacao":"Não operando","pot_mw":6.2,"alt_torre":115.0,"diam_rotor":170.0,"proprietar":"Ventos de Santa Patrícia Energias Renováveis S/A","ceg":"EOLCVBA049809-2-01"},"geometry":{"type":"Point","coordinates":[-41.374215,-10.973319]}},
{"type":"Feature","properties":{"parque":"Ventos de Santa Patrícia 11","id_aerog":"PAT-11-10","situacao":"Não operando","pot_mw":6.2,"alt_torre":115.0,"diam_rotor":170.0,"proprietar":"Ventos de Santa Patrícia Energias Renováveis S/A","ceg":"EOLCVBA049809-2-01"},"geometry":{"type":"Point","coordinates":[-41.373776,-10.971018]}},
{"type":"Feature","properties":{"parque":"Ventos de São Januário 17","id_aerog":"JAN17-16","situacao":"Em operação","pot_mw":4.5,"alt_torre":105.0,"diam_rotor":150.0,"proprietar":"Ventos de São Júlio I Energias Renováveis S.A.","ceg":"EOLCVBA033548-7-01"},"geometry":{"type":"Point","coordinates":[-41.289904,-11.167018]}},
{"type":"Feature","properties":{"parque":"Ventos de São Januário 17","id_aerog":"JAN17-15","situacao":"Em operação","pot_mw":4.5,"alt_torre":105.0,"diam_rotor":150.0,"proprietar":"Ventos de São Júlio I Energias Renováveis S.A.","ceg":"EOLCVBA033548-7-01"},"geometry":{"type":"Point","coordinates":[-41.288786,-11.164541]}},
{"type":"Feature","properties":{"parque":"Ventos de São Januário 17","id_aerog":"JAN17-14","situacao":"Em operação","pot_mw":4.5,"alt_torre":105.0,"diam_rotor":150.0,"proprietar":"Ventos de São Júlio I Energias Renováveis S.A.","ceg":"EOLCVBA033548-7-01"},"geometry":{"type":"Point","coordinates":[-41.288377,-11.162565]}},
{"type":"Feature","properties":{"parque":"Ventos de São Januário 17","id_aerog":"JAN17-13","situacao":"Em operação","pot_mw":4.5,"alt_torre":105.0,"diam_rotor":150.0,"proprietar":"Ventos de São Júlio I Energias Renováveis S.A.","ceg":"EOLCVBA033548-7-01"},"geometry":{"type":"Point","coordinates":[-41.288132,-11.160552]}},
{"type":"Feature","properties":{"parque":"Ventos de São Januário 17","id_aerog":"JAN17-12","situacao":"Em operação","pot_mw":4.5,"alt_torre":105.0,"diam_rotor":150.0,"proprietar":"Ventos de São Júlio I Energias Renováveis S.A.","ceg":"EOLCVBA033548-7-01"},"geometry":{"type":"Point","coordinates":[-41.287203,-11.158724]}},
{"type":"Feature","properties":{"parque":"Ventos de São Januário 17","id_aerog":"JAN17-11","situacao":"Em operação","pot_mw":4.5,"alt_torre":105.0,"diam_rotor":150.0,"proprietar":"Ventos de São Júlio I Energias Renováveis S.A.","ceg":"EOLCVBA033548-7-01"},"geometry":{"type":"Point","coordinates":[-41.28631,-11.156906]}},
{"type":"Feature","properties":{"parque":"Ventos de São Januário 17","id_aerog":"JAN17-10","situacao":"Em operação","pot_mw":4.5,"alt_torre":105.0,"diam_rotor":150.0,"proprietar":"Ventos de São Júlio I Energias Renováveis S.A.","ceg":"EOLCVBA033548-7-01"},"geometry":{"type":"Point","coordinates":[-41.285144,-11.155252]}},
{"type":"Feature","properties":{"parque":"Ventos de São Januário 17","id_aerog":"JAN17-09","situacao":"Em operação","pot_mw":4.5,"alt_torre":105.0,"diam_rotor":150.0,"proprietar":"Ventos de São Júlio I Energias Renováveis S.A.","ceg":"EOLCVBA033548-7-01"},"geometry":{"type":"Point","coordinates":[-41.284251,-11.153406]}},
{"type":"Feature","properties":{"parque":"Ventos de São Januário 17","id_aerog":"JAN17-08","situacao":"Em operação","pot_mw":4.5,"alt_torre":105.0,"diam_rotor":150.0,"proprietar":"Ventos de São Júlio I Energias Renováveis S.A.","ceg":"EOLCVBA033548-7-01"},"geometry":{"type":"Point","coordinates":[-41.283422,-11.15155]}},
{"type":"Feature","properties":{"parque":"Ventos de São Januário 17","id_aerog":"JAN17-07","situacao":"Em operação","pot_mw":4.5,"alt_torre":105.0,"diam_rotor":150.0,"proprietar":"Ventos de São Júlio I Energias Renováveis S.A.","ceg":"EOLCVBA033548-7-01"},"geometry":{"type":"Point","coordinates":[-41.282867,-11.149594]}},
{"type":"Feature","properties":{"parque":"Ventos de São Januário 17","id_aerog":"JAN17-06","situacao":"Em operação","pot_mw":4.5,"alt_torre":105.0,"diam_rotor":150.0,"proprietar":"Ventos de São Júlio I Energias Renováveis S.A.","ceg":"EOLCVBA033548-7-01"},"geometry":{"type":"Point","coordinates":[-41.281764,-11.147885]}},
{"type":"Feature","properties":{"parque":"Ventos de São Januário 18","id_aerog":"JAN18-16","situacao":"Em operação","pot_mw":4.5,"alt_torre":105.0,"diam_rotor":150.0,"proprietar":"Ventos de Santa Justina Energias Renováveis S.A.","ceg":"EOLCVBA033549-5-01"},"geometry":{"type":"Point","coordinates":[-41.32279,-11.146657]}},
{"type":"Feature","properties":{"parque":"Ventos de São Januário 17","id_aerog":"JAN17-05","situacao":"Em operação","pot_mw":4.5,"alt_torre":105.0,"diam_rotor":150.0,"proprietar":"Ventos de São Júlio I Energias Renováveis S.A.","ceg":"EOLCVBA033548-7-01"},"geometry":{"type":"Point","coordinates":[-41.280799,-11.146076]}},
{"type":"Feature","properties":{"parque":"Ventos de São Januário 17","id_aerog":"JAN17-04","situacao":"Em operação","pot_mw":4.5,"alt_torre":105.0,"diam_rotor":150.0,"proprietar":"Ventos de São Júlio I Energias Renováveis S.A.","ceg":"EOLCVBA033548-7-01"},"geometry":{"type":"Point","coordinates":[-41.280554,-11.14408]}},
{"type":"Feature","properties":{"parque":"Ventos de São Januário 18","id_aerog":"JAN18-15","situacao":"Em operação","pot_mw":4.5,"alt_torre":105.0,"diam_rotor":150.0,"proprietar":"Ventos de Santa Justina Energias Renováveis S.A.","ceg":"EOLCVBA033549-5-01"},"geometry":{"type":"Point","coordinates":[-41.322348,-11.14404]}},
{"type":"Feature","properties":{"parque":"Ventos de São Januário 17","id_aerog":"JAN17-03","situacao":"Em operação","pot_mw":4.5,"alt_torre":105.0,"diam_rotor":150.0,"proprietar":"Ventos de São Júlio I Energias Renováveis S.A.","ceg":"EOLCVBA033548-7-01"},"geometry":{"type":"Point","coordinates":[-41.280557,-11.142038]}},
{"type":"Feature","properties":{"parque":"Ventos de São Januário 18","id_aerog":"JAN18-14","situacao":"Em operação","pot_mw":4.5,"alt_torre":105.0,"diam_rotor":150.0,"proprietar":"Ventos de Santa Justina Energias Renováveis S.A.","ceg":"EOLCVBA033549-5-01"},"geometry":{"type":"Point","coordinates":[-41.321893,-11.14201]}},
{"type":"Feature","properties":{"parque":"Ventos de São Januário 18","id_aerog":"JAN18-13","situacao":"Em operação","pot_mw":4.5,"alt_torre":105.0,"diam_rotor":150.0,"proprietar":"Ventos de Santa Justina Energias Renováveis S.A.","ceg":"EOLCVBA033549-5-01"},"geometry":{"type":"Point","coordinates":[-41.321283,-11.140045]}},
{"type":"Feature","properties":{"parque":"Ventos de São Januário 18","id_aerog":"JAN18-12","situacao":"Em operação","pot_mw":4.5,"alt_torre":105.0,"diam_rotor":150.0,"proprietar":"Ventos de Santa Justina Energias Renováveis S.A.","ceg":"EOLCVBA033549-5-01"},"geometry":{"type":"Point","coordinates":[-41.320636,-11.138098]}},
{"type":"Feature","properties":{"parque":"Ventos de São Januário 18","id_aerog":"JAN18-07","situacao":"Em operação","pot_mw":4.5,"alt_torre":105.0,"diam_rotor":150.0,"proprietar":"Ventos de Santa Justina Energias Renováveis S.A.","ceg":"EOLCVBA033549-5-01"},"geometry":{"type":"Point","coordinates":[-41.307768,-11.137971]}},
{"type":"Feature","properties":{"parque":"Ventos de São Januário 18","id_aerog":"JAN18-11","situacao":"Em operação","pot_mw":4.5,"alt_torre":105.0,"diam_rotor":150.0,"proprietar":"Ventos de Santa Justina Energias Renováveis S.A.","ceg":"EOLCVBA033549-5-01"},"geometry":{"type":"Point","coordinates":[-41.319943,-11.136178]}},
{"type":"Feature","properties":{"parque":"Ventos de São Januário 18","id_aerog":"JAN18-06","situacao":"Em operação","pot_mw":4.5,"alt_torre":105.0,"diam_rotor":150.0,"proprietar":"Ventos de Santa Justina Energias Renováveis S.A.","ceg":"EOLCVBA033549-5-01"},"geometry":{"type":"Point","coordinates":[-41.307048,-11.136043]}},
{"type":"Feature","properties":{"parque":"Ventos de São Januário 18","id_aerog":"JAN18-10","situacao":"Em operação","pot_mw":4.5,"alt_torre":105.0,"diam_rotor":150.0,"proprietar":"Ventos de Santa Justina Energias Renováveis S.A.","ceg":"EOLCVBA033549-5-01"},"geometry":{"type":"Point","coordinates":[-41.319288,-11.134249]}},
{"type":"Feature","properties":{"parque":"Ventos de São Januário 18","id_aerog":"JAN18-05","situacao":"Em operação","pot_mw":4.5,"alt_torre":105.0,"diam_rotor":150.0,"proprietar":"Ventos de Santa Justina Energias Renováveis S.A.","ceg":"EOLCVBA033549-5-01"},"geometry":{"type":"Point","coordinates":[-41.306319,-11.134105]}},
{"type":"Feature","properties":{"parque":"Ventos de São Januário 17","id_aerog":"JAN17-02","situacao":"Em operação","pot_mw":4.5,"alt_torre":105.0,"diam_rotor":150.0,"proprietar":"Ventos de São Júlio I Energias Renováveis S.A.","ceg":"EOLCVBA033548-7-01"},"geometry":{"type":"Point","coordinates":[-41.287348,-11.132777]}},
{"type":"Feature","properties":{"parque":"Ventos de São Januário 18","id_aerog":"JAN18-09","situacao":"Em operação","pot_mw":4.5,"alt_torre":105.0,"diam_rotor":150.0,"proprietar":"Ventos de Santa Justina Energias Renováveis S.A.","ceg":"EOLCVBA033549-5-01"},"geometry":{"type":"Point","coordinates":[-41.318595,-11.132321]}},
{"type":"Feature","properties":{"parque":"Ventos de São Januário 18","id_aerog":"JAN18-04","situacao":"Em operação","pot_mw":4.5,"alt_torre":105.0,"diam_rotor":150.0,"proprietar":"Ventos de Santa Justina Energias Renováveis S.A.","ceg":"EOLCVBA033549-5-01"},"geometry":{"type":"Point","coordinates":[-41.305554,-11.132204]}},
{"type":"Feature","properties":{"parque":"Ventos de São Januário 17","id_aerog":"JAN17-01","situacao":"Em operação","pot_mw":4.5,"alt_torre":105.0,"diam_rotor":150.0,"proprietar":"Ventos de São Júlio I Energias Renováveis S.A.","ceg":"EOLCVBA033548-7-01"},"geometry":{"type":"Point","coordinates":[-41.287332,-11.130735]}},
{"type":"Feature","properties":{"parque":"Ventos de São Januário 18","id_aerog":"JAN18-08","situacao":"Em operação","pot_mw":4.5,"alt_torre":105.0,"diam_rotor":150.0,"proprietar":"Ventos de Santa Justina Energias Renováveis S.A.","ceg":"EOLCVBA033549-5-01"},"geometry":{"type":"Point","coordinates":[-41.317921,-11.130383]}},
{"type":"Feature","properties":{"parque":"Ventos de São Januário 18","id_aerog":"JAN18-03","situacao":"Em operação","pot_mw":4.5,"alt_torre":105.0,"diam_rotor":150.0,"proprietar":"Ventos de Santa Justina Energias Renováveis S.A.","ceg":"EOLCVBA033549-5-01"},"geometry":{"type":"Point","coordinates":[-41.304853,-11.130276]}},
{"type":"Feature","properties":{"parque":"Ventos de São Januário 18","id_aerog":"JAN18-02","situacao":"Em operação","pot_mw":4.5,"alt_torre":105.0,"diam_rotor":150.0,"proprietar":"Ventos de Santa Justina Energias Renováveis S.A.","ceg":"EOLCVBA033549-5-01"},"geometry":{"type":"Point","coordinates":[-41.304069,-11.128402]}},
{"type":"Feature","properties":{"parque":"Ventos de São Januário 18","id_aerog":"JAN18-01","situacao":"Em operação","pot_mw":4.5,"alt_torre":105.0,"diam_rotor":150.0,"proprietar":"Ventos de Santa Justina Energias Renováveis S.A.","ceg":"EOLCVBA033549-5-01"},"geometry":{"type":"Point","coordinates":[-41.30334,-11.126474]}},
{"type":"Feature","properties":{"parque":"Serra da Babilônia VI","id_aerog":"SDB-VI-B-11","situacao":"Em operação","pot_mw":2.35,"alt_torre":98.0,"diam_rotor":92.0,"proprietar":"EÓLICA SERRA DA BABILÔNIA VI S.A","ceg":"EOLCVBA032466-3-01"},"geometry":{"type":"Point","coordinates":[-41.335441,-11.103489]}},
{"type":"Feature","properties":{"parque":"Serra da Babilônia VI","id_aerog":"SDB-VI-B-10","situacao":"Em operação","pot_mw":2.35,"alt_torre":98.0,"diam_rotor":92.0,"proprietar":"EÓLICA SERRA DA BABILÔNIA VI S.A","ceg":"EOLCVBA032466-3-01"},"geometry":{"type":"Point","coordinates":[-41.335217,-11.101738]}},
{"type":"Feature","properties":{"parque":"Serra da Babilônia VI","id_aerog":"SDB-VI-B-09","situacao":"Em operação","pot_mw":2.35,"alt_torre":98.0,"diam_rotor":92.0,"proprietar":"EÓLICA SERRA DA BABILÔNIA VI S.A","ceg":"EOLCVBA032466-3-01"},"geometry":{"type":"Point","coordinates":[-41.335127,-11.099597]}},
{"type":"Feature","properties":{"parque":"Serra da Babilônia VI","id_aerog":"SDB-VI-B-08","situacao":"Em operação","pot_mw":2.35,"alt_torre":98.0,"diam_rotor":92.0,"proprietar":"EÓLICA SERRA DA BABILÔNIA VI S.A","ceg":"EOLCVBA032466-3-01"},"geometry":{"type":"Point","coordinates":[-41.335184,-11.097644]}},
{"type":"Feature","properties":{"parque":"Serra da Babilônia VI","id_aerog":"SDB-VI-B-07","situacao":"Em operação","pot_mw":2.35,"alt_torre":98.0,"diam_rotor":92.0,"proprietar":"EÓLICA SERRA DA BABILÔNIA VI S.A","ceg":"EOLCVBA032466-3-01"},"geometry":{"type":"Point","coordinates":[-41.335488,-11.09559]}},
{"type":"Feature","properties":{"parque":"Serra da Babilônia VI","id_aerog":"SDB-VI-B-06","situacao":"Em operação","pot_mw":2.35,"alt_torre":98.0,"diam_rotor":92.0,"proprietar":"EÓLICA SERRA DA BABILÔNIA VI S.A","ceg":"EOLCVBA032466-3-01"},"geometry":{"type":"Point","coordinates":[-41.33571,-11.093582]}},
{"type":"Feature","properties":{"parque":"Serra da Babilônia VI","id_aerog":"SDB-VI-A-05","situacao":"Em operação","pot_mw":2.35,"alt_torre":98.0,"diam_rotor":92.0,"proprietar":"EÓLICA SERRA DA BABILÔNIA VI S.A","ceg":"EOLCVBA032466-3-01"},"geometry":{"type":"Point","coordinates":[-41.326,-11.056181]}},
{"type":"Feature","properties":{"parque":"Serra da Babilônia VI","id_aerog":"SDB-VI-A-04","situacao":"Em operação","pot_mw":2.35,"alt_torre":98.0,"diam_rotor":92.0,"proprietar":"EÓLICA SERRA DA BABILÔNIA VI S.A","ceg":"EOLCVBA032466-3-01"},"geometry":{"type":"Point","coordinates":[-41.326003,-11.054247]}},
{"type":"Feature","properties":{"parque":"Serra da Babilônia VI","id_aerog":"SDB-VI-A-03","situacao":"Em operação","pot_mw":2.35,"alt_torre":98.0,"diam_rotor":92.0,"proprietar":"EÓLICA SERRA DA BABILÔNIA VI S.A","ceg":"EOLCVBA032466-3-01"},"geometry":{"type":"Point","coordinates":[-41.32586,-11.052441]}},
{"type":"Feature","properties":{"parque":"Serra da Babilônia VI","id_aerog":"SDB-VI-A-02","situacao":"Em operação","pot_mw":2.35,"alt_torre":98.0,"diam_rotor":92.0,"proprietar":"EÓLICA SERRA DA BABILÔNIA VI S.A","ceg":"EOLCVBA032466-3-01"},"geometry":{"type":"Point","coordinates":[-41.325728,-11.050779]}},
{"type":"Feature","properties":{"parque":"Serra da Babilônia VI","id_aerog":"SDB-VI-A-01","situacao":"Em operação","pot_mw":2.35,"alt_torre":98.0,"diam_rotor":92.0,"proprietar":"EÓLICA SERRA DA BABILÔNIA VI S.A","ceg":"EOLCVBA032466-3-01"},"geometry":{"type":"Point","coordinates":[-41.325587,-11.049117]}},
{"type":"Feature","properties":{"parque":"Ventos de Santo Antônio 04","id_aerog":"ANT04-12","situacao":"Em operação","pot_mw":4.5,"alt_torre":120.0,"diam_rotor":150.0,"proprietar":"Ventos de Santa Felicidade Energias Renováveis S.A.","ceg":"EOLCVBA047208-5-01"},"geometry":{"type":"Point","coordinates":[-41.277191,-10.970427]}},
{"type":"Feature","properties":{"parque":"Ventos de Santo Antônio 04","id_aerog":"ANT04-13","situacao":"Em operação","pot_mw":4.5,"alt_torre":120.0,"diam_rotor":150.0,"proprietar":"Ventos de Santa Felicidade Energias Renováveis S.A.","ceg":"EOLCVBA047208-5-01"},"geometry":{"type":"Point","coordinates":[-41.276132,-10.968356]}},
{"type":"Feature","properties":{"parque":"Ventos de Santo Antônio 04","id_aerog":"ANT04-14","situacao":"Em operação","pot_mw":4.5,"alt_torre":120.0,"diam_rotor":150.0,"proprietar":"Ventos de Santa Felicidade Energias Renováveis S.A.","ceg":"EOLCVBA047208-5-01"},"geometry":{"type":"Point","coordinates":[-41.275101,-10.966285]}},
{"type":"Feature","properties":{"parque":"Ventos de Santo Antônio 04","id_aerog":"ANT04-15","situacao":"Em operação","pot_mw":4.5,"alt_torre":120.0,"diam_rotor":150.0,"proprietar":"Ventos de Santa Felicidade Energias Renováveis S.A.","ceg":"EOLCVBA047208-5-01"},"geometry":{"type":"Point","coordinates":[-41.274061,-10.964215]}}
]
}
