{
"type": "FeatureCollection",
"xy_coordinate_resolution": 1e-06,
"features": [
{"type":"Feature","properties":{"cod_conj":14430,"conjunto":"Tanhacu","distrib":"Neoenergia Coelba","ano":2025,"dec_h":6.51,"dec_lim":15.0,"fec_n":1.95,"fec_lim":7.0,"dec_pct":43.4,"fec_pct":27.9,"situacao":"Dentro dos limites","num_con":20241,"area_ti_km":72.2,"base_geo":"31/12/2025","fonte":"ANEEL: BDGD Coelba 2025 e Indicadores Coletivos de Continuidade"},"geometry":{"type":"MultiPolygon","coordinates":[[[[-40.771486,-13.83564],[-40.771496,-13.83563],[-40.772314,-13.834794],[-40.773629,-13.83364],[-40.774228,-13.833166],[-40.774506,-13.832967],[-40.774594,-13.83291],[-40.774849,-13.832802],[-40.775456,-13.832779],[-40.776526,-13.833032],[-40.777059,-13.833215],[-40.777408,-13.833319],[-40.777826,-13.833476],[-40.778791,-13.833899],[-40.780207,-13.834405],[-40.780323,-13.834425],[-40.781396,-13.834675],[-40.782026,-13.834629],[-40.782478,-13.834633],[-40.7826,-13.834615],[-40.783047,-13.834589],[-40.783328,-13.834572],[-40.783347,-13.834573],[-40.782778,-13.834626],[-40.778608,-13.834992],[-40.776214,-13.835226],[-40.77452,-13.835376],[-40.772809,-13.835558],[-40.771486,-13.83564]]],[[[-40.785117,-13.834408],[-40.785257,-13.834383],[-40.78539,-13.83436],[-40.785939,-13.834302],[-40.785948,-13.834299],[-40.786293,-13.834227],[-40.786672,-13.834178],[-40.786803,-13.834173],[-40.786924,-13.834154],[-40.787748,-13.833977],[-40.788266,-13.833922],[-40.789417,-13.8337],[-40.789573,-13.833654],[-40.789579,-13.833653],[-40.790255,-13.83391],[-40.790854,-13.834085],[-40.791417,-13.834206],[-40.791718,-13.834249],[-40.791961,-13.834296],[-40.792179,-13.834322],[-40.792548,-13.834387],[-40.792991,-13.834426],[-40.794029,-13.83439],[-40.795395,-13.834137],[-40.796641,-13.833741],[-40.797964,-13.833155],[-40.798203,-13.833011],[-40.79927,-13.834321],[-40.800403,-13.835377],[-40.801325,-13.836068],[-40.80176,-13.836337],[-40.801996,-13.836441],[-40.802368,-13.836628],[-40.802502,-13.836681],[-40.803095,-13.836986],[-40.803506,-13.83715],[-40.803628,-13.837225],[-40.803878,-13.837349],[-40.804523,-13.837603],[-40.804697,-13.837654],[-40.805127,-13.837873],[-40.805523,-13.838026],[-40.806056,-13.838141],[-40.806099,-13.838159],[-40.806719,-13.838323],[-40.807744,-13.838455],[-40.808208,-13.838426],[-40.809315,-13.838514],[-40.810144,-13.838472],[-40.810628,-13.838622],[-40.811119,-13.838806],[-40.811224,-13.838833],[-40.811422,-13.838894],[-40.811579,-13.83899],[-40.811588,-13.838995],[-40.811431,-13.838994],[-40.808222,-13.838607],[-40.807294,-13.83852],[-40.805763,-13.838414],[-40.803773,-13.838112],[-40.802622,-13.837856],[-40.801438,-13.83738],[-40.79916,-13.836302],[-40.796513,-13.835293],[-40.794021,-13.834687],[-40.792431,-13.834436],[-40.790363,-13.834223],[-40.786334,-13.834295],[-40.785117,-13.834408]]],[[[-40.81591,-13.839144],[-40.815912,-13.839143],[-40.816257,-13.839002],[-40.816448,-13.838936],[-40.818061,-13.838913],[-40.818505,-13.838932],[-40.818966,-13.839167],[-40.819316,-13.839474],[-40.819557,-13.839713],[-40.81979,-13.839796],[-40.818737,-13.839521],[-40.816369,-13.839178],[-40.81591,-13.839144]]],[[[-40.825023,-13.841611],[-40.825341,-13.841693],[-40.825406,-13.841716],[-40.825826,-13.841821],[-40.826011,-13.841879],[-40.82618,-13.841944],[-40.826311,-13.842005],[-40.826478,-13.842067],[-40.826979,-13.842303],[-40.827193,-13.842429],[-40.825742,-13.841901],[-40.825023,-13.841611]]],[[[-40.828043,-13.842739],[-40.828385,-13.842783],[-40.828962,-13.842912],[-40.829306,-13.843021],[-40.830126,-13.843232],[-40.830171,-13.843239],[-40.830528,-13.843336],[-40.831446,-13.8435],[-40.831767,-13.843594],[-40.832685,-13.843781],[-40.832979,-13.843878],[-40.833803,-13.843822],[-40.833823,-13.843819],[-40.83475,-13.84377],[-40.834897,-13.843749],[-40.835253,-13.843867],[-40.83568,-13.843977],[-40.836033,-13.84405],[-40.836332,-13.844095],[-40.836363,-13.844098],[-40.837016,-13.844292],[-40.837392,-13.84438],[-40.837602,-13.844465],[-40.838021,-13.844603],[-40.838388,-13.844695],[-40.838518,-13.844745],[-40.839055,-13.844903],[-40.839521,-13.845],[-40.839736,-13.845085],[-40.840343,-13.845277],[-40.840503,-13.845317],[-40.840752,-13.845422],[-40.840967,-13.845495],[-40.84132,-13.845648],[-40.841987,-13.845876],[-40.842102,-13.845937],[-40.842832,-13.846247],[-40.842856,-13.846255],[-40.843322,-13.846565],[-40.843388,-13.846602],[-40.843833,-13.846914],[-40.844358,-13.84715],[-40.844926,-13.847305],[-40.845145,-13.84746],[-40.845562,-13.847592],[-40.846155,-13.847926],[-40.846383,-13.848013],[-40.846927,-13.848349],[-40.847708,-13.849094],[-40.848121,-13.849664],[-40.845889,-13.84866],[-40.842454,-13.846994],[-40.838819,-13.84541],[-40.836996,-13.844757],[-40.835074,-13.84427],[-40.833232,-13.843946],[-40.831669,-13.843651],[-40.83025,-13.843375],[-40.828382,-13.842862],[-40.828043,-13.842739]]],[[[-40.852079,-13.850269],[-40.852094,-13.850264],[-40.852223,-13.850221],[-40.85277,-13.850149],[-40.853105,-13.849942],[-40.853569,-13.849791],[-40.853866,-13.849589],[-40.853912,-13.849585],[-40.854302,-13.849621],[-40.854466,-13.849587],[-40.855031,-13.849584],[-40.855255,-13.849627],[-40.8556,-13.84957],[-40.856064,-13.849585],[-40.856364,-13.849659],[-40.856759,-13.849591],[-40.85746,-13.849607],[-40.857586,-13.84956],[-40.858172,-13.849444],[-40.858768,-13.849438],[-40.858835,-13.849438],[-40.859088,-13.849354],[-40.85917,-13.849344],[-40.858814,-13.84945],[-40.855633,-13.850073],[-40.853366,-13.850284],[-40.852079,-13.850269]]],[[[-40.864923,-13.848107],[-40.864989,-13.848092],[-40.865074,-13.84808],[-40.86517,-13.848066],[-40.865445,-13.847955],[-40.865861,-13.847749],[-40.865949,-13.847714],[-40.866334,-13.847527],[-40.866703,-13.847311],[-40.866749,-13.847288],[-40.866784,-13.847268],[-40.867341,-13.847128],[-40.867417,-13.847103],[-40.867454,-13.847095],[-40.86783,-13.846919],[-40.868185,-13.846718],[-40.868206,-13.846704],[-40.868777,-13.846404],[-40.869001,-13.846308],[-40.869193,-13.846208],[-40.869945,-13.845876],[-40.870376,-13.845723],[-40.870855,-13.845498],[-40.870913,-13.845475],[-40.871092,-13.845473],[-40.871167,-13.845473],[-40.870917,-13.845663],[-40.869815,-13.847093],[-40.868013,-13.847583],[-40.866016,-13.848001],[-40.864923,-13.848107]]],[[[-40.885837,-13.852237],[-40.886355,-13.852801],[-40.887327,-13.853528],[-40.887743,-13.853763],[-40.888004,-13.853888],[-40.88903,-13.854297],[-40.889643,-13.854509],[-40.890582,-13.854772],[-40.891275,-13.854793],[-40.915915,-13.85432],[-40.918171,-13.854249],[-40.91816,-13.854334],[-40.91793,-13.855954],[-40.917752,-13.856457],[-40.917512,-13.857162],[-40.917238,-13.858082],[-40.917201,-13.85821],[-40.917219,-13.859504],[-40.916318,-13.863455],[-40.915629,-13.866628],[-40.915552,-13.86703],[-40.91553,-13.867153],[-40.915358,-13.868511],[-40.91513,-13.871004],[-40.91512,-13.871143],[-40.915089,-13.871765],[-40.915058,-13.872588],[-40.917241,-13.878512],[-40.91871,-13.882275],[-40.919266,-13.883603],[-40.919309,-13.883698],[-40.919762,-13.884342],[-40.920798,-13.88562],[-40.922004,-13.886976],[-40.923708,-13.88871],[-40.923995,-13.888955],[-40.924244,-13.889079],[-40.925278,-13.889461],[-40.925312,-13.889474],[-40.925255,-13.889485],[-40.925019,-13.889532],[-40.924527,-13.889628],[-40.924339,-13.889652],[-40.924151,-13.889677],[-40.923866,-13.889707],[-40.923681,-13.889727],[-40.92347,-13.889751],[-40.923282,-13.889775],[-40.922822,-13.889822],[-40.922378,-13.889876],[-40.922211,-13.889906],[-40.921357,-13.891013],[-40.919406,-13.890702],[-40.916636,-13.889816],[-40.914581,-13.889132],[-40.912899,-13.888907],[-40.911429,-13.888534],[-40.909938,-13.888061],[-40.908538,-13.887617],[-40.906646,-13.886885],[-40.905668,-13.886119],[-40.905184,-13.885098],[-40.904486,-13.883609],[-40.903627,-13.881854],[-40.9031,-13.881022],[-40.901779,-13.879301],[-40.899999,-13.878167],[-40.897866,-13.877194],[-40.895906,-13.875715],[-40.894139,-13.874108],[-40.893385,-13.873311],[-40.892199,-13.871554],[-40.890438,-13.868656],[-40.889686,-13.866289],[-40.889111,-13.863938],[-40.888325,-13.860755],[-40.887713,-13.858589],[-40.886911,-13.855863],[-40.886203,-13.853724],[-40.885872,-13.852454],[-40.885837,-13.852237]]],[[[-41.412054,-13.67207],[-41.412437,-13.671671],[-41.412894,-13.671231],[-41.413209,-13.670848],[-41.413937,-13.66971],[-41.413874,-13.669231],[-41.413761,-13.667655],[-41.413751,-13.666631],[-41.414935,-13.662898],[-41.415661,-13.662557],[-41.418073,-13.661608],[-41.419115,-13.661314],[-41.419444,-13.661245],[-41.421633,-13.660847],[-41.421966,-13.660807],[-41.424141,-13.659495],[-41.426718,-13.65816],[-41.429197,-13.657083],[-41.431975,-13.656065],[-41.434829,-13.65426],[-41.435749,-13.653717],[-41.437459,-13.649588],[-41.437445,-13.648533],[-41.438184,-13.645905],[-41.439245,-13.642402],[-41.438984,-13.639929],[-41.438312,-13.632601],[-41.438137,-13.631197],[-41.434372,-13.607181],[-41.437494,-13.603154],[-41.437978,-13.60143],[-41.438506,-13.600645],[-41.440426,-13.597974],[-41.440484,-13.5979],[-41.446083,-13.59351],[-41.447442,-13.592469],[-41.459888,-13.586569],[-41.463371,-13.584435],[-41.464865,-13.583474],[-41.465204,-13.583247],[-41.465418,-13.583097],[-41.466874,-13.582035],[-41.468367,-13.580901],[-41.46909,-13.58033],[-41.469305,-13.580154],[-41.46945,-13.58003],[-41.471026,-13.578638],[-41.473828,-13.576074],[-41.474483,-13.575457],[-41.475781,-13.574189],[-41.476109,-13.573873],[-41.478734,-13.573599],[-41.480493,-13.573415],[-41.483536,-13.574758],[-41.487941,-13.57659],[-41.494205,-13.584021],[-41.496537,-13.586893],[-41.496946,-13.587423],[-41.497758,-13.588531],[-41.499166,-13.590563],[-41.499547,-13.591065],[-41.500085,-13.59192],[-41.500209,-13.592131],[-41.50038,-13.592595],[-41.500516,-13.593006],[-41.500839,-13.594134],[-41.501558,-13.598065],[-41.501846,-13.599181],[-41.502127,-13.60002],[-41.502438,-13.600776],[-41.502811,-13.60153],[-41.503223,-13.602235],[-41.504209,-13.603726],[-41.504116,-13.604463],[-41.504071,-13.604725],[-41.503888,-13.605379],[-41.503248,-13.607274],[-41.502941,-13.60804],[-41.502615,-13.608993],[-41.501953,-13.610547],[-41.501076,-13.612273],[-41.500622,-13.613372],[-41.500326,-13.614312],[-41.499947,-13.61601],[-41.499661,-13.617994],[-41.499572,-13.619157],[-41.499501,-13.622892],[-41.499591,-13.626072],[-41.499594,-13.626129],[-41.499898,-13.629018],[-41.500318,-13.632081],[-41.500545,-13.633456],[-41.500682,-13.634176],[-41.500779,-13.634649],[-41.500952,-13.635441],[-41.500603,-13.635918],[-41.500596,-13.635927],[-41.499773,-13.637037],[-41.499737,-13.637089],[-41.499875,-13.637955],[-41.499891,-13.638083],[-41.500102,-13.639629],[-41.500119,-13.639791],[-41.500161,-13.640155],[-41.500224,-13.641344],[-41.500285,-13.642246],[-41.500345,-13.643063],[-41.500927,-13.645782],[-41.50102,-13.646278],[-41.50112,-13.646969],[-41.501217,-13.647896],[-41.501312,-13.649381],[-41.501355,-13.650884],[-41.501348,-13.651594],[-41.49926,-13.663643],[-41.474523,-13.66031],[-41.431879,-13.668356],[-41.423819,-13.661692],[-41.423812,-13.661699],[-41.423617,-13.661851],[-41.423355,-13.661982],[-41.423181,-13.662047],[-41.423007,-13.662157],[-41.422789,-13.662265],[-41.422615,-13.662353],[-41.422418,-13.662461],[-41.422245,-13.662549],[-41.422113,-13.662614],[-41.421961,-13.662744],[-41.421853,-13.662874],[-41.421767,-13.662959],[-41.421637,-13.663111],[-41.421486,-13.663326],[-41.421244,-13.66375],[-41.421116,-13.663986],[-41.421008,-13.664201],[-41.420901,-13.664416],[-41.420858,-13.664587],[-41.420796,-13.664909],[-41.420776,-13.665101],[-41.4208,-13.665273],[-41.420847,-13.665507],[-41.420913,-13.665635],[-41.421047,-13.665826],[-41.421379,-13.66625],[-41.421534,-13.666399],[-41.4216,-13.666484],[-41.421669,-13.666654],[-41.421692,-13.666846],[-41.421694,-13.667038],[-41.421652,-13.66721],[-41.42148,-13.667532],[-41.420945,-13.668757],[-41.420729,-13.669037],[-41.420677,-13.669131],[-41.420496,-13.669375],[-41.420193,-13.669741],[-41.420107,-13.669828],[-41.419955,-13.669915],[-41.419889,-13.669958],[-41.419758,-13.670024],[-41.419627,-13.670068],[-41.419408,-13.670091],[-41.419234,-13.670093],[-41.419101,-13.670073],[-41.419015,-13.670074],[-41.418904,-13.670054],[-41.418816,-13.670033],[-41.418685,-13.670013],[-41.418597,-13.669993],[-41.418531,-13.669972],[-41.418443,-13.66993],[-41.418355,-13.669888],[-41.418245,-13.669846],[-41.418114,-13.669826],[-41.417982,-13.669806],[-41.41785,-13.669786],[-41.417697,-13.669766],[-41.417543,-13.669746],[-41.417391,-13.669748],[-41.417216,-13.669792],[-41.417041,-13.66988],[-41.416889,-13.669988],[-41.416759,-13.670096],[-41.416716,-13.670139],[-41.416607,-13.670269],[-41.416542,-13.670333],[-41.416499,-13.670419],[-41.416456,-13.670505],[-41.416436,-13.670612],[-41.416414,-13.670698],[-41.416372,-13.670827],[-41.416352,-13.670998],[-41.416331,-13.671148],[-41.416334,-13.671426],[-41.416313,-13.671533],[-41.416293,-13.671683],[-41.416273,-13.671854],[-41.416209,-13.672005],[-41.416144,-13.672112],[-41.416036,-13.672263],[-41.415884,-13.672393],[-41.415711,-13.672544],[-41.415624,-13.67263],[-41.415472,-13.672782],[-41.41532,-13.672869],[-41.415124,-13.672977],[-41.414994,-13.673065],[-41.414862,-13.673108],[-41.414666,-13.673196],[-41.414404,-13.673283],[-41.414164,-13.673372],[-41.413989,-13.673416],[-41.41377,-13.67344],[-41.413617,-13.673463],[-41.413521,-13.673475],[-41.413373,-13.673477],[-41.413245,-13.673487],[-41.413114,-13.673532],[-41.412984,-13.673597],[-41.412809,-13.673663],[-41.412635,-13.673729],[-41.41255,-13.673788],[-41.412474,-13.673843],[-41.412374,-13.673924],[-41.412341,-13.673962],[-41.41234,-13.673962],[-41.412104,-13.67335],[-41.412056,-13.672186],[-41.412054,-13.67207]]]]}},
{"type":"Feature","properties":{"cod_conj":17180,"conjunto":"Sao Miguel","distrib":"Neoenergia Coelba","ano":2025,"dec_h":7.62,"dec_lim":17.0,"fec_n":2.88,"fec_lim":7.0,"dec_pct":44.8,"fec_pct":41.1,"situacao":"Dentro dos limites","num_con":40826,"area_ti_km":1770.3,"base_geo":"31/12/2025","fonte":"ANEEL: BDGD Coelba 2025 e Indicadores Coletivos de Continuidade"},"geometry":{"type":"MultiPolygon","coordinates":[[[[-40.786077,-11.681585],[-40.78732,-11.681494],[-40.789076,-11.681272],[-40.791109,-11.680906],[-40.792464,-11.680604],[-40.793487,-11.680327],[-40.795255,-11.679765],[-40.796491,-11.679267],[-40.797113,-11.67917],[-40.798992,-11.678741],[-40.800341,-11.678356],[-40.806448,-11.676327],[-40.808822,-11.673962],[-40.809124,-11.67384],[-40.80977,-11.673779],[-40.814192,-11.673203],[-40.816376,-11.672998],[-40.817327,-11.672872],[-40.817504,-11.672966],[-40.818606,-11.673487],[-40.819101,-11.673834],[-40.820086,-11.67444],[-40.820568,-11.674749],[-40.822571,-11.675855],[-40.82512,-11.676865],[-40.827053,-11.677304],[-40.827587,-11.677372],[-40.828731,-11.678222],[-40.831087,-11.679426],[-40.832305,-11.679627],[-40.833522,-11.679904],[-40.83465,-11.679724],[-40.83573,-11.679686],[-40.837618,-11.678804],[-40.838024,-11.678446],[-40.839089,-11.677651],[-40.840248,-11.676403],[-40.841008,-11.675327],[-40.841203,-11.675098],[-40.841308,-11.674996],[-40.842386,-11.673704],[-40.842491,-11.673555],[-40.842318,-11.672533],[-40.84211,-11.670227],[-40.843587,-11.667614],[-40.844033,-11.666843],[-40.844553,-11.666214],[-40.845162,-11.665578],[-40.845969,-11.664818],[-40.84647,-11.664382],[-40.8465,-11.664358],[-40.846592,-11.664292],[-40.848745,-11.663302],[-40.849364,-11.662551],[-40.849718,-11.662153],[-40.850389,-11.661252],[-40.850514,-11.661063],[-40.852091,-11.658251],[-40.852603,-11.657394],[-40.852843,-11.657016],[-40.853265,-11.656384],[-40.853627,-11.655818],[-40.855551,-11.65295],[-40.856194,-11.652027],[-40.856471,-11.651516],[-40.856669,-11.651166],[-40.857205,-11.650115],[-40.857907,-11.648801],[-40.858285,-11.648029],[-40.859418,-11.645507],[-40.859487,-11.645415],[-40.860858,-11.643467],[-40.861092,-11.64299],[-40.861527,-11.642142],[-40.862706,-11.639586],[-40.864071,-11.637848],[-40.871701,-11.627594],[-40.874447,-11.624018],[-40.874636,-11.623783],[-40.880048,-11.617184],[-40.88511,-11.621795],[-40.890728,-11.624523],[-40.900312,-11.629952],[-40.907453,-11.635323],[-40.90997,-11.637352],[-40.910976,-11.638223],[-40.911634,-11.638818],[-40.912767,-11.639875],[-40.913895,-11.640985],[-40.914317,-11.641426],[-40.919243,-11.647718],[-40.919442,-11.648018],[-40.920188,-11.649202],[-40.920436,-11.649617],[-40.920597,-11.649983],[-40.920964,-11.65084],[-40.920991,-11.650907],[-40.92389,-11.660459],[-40.924039,-11.661327],[-40.924028,-11.661394],[-40.92376,-11.662752],[-40.923463,-11.664073],[-40.923382,-11.664389],[-40.923131,-11.665865],[-40.922183,-11.670636],[-40.921093,-11.67547],[-40.920712,-11.67698],[-40.918419,-11.685187],[-40.91,-11.708507],[-40.911293,-11.711621],[-40.9118,-11.713129],[-40.912245,-11.714415],[-40.912352,-11.714717],[-40.912694,-11.716673],[-40.913465,-11.720846],[-40.918724,-11.745281],[-40.920494,-11.745556],[-40.94155,-11.748675],[-40.965513,-11.752254],[-40.980384,-11.753646],[-40.991121,-11.754771],[-40.994468,-11.761119],[-41.022552,-11.787482],[-41.041784,-11.841525],[-41.039968,-11.844551],[-41.038789,-11.846471],[-41.038124,-11.847529],[-41.037616,-11.848321],[-41.035972,-11.85082],[-41.034553,-11.850917],[-41.01922,-11.856471],[-41.018656,-11.856684],[-41.01465,-11.85815],[-41.013712,-11.858528],[-41.013157,-11.858756],[-41.004342,-11.861271],[-40.967861,-11.872236],[-40.967861,-11.872226],[-40.967704,-11.871481],[-40.967041,-11.870492],[-40.96658,-11.869751],[-40.966274,-11.869256],[-40.965509,-11.868367],[-40.96495,-11.867725],[-40.964529,-11.867351],[-40.963932,-11.866689],[-40.963625,-11.866144],[-40.96367,-11.8653],[-40.963629,-11.864975],[-40.963054,-11.864484],[-40.962755,-11.863734],[-40.96284,-11.863485],[-40.962888,-11.862988],[-40.962851,-11.862535],[-40.962606,-11.862249],[-40.962022,-11.862],[-40.961462,-11.861557],[-40.960955,-11.861162],[-40.960049,-11.860381],[-40.95963,-11.859533],[-40.95937,-11.85859],[-40.95906,-11.857549],[-40.958904,-11.856855],[-40.958697,-11.85621],[-40.958487,-11.855119],[-40.95833,-11.854275],[-40.958121,-11.853383],[-40.95808,-11.853211],[-40.958045,-11.853069],[-40.95806,-11.851316],[-40.958162,-11.850538],[-40.958161,-11.84974],[-40.958082,-11.848389],[-40.958304,-11.847414],[-40.958751,-11.845987],[-40.959494,-11.84336],[-40.959711,-11.842933],[-40.959419,-11.842368],[-40.959175,-11.842086],[-40.958914,-11.841841],[-40.958567,-11.841489],[-40.95746,-11.840829],[-40.956779,-11.8405],[-40.955841,-11.839975],[-40.95533,-11.839509],[-40.954646,-11.838763],[-40.953705,-11.837601],[-40.953149,-11.836677],[-40.953016,-11.836188],[-40.952845,-11.835855],[-40.95267,-11.835105],[-40.952324,-11.83419],[-40.95207,-11.832339],[-40.95197,-11.83162],[-40.951562,-11.830126],[-40.950673,-11.828695],[-40.949942,-11.827862],[-40.948646,-11.826712],[-40.947822,-11.826074],[-40.946922,-11.825161],[-40.94643,-11.824405],[-40.946063,-11.823092],[-40.945506,-11.821787],[-40.944872,-11.820996],[-40.944197,-11.820279],[-40.943583,-11.819878],[-40.942019,-11.818826],[-40.940425,-11.818056],[-40.939358,-11.817577],[-40.938125,-11.817205],[-40.936761,-11.81665],[-40.936155,-11.816416],[-40.935399,-11.816273],[-40.934885,-11.816306],[-40.933705,-11.816165],[-40.933099,-11.815991],[-40.932978,-11.815873],[-40.932732,-11.81528],[-40.932731,-11.815191],[-40.932545,-11.814449],[-40.932362,-11.814182],[-40.93224,-11.814035],[-40.931968,-11.813977],[-40.931816,-11.813978],[-40.931666,-11.814098],[-40.931455,-11.814218],[-40.931274,-11.814279],[-40.930942,-11.814311],[-40.9307,-11.814313],[-40.930186,-11.814287],[-40.929956,-11.814227],[-40.929639,-11.814091],[-40.929303,-11.813696],[-40.92911,-11.813419],[-40.928006,-11.812256],[-40.927438,-11.811783],[-40.926709,-11.811313],[-40.926223,-11.811157],[-40.92583,-11.811127],[-40.92413,-11.811478],[-40.921915,-11.811375],[-40.920633,-11.811233],[-40.919528,-11.811282],[-40.917969,-11.811409],[-40.91679,-11.811512],[-40.915094,-11.811546],[-40.909917,-11.814187],[-40.908362,-11.814046],[-40.906757,-11.813539],[-40.903884,-11.812362],[-40.901591,-11.810751],[-40.900696,-11.808009],[-40.899628,-11.805636],[-40.896708,-11.799687],[-40.896599,-11.797918],[-40.896683,-11.796052],[-40.897295,-11.793226],[-40.897454,-11.790743],[-40.897011,-11.78886],[-40.895464,-11.78422],[-40.894457,-11.782866],[-40.892614,-11.781814],[-40.891335,-11.780734],[-40.890987,-11.779493],[-40.890879,-11.777915],[-40.889891,-11.77553],[-40.888319,-11.772718],[-40.887529,-11.77081],[-40.886838,-11.769141],[-40.88648,-11.766464],[-40.886422,-11.764138],[-40.886176,-11.76211],[-40.885209,-11.760426],[-40.884818,-11.757627],[-40.883795,-11.757107],[-40.881925,-11.757785],[-40.880926,-11.758641],[-40.878356,-11.76014],[-40.8765,-11.760283],[-40.87493,-11.759844],[-40.87393,-11.76014],[-40.872717,-11.761068],[-40.870218,-11.763281],[-40.869005,-11.764138],[-40.863946,-11.76513],[-40.862447,-11.766001],[-40.86042,-11.767736],[-40.859137,-11.768638],[-40.857219,-11.769668],[-40.855862,-11.770463],[-40.854187,-11.772649],[-40.852246,-11.774096],[-40.850927,-11.775205],[-40.849352,-11.776337],[-40.848513,-11.776492],[-40.848509,-11.776488],[-40.848443,-11.776387],[-40.84826,-11.776057],[-40.847813,-11.775456],[-40.847441,-11.775063],[-40.847164,-11.774794],[-40.84656,-11.774284],[-40.8456,-11.773897],[-40.84558,-11.773892],[-40.844825,-11.773709],[-40.843699,-11.773292],[-40.842955,-11.772872],[-40.842373,-11.77265],[-40.841655,-11.772276],[-40.840608,-11.771959],[-40.839504,-11.771478],[-40.838896,-11.771104],[-40.837918,-11.77034],[-40.83614,-11.769448],[-40.834879,-11.768518],[-40.833897,-11.767604],[-40.833164,-11.767122],[-40.832705,-11.7669],[-40.832199,-11.766654],[-40.831778,-11.766514],[-40.831472,-11.766428],[-40.831171,-11.766326],[-40.830945,-11.766214],[-40.830835,-11.766126],[-40.830759,-11.766008],[-40.830692,-11.765752],[-40.83061,-11.765407],[-40.830567,-11.765028],[-40.830532,-11.764665],[-40.830506,-11.764487],[-40.83037,-11.763778],[-40.830105,-11.763148],[-40.83002,-11.762928],[-40.829898,-11.762818],[-40.82974,-11.762737],[-40.829497,-11.762647],[-40.829274,-11.762557],[-40.829077,-11.762411],[-40.828973,-11.762201],[-40.828699,-11.761598],[-40.828566,-11.761168],[-40.828116,-11.760474],[-40.827976,-11.760375],[-40.827836,-11.760226],[-40.827116,-11.759528],[-40.826728,-11.759151],[-40.825733,-11.758399],[-40.824684,-11.757865],[-40.823343,-11.757076],[-40.822239,-11.75638],[-40.820912,-11.755522],[-40.820635,-11.755307],[-40.817486,-11.753216],[-40.817126,-11.753003],[-40.816704,-11.752615],[-40.816158,-11.752195],[-40.815219,-11.751606],[-40.813517,-11.750263],[-40.812125,-11.748979],[-40.811722,-11.748759],[-40.810673,-11.747956],[-40.809469,-11.747203],[-40.807684,-11.745906],[-40.806903,-11.745357],[-40.806218,-11.744897],[-40.805811,-11.744644],[-40.805544,-11.744467],[-40.804656,-11.744052],[-40.802864,-11.74353],[-40.801595,-11.743051],[-40.801167,-11.742921],[-40.801167,-11.74292],[-40.792641,-11.694482],[-40.786077,-11.681585]]],[[[-40.947133,-11.919305],[-40.950429,-11.926323],[-40.949284,-11.934574],[-40.948943,-11.935319],[-40.943515,-11.94106],[-40.942613,-11.941946],[-40.942402,-11.942146],[-40.941843,-11.94499],[-40.933398,-11.985579],[-40.933814,-11.986065],[-40.938181,-11.991036],[-40.943577,-11.995667],[-40.954349,-12.003893],[-40.953412,-12.014263],[-40.953091,-12.014882],[-40.952686,-12.015627],[-40.951827,-12.017208],[-40.950343,-12.01984],[-40.9495,-12.021296],[-40.941632,-12.031829],[-40.938125,-12.036616],[-40.938104,-12.036879],[-40.938107,-12.037037],[-40.938114,-12.037642],[-40.939807,-12.04157],[-40.941177,-12.044493],[-40.941872,-12.045585],[-40.942388,-12.046353],[-40.943807,-12.048306],[-40.944323,-12.049309],[-40.94437,-12.049405],[-40.944767,-12.050138],[-40.945412,-12.051559],[-40.945956,-12.052123],[-40.949123,-12.055104],[-40.950566,-12.056334],[-40.95821,-12.057186],[-40.960925,-12.058272],[-40.961586,-12.058227],[-40.964134,-12.057961],[-40.964341,-12.058162],[-40.966236,-12.059869],[-40.96628,-12.059906],[-40.969515,-12.063164],[-40.970531,-12.064466],[-40.971365,-12.065766],[-40.971798,-12.066586],[-40.971915,-12.066999],[-40.971953,-12.067748],[-40.971922,-12.069055],[-40.971787,-12.070479],[-40.971679,-12.071117],[-40.971344,-12.071457],[-40.970429,-12.072266],[-40.966771,-12.075196],[-40.965585,-12.076047],[-40.965095,-12.076367],[-40.965046,-12.076386],[-40.964078,-12.07671],[-40.962372,-12.077174],[-40.960848,-12.077492],[-40.959985,-12.077623],[-40.959883,-12.077634],[-40.959622,-12.077692],[-40.957369,-12.078247],[-40.956204,-12.078482],[-40.955815,-12.078571],[-40.95483,-12.078968],[-40.952667,-12.079762],[-40.952575,-12.079755],[-40.952098,-12.079744],[-40.949603,-12.079724],[-40.948698,-12.079768],[-40.947663,-12.079798],[-40.945674,-12.079891],[-40.942818,-12.081151],[-40.942707,-12.081183],[-40.941242,-12.081514],[-40.939065,-12.081911],[-40.938337,-12.082249],[-40.93809,-12.082323],[-40.937306,-12.082533],[-40.936186,-12.082813],[-40.935264,-12.083028],[-40.934758,-12.083135],[-40.934632,-12.083158],[-40.932427,-12.082615],[-40.927938,-12.082649],[-40.920166,-12.085884],[-40.918768,-12.087573],[-40.916555,-12.090508],[-40.914987,-12.092829],[-40.914297,-12.093993],[-40.913935,-12.094689],[-40.913872,-12.094734],[-40.912821,-12.095577],[-40.912564,-12.096334],[-40.912564,-12.096334],[-40.914751,-12.099477],[-40.915892,-12.100966],[-40.916719,-12.10191],[-40.91832,-12.103441],[-40.918734,-12.104091],[-40.919004,-12.104786],[-40.919086,-12.105617],[-40.918967,-12.106512],[-40.918952,-12.106537],[-40.918543,-12.107063],[-40.918326,-12.10729],[-40.918146,-12.107521],[-40.917881,-12.107802],[-40.917511,-12.108276],[-40.917288,-12.108617],[-40.916787,-12.109521],[-40.91638,-12.110391],[-40.916036,-12.111276],[-40.915562,-12.112775],[-40.915191,-12.114223],[-40.914912,-12.115529],[-40.914685,-12.116761],[-40.914547,-12.117621],[-40.914491,-12.118026],[-40.913971,-12.122502],[-40.913286,-12.129251],[-40.940997,-12.124948],[-40.941361,-12.124961],[-40.941591,-12.124972],[-40.941831,-12.124952],[-40.943904,-12.126488],[-40.947138,-12.137288],[-40.947148,-12.137321],[-40.89401,-12.154917],[-40.894002,-12.154905],[-40.873593,-12.125741],[-40.90897,-12.059576],[-40.897071,-11.990285],[-40.899555,-11.978144],[-40.937098,-11.929431],[-40.937102,-11.929426],[-40.947133,-11.919305]]],[[[-40.987896,-12.141366],[-40.990042,-12.13988],[-40.99014,-12.139817],[-40.990814,-12.139403],[-40.999261,-12.135062],[-41.001294,-12.135167],[-41.002086,-12.135235],[-41.008184,-12.13582],[-41.009042,-12.135984],[-41.009326,-12.136039],[-41.010782,-12.136598],[-41.01145,-12.136938],[-41.020472,-12.132467],[-41.025042,-12.130826],[-41.026975,-12.129401],[-41.031175,-12.126071],[-41.032057,-12.125325],[-41.032875,-12.124587],[-41.03325,-12.124227],[-41.033427,-12.124117],[-41.033932,-12.123785],[-41.034083,-12.123681],[-41.034109,-12.123657],[-41.035581,-12.122447],[-41.039485,-12.119647],[-41.03956,-12.119601],[-41.03984,-12.11944],[-41.045676,-12.11872],[-41.050833,-12.117957],[-41.052951,-12.117439],[-41.057788,-12.116071],[-41.073626,-12.115589],[-41.073946,-12.1157],[-41.07709,-12.116944],[-41.079448,-12.11801],[-41.081073,-12.118804],[-41.081907,-12.119238],[-41.082196,-12.119727],[-41.083173,-12.121086],[-41.084985,-12.128746],[-41.087182,-12.138032],[-41.087493,-12.13929],[-41.087784,-12.140409],[-41.088002,-12.141211],[-41.088413,-12.142688],[-41.088784,-12.143824],[-41.088864,-12.144096],[-41.088858,-12.145286],[-41.087339,-12.146445],[-41.069345,-12.163298],[-41.062824,-12.162555],[-41.051813,-12.167917],[-41.05095,-12.168378],[-41.0502,-12.16883],[-41.046993,-12.170902],[-41.045938,-12.171542],[-41.045681,-12.171687],[-41.045402,-12.171832],[-41.045425,-12.171727],[-41.045453,-12.17161],[-41.045484,-12.171494],[-41.045516,-12.171379],[-41.045547,-12.171261],[-41.045575,-12.171146],[-41.045602,-12.171034],[-41.04563,-12.17093],[-41.045661,-12.170833],[-41.045697,-12.170741],[-41.045732,-12.170655],[-41.045758,-12.170572],[-41.04577,-12.170492],[-41.045768,-12.170414],[-41.045754,-12.170338],[-41.04574,-12.170263],[-41.045726,-12.17019],[-41.04571,-12.170117],[-41.045694,-12.170043],[-41.045678,-12.169971],[-41.045662,-12.169901],[-41.045648,-12.169833],[-41.045636,-12.169767],[-41.045627,-12.169701],[-41.045621,-12.169637],[-41.045618,-12.169572],[-41.045618,-12.169507],[-41.045624,-12.169441],[-41.045636,-12.169383],[-41.045646,-12.16933],[-41.045657,-12.169279],[-41.045668,-12.169228],[-41.045677,-12.169175],[-41.045684,-12.169122],[-41.04569,-12.169068],[-41.045698,-12.169012],[-41.045712,-12.168958],[-41.045731,-12.168907],[-41.045756,-12.16886],[-41.04578,-12.168814],[-41.045803,-12.16877],[-41.045827,-12.168724],[-41.045853,-12.168678],[-41.045881,-12.168634],[-41.04591,-12.168592],[-41.045939,-12.168555],[-41.045965,-12.168525],[-41.045987,-12.168497],[-41.046007,-12.16847],[-41.046025,-12.16844],[-41.04604,-12.168408],[-41.046045,-12.168372],[-41.046041,-12.16834],[-41.04603,-12.168315],[-41.046018,-12.168294],[-41.046008,-12.168279],[-41.046007,-12.168278],[-41.046002,-12.168271],[-41.045993,-12.168259],[-41.045983,-12.168245],[-41.045973,-12.16823],[-41.045962,-12.168214],[-41.04595,-12.168198],[-41.045944,-12.16819],[-41.045939,-12.168184],[-41.04592,-12.168162],[-41.045887,-12.168123],[-41.045847,-12.168069],[-41.045807,-12.168003],[-41.04577,-12.167935],[-41.045738,-12.167871],[-41.045713,-12.167812],[-41.045688,-12.167754],[-41.045666,-12.167694],[-41.045647,-12.167631],[-41.045627,-12.167564],[-41.045608,-12.167497],[-41.04559,-12.167429],[-41.04557,-12.167357],[-41.04555,-12.167281],[-41.045531,-12.167205],[-41.045512,-12.167128],[-41.045494,-12.167049],[-41.045475,-12.166969],[-41.045453,-12.166889],[-41.04543,-12.166818],[-41.045409,-12.166753],[-41.045392,-12.166692],[-41.045376,-12.166633],[-41.045356,-12.166582],[-41.045339,-12.16654],[-41.045326,-12.166506],[-41.045318,-12.166475],[-41.04531,-12.166443],[-41.045299,-12.166403],[-41.045286,-12.166355],[-41.045275,-12.166306],[-41.045266,-12.166261],[-41.045257,-12.166219],[-41.045249,-12.166173],[-41.045242,-12.166124],[-41.045229,-12.166075],[-41.045214,-12.166025],[-41.0452,-12.165966],[-41.045182,-12.165897],[-41.045162,-12.165824],[-41.045141,-12.165749],[-41.045115,-12.165677],[-41.045087,-12.165606],[-41.045065,-12.165537],[-41.045055,-12.165468],[-41.045065,-12.165397],[-41.045089,-12.165322],[-41.045115,-12.165244],[-41.04513,-12.16516],[-41.045134,-12.165074],[-41.045124,-12.164987],[-41.045103,-12.164903],[-41.045082,-12.164823],[-41.04506,-12.164744],[-41.045039,-12.164665],[-41.045017,-12.164586],[-41.044992,-12.164506],[-41.044961,-12.164427],[-41.044923,-12.164351],[-41.044875,-12.164279],[-41.04482,-12.16421],[-41.044761,-12.164145],[-41.044704,-12.164082],[-41.044651,-12.164021],[-41.0446,-12.163964],[-41.04455,-12.163908],[-41.044503,-12.163854],[-41.044459,-12.163804],[-41.044414,-12.163756],[-41.044364,-12.163708],[-41.044308,-12.163663],[-41.044249,-12.163619],[-41.044191,-12.163577],[-41.044134,-12.163534],[-41.044082,-12.16349],[-41.044031,-12.163446],[-41.043986,-12.163405],[-41.043946,-12.163368],[-41.043908,-12.163335],[-41.043873,-12.163302],[-41.043841,-12.163272],[-41.043817,-12.163249],[-41.043801,-12.163232],[-41.043792,-12.163226],[-41.04379,-12.163223],[-41.043782,-12.163215],[-41.043769,-12.163205],[-41.043755,-12.163189],[-41.043742,-12.16317],[-41.043729,-12.163151],[-41.043718,-12.163137],[-41.043713,-12.163129],[-41.04371,-12.163124],[-41.043698,-12.163106],[-41.043673,-12.163069],[-41.043639,-12.163017],[-41.043599,-12.162955],[-41.043555,-12.162885],[-41.043513,-12.162811],[-41.043472,-12.162733],[-41.043429,-12.162654],[-41.043384,-12.162573],[-41.043339,-12.162491],[-41.043298,-12.162403],[-41.043263,-12.162311],[-41.043232,-12.162217],[-41.043202,-12.162124],[-41.043169,-12.162034],[-41.043132,-12.161951],[-41.043093,-12.161873],[-41.043056,-12.161794],[-41.043025,-12.161713],[-41.042999,-12.161628],[-41.042969,-12.161538],[-41.042937,-12.161445],[-41.042899,-12.161351],[-41.042854,-12.161259],[-41.042807,-12.161166],[-41.042761,-12.161072],[-41.042714,-12.160976],[-41.042665,-12.160879],[-41.042616,-12.160781],[-41.042567,-12.160682],[-41.042516,-12.160585],[-41.042465,-12.160491],[-41.042413,-12.160398],[-41.042362,-12.160304],[-41.042312,-12.160209],[-41.042261,-12.160115],[-41.04221,-12.160022],[-41.042159,-12.159929],[-41.042106,-12.159839],[-41.042051,-12.159751],[-41.041994,-12.159663],[-41.04194,-12.159575],[-41.041886,-12.159486],[-41.041831,-12.159398],[-41.041771,-12.159314],[-41.041709,-12.159232],[-41.041648,-12.159148],[-41.041589,-12.159062],[-41.041533,-12.158974],[-41.041483,-12.158888],[-41.04144,-12.158804],[-41.041394,-12.158723],[-41.041339,-12.158645],[-41.041281,-12.158566],[-41.041224,-12.158484],[-41.041168,-12.158397],[-41.041108,-12.158309],[-41.041047,-12.158216],[-41.040986,-12.158122],[-41.040925,-12.158031],[-41.040864,-12.157945],[-41.040804,-12.15786],[-41.040748,-12.157773],[-41.040693,-12.157691],[-41.040631,-12.157613],[-41.040566,-12.157536],[-41.040505,-12.157458],[-41.040448,-12.157378],[-41.040391,-12.157299],[-41.040328,-12.157222],[-41.040266,-12.157143],[-41.040207,-12.15706],[-41.040147,-12.156976],[-41.040081,-12.156893],[-41.040015,-12.156806],[-41.039948,-12.156715],[-41.039877,-12.156625],[-41.039805,-12.156536],[-41.03973,-12.156449],[-41.039657,-12.156365],[-41.039587,-12.156285],[-41.039519,-12.156208],[-41.039452,-12.156131],[-41.039386,-12.156054],[-41.039323,-12.155974],[-41.039261,-12.155894],[-41.039197,-12.155816],[-41.039133,-12.155742],[-41.039071,-12.155673],[-41.039019,-12.155606],[-41.038977,-12.15554],[-41.03893,-12.155477],[-41.038872,-12.15542],[-41.03881,-12.155362],[-41.038752,-12.155297],[-41.038697,-12.155226],[-41.038644,-12.155155],[-41.038592,-12.155088],[-41.038539,-12.155026],[-41.038484,-12.154964],[-41.038427,-12.154901],[-41.03837,-12.154837],[-41.038318,-12.154777],[-41.038273,-12.154724],[-41.038234,-12.154678],[-41.038202,-12.15464],[-41.038171,-12.154607],[-41.038142,-12.154579],[-41.038123,-12.154563],[-41.038113,-12.154555],[-41.03811,-12.154554],[-41.038102,-12.154547],[-41.03809,-12.154536],[-41.038076,-12.154523],[-41.038062,-12.15451],[-41.038048,-12.154496],[-41.038033,-12.154481],[-41.038021,-12.154466],[-41.038013,-12.15446],[-41.038005,-12.154452],[-41.03799,-12.154425],[-41.037982,-12.154318],[-41.037989,-12.154296],[-41.038002,-12.154252],[-41.038037,-12.154187],[-41.038075,-12.154121],[-41.038111,-12.15405],[-41.038143,-12.153974],[-41.038175,-12.153894],[-41.038208,-12.153811],[-41.038245,-12.153725],[-41.038287,-12.153638],[-41.038379,-12.153461],[-41.038425,-12.153371],[-41.038468,-12.15328],[-41.038509,-12.153189],[-41.038577,-12.153004],[-41.038606,-12.152913],[-41.038642,-12.152826],[-41.038684,-12.152742],[-41.038727,-12.152662],[-41.038804,-12.152511],[-41.03883,-12.152437],[-41.038869,-12.152283],[-41.038888,-12.152217],[-41.038892,-12.152204],[-41.038902,-12.15218],[-41.038926,-12.152124],[-41.038967,-12.152043],[-41.039007,-12.151957],[-41.039044,-12.151865],[-41.039083,-12.151774],[-41.039128,-12.151684],[-41.039178,-12.151598],[-41.039227,-12.151514],[-41.039272,-12.151428],[-41.039311,-12.151343],[-41.039346,-12.151258],[-41.039383,-12.151179],[-41.039417,-12.151102],[-41.039446,-12.151024],[-41.039475,-12.150944],[-41.039478,-12.150936],[-41.039506,-12.150862],[-41.039537,-12.150779],[-41.039565,-12.150692],[-41.039593,-12.150599],[-41.039626,-12.150502],[-41.039634,-12.150481],[-41.039664,-12.150403],[-41.039704,-12.150307],[-41.039746,-12.150212],[-41.039785,-12.150119],[-41.039824,-12.150027],[-41.039863,-12.149936],[-41.039902,-12.149849],[-41.039942,-12.149764],[-41.039984,-12.149682],[-41.040025,-12.149599],[-41.040062,-12.149514],[-41.040096,-12.149427],[-41.040131,-12.14934],[-41.040168,-12.149252],[-41.04021,-12.149166],[-41.040257,-12.149082],[-41.040307,-12.149],[-41.040357,-12.14892],[-41.040407,-12.148841],[-41.040454,-12.148763],[-41.040496,-12.148686],[-41.040533,-12.148613],[-41.040565,-12.148541],[-41.040592,-12.148471],[-41.040615,-12.148398],[-41.040631,-12.14832],[-41.040642,-12.148237],[-41.040646,-12.148154],[-41.04065,-12.148072],[-41.040658,-12.147989],[-41.040675,-12.14791],[-41.040696,-12.147841],[-41.040721,-12.147779],[-41.040745,-12.147727],[-41.040768,-12.147687],[-41.040793,-12.147657],[-41.040823,-12.147634],[-41.040849,-12.147619],[-41.040864,-12.147609],[-41.040872,-12.147604],[-41.040878,-12.1476],[-40.997264,-12.148681],[-40.997262,-12.148679],[-40.987896,-12.141366]]],[[[-41.025092,-12.22753],[-41.02928,-12.242372],[-41.021802,-12.253246],[-41.020201,-12.253566],[-41.018948,-12.253766],[-41.018329,-12.253845],[-41.016829,-12.253972],[-41.015496,-12.254066],[-41.01213,-12.254247],[-41.008659,-12.254366],[-41.005693,-12.254234],[-41.001021,-12.253942],[-40.999771,-12.252601],[-41.001272,-12.2516],[-41.003533,-12.24922],[-41.004544,-12.248625],[-41.006269,-12.248685],[-41.007519,-12.249161],[-41.00847,-12.24922],[-41.009,-12.248917],[-41.009125,-12.24803],[-41.009006,-12.246781],[-41.00959,-12.245887],[-41.01079,-12.245413],[-41.012218,-12.244818],[-41.013408,-12.243569],[-41.015192,-12.241844],[-41.015787,-12.240714],[-41.016977,-12.237799],[-41.018171,-12.235593],[-41.019876,-12.234254],[-41.02044,-12.232782],[-41.020308,-12.230839],[-41.020624,-12.229506],[-41.021855,-12.228638],[-41.024023,-12.227963],[-41.025092,-12.22753]]],[[[-41.192884,-12.498719],[-41.192993,-12.499112],[-41.193276,-12.499929],[-41.19363,-12.500839],[-41.194008,-12.501667],[-41.19416,-12.502078],[-41.194505,-12.502826],[-41.194691,-12.50331],[-41.195036,-12.50405],[-41.195294,-12.504697],[-41.195635,-12.505421],[-41.195875,-12.506028],[-41.196059,-12.506419],[-41.196343,-12.507115],[-41.196591,-12.507641],[-41.196698,-12.507909],[-41.197282,-12.509272],[-41.19729,-12.509296],[-41.19762,-12.51004],[-41.197716,-12.510485],[-41.19793,-12.511388],[-41.198094,-12.511966],[-41.198177,-12.512237],[-41.198293,-12.512588],[-41.198726,-12.513803],[-41.199106,-12.514779],[-41.199658,-12.516042],[-41.199781,-12.516292],[-41.199463,-12.517102],[-41.199031,-12.518361],[-41.198722,-12.519411],[-41.198406,-12.520624],[-41.198207,-12.52152],[-41.197976,-12.522895],[-41.197787,-12.524566],[-41.197769,-12.524789],[-41.197708,-12.525915],[-41.197702,-12.526192],[-41.197703,-12.526468],[-41.197731,-12.527526],[-41.197747,-12.527791],[-41.1978,-12.528352],[-41.197904,-12.529287],[-41.198043,-12.530311],[-41.198239,-12.531455],[-41.198412,-12.532259],[-41.198442,-12.532412],[-41.19853,-12.532774],[-41.198641,-12.533283],[-41.198727,-12.533628],[-41.198775,-12.533848],[-41.198846,-12.534143],[-41.198945,-12.534528],[-41.199069,-12.534972],[-41.199241,-12.535547],[-41.199362,-12.53599],[-41.199537,-12.536583],[-41.199794,-12.537362],[-41.200121,-12.538222],[-41.200327,-12.538801],[-41.200677,-12.539662],[-41.201011,-12.540387],[-41.201171,-12.540753],[-41.201618,-12.541741],[-41.201869,-12.542323],[-41.202096,-12.542827],[-41.202219,-12.543078],[-41.202372,-12.543377],[-41.202699,-12.543991],[-41.202957,-12.544459],[-41.203449,-12.545377],[-41.20359,-12.54563],[-41.204049,-12.546411],[-41.204114,-12.54655],[-41.20447,-12.547253],[-41.204711,-12.547969],[-41.204913,-12.548512],[-41.205138,-12.549078],[-41.205339,-12.549604],[-41.205541,-12.550114],[-41.205572,-12.55019],[-41.20583,-12.550793],[-41.205989,-12.551153],[-41.206687,-12.552671],[-41.207014,-12.553359],[-41.207022,-12.553375],[-41.207139,-12.553606],[-41.20714,-12.553608],[-41.207193,-12.553708],[-41.207422,-12.554147],[-41.207464,-12.554224],[-41.207686,-12.554695],[-41.207857,-12.555076],[-41.208017,-12.555444],[-41.208037,-12.55549],[-41.208352,-12.556227],[-41.208381,-12.556297],[-41.20846,-12.556489],[-41.208773,-12.557187],[-41.20893,-12.557555],[-41.209523,-12.558816],[-41.209771,-12.559309],[-41.210009,-12.559802],[-41.210432,-12.560636],[-41.210847,-12.561431],[-41.211144,-12.562014],[-41.211454,-12.56259],[-41.212259,-12.563989],[-41.212718,-12.564767],[-41.2134,-12.565882],[-41.214151,-12.56705],[-41.214167,-12.567075],[-41.214842,-12.568089],[-41.215591,-12.56916],[-41.216827,-12.570845],[-41.21686,-12.570887],[-41.218051,-12.572523],[-41.218056,-12.572529],[-41.220815,-12.576185],[-41.22554,-12.582551],[-41.225919,-12.583199],[-41.226164,-12.583626],[-41.226596,-12.584051],[-41.227576,-12.585045],[-41.228865,-12.586395],[-41.229392,-12.586966],[-41.229747,-12.587516],[-41.234556,-12.596131],[-41.235221,-12.597265],[-41.236485,-12.599375],[-41.237346,-12.600772],[-41.237602,-12.601206],[-41.238116,-12.602049],[-41.238472,-12.602618],[-41.238538,-12.602721],[-41.240464,-12.605619],[-41.241424,-12.607001],[-41.241937,-12.607732],[-41.242014,-12.60784],[-41.24305,-12.609272],[-41.243131,-12.609384],[-41.243203,-12.609481],[-41.245019,-12.611889],[-41.245342,-12.612308],[-41.245191,-12.613559],[-41.244996,-12.615615],[-41.245108,-12.616103],[-41.245407,-12.617345],[-41.245409,-12.617354],[-41.245531,-12.617821],[-41.246133,-12.62007],[-41.246705,-12.622102],[-41.246869,-12.622643],[-41.246947,-12.622897],[-41.251534,-12.638419],[-41.251939,-12.639873],[-41.252263,-12.641108],[-41.252386,-12.641588],[-41.252641,-12.642624],[-41.252661,-12.642711],[-41.250028,-12.64652],[-41.243734,-12.655093],[-41.24317,-12.655836],[-41.231882,-12.665066],[-41.197617,-12.672611],[-41.195732,-12.674395],[-41.194587,-12.682293],[-41.194547,-12.682749],[-41.194521,-12.68313],[-41.194444,-12.683798],[-41.194424,-12.684003],[-41.194331,-12.684622],[-41.194259,-12.685179],[-41.194225,-12.685469],[-41.194208,-12.685576],[-41.194173,-12.685818],[-41.194107,-12.686319],[-41.194062,-12.686728],[-41.194061,-12.686732],[-41.194003,-12.687146],[-41.193999,-12.687178],[-41.193767,-12.688288],[-41.193569,-12.689543],[-41.193525,-12.689964],[-41.193271,-12.691093],[-41.193142,-12.691858],[-41.192968,-12.692379],[-41.192922,-12.692495],[-41.192813,-12.692801],[-41.192673,-12.693215],[-41.192473,-12.693838],[-41.192327,-12.694322],[-41.192287,-12.694462],[-41.192143,-12.694999],[-41.192136,-12.695028],[-41.191991,-12.695478],[-41.191934,-12.695664],[-41.19193,-12.695679],[-41.191416,-12.697655],[-41.191373,-12.697835],[-41.191229,-12.698682],[-41.19103,-12.699354],[-41.190715,-12.700784],[-41.190607,-12.70148],[-41.190428,-12.702084],[-41.190178,-12.703072],[-41.190111,-12.703367],[-41.190065,-12.703589],[-41.189995,-12.703849],[-41.189979,-12.703914],[-41.189826,-12.704601],[-41.189767,-12.704902],[-41.189568,-12.705652],[-41.189446,-12.706185],[-41.189439,-12.706221],[-41.189282,-12.706846],[-41.189173,-12.707394],[-41.189133,-12.707641],[-41.18903,-12.708114],[-41.188895,-12.708883],[-41.188877,-12.709025],[-41.188813,-12.709404],[-41.188704,-12.710202],[-41.188618,-12.711187],[-41.188589,-12.712488],[-41.188654,-12.713855],[-41.188769,-12.714787],[-41.188867,-12.715359],[-41.188983,-12.715931],[-41.18923,-12.716874],[-41.189544,-12.717943],[-41.189668,-12.718323],[-41.189761,-12.718587],[-41.189778,-12.718631],[-41.189937,-12.719014],[-41.190036,-12.719244],[-41.190288,-12.719808],[-41.190754,-12.720773],[-41.191966,-12.723128],[-41.191865,-12.723455],[-41.191046,-12.725835],[-41.189945,-12.728664],[-41.189368,-12.729965],[-41.18847,-12.731665],[-41.187463,-12.733275],[-41.187302,-12.733503],[-41.186517,-12.734652],[-41.185002,-12.736607],[-41.184626,-12.737027],[-41.179283,-12.736483],[-41.178573,-12.736428],[-41.177787,-12.736386],[-41.177118,-12.736367],[-41.176224,-12.736359],[-41.175178,-12.736979],[-41.17384,-12.737857],[-41.172841,-12.738574],[-41.171917,-12.739275],[-41.170826,-12.740223],[-41.170768,-12.740278],[-41.170596,-12.740503],[-41.169899,-12.74157],[-41.166766,-12.751496],[-41.166682,-12.751762],[-41.166609,-12.751949],[-41.166559,-12.752448],[-41.166527,-12.753199],[-41.166469,-12.753731],[-41.166437,-12.754643],[-41.166387,-12.755145],[-41.166331,-12.756395],[-41.166331,-12.757003],[-41.166726,-12.75758],[-41.167556,-12.758795],[-41.1678,-12.759626],[-41.16835,-12.761853],[-41.168594,-12.763135],[-41.169083,-12.765697],[-41.16933,-12.767426],[-41.167997,-12.767972],[-41.167439,-12.768188],[-41.163459,-12.769646],[-41.163199,-12.769748],[-41.162925,-12.769864],[-41.162535,-12.770046],[-41.162254,-12.77019],[-41.161955,-12.770358],[-41.161489,-12.770644],[-41.161349,-12.770737],[-41.161027,-12.770969],[-41.160731,-12.771201],[-41.16054,-12.771363],[-41.160115,-12.771749],[-41.159898,-12.771963],[-41.159768,-12.772101],[-41.159266,-12.772681],[-41.158716,-12.773378],[-41.158513,-12.773659],[-41.15825,-12.774046],[-41.158167,-12.774179],[-41.157926,-12.774674],[-41.158414,-12.775542],[-41.158575,-12.77589],[-41.15801,-12.778204],[-41.157717,-12.778749],[-41.157412,-12.779406],[-41.157318,-12.779773],[-41.156903,-12.780579],[-41.156853,-12.780644],[-41.156617,-12.781467],[-41.156448,-12.78168],[-41.156325,-12.782129],[-41.156333,-12.782257],[-41.156317,-12.782274],[-41.156126,-12.782455],[-41.156097,-12.782476],[-41.156158,-12.782599],[-41.156156,-12.782743],[-41.156251,-12.782728],[-41.156617,-12.782748],[-41.156722,-12.782831],[-41.157381,-12.783082],[-41.157512,-12.78319],[-41.15819,-12.783409],[-41.158733,-12.783692],[-41.159254,-12.783833],[-41.159868,-12.78413],[-41.161014,-12.784512],[-41.161492,-12.784794],[-41.163505,-12.785502],[-41.163827,-12.785681],[-41.164133,-12.785801],[-41.164605,-12.786264],[-41.165048,-12.786778],[-41.165527,-12.787248],[-41.165736,-12.787492],[-41.166322,-12.788112],[-41.166375,-12.788162],[-41.167145,-12.789013],[-41.167311,-12.789167],[-41.167981,-12.789894],[-41.16829,-12.79018],[-41.16888,-12.790808],[-41.168887,-12.790815],[-41.168938,-12.790863],[-41.169198,-12.79112],[-41.169743,-12.791671],[-41.169958,-12.791894],[-41.170199,-12.791903],[-41.171719,-12.792059],[-41.173257,-12.792362],[-41.174672,-12.792764],[-41.176091,-12.793306],[-41.177308,-12.793899],[-41.178458,-12.794572],[-41.17931,-12.795168],[-41.179588,-12.795313],[-41.179719,-12.795394],[-41.180748,-12.79595],[-41.18191,-12.796692],[-41.183106,-12.797603],[-41.183562,-12.79801],[-41.184218,-12.798523],[-41.185566,-12.799736],[-41.185978,-12.800147],[-41.186544,-12.800778],[-41.186869,-12.801188],[-41.187781,-12.802225],[-41.188216,-12.802781],[-41.188498,-12.803039],[-41.188694,-12.803187],[-41.189576,-12.803926],[-41.190169,-12.804478],[-41.190704,-12.8049],[-41.191726,-12.805803],[-41.191856,-12.805902],[-41.192783,-12.80667],[-41.193337,-12.807175],[-41.193677,-12.807434],[-41.19429,-12.807941],[-41.194505,-12.808131],[-41.194634,-12.808232],[-41.195294,-12.808711],[-41.195419,-12.808809],[-41.195562,-12.808986],[-41.1957,-12.809168],[-41.195829,-12.809333],[-41.196259,-12.809861],[-41.196517,-12.810208],[-41.196927,-12.810714],[-41.197232,-12.811122],[-41.197504,-12.811462],[-41.197745,-12.811769],[-41.197996,-12.812095],[-41.198184,-12.812356],[-41.198586,-12.812904],[-41.19932,-12.814008],[-41.200193,-12.815476],[-41.200668,-12.816369],[-41.201255,-12.817607],[-41.201973,-12.819327],[-41.202314,-12.820262],[-41.202739,-12.821595],[-41.203193,-12.823246],[-41.204397,-12.828543],[-41.205771,-12.835907],[-41.206017,-12.837582],[-41.206261,-12.839805],[-41.206507,-12.842672],[-41.20702,-12.843161],[-41.207092,-12.843227],[-41.208045,-12.844171],[-41.208777,-12.844866],[-41.209008,-12.845103],[-41.209181,-12.845274],[-41.210102,-12.845782],[-41.211561,-12.846627],[-41.215507,-12.849043],[-41.216114,-12.849408],[-41.218181,-12.850626],[-41.218438,-12.851521],[-41.221079,-12.861096],[-41.222884,-12.864617],[-41.224336,-12.867278],[-41.224711,-12.867794],[-41.224915,-12.868081],[-41.225612,-12.869015],[-41.225916,-12.869408],[-41.226823,-12.870527],[-41.227672,-12.871536],[-41.228127,-12.872054],[-41.228554,-12.872532],[-41.2292,-12.873216],[-41.230083,-12.874086],[-41.230098,-12.8741],[-41.23018,-12.874195],[-41.230204,-12.874222],[-41.23026,-12.874288],[-41.231025,-12.875186],[-41.231737,-12.875988],[-41.232711,-12.877032],[-41.23337,-12.877698],[-41.233568,-12.877893],[-41.234079,-12.878375],[-41.234613,-12.878915],[-41.235142,-12.879416],[-41.235322,-12.879596],[-41.235616,-12.879898],[-41.236104,-12.880375],[-41.237055,-12.881278],[-41.237741,-12.881894],[-41.239442,-12.882741],[-41.247006,-12.89091],[-41.24908,-12.892723],[-41.251251,-12.894747],[-41.25211,-12.8956],[-41.253612,-12.897196],[-41.25365,-12.897239],[-41.253832,-12.897479],[-41.256003,-12.900541],[-41.256489,-12.901311],[-41.25801,-12.903867],[-41.259341,-12.906255],[-41.263013,-12.913123],[-41.265573,-12.916277],[-41.26819,-12.919319],[-41.26812,-12.920025],[-41.268079,-12.920405],[-41.267951,-12.921473],[-41.267821,-12.922394],[-41.267584,-12.923881],[-41.267171,-12.926055],[-41.266785,-12.927771],[-41.266517,-12.92885],[-41.265244,-12.933588],[-41.26384,-12.938467],[-41.263459,-12.939704],[-41.262953,-12.94125],[-41.262498,-12.942554],[-41.261961,-12.943996],[-41.261287,-12.945703],[-41.260627,-12.94729],[-41.260103,-12.948488],[-41.259528,-12.949755],[-41.258987,-12.950905],[-41.258496,-12.951906],[-41.257752,-12.953375],[-41.257172,-12.954482],[-41.256357,-12.95598],[-41.254941,-12.95849],[-41.254107,-12.95992],[-41.253701,-12.960594],[-41.25301,-12.961702],[-41.252213,-12.962947],[-41.251509,-12.964012],[-41.246362,-12.971696],[-41.242742,-12.977144],[-41.229607,-12.997063],[-41.222672,-12.991488],[-41.203175,-12.9757],[-41.201771,-12.96803],[-41.200888,-12.96321],[-41.200414,-12.960659],[-41.199442,-12.956766],[-41.199007,-12.955057],[-41.198014,-12.951216],[-41.197332,-12.948614],[-41.196743,-12.946398],[-41.193789,-12.935522],[-41.188018,-12.931033],[-41.186866,-12.930119],[-41.166986,-12.913344],[-41.166576,-12.913011],[-41.165919,-12.912465],[-41.165321,-12.911996],[-41.164859,-12.911652],[-41.163575,-12.910751],[-41.162059,-12.909757],[-41.161284,-12.909283],[-41.160859,-12.909039],[-41.160323,-12.90852],[-41.160154,-12.908365],[-41.159582,-12.907816],[-41.159523,-12.907763],[-41.158712,-12.906955],[-41.158279,-12.906548],[-41.15785,-12.906119],[-41.157644,-12.905853],[-41.157589,-12.905779],[-41.156829,-12.904807],[-41.156445,-12.904349],[-41.156044,-12.903836],[-41.155829,-12.903547],[-41.155786,-12.903493],[-41.15504,-12.902391],[-41.154369,-12.901472],[-41.152285,-12.898836],[-41.150258,-12.896445],[-41.149785,-12.895886],[-41.14937,-12.895422],[-41.149156,-12.895192],[-41.148949,-12.894965],[-41.148823,-12.894826],[-41.148278,-12.894245],[-41.147868,-12.893826],[-41.14715,-12.893128],[-41.14633,-12.892376],[-41.145346,-12.891532],[-41.144475,-12.890834],[-41.144242,-12.89064],[-41.143688,-12.890212],[-41.143463,-12.890025],[-41.142984,-12.889873],[-41.141938,-12.889508],[-41.141754,-12.889438],[-41.141605,-12.889361],[-41.139191,-12.887986],[-41.137805,-12.887108],[-41.137078,-12.886599],[-41.135667,-12.885509],[-41.134599,-12.884595],[-41.134262,-12.884538],[-41.132472,-12.884149],[-41.129323,-12.88331],[-41.125209,-12.876569],[-41.121145,-12.867291],[-41.120919,-12.866835],[-41.11715,-12.866477],[-41.116424,-12.866772],[-41.116036,-12.86697],[-41.114659,-12.868032],[-41.114068,-12.868471],[-41.113472,-12.868858],[-41.112906,-12.86919],[-41.112059,-12.869627],[-41.110841,-12.870109],[-41.109499,-12.870502],[-41.108257,-12.870736],[-41.108243,-12.870756],[-41.107807,-12.871291],[-41.107658,-12.871813],[-41.107394,-12.872529],[-41.107246,-12.872812],[-41.107222,-12.872855],[-41.106889,-12.873443],[-41.106556,-12.873982],[-41.105873,-12.874985],[-41.105743,-12.875195],[-41.108531,-12.880625],[-41.108493,-12.88087],[-41.107722,-12.882254],[-41.107471,-12.882542],[-41.107586,-12.883001],[-41.107623,-12.88312],[-41.107733,-12.88414],[-41.107679,-12.88461],[-41.107675,-12.885414],[-41.107578,-12.885892],[-41.108001,-12.88649],[-41.108467,-12.887571],[-41.108578,-12.888357],[-41.108617,-12.888634],[-41.108489,-12.889681],[-41.108231,-12.890087],[-41.107747,-12.890735],[-41.107743,-12.890739],[-41.107456,-12.891019],[-41.106773,-12.891686],[-41.105764,-12.892192],[-41.105618,-12.892285],[-41.104828,-12.892658],[-41.104128,-12.892904],[-41.103867,-12.892948],[-41.103321,-12.893091],[-41.102897,-12.892923],[-41.102127,-12.892685],[-41.09723,-12.891516],[-41.094957,-12.891034],[-41.093912,-12.88934],[-41.092754,-12.887309],[-41.091221,-12.886014],[-41.090722,-12.885622],[-41.085729,-12.881908],[-41.085133,-12.881479],[-41.078135,-12.879422],[-41.077739,-12.879081],[-41.074587,-12.876477],[-41.0742,-12.876591],[-41.069899,-12.879393],[-41.067128,-12.881309],[-41.065619,-12.883005],[-41.063045,-12.886074],[-41.062441,-12.886838],[-41.061081,-12.889086],[-41.060045,-12.890882],[-41.059506,-12.891865],[-41.058824,-12.894895],[-41.058737,-12.895316],[-41.058659,-12.895862],[-41.05838,-12.898246],[-41.058365,-12.898419],[-41.058229,-12.900628],[-41.058094,-12.903815],[-41.058239,-12.904344],[-41.059473,-12.906887],[-41.059764,-12.907534],[-41.060005,-12.908127],[-41.060602,-12.909752],[-41.061085,-12.911236],[-41.061284,-12.91194],[-41.061709,-12.913754],[-41.061943,-12.91494],[-41.062041,-12.915552],[-41.062044,-12.915571],[-41.062247,-12.917244],[-41.06183,-12.917939],[-41.061548,-12.918361],[-41.059629,-12.919825],[-41.059183,-12.920165],[-41.054509,-12.923684],[-41.053593,-12.924373],[-41.052216,-12.925402],[-41.050462,-12.927329],[-41.049747,-12.928136],[-41.049415,-12.928521],[-41.048854,-12.929069],[-41.048654,-12.929241],[-41.047043,-12.930663],[-41.046859,-12.930831],[-41.04681,-12.930874],[-41.045836,-12.931598],[-41.043108,-12.933578],[-41.042649,-12.933911],[-41.040499,-12.935438],[-41.041076,-12.942027],[-41.0415,-12.942445],[-41.044495,-12.945457],[-41.047509,-12.948753],[-41.0495,-12.951027],[-41.051407,-12.953334],[-41.052644,-12.954899],[-41.063166,-12.969926],[-41.059272,-12.980972],[-41.061392,-12.984257],[-41.069167,-12.997113],[-41.069942,-12.999315],[-41.080806,-12.997337],[-41.096017,-12.998068],[-41.097423,-12.998718],[-41.098127,-12.999122],[-41.099404,-13.000058],[-41.100458,-13.00103],[-41.101643,-13.002378],[-41.102411,-13.003409],[-41.10277,-13.003849],[-41.102833,-13.004243],[-41.102887,-13.005149],[-41.102911,-13.005386],[-41.1029,-13.00667],[-41.102896,-13.006704],[-41.102818,-13.007761],[-41.102797,-13.007882],[-41.102694,-13.008834],[-41.102536,-13.009577],[-41.102509,-13.009849],[-41.1023,-13.010898],[-41.102192,-13.011256],[-41.102057,-13.011989],[-41.101824,-13.012762],[-41.101696,-13.01339],[-41.101526,-13.01389],[-41.101306,-13.014814],[-41.101297,-13.014839],[-41.101304,-13.015114],[-41.101341,-13.015538],[-41.10138,-13.015793],[-41.101431,-13.016412],[-41.101442,-13.01668],[-41.101529,-13.017364],[-41.101567,-13.018082],[-41.10169,-13.018917],[-41.101691,-13.01907],[-41.101815,-13.020238],[-41.101922,-13.020746],[-41.101993,-13.02238],[-41.101866,-13.023615],[-41.101737,-13.024215],[-41.101669,-13.024647],[-41.101416,-13.025584],[-41.101151,-13.026284],[-41.100921,-13.02678],[-41.101234,-13.027507],[-41.101632,-13.028734],[-41.101844,-13.02976],[-41.101936,-13.030602],[-41.101949,-13.031546],[-41.101863,-13.032608],[-41.101694,-13.033556],[-41.101667,-13.033653],[-41.101413,-13.034231],[-41.101123,-13.034708],[-41.100486,-13.035523],[-41.100172,-13.035827],[-41.099618,-13.036222],[-41.098496,-13.0368],[-41.097621,-13.036897],[-41.097085,-13.036982],[-41.097071,-13.036982],[-41.096606,-13.037002],[-41.096526,-13.037004],[-41.095998,-13.037038],[-41.095059,-13.03714],[-41.09468,-13.037196],[-41.094551,-13.037222],[-41.093973,-13.037369],[-41.093954,-13.037371],[-41.093371,-13.037477],[-41.092365,-13.037715],[-41.092352,-13.03772],[-41.091897,-13.037858],[-41.091347,-13.037978],[-41.091266,-13.038002],[-41.090421,-13.038167],[-41.090134,-13.038197],[-41.08946,-13.038334],[-41.089146,-13.038382],[-41.08857,-13.038529],[-41.088125,-13.038606],[-41.087687,-13.038729],[-41.086954,-13.038842],[-41.086447,-13.038977],[-41.0858,-13.039076],[-41.085605,-13.039127],[-41.08484,-13.039254],[-41.084787,-13.039267],[-41.084161,-13.039381],[-41.083659,-13.039496],[-41.083512,-13.039537],[-41.083165,-13.039614],[-41.083075,-13.039639],[-41.082636,-13.039728],[-41.082439,-13.039779],[-41.082056,-13.03984],[-41.081556,-13.039944],[-41.081446,-13.039971],[-41.081097,-13.040024],[-41.080556,-13.040131],[-41.080325,-13.040189],[-41.080005,-13.040231],[-41.079488,-13.040325],[-41.07905,-13.040427],[-41.079009,-13.040432],[-41.07848,-13.040517],[-41.077934,-13.040632],[-41.077896,-13.040641],[-41.077389,-13.040725],[-41.07688,-13.040836],[-41.076839,-13.040842],[-41.076307,-13.040937],[-41.075972,-13.041015],[-41.075639,-13.041056],[-41.074744,-13.04123],[-41.074736,-13.041233],[-41.074007,-13.041383],[-41.073753,-13.041424],[-41.07338,-13.041519],[-41.072787,-13.041613],[-41.072251,-13.041748],[-41.071816,-13.041805],[-41.071123,-13.041964],[-41.070797,-13.042],[-41.069926,-13.042184],[-41.069867,-13.042192],[-41.069182,-13.042338],[-41.068972,-13.042393],[-41.068717,-13.042436],[-41.068438,-13.042491],[-41.067965,-13.042603],[-41.067875,-13.042629],[-41.067429,-13.042701],[-41.067114,-13.042767],[-41.066989,-13.042783],[-41.066409,-13.042881],[-41.066089,-13.042913],[-41.065156,-13.043111],[-41.064631,-13.043199],[-41.064601,-13.043209],[-41.064193,-13.043312],[-41.063529,-13.042899],[-41.062973,-13.04249],[-41.06248,-13.042225],[-41.055379,-13.042192],[-41.055188,-13.042392],[-41.054383,-13.043566],[-41.054332,-13.04362],[-41.053483,-13.044826],[-41.05343,-13.044922],[-41.053263,-13.045175],[-41.053041,-13.045224],[-41.052455,-13.045322],[-41.052436,-13.045327],[-41.051518,-13.045517],[-41.051371,-13.045534],[-41.050352,-13.045753],[-41.050057,-13.045844],[-41.049511,-13.045945],[-41.04919,-13.046026],[-41.048648,-13.046097],[-41.048536,-13.046107],[-41.047447,-13.046309],[-41.047175,-13.046386],[-41.046711,-13.046486],[-41.046398,-13.046568],[-41.046214,-13.046593],[-41.045631,-13.046697],[-41.045367,-13.046756],[-41.045041,-13.046798],[-41.044711,-13.046857],[-41.044026,-13.046946],[-41.043918,-13.046966],[-41.043743,-13.046987],[-41.043309,-13.047083],[-41.043275,-13.047089],[-41.043006,-13.047151],[-41.042726,-13.047203],[-41.04188,-13.047404],[-41.041879,-13.047404],[-41.041084,-13.047568],[-41.040887,-13.047619],[-41.040595,-13.047662],[-41.040442,-13.047688],[-41.040159,-13.047742],[-41.039903,-13.047804],[-41.039604,-13.047843],[-41.03894,-13.047964],[-41.038548,-13.048058],[-41.038374,-13.04808],[-41.038005,-13.048141],[-41.037645,-13.048218],[-41.037378,-13.048288],[-41.037113,-13.04833],[-41.036665,-13.048416],[-41.036375,-13.048463],[-41.036263,-13.048486],[-41.036256,-13.048488],[-41.036165,-13.048505],[-41.035452,-13.048662],[-41.034925,-13.048752],[-41.03474,-13.048775],[-41.034099,-13.048835],[-41.033851,-13.048839],[-41.032946,-13.049113],[-41.031647,-13.049356],[-41.0316,-13.04936],[-41.031341,-13.0494],[-41.030662,-13.049539],[-41.030585,-13.049558],[-41.030131,-13.049626],[-41.029544,-13.049766],[-41.02947,-13.049777],[-41.028865,-13.049894],[-41.028584,-13.049934],[-41.028476,-13.049954],[-41.028448,-13.049961],[-41.027954,-13.050053],[-41.027797,-13.05009],[-41.027476,-13.050149],[-41.027276,-13.050195],[-41.027047,-13.050238],[-41.026911,-13.050271],[-41.026419,-13.050374],[-41.026279,-13.050396],[-41.025753,-13.050502],[-41.025606,-13.050542],[-41.024725,-13.0507],[-41.024358,-13.050798],[-41.02376,-13.0509],[-41.023648,-13.050913],[-41.023497,-13.050945],[-41.022786,-13.051061],[-41.022383,-13.051167],[-41.022202,-13.051205],[-41.021784,-13.051273],[-41.021758,-13.051276],[-41.02086,-13.051441],[-41.020816,-13.051446],[-41.02039,-13.051524],[-41.02009,-13.051593],[-41.019949,-13.051631],[-41.019326,-13.051744],[-41.019077,-13.051802],[-41.018541,-13.051892],[-41.018179,-13.051972],[-41.01799,-13.052001],[-41.017617,-13.052079],[-41.017512,-13.052108],[-41.017408,-13.052129],[-41.017259,-13.052155],[-41.01719,-13.05217],[-41.01708,-13.05219],[-41.016501,-13.052314],[-41.016191,-13.052364],[-41.015775,-13.052451],[-41.015775,-13.052451],[-41.015633,-13.05248],[-41.015315,-13.052555],[-41.014851,-13.052642],[-41.014485,-13.052695],[-41.014371,-13.052718],[-41.0143,-13.052729],[-41.013743,-13.052858],[-41.013447,-13.052914],[-41.013407,-13.05292],[-41.012828,-13.053029],[-41.01236,-13.053082],[-41.012162,-13.053117],[-41.011619,-13.053267],[-41.011086,-13.053367],[-41.010508,-13.0535],[-41.010131,-13.053546],[-41.010095,-13.053552],[-41.009948,-13.053585],[-41.009726,-13.053645],[-41.009489,-13.053688],[-41.008893,-13.053776],[-41.008327,-13.053887],[-41.007872,-13.053947],[-41.007681,-13.053979],[-41.00755,-13.054008],[-41.007383,-13.054054],[-41.006655,-13.054182],[-41.006491,-13.054216],[-41.006484,-13.054218],[-41.006177,-13.054262],[-41.005417,-13.054425],[-41.005149,-13.054459],[-41.004497,-13.054595],[-41.004355,-13.054633],[-41.003732,-13.054751],[-41.003416,-13.054828],[-41.003141,-13.054869],[-41.003128,-13.054872],[-41.002434,-13.055032],[-41.002328,-13.055047],[-41.002124,-13.055084],[-41.001496,-13.055421],[-41.00072,-13.055747],[-40.999702,-13.056089],[-40.999579,-13.056123],[-40.995752,-13.056633],[-40.987216,-13.061797],[-40.986349,-13.053011],[-40.986303,-13.052467],[-40.986255,-13.051372],[-40.98634,-13.049955],[-40.986551,-13.048698],[-40.986854,-13.047493],[-40.987645,-13.045224],[-40.98815,-13.043983],[-40.990505,-13.037341],[-40.992124,-13.037852],[-40.992991,-13.038086],[-40.993885,-13.03829],[-40.995201,-13.038535],[-40.995908,-13.038635],[-40.99685,-13.038737],[-40.998109,-13.038843],[-40.998534,-13.038859],[-40.998864,-13.038864],[-40.999982,-13.038843],[-41.000537,-13.038819],[-41.000885,-13.038794],[-41.001888,-13.038693],[-41.002398,-13.03862],[-41.003621,-13.038398],[-41.004277,-13.038264],[-41.005457,-13.03797],[-41.006028,-13.037813],[-41.006783,-13.037547],[-41.007727,-13.037188],[-41.008834,-13.036682],[-41.009916,-13.036152],[-41.010763,-13.035663],[-41.011606,-13.035154],[-41.011953,-13.034924],[-41.012376,-13.034634],[-41.012761,-13.034347],[-41.012712,-13.034143],[-41.012573,-13.033597],[-41.012558,-13.033543],[-41.012282,-13.032662],[-41.011975,-13.031749],[-41.01498,-13.027015],[-40.985095,-13.00359],[-40.987649,-12.994154],[-40.986043,-12.984014],[-40.984698,-12.981798],[-40.97914,-12.980987],[-40.976207,-12.982411],[-40.979859,-12.984025],[-40.9829,-12.992054],[-40.981109,-13.000465],[-40.983283,-13.005928],[-40.975682,-13.003242],[-40.967221,-12.996319],[-40.960414,-12.994064],[-40.960396,-12.993066],[-40.960452,-12.990959],[-40.960535,-12.98985],[-40.960618,-12.988713],[-40.960424,-12.98766],[-40.959509,-12.986107],[-40.958487,-12.983848],[-40.957984,-12.982087],[-40.957901,-12.980424],[-40.958206,-12.978732],[-40.958899,-12.977041],[-40.960258,-12.976099],[-40.961117,-12.975433],[-40.962614,-12.974962],[-40.964111,-12.974602],[-40.965581,-12.974186],[-40.966745,-12.973437],[-40.967632,-12.972079],[-40.967882,-12.970609],[-40.967882,-12.968419],[-40.968187,-12.966645],[-40.968852,-12.964732],[-40.969379,-12.963651],[-40.970211,-12.96329],[-40.970962,-12.963283],[-40.971569,-12.963567],[-40.97229,-12.964455],[-40.974064,-12.967532],[-40.974738,-12.96876],[-40.975644,-12.970859],[-40.976448,-12.973049],[-40.976959,-12.974099],[-40.97767,-12.975284],[-40.978483,-12.976131],[-40.979736,-12.976808],[-40.982072,-12.977079],[-40.984882,-12.976943],[-40.9882,-12.976131],[-40.990908,-12.975047],[-40.993109,-12.973625],[-40.994057,-12.972643],[-40.994328,-12.972068],[-40.994328,-12.971526],[-40.993854,-12.969799],[-40.99277,-12.967091],[-40.991145,-12.964721],[-40.987421,-12.96015],[-40.986744,-12.959439],[-40.985288,-12.958153],[-40.984728,-12.957155],[-40.984543,-12.956392],[-40.984645,-12.954937],[-40.986135,-12.952499],[-40.988335,-12.949113],[-40.988945,-12.947522],[-40.988945,-12.946236],[-40.988403,-12.944238],[-40.987785,-12.942257],[-40.987234,-12.940769],[-40.986575,-12.939464],[-40.985806,-12.938265],[-40.984616,-12.936629],[-40.983327,-12.935067],[-40.982113,-12.933828],[-40.98013,-12.932936],[-40.978593,-12.932365],[-40.977428,-12.931498],[-40.976808,-12.930382],[-40.976634,-12.928746],[-40.976585,-12.927457],[-40.976857,-12.926738],[-40.977675,-12.925846],[-40.97889,-12.925301],[-40.980105,-12.924929],[-40.981493,-12.923913],[-40.982757,-12.922177],[-40.983451,-12.919996],[-40.983402,-12.918335],[-40.98241,-12.915931],[-40.981865,-12.914617],[-40.981691,-12.913576],[-40.982038,-12.912559],[-40.982832,-12.911394],[-40.983922,-12.910626],[-40.985551,-12.910256],[-40.985558,-12.910254],[-40.987046,-12.910403],[-40.988781,-12.911122],[-40.990343,-12.912534],[-40.991855,-12.915038],[-40.992375,-12.916649],[-40.992921,-12.918434],[-40.993615,-12.919574],[-40.994185,-12.920095],[-40.99478,-12.920318],[-40.995895,-12.920393],[-40.997184,-12.919971],[-40.998424,-12.919029],[-40.999614,-12.917616],[-41.000506,-12.916873],[-41.00239,-12.914989],[-41.004423,-12.913377],[-41.005612,-12.912733],[-41.007125,-12.912237],[-41.008098,-12.911992],[-41.010203,-12.911466],[-41.012016,-12.911407],[-41.013624,-12.911758],[-41.015057,-12.91243],[-41.016665,-12.913571],[-41.017951,-12.914711],[-41.018664,-12.915122],[-41.019297,-12.91534],[-41.019975,-12.915397],[-40.967331,-12.793041],[-40.967377,-12.79299],[-40.967429,-12.792928],[-40.967454,-12.792895],[-40.967483,-12.792858],[-40.967516,-12.792815],[-40.967553,-12.792766],[-40.96757,-12.792743],[-40.967596,-12.792709],[-40.967646,-12.792645],[-40.967701,-12.792576],[-40.967755,-12.792507],[-40.96781,-12.792438],[-40.967867,-12.792364],[-40.967927,-12.792287],[-40.967989,-12.792205],[-40.968056,-12.792117],[-40.968126,-12.792024],[-40.9682,-12.791926],[-40.968277,-12.791827],[-40.968356,-12.791729],[-40.968436,-12.791633],[-40.968517,-12.79154],[-40.968599,-12.791454],[-40.968684,-12.791377],[-40.968771,-12.79131],[-40.968863,-12.79125],[-40.968962,-12.791196],[-40.969066,-12.791148],[-40.969175,-12.791107],[-40.969288,-12.791069],[-40.969404,-12.791034],[-40.969522,-12.791],[-40.96964,-12.790965],[-40.969759,-12.790931],[-40.969878,-12.790896],[-40.969997,-12.790863],[-40.970114,-12.790832],[-40.97023,-12.7908],[-40.970346,-12.790769],[-40.970462,-12.790737],[-40.970578,-12.790704],[-40.970693,-12.790673],[-40.970807,-12.790642],[-40.970917,-12.790612],[-40.97102,-12.790583],[-40.971117,-12.790553],[-40.971211,-12.790518],[-40.971304,-12.790478],[-40.971482,-12.790379],[-40.971567,-12.790317],[-40.971649,-12.790245],[-40.971725,-12.790166],[-40.971792,-12.790083],[-40.971846,-12.789995],[-40.971888,-12.789904],[-40.97192,-12.78981],[-40.971945,-12.789714],[-40.971968,-12.789616],[-40.971989,-12.789512],[-40.972007,-12.789404],[-40.972024,-12.789289],[-40.972039,-12.789168],[-40.972051,-12.789039],[-40.972064,-12.788906],[-40.972079,-12.788768],[-40.972094,-12.788625],[-40.972109,-12.788478],[-40.972124,-12.788329],[-40.972142,-12.788177],[-40.97216,-12.788025],[-40.972178,-12.787873],[-40.972196,-12.787718],[-40.972214,-12.78756],[-40.972233,-12.787398],[-40.972253,-12.787235],[-40.97227,-12.787071],[-40.972286,-12.786908],[-40.972302,-12.786749],[-40.972318,-12.786593],[-40.972334,-12.786438],[-40.972349,-12.786282],[-40.972365,-12.786124],[-40.972378,-12.785965],[-40.972391,-12.785806],[-40.972413,-12.785491],[-40.972539,-12.783688],[-40.972552,-12.783517],[-40.972564,-12.783347],[-40.972575,-12.783177],[-40.972586,-12.783009],[-40.972597,-12.782844],[-40.972608,-12.782679],[-40.972673,-12.781714],[-40.972685,-12.781554],[-40.972696,-12.781394],[-40.972707,-12.781233],[-40.972717,-12.781072],[-40.972726,-12.780912],[-40.972736,-12.780751],[-40.972748,-12.780588],[-40.972761,-12.780423],[-40.972775,-12.780257],[-40.972789,-12.780089],[-40.972802,-12.77992],[-40.972814,-12.77975],[-40.972826,-12.779577],[-40.972851,-12.779229],[-40.972862,-12.779052],[-40.972874,-12.778874],[-40.972886,-12.778694],[-40.972898,-12.778513],[-40.97291,-12.778336],[-40.972931,-12.777995],[-40.972982,-12.777199],[-40.973015,-12.776754],[-40.973027,-12.776601],[-40.973037,-12.776446],[-40.973048,-12.776287],[-40.97306,-12.776125],[-40.973071,-12.775962],[-40.973083,-12.775797],[-40.973094,-12.775633],[-40.973104,-12.77547],[-40.973114,-12.77531],[-40.973123,-12.775156],[-40.973131,-12.775007],[-40.973138,-12.774866],[-40.973143,-12.774732],[-40.973149,-12.774596],[-40.973156,-12.774459],[-40.973164,-12.774322],[-40.973174,-12.774185],[-40.973185,-12.774045],[-40.973195,-12.773904],[-40.973205,-12.773762],[-40.973216,-12.773617],[-40.973228,-12.77347],[-40.97324,-12.773321],[-40.973251,-12.773169],[-40.973261,-12.773013],[-40.973274,-12.772854],[-40.973287,-12.77269],[-40.973299,-12.772522],[-40.973311,-12.772351],[-40.973323,-12.772176],[-40.973333,-12.771999],[-40.973344,-12.771821],[-40.973355,-12.771642],[-40.973368,-12.771463],[-40.97338,-12.771283],[-40.973392,-12.771103],[-40.973403,-12.770926],[-40.973415,-12.770755],[-40.973424,-12.770591],[-40.973434,-12.770433],[-40.973442,-12.77028],[-40.97345,-12.770129],[-40.973457,-12.769981],[-40.973465,-12.769835],[-40.973475,-12.769691],[-40.973486,-12.769549],[-40.973497,-12.769412],[-40.973506,-12.769277],[-40.973516,-12.769144],[-40.973524,-12.76901],[-40.973533,-12.768875],[-40.973543,-12.76874],[-40.973553,-12.768606],[-40.973564,-12.768472],[-40.973573,-12.768338],[-40.973582,-12.768204],[-40.973591,-12.768071],[-40.9736,-12.767938],[-40.973609,-12.767802],[-40.973617,-12.767663],[-40.973624,-12.767522],[-40.973648,-12.767094],[-40.973726,-12.766128],[-40.973747,-12.765852],[-40.973805,-12.76495],[-40.973842,-12.764491],[-40.973892,-12.764057],[-40.973947,-12.763763],[-40.97402,-12.763462],[-40.974109,-12.763164],[-40.974214,-12.762873],[-40.974336,-12.762592],[-40.974609,-12.762033],[-40.974678,-12.761888],[-40.974747,-12.761742],[-40.974816,-12.761596],[-40.974887,-12.761449],[-40.974957,-12.761302],[-40.975028,-12.761154],[-40.975098,-12.761007],[-40.975169,-12.760862],[-40.975239,-12.760718],[-40.975304,-12.760582],[-40.975418,-12.760342],[-40.97558,-12.760003],[-40.975806,-12.759521],[-40.975984,-12.759142],[-40.976107,-12.75888],[-40.976171,-12.758745],[-40.976236,-12.758608],[-40.976302,-12.758469],[-40.976368,-12.758328],[-40.976435,-12.758185],[-40.976501,-12.758042],[-40.976567,-12.7579],[-40.976633,-12.757758],[-40.9767,-12.757617],[-40.976766,-12.757475],[-40.976833,-12.757334],[-40.9769,-12.757192],[-40.976966,-12.757051],[-40.977033,-12.756909],[-40.977237,-12.756472],[-40.977307,-12.756324],[-40.977379,-12.756176],[-40.97745,-12.756029],[-40.977521,-12.755886],[-40.977589,-12.755746],[-40.977653,-12.755611],[-40.977715,-12.75548],[-40.977773,-12.755353],[-40.977829,-12.75523],[-40.977886,-12.755109],[-40.977943,-12.754988],[-40.978002,-12.754865],[-40.978061,-12.75474],[-40.978121,-12.754612],[-40.978182,-12.754483],[-40.978303,-12.754227],[-40.978361,-12.754104],[-40.978417,-12.753985],[-40.978473,-12.753866],[-40.978529,-12.753747],[-40.978586,-12.753627],[-40.978645,-12.753504],[-40.978704,-12.753379],[-40.978765,-12.753251],[-40.978826,-12.753119],[-40.978884,-12.752992],[-40.978938,-12.752879],[-40.978991,-12.752776],[-40.979041,-12.752675],[-40.979086,-12.752577],[-40.979179,-12.752376],[-40.979559,-12.751544],[-40.979715,-12.751155],[-40.979803,-12.750882],[-40.979845,-12.750737],[-40.979883,-12.750586],[-40.979919,-12.750429],[-40.97995,-12.750265],[-40.979978,-12.750098],[-40.980002,-12.749927],[-40.980024,-12.749753],[-40.980045,-12.749577],[-40.980067,-12.749401],[-40.980089,-12.749226],[-40.98011,-12.749053],[-40.980133,-12.748883],[-40.980157,-12.748716],[-40.980182,-12.748552],[-40.980206,-12.748391],[-40.980229,-12.748233],[-40.98025,-12.748076],[-40.980291,-12.747763],[-40.980372,-12.74716],[-40.980432,-12.746707],[-40.98052,-12.746071],[-40.980568,-12.745736],[-40.980592,-12.745564],[-40.980615,-12.745391],[-40.980638,-12.745218],[-40.980661,-12.745047],[-40.980683,-12.744878],[-40.980708,-12.744711],[-40.980732,-12.744548],[-40.980754,-12.744386],[-40.980776,-12.744226],[-40.980798,-12.744068],[-40.98082,-12.743911],[-40.980843,-12.743755],[-40.980865,-12.7436],[-40.980887,-12.743445],[-40.98091,-12.743288],[-40.980955,-12.742976],[-40.981001,-12.742659],[-40.981024,-12.742499],[-40.981069,-12.742174],[-40.981113,-12.741847],[-40.981135,-12.741684],[-40.981156,-12.74152],[-40.981178,-12.741358],[-40.9812,-12.741194],[-40.981223,-12.741031],[-40.981246,-12.740869],[-40.981269,-12.740708],[-40.981293,-12.740545],[-40.981318,-12.74038],[-40.981343,-12.740213],[-40.981367,-12.740044],[-40.98139,-12.739875],[-40.981412,-12.739709],[-40.981435,-12.739546],[-40.981459,-12.739385],[-40.981483,-12.739228],[-40.981511,-12.739074],[-40.981542,-12.738923],[-40.981574,-12.738776],[-40.981608,-12.73863],[-40.981644,-12.738489],[-40.98168,-12.738356],[-40.981716,-12.738231],[-40.981751,-12.738114],[-40.981786,-12.738002],[-40.981821,-12.737897],[-40.981856,-12.737799],[-40.98189,-12.737702],[-40.981925,-12.737605],[-40.981962,-12.737505],[-40.981997,-12.737407],[-40.982028,-12.737314],[-40.982058,-12.737225],[-40.982088,-12.737136],[-40.982116,-12.737047],[-40.982142,-12.736959],[-40.982164,-12.736871],[-40.982183,-12.736781],[-40.982198,-12.73669],[-40.98221,-12.736596],[-40.982217,-12.736498],[-40.982219,-12.736395],[-40.982219,-12.736286],[-40.982217,-12.736172],[-40.982214,-12.736052],[-40.982209,-12.735929],[-40.982204,-12.735806],[-40.982198,-12.735682],[-40.982191,-12.735556],[-40.982185,-12.735424],[-40.982173,-12.735153],[-40.982166,-12.735017],[-40.98216,-12.734883],[-40.982153,-12.734747],[-40.982146,-12.734611],[-40.982141,-12.734474],[-40.982135,-12.734337],[-40.98213,-12.734198],[-40.982124,-12.734059],[-40.982116,-12.733921],[-40.982109,-12.733781],[-40.982102,-12.733641],[-40.982096,-12.733501],[-40.982088,-12.733367],[-40.982076,-12.733244],[-40.982066,-12.733136],[-40.982061,-12.733038],[-40.982062,-12.732944],[-40.982062,-12.732852],[-40.982061,-12.732757],[-40.982058,-12.732658],[-40.982053,-12.732556],[-40.982045,-12.732451],[-40.982038,-12.732344],[-40.982029,-12.732235],[-40.982019,-12.732126],[-40.982007,-12.732019],[-40.981994,-12.73191],[-40.981983,-12.731799],[-40.981976,-12.731686],[-40.981971,-12.73157],[-40.981967,-12.731448],[-40.981964,-12.731319],[-40.98196,-12.731188],[-40.981956,-12.731057],[-40.981951,-12.730927],[-40.981946,-12.730793],[-40.981934,-12.73051],[-40.981906,-12.729912],[-40.98189,-12.729617],[-40.981871,-12.729183],[-40.981854,-12.728741],[-40.981847,-12.728591],[-40.981833,-12.728285],[-40.981818,-12.727974],[-40.98181,-12.727816],[-40.981801,-12.727656],[-40.981792,-12.727496],[-40.981784,-12.727334],[-40.981776,-12.727171],[-40.981768,-12.72701],[-40.98176,-12.726853],[-40.981753,-12.726703],[-40.981745,-12.726556],[-40.981726,-12.726274],[-40.981716,-12.726139],[-40.98171,-12.72601],[-40.981706,-12.725886],[-40.981703,-12.725765],[-40.981699,-12.725647],[-40.981695,-12.72553],[-40.981692,-12.725414],[-40.98169,-12.725299],[-40.981685,-12.725182],[-40.98168,-12.725061],[-40.981675,-12.72494],[-40.98167,-12.724817],[-40.98165,-12.724437],[-40.981643,-12.724313],[-40.981637,-12.724189],[-40.98163,-12.724065],[-40.981623,-12.723942],[-40.981616,-12.723817],[-40.981611,-12.723693],[-40.981605,-12.723568],[-40.981599,-12.723442],[-40.981594,-12.723315],[-40.98159,-12.723186],[-40.981586,-12.723053],[-40.981582,-12.722919],[-40.981577,-12.722783],[-40.98157,-12.722644],[-40.981563,-12.722502],[-40.981556,-12.722358],[-40.981549,-12.722211],[-40.981542,-12.722062],[-40.981536,-12.721912],[-40.981531,-12.72176],[-40.981528,-12.721609],[-40.981525,-12.721459],[-40.981513,-12.721153],[-40.981505,-12.720999],[-40.981496,-12.720847],[-40.981486,-12.720701],[-40.981477,-12.720563],[-40.981468,-12.720434],[-40.98146,-12.720307],[-40.981443,-12.719918],[-40.981435,-12.719785],[-40.981426,-12.719651],[-40.981415,-12.719516],[-40.981405,-12.719381],[-40.981398,-12.719243],[-40.981392,-12.719102],[-40.981387,-12.71896],[-40.981382,-12.718815],[-40.981378,-12.718666],[-40.981374,-12.718513],[-40.98137,-12.718358],[-40.981364,-12.718199],[-40.981355,-12.718037],[-40.981345,-12.717872],[-40.981337,-12.717705],[-40.981328,-12.717536],[-40.981319,-12.717366],[-40.981311,-12.717195],[-40.981304,-12.717024],[-40.981298,-12.716853],[-40.98129,-12.716684],[-40.981282,-12.716516],[-40.981273,-12.716352],[-40.981264,-12.716193],[-40.981255,-12.716039],[-40.981247,-12.71589],[-40.981239,-12.715747],[-40.981232,-12.71561],[-40.981226,-12.715476],[-40.981221,-12.71535],[-40.981217,-12.714952],[-40.98121,-12.714867],[-40.981202,-12.714782],[-40.981194,-12.714699],[-40.981185,-12.714615],[-40.981175,-12.714529],[-40.981163,-12.71444],[-40.981149,-12.714349],[-40.981133,-12.714255],[-40.981116,-12.714161],[-40.9811,-12.714068],[-40.981085,-12.713979],[-40.98107,-12.713893],[-40.981057,-12.71381],[-40.981042,-12.713729],[-40.981025,-12.713648],[-40.981006,-12.713566],[-40.980984,-12.713483],[-40.98096,-12.713403],[-40.980934,-12.713323],[-40.980906,-12.713243],[-40.980833,-12.713071],[-40.980799,-12.71299],[-40.980747,-12.712885],[-40.980685,-12.712742],[-40.980647,-12.712638],[-40.980581,-12.7125],[-40.980473,-12.712214],[-40.980402,-12.712059],[-40.980307,-12.711845],[-40.98014,-12.711584],[-40.980009,-12.711405],[-40.979855,-12.711096],[-40.979653,-12.710846],[-40.979545,-12.710608],[-40.979426,-12.71037],[-40.979236,-12.710144],[-40.979081,-12.709894],[-40.978867,-12.70949],[-40.978641,-12.709049],[-40.978427,-12.708704],[-40.978153,-12.708288],[-40.977868,-12.707824],[-40.977606,-12.70736],[-40.977356,-12.706991],[-40.977118,-12.706658],[-40.976904,-12.706218],[-40.976535,-12.705683],[-40.976262,-12.705195],[-40.976012,-12.704755],[-40.975845,-12.704493],[-40.975703,-12.704195],[-40.97556,-12.703969],[-40.975358,-12.703672],[-40.975203,-12.703398],[-40.97506,-12.703208],[-40.974953,-12.702946],[-40.97481,-12.702696],[-40.974775,-12.702411],[-40.974739,-12.702137],[-40.974727,-12.701828],[-40.974775,-12.701614],[-40.97481,-12.701257],[-40.974834,-12.701054],[-40.974911,-12.700793],[-40.974916,-12.700804],[-40.974924,-12.700847],[-40.974944,-12.700879],[-40.974974,-12.700898],[-40.975005,-12.700909],[-40.975042,-12.700912],[-40.975089,-12.700911],[-40.975145,-12.700911],[-40.975213,-12.700911],[-40.975289,-12.700911],[-40.97537,-12.70091],[-40.975456,-12.700908],[-40.975547,-12.700907],[-40.975645,-12.700905],[-40.975747,-12.700905],[-40.975851,-12.700903],[-40.975956,-12.700899],[-40.976069,-12.700898],[-40.976191,-12.700896],[-40.976317,-12.700894],[-40.976444,-12.700887],[-40.976572,-12.700878],[-40.976702,-12.700867],[-40.976832,-12.700855],[-40.97696,-12.700844],[-40.977089,-12.700832],[-40.977216,-12.70082],[-40.97734,-12.700807],[-40.97746,-12.700795],[-40.977573,-12.700783],[-40.977678,-12.700769],[-40.977776,-12.700755],[-40.97787,-12.700739],[-40.977963,-12.700725],[-40.978056,-12.700715],[-40.978156,-12.700709],[-40.978264,-12.700705],[-40.978376,-12.700702],[-40.978492,-12.700701],[-40.978611,-12.700701],[-40.97873,-12.7007],[-40.978849,-12.700699],[-40.978966,-12.700696],[-40.979195,-12.70069],[-40.979701,-12.700682],[-40.979871,-12.700675],[-40.980099,-12.700662],[-40.980505,-12.700643],[-40.980849,-12.700646],[-40.980935,-12.700643],[-40.981206,-12.700632],[-40.981398,-12.700641],[-40.981619,-12.700656],[-40.98239,-12.700679],[-40.983036,-12.700655],[-40.983273,-12.700659],[-40.983365,-12.700645],[-41.007442,-12.62111],[-40.983443,-12.577134],[-40.978506,-12.565884],[-40.982872,-12.557654],[-40.982869,-12.557383],[-40.982876,-12.557281],[-40.982915,-12.556996],[-40.9829,-12.556814],[-40.982864,-12.556612],[-40.982849,-12.556507],[-40.982841,-12.556397],[-40.982845,-12.556177],[-40.982847,-12.555963],[-40.982826,-12.55553],[-40.98285,-12.555323],[-40.982859,-12.55522],[-40.982859,-12.555118],[-40.982841,-12.554906],[-40.982821,-12.554675],[-40.982818,-12.554557],[-40.982819,-12.554443],[-40.98282,-12.554334],[-40.982824,-12.554235],[-40.98283,-12.554151],[-40.98283,-12.554081],[-40.982823,-12.554024],[-40.982816,-12.55397],[-40.982811,-12.553915],[-40.98281,-12.553859],[-40.982811,-12.553801],[-40.982812,-12.553739],[-40.982814,-12.553673],[-40.98282,-12.553602],[-40.982825,-12.55353],[-40.982827,-12.553458],[-40.982827,-12.553383],[-40.982825,-12.553304],[-40.982822,-12.553141],[-40.982816,-12.552847],[-40.982813,-12.552785],[-40.982807,-12.552725],[-40.982778,-12.552601],[-40.982739,-12.55246],[-40.982721,-12.552385],[-40.982706,-12.552306],[-40.982692,-12.552223],[-40.982679,-12.552138],[-40.982667,-12.552052],[-40.982655,-12.551967],[-40.982644,-12.551888],[-40.982636,-12.551814],[-40.982629,-12.551744],[-40.982618,-12.551677],[-40.982607,-12.551606],[-40.982598,-12.551532],[-40.982588,-12.551451],[-40.982578,-12.551365],[-40.982563,-12.551275],[-40.982546,-12.55118],[-40.982528,-12.551084],[-40.982509,-12.550988],[-40.98249,-12.55089],[-40.982473,-12.550795],[-40.982461,-12.55071],[-40.982452,-12.550635],[-40.982447,-12.550566],[-40.982445,-12.550499],[-40.982441,-12.550435],[-40.982435,-12.550373],[-40.982427,-12.550312],[-40.982419,-12.550253],[-40.982413,-12.550192],[-40.982408,-12.550123],[-40.9824,-12.550046],[-40.982382,-12.549874],[-40.982317,-12.549413],[-40.982285,-12.549206],[-40.982271,-12.549099],[-40.982257,-12.54899],[-40.982225,-12.548767],[-40.982208,-12.54866],[-40.982196,-12.548558],[-40.982189,-12.548464],[-40.982181,-12.54838],[-40.982167,-12.5483],[-40.982147,-12.548221],[-40.982121,-12.548147],[-40.982082,-12.548079],[-40.982039,-12.548014],[-40.981994,-12.547951],[-40.981948,-12.547888],[-40.981901,-12.547824],[-40.981856,-12.547758],[-40.981814,-12.547688],[-40.981773,-12.547613],[-40.981728,-12.547534],[-40.981676,-12.547451],[-40.981621,-12.547367],[-40.981565,-12.547283],[-40.981509,-12.547196],[-40.981454,-12.547106],[-40.981401,-12.547013],[-40.981348,-12.546918],[-40.981293,-12.546831],[-40.981239,-12.546758],[-40.981146,-12.546648],[-40.980964,-12.546426],[-40.980871,-12.546287],[-40.980788,-12.546157],[-40.980726,-12.546029],[-40.980706,-12.545965],[-40.98069,-12.545899],[-40.980675,-12.545833],[-40.980662,-12.545763],[-40.980645,-12.545697],[-40.980621,-12.545638],[-40.980528,-12.54546],[-40.980487,-12.545388],[-40.980332,-12.545168],[-40.980282,-12.545089],[-40.980241,-12.545009],[-40.980209,-12.544928],[-40.980162,-12.544772],[-40.980135,-12.544613],[-40.980135,-12.544531],[-40.980154,-12.544449],[-40.980203,-12.54429],[-40.980215,-12.54422],[-40.980215,-12.544157],[-40.98021,-12.544097],[-40.980204,-12.544032],[-40.980199,-12.543963],[-40.980193,-12.543894],[-40.980187,-12.543831],[-40.980184,-12.543776],[-40.980181,-12.543733],[-40.980178,-12.543698],[-40.980176,-12.543664],[-40.980175,-12.54363],[-40.980174,-12.543597],[-40.980173,-12.543563],[-40.980172,-12.543526],[-40.980171,-12.54349],[-40.980169,-12.543452],[-40.980166,-12.543414],[-40.980163,-12.543377],[-40.98016,-12.543344],[-40.980156,-12.543312],[-40.980151,-12.54328],[-40.980146,-12.543248],[-40.98014,-12.54321],[-40.980131,-12.543165],[-40.98012,-12.543117],[-40.980108,-12.543067],[-40.980099,-12.543018],[-40.980087,-12.542929],[-40.980078,-12.542848],[-40.980073,-12.542813],[-40.980066,-12.542781],[-40.980058,-12.542751],[-40.980051,-12.542726],[-40.980047,-12.542704],[-40.980044,-12.542689],[-40.980044,-12.542681],[-40.980042,-12.542677],[-40.980041,-12.542672],[-40.980041,-12.542666],[-40.980041,-12.542661],[-40.980039,-12.542655],[-40.980035,-12.542649],[-40.980031,-12.542638],[-40.980026,-12.542622],[-40.980021,-12.542601],[-40.980015,-12.54258],[-40.980011,-12.542558],[-40.980007,-12.542533],[-40.979999,-12.542509],[-40.979989,-12.542484],[-40.979979,-12.542459],[-40.979969,-12.542437],[-40.97996,-12.542415],[-40.979948,-12.54239],[-40.979932,-12.542359],[-40.979911,-12.542323],[-40.979886,-12.542283],[-40.979859,-12.542241],[-40.979831,-12.542197],[-40.9798,-12.542151],[-40.979765,-12.542101],[-40.979725,-12.542048],[-40.979683,-12.541994],[-40.979641,-12.541939],[-40.9796,-12.541879],[-40.97956,-12.541815],[-40.979518,-12.541748],[-40.979478,-12.541677],[-40.979445,-12.541604],[-40.979417,-12.541536],[-40.979397,-12.541474],[-40.979385,-12.541416],[-40.979378,-12.541358],[-40.979377,-12.541299],[-40.979382,-12.541237],[-40.979394,-12.541174],[-40.979411,-12.541113],[-40.979435,-12.541061],[-40.979467,-12.541017],[-40.979508,-12.540977],[-40.979559,-12.540942],[-40.979619,-12.540905],[-40.979686,-12.540865],[-40.979758,-12.540823],[-40.979834,-12.540778],[-40.979914,-12.540729],[-40.98,-12.540678],[-40.98009,-12.540624],[-40.980182,-12.540569],[-40.980275,-12.540515],[-40.980365,-12.540462],[-40.980451,-12.540407],[-40.980534,-12.540353],[-40.980614,-12.540299],[-40.980686,-12.540251],[-40.980744,-12.540213],[-40.98079,-12.540183],[-40.980832,-12.540158],[-40.980876,-12.540133],[-40.980922,-12.540105],[-40.980972,-12.540072],[-40.98102,-12.540036],[-40.981065,-12.539997],[-40.981103,-12.539955],[-40.981136,-12.539903],[-40.981169,-12.539839],[-40.981202,-12.539769],[-40.981235,-12.539696],[-40.98127,-12.539624],[-40.981302,-12.539554],[-40.981336,-12.539487],[-40.981372,-12.53942],[-40.981406,-12.539353],[-40.981436,-12.539292],[-40.981461,-12.539241],[-40.981483,-12.539199],[-40.981502,-12.539162],[-40.981521,-12.539126],[-40.981542,-12.539085],[-40.981567,-12.539034],[-40.981593,-12.538978],[-40.981619,-12.538921],[-40.981639,-12.538873],[-40.981653,-12.538839],[-40.981662,-12.538811],[-40.981671,-12.538783],[-40.981687,-12.538748],[-40.981711,-12.538708],[-40.981739,-12.538666],[-40.981768,-12.538622],[-40.981794,-12.53858],[-40.98182,-12.538543],[-40.981844,-12.538509],[-40.981867,-12.538478],[-40.981891,-12.538452],[-40.981913,-12.538429],[-40.981934,-12.538407],[-40.981962,-12.538388],[-40.981999,-12.538374],[-40.982045,-12.538368],[-40.982097,-12.538371],[-40.982154,-12.538386],[-40.982211,-12.538407],[-40.982272,-12.538429],[-40.982336,-12.538454],[-40.982406,-12.538481],[-40.982482,-12.538509],[-40.982557,-12.538535],[-40.982628,-12.538561],[-40.982687,-12.538586],[-40.982731,-12.538604],[-40.982767,-12.538617],[-40.982798,-12.538628],[-40.982827,-12.538639],[-40.982857,-12.538649],[-40.982886,-12.538659],[-40.982912,-12.538669],[-40.982937,-12.538681],[-40.982964,-12.538692],[-40.982994,-12.538702],[-40.983027,-12.538713],[-40.983061,-12.538726],[-40.983096,-12.538741],[-40.983134,-12.538757],[-40.983177,-12.538774],[-40.983222,-12.538793],[-40.983266,-12.538815],[-40.983307,-12.538836],[-40.983345,-12.538857],[-40.983383,-12.538877],[-40.983421,-12.538898],[-40.98346,-12.538918],[-40.983505,-12.538938],[-40.983559,-12.538959],[-40.983617,-12.538979],[-40.983673,-12.538999],[-40.983724,-12.539019],[-40.983765,-12.539036],[-40.9838,-12.539053],[-40.983839,-12.539069],[-40.983882,-12.539086],[-40.98393,-12.539104],[-40.983982,-12.539126],[-40.984038,-12.53915],[-40.984099,-12.539177],[-40.984161,-12.539205],[-40.984223,-12.539232],[-40.984281,-12.539254],[-40.984332,-12.539267],[-40.984373,-12.53927],[-40.984402,-12.539266],[-40.984424,-12.539259],[-40.984442,-12.539251],[-40.98446,-12.539237],[-40.98448,-12.539215],[-40.9845,-12.539183],[-40.984521,-12.539142],[-40.984545,-12.539095],[-40.984572,-12.539046],[-40.984601,-12.538996],[-40.984631,-12.538944],[-40.984661,-12.538894],[-40.984686,-12.53885],[-40.984706,-12.538808],[-40.984724,-12.538762],[-40.984741,-12.538712],[-40.984758,-12.538661],[-40.984776,-12.538612],[-40.984792,-12.538571],[-40.984803,-12.538537],[-40.984814,-12.53851],[-40.984823,-12.53849],[-40.984833,-12.53847],[-40.984847,-12.538446],[-40.984865,-12.538412],[-40.984882,-12.538372],[-40.984901,-12.538329],[-40.984939,-12.538218],[-40.984987,-12.53808],[-40.985017,-12.538008],[-40.985048,-12.537937],[-40.985079,-12.53787],[-40.985104,-12.537809],[-40.985132,-12.537695],[-40.985161,-12.537591],[-40.985184,-12.537522],[-40.985209,-12.537455],[-40.985225,-12.53741],[-40.985265,-12.537314],[-40.985292,-12.537235],[-40.985316,-12.537169],[-40.985341,-12.537106],[-40.985359,-12.537068],[-40.985365,-12.537054],[-40.985369,-12.537046],[-40.985371,-12.537044],[-40.985373,-12.53704],[-40.985374,-12.537039],[-40.98538,-12.537027],[-40.985387,-12.537021],[-40.985391,-12.53701],[-40.985397,-12.536968],[-40.985407,-12.536905],[-40.985417,-12.536869],[-40.985434,-12.536835],[-40.985452,-12.536801],[-40.985467,-12.53677],[-40.985478,-12.536744],[-40.985487,-12.53672],[-40.985493,-12.536691],[-40.985494,-12.536654],[-40.985486,-12.53661],[-40.985471,-12.536567],[-40.98545,-12.536525],[-40.985422,-12.53648],[-40.985389,-12.536431],[-40.985348,-12.536376],[-40.985298,-12.536314],[-40.985242,-12.536247],[-40.985185,-12.536175],[-40.985125,-12.5361],[-40.985068,-12.536024],[-40.985009,-12.53595],[-40.984948,-12.535883],[-40.984887,-12.53582],[-40.984825,-12.535759],[-40.984763,-12.535695],[-40.984636,-12.535552],[-40.984309,-12.535127],[-40.984269,-12.535086],[-40.984168,-12.535008],[-40.984133,-12.534978],[-40.984098,-12.534941],[-40.984071,-12.534892],[-40.984036,-12.534782],[-40.98402,-12.534723],[-40.983979,-12.534601],[-40.983917,-12.534495],[-40.98385,-12.534421],[-40.983823,-12.534401],[-40.983805,-12.534387],[-40.983794,-12.534378],[-40.983787,-12.534373],[-40.983776,-12.534369],[-40.983728,-12.534366],[-40.983653,-12.534364],[-40.983499,-12.534349],[-40.983442,-12.534342],[-40.983319,-12.534307],[-40.983261,-12.534276],[-40.98321,-12.534235],[-40.983162,-12.534186],[-40.983117,-12.534136],[-40.983074,-12.53409],[-40.982988,-12.534013],[-40.982902,-12.533939],[-40.982858,-12.533896],[-40.982812,-12.533847],[-40.982763,-12.533794],[-40.982717,-12.533736],[-40.982676,-12.533676],[-40.982637,-12.533621],[-40.982555,-12.533528],[-40.982506,-12.533486],[-40.982454,-12.533447],[-40.982399,-12.53341],[-40.982338,-12.533377],[-40.982272,-12.533344],[-40.982199,-12.53331],[-40.982121,-12.533275],[-40.982043,-12.53324],[-40.981966,-12.533205],[-40.981885,-12.533172],[-40.981803,-12.53314],[-40.981718,-12.533109],[-40.981537,-12.533053],[-40.981349,-12.532994],[-40.981263,-12.532956],[-40.981185,-12.532911],[-40.981116,-12.532858],[-40.981057,-12.532796],[-40.981007,-12.53273],[-40.98097,-12.532666],[-40.980904,-12.532452],[-40.980877,-12.532401],[-40.980806,-12.532308],[-40.98077,-12.532262],[-40.980707,-12.532172],[-40.98064,-12.532078],[-40.980608,-12.532027],[-40.98055,-12.531923],[-40.980531,-12.531874],[-40.980511,-12.531829],[-40.980481,-12.531793],[-40.98044,-12.53177],[-40.980392,-12.531753],[-40.980285,-12.531715],[-40.980234,-12.53168],[-40.980182,-12.531637],[-40.980129,-12.531591],[-40.980074,-12.531543],[-40.980019,-12.531495],[-40.979967,-12.531445],[-40.979918,-12.531388],[-40.979877,-12.531321],[-40.979818,-12.531161],[-40.979772,-12.530991],[-40.979751,-12.5309],[-40.979736,-12.530806],[-40.979723,-12.530711],[-40.979708,-12.530618],[-40.979691,-12.530526],[-40.979673,-12.530433],[-40.979653,-12.530343],[-40.979631,-12.530259],[-40.979609,-12.530179],[-40.979587,-12.5301],[-40.979569,-12.530025],[-40.979559,-12.529952],[-40.97956,-12.529885],[-40.979564,-12.529824],[-40.979565,-12.529769],[-40.979559,-12.529718],[-40.979545,-12.529671],[-40.979528,-12.529628],[-40.979512,-12.529586],[-40.979502,-12.529538],[-40.979499,-12.529491],[-40.97951,-12.529443],[-40.979531,-12.529397],[-40.979661,-12.529148],[-40.979693,-12.5291],[-40.979729,-12.529051],[-40.979767,-12.529001],[-40.979804,-12.528951],[-40.979835,-12.5289],[-40.979862,-12.528849],[-40.979885,-12.528793],[-40.979905,-12.528733],[-40.979921,-12.528669],[-40.979932,-12.528599],[-40.979939,-12.528525],[-40.979945,-12.528451],[-40.979948,-12.528377],[-40.979948,-12.528301],[-40.979942,-12.528224],[-40.979929,-12.528148],[-40.979911,-12.528077],[-40.979889,-12.528011],[-40.979867,-12.527952],[-40.979848,-12.527901],[-40.979828,-12.527855],[-40.9798,-12.527815],[-40.979761,-12.52778],[-40.979714,-12.52775],[-40.979665,-12.527726],[-40.979619,-12.527705],[-40.979579,-12.527682],[-40.979542,-12.527656],[-40.97951,-12.527622],[-40.979485,-12.527581],[-40.979464,-12.527533],[-40.979449,-12.527479],[-40.979439,-12.52742],[-40.979435,-12.527362],[-40.979435,-12.527258],[-40.979428,-12.52721],[-40.979417,-12.527163],[-40.979405,-12.52711],[-40.979394,-12.527053],[-40.979378,-12.526993],[-40.979361,-12.526929],[-40.979343,-12.526859],[-40.979325,-12.526785],[-40.979308,-12.526709],[-40.979293,-12.526628],[-40.97928,-12.526546],[-40.979271,-12.526461],[-40.979257,-12.526293],[-40.979248,-12.526146],[-40.97923,-12.526013],[-40.979193,-12.525873],[-40.97917,-12.525801],[-40.979146,-12.525729],[-40.979122,-12.525656],[-40.979104,-12.525586],[-40.979088,-12.525522],[-40.979074,-12.525465],[-40.979058,-12.525417],[-40.979042,-12.525373],[-40.979025,-12.525331],[-40.979007,-12.525287],[-40.97899,-12.525238],[-40.978975,-12.525185],[-40.978959,-12.525128],[-40.978941,-12.52507],[-40.978921,-12.52501],[-40.9789,-12.524949],[-40.978879,-12.524888],[-40.978861,-12.524822],[-40.978847,-12.524753],[-40.978835,-12.524683],[-40.978824,-12.524611],[-40.978809,-12.52454],[-40.978794,-12.52447],[-40.978775,-12.524398],[-40.978758,-12.524323],[-40.978747,-12.524247],[-40.978737,-12.524173],[-40.978726,-12.5241],[-40.978714,-12.52403],[-40.978701,-12.523963],[-40.978689,-12.523902],[-40.978678,-12.523845],[-40.978667,-12.523789],[-40.978658,-12.523736],[-40.978652,-12.523686],[-40.978647,-12.523639],[-40.978644,-12.523595],[-40.978644,-12.523553],[-40.978644,-12.523513],[-40.978646,-12.523475],[-40.978649,-12.523437],[-40.978653,-12.523368],[-40.978658,-12.523294],[-40.978663,-12.52322],[-40.97867,-12.523169],[-40.978672,-12.523157],[-40.978714,-12.523039],[-40.978769,-12.522913],[-40.978778,-12.522892],[-40.978825,-12.522835],[-40.978858,-12.522802],[-40.978888,-12.522773],[-40.978926,-12.522739],[-40.978951,-12.522712],[-40.978978,-12.522677],[-40.979005,-12.522639],[-40.979051,-12.522554],[-40.979103,-12.522448],[-40.979152,-12.52235],[-40.979193,-12.522268],[-40.979209,-12.522224],[-40.97922,-12.522175],[-40.979224,-12.522128],[-40.979223,-12.522086],[-40.979219,-12.522044],[-40.979212,-12.521997],[-40.979204,-12.521945],[-40.979194,-12.521889],[-40.979183,-12.521833],[-40.979169,-12.521779],[-40.979155,-12.521726],[-40.97914,-12.521675],[-40.979126,-12.52163],[-40.979112,-12.521588],[-40.979097,-12.521547],[-40.979079,-12.521505],[-40.979061,-12.521461],[-40.979043,-12.521415],[-40.97903,-12.521366],[-40.979021,-12.521315],[-40.979009,-12.521262],[-40.978993,-12.521205],[-40.978975,-12.521144],[-40.978954,-12.52108],[-40.978932,-12.521014],[-40.978906,-12.520948],[-40.97888,-12.520881],[-40.978855,-12.520812],[-40.978829,-12.520742],[-40.978804,-12.52067],[-40.978779,-12.5206],[-40.978755,-12.520531],[-40.978731,-12.520462],[-40.978708,-12.520395],[-40.978686,-12.520329],[-40.978663,-12.520263],[-40.978639,-12.520196],[-40.978615,-12.520128],[-40.978591,-12.52006],[-40.978567,-12.519992],[-40.978545,-12.519926],[-40.978522,-12.51986],[-40.978498,-12.519791],[-40.978473,-12.519721],[-40.978446,-12.519652],[-40.978419,-12.519585],[-40.978393,-12.519519],[-40.978371,-12.519454],[-40.978351,-12.51939],[-40.978333,-12.519327],[-40.978316,-12.519263],[-40.978298,-12.519196],[-40.978276,-12.519128],[-40.978251,-12.51906],[-40.978227,-12.518994],[-40.978202,-12.518928],[-40.978177,-12.518863],[-40.978152,-12.518797],[-40.978128,-12.518728],[-40.978103,-12.518657],[-40.978079,-12.518583],[-40.978052,-12.518507],[-40.978024,-12.518427],[-40.977995,-12.518346],[-40.977964,-12.518267],[-40.977937,-12.518193],[-40.977912,-12.518124],[-40.977889,-12.518058],[-40.977868,-12.517996],[-40.977848,-12.517942],[-40.977832,-12.517897],[-40.977816,-12.517864],[-40.977799,-12.517839],[-40.977781,-12.517818],[-40.977762,-12.517799],[-40.977744,-12.517779],[-40.977725,-12.517758],[-40.977711,-12.517736],[-40.977701,-12.517714],[-40.977692,-12.517696],[-40.977683,-12.517681],[-40.977676,-12.517663],[-40.977669,-12.517639],[-40.97766,-12.51761],[-40.977651,-12.517578],[-40.977641,-12.517544],[-40.97763,-12.51751],[-40.97762,-12.517475],[-40.977612,-12.517441],[-40.977608,-12.51741],[-40.977609,-12.51739],[-40.977607,-12.517384],[-40.977588,-12.517344],[-40.977579,-12.517317],[-40.977573,-12.517289],[-40.977565,-12.517261],[-40.977557,-12.517234],[-40.977549,-12.517206],[-40.977541,-12.517178],[-40.977534,-12.51715],[-40.977525,-12.517121],[-40.977504,-12.517059],[-40.977492,-12.517025],[-40.977479,-12.516989],[-40.977467,-12.516949],[-40.977455,-12.516905],[-40.977441,-12.516863],[-40.977421,-12.516821],[-40.977396,-12.51678],[-40.977368,-12.51674],[-40.97734,-12.516699],[-40.977309,-12.51666],[-40.977278,-12.516623],[-40.977246,-12.516586],[-40.977213,-12.516551],[-40.977181,-12.516519],[-40.97715,-12.516491],[-40.97712,-12.516467],[-40.97709,-12.516446],[-40.977062,-12.516427],[-40.977032,-12.516409],[-40.977005,-12.516391],[-40.97698,-12.51637],[-40.976952,-12.516349],[-40.976922,-12.516324],[-40.97689,-12.516296],[-40.976858,-12.516269],[-40.976826,-12.516243],[-40.976794,-12.516218],[-40.97676,-12.516191],[-40.976726,-12.516165],[-40.976692,-12.51614],[-40.976662,-12.516117],[-40.976632,-12.516094],[-40.9766,-12.516071],[-40.976565,-12.516045],[-40.976527,-12.516017],[-40.976489,-12.51599],[-40.976452,-12.515966],[-40.976418,-12.515943],[-40.976384,-12.515922],[-40.97635,-12.5159],[-40.976311,-12.515876],[-40.976268,-12.515848],[-40.976225,-12.515815],[-40.97614,-12.515748],[-40.976099,-12.515714],[-40.976025,-12.515645],[-40.975987,-12.51561],[-40.975949,-12.515575],[-40.975911,-12.515538],[-40.975872,-12.515499],[-40.975797,-12.515412],[-40.975739,-12.515321],[-40.975696,-12.515219],[-40.975632,-12.515031],[-40.975593,-12.51492],[-40.975563,-12.514835],[-40.975552,-12.514802],[-40.975541,-12.51477],[-40.975529,-12.514736],[-40.975516,-12.514699],[-40.975487,-12.5146],[-40.975428,-12.514355],[-40.97537,-12.514075],[-40.975355,-12.513988],[-40.975335,-12.513889],[-40.975319,-12.513832],[-40.975301,-12.51377],[-40.975282,-12.5137],[-40.975264,-12.513628],[-40.975249,-12.513559],[-40.975237,-12.513493],[-40.975212,-12.513374],[-40.975184,-12.513267],[-40.975171,-12.51321],[-40.975156,-12.513152],[-40.97514,-12.513092],[-40.975123,-12.513029],[-40.975106,-12.512964],[-40.97509,-12.512897],[-40.975072,-12.51283],[-40.975051,-12.512764],[-40.975029,-12.5127],[-40.975003,-12.512637],[-40.974972,-12.512576],[-40.974932,-12.512516],[-40.974882,-12.512458],[-40.974823,-12.5124],[-40.974758,-12.512342],[-40.974691,-12.512285],[-40.974627,-12.512231],[-40.974569,-12.512182],[-40.974521,-12.512139],[-40.974482,-12.5121],[-40.974445,-12.512067],[-40.974331,-12.511973],[-40.974204,-12.511827],[-40.974108,-12.511692],[-40.974033,-12.511548],[-40.973919,-12.511269],[-40.973764,-12.510974],[-40.973621,-12.510702],[-40.973581,-12.510626],[-40.973542,-12.51055],[-40.973507,-12.510476],[-40.973472,-12.510406],[-40.973434,-12.510337],[-40.973398,-12.510266],[-40.973362,-12.510194],[-40.973324,-12.51012],[-40.973286,-12.510048],[-40.97325,-12.509978],[-40.973214,-12.509914],[-40.97318,-12.509855],[-40.97315,-12.509803],[-40.973123,-12.509752],[-40.973094,-12.509702],[-40.973065,-12.509652],[-40.973037,-12.509604],[-40.973013,-12.509559],[-40.97299,-12.509515],[-40.972966,-12.50947],[-40.972941,-12.509423],[-40.972915,-12.509377],[-40.972889,-12.509331],[-40.972862,-12.509288],[-40.972839,-12.509246],[-40.972817,-12.509209],[-40.972798,-12.509177],[-40.972781,-12.509147],[-40.972761,-12.509118],[-40.972738,-12.509087],[-40.972716,-12.509051],[-40.972696,-12.509013],[-40.972676,-12.508973],[-40.972651,-12.508927],[-40.972621,-12.508874],[-40.972585,-12.508814],[-40.972547,-12.508748],[-40.972505,-12.508678],[-40.972463,-12.508604],[-40.972376,-12.508444],[-40.972288,-12.508282],[-40.972242,-12.508202],[-40.972101,-12.508],[-40.972025,-12.507885],[-40.971978,-12.507772],[-40.971931,-12.507663],[-40.971866,-12.507563],[-40.971801,-12.507462],[-40.971769,-12.507407],[-40.971737,-12.50735],[-40.971705,-12.507291],[-40.971673,-12.507233],[-40.971638,-12.507174],[-40.971604,-12.507114],[-40.971571,-12.507053],[-40.971539,-12.506993],[-40.971506,-12.506938],[-40.971473,-12.506886],[-40.971443,-12.506833],[-40.971413,-12.506779],[-40.971386,-12.506722],[-40.971358,-12.506664],[-40.971328,-12.506605],[-40.971294,-12.506544],[-40.971259,-12.506481],[-40.971221,-12.506417],[-40.971188,-12.50635],[-40.971166,-12.506282],[-40.971149,-12.506214],[-40.971137,-12.506146],[-40.971125,-12.506077],[-40.971112,-12.506011],[-40.971099,-12.505949],[-40.971087,-12.505892],[-40.971078,-12.505835],[-40.971071,-12.505717],[-40.97106,-12.505606],[-40.97102,-12.505448],[-40.970993,-12.505335],[-40.970979,-12.505292],[-40.970889,-12.505076],[-40.97086,-12.505017],[-40.97083,-12.504959],[-40.970799,-12.504901],[-40.970771,-12.504847],[-40.970746,-12.504803],[-40.970726,-12.504769],[-40.970711,-12.50474],[-40.970698,-12.504712],[-40.970686,-12.504683],[-40.970674,-12.504656],[-40.970664,-12.504629],[-40.970654,-12.504603],[-40.970647,-12.504578],[-40.970639,-12.504554],[-40.97063,-12.504531],[-40.970623,-12.504508],[-40.970607,-12.504461],[-40.970575,-12.504369],[-40.970516,-12.504256],[-40.97046,-12.504193],[-40.970346,-12.504112],[-40.970262,-12.504064],[-40.970177,-12.504031],[-40.970154,-12.50402],[-40.970129,-12.504007],[-40.970103,-12.503992],[-40.970054,-12.503964],[-40.969775,-12.503808],[-40.969703,-12.503754],[-40.969651,-12.503707],[-40.969622,-12.503682],[-40.969593,-12.503657],[-40.969566,-12.503632],[-40.969543,-12.503606],[-40.969523,-12.503581],[-40.969504,-12.503555],[-40.969485,-12.503528],[-40.969465,-12.503501],[-40.969445,-12.503472],[-40.969426,-12.50344],[-40.969406,-12.503408],[-40.969386,-12.503377],[-40.969364,-12.503347],[-40.969342,-12.503317],[-40.969321,-12.503287],[-40.969303,-12.503257],[-40.969285,-12.503229],[-40.969248,-12.503178],[-40.96921,-12.503122],[-40.969171,-12.503065],[-40.969129,-12.503008],[-40.969096,-12.502958],[-40.969081,-12.502936],[-40.969064,-12.502913],[-40.969046,-12.502888],[-40.969029,-12.502862],[-40.969012,-12.502839],[-40.968994,-12.502816],[-40.968976,-12.502792],[-40.968934,-12.502727],[-40.96888,-12.502645],[-40.968826,-12.502552],[-40.96876,-12.50245],[-40.968676,-12.502349],[-40.968633,-12.502299],[-40.968591,-12.502247],[-40.968551,-12.502191],[-40.968477,-12.502077],[-40.968405,-12.501964],[-40.968261,-12.501773],[-40.968066,-12.501488],[-40.967903,-12.501279],[-40.967805,-12.50114],[-40.967609,-12.500904],[-40.967417,-12.500663],[-40.96725,-12.500474],[-40.967071,-12.50027],[-40.966964,-12.500149],[-40.966878,-12.50005],[-40.966785,-12.499944],[-40.966736,-12.49989],[-40.966613,-12.499739],[-40.966546,-12.499656],[-40.966516,-12.499622],[-40.966488,-12.49959],[-40.96646,-12.499557],[-40.966432,-12.499527],[-40.966408,-12.499499],[-40.966386,-12.499472],[-40.966362,-12.499445],[-40.966334,-12.499416],[-40.966304,-12.499385],[-40.966274,-12.49935],[-40.966243,-12.499313],[-40.966212,-12.499274],[-40.966178,-12.499234],[-40.966144,-12.499195],[-40.96611,-12.499158],[-40.966076,-12.499121],[-40.966044,-12.499084],[-40.966012,-12.499046],[-40.96598,-12.499011],[-40.965947,-12.498975],[-40.965915,-12.49894],[-40.965882,-12.498905],[-40.965852,-12.498871],[-40.965824,-12.498841],[-40.9658,-12.498815],[-40.965778,-12.49879],[-40.965757,-12.498764],[-40.965736,-12.498739],[-40.965716,-12.498715],[-40.965697,-12.498696],[-40.965683,-12.498678],[-40.965669,-12.498659],[-40.965655,-12.498638],[-40.965641,-12.498615],[-40.965628,-12.498591],[-40.965615,-12.498568],[-40.965602,-12.498544],[-40.965589,-12.498519],[-40.965576,-12.498497],[-40.965563,-12.498476],[-40.965551,-12.498454],[-40.965536,-12.498433],[-40.965519,-12.498411],[-40.965501,-12.498388],[-40.965484,-12.498362],[-40.965468,-12.498336],[-40.965454,-12.49831],[-40.965441,-12.498282],[-40.965428,-12.498251],[-40.965416,-12.498217],[-40.965402,-12.498183],[-40.965386,-12.498149],[-40.965368,-12.498117],[-40.965348,-12.498087],[-40.96533,-12.498056],[-40.965312,-12.498027],[-40.965293,-12.497998],[-40.965275,-12.497966],[-40.965255,-12.497931],[-40.965232,-12.497895],[-40.965209,-12.497862],[-40.96519,-12.497834],[-40.965171,-12.49781],[-40.965152,-12.497785],[-40.965135,-12.497758],[-40.965117,-12.497731],[-40.9651,-12.497703],[-40.965086,-12.497674],[-40.965075,-12.497645],[-40.965065,-12.497619],[-40.965052,-12.497591],[-40.965034,-12.497563],[-40.965012,-12.497536],[-40.96499,-12.497511],[-40.964968,-12.497486],[-40.964945,-12.497458],[-40.96492,-12.497428],[-40.964891,-12.497396],[-40.964856,-12.497361],[-40.964816,-12.497324],[-40.964772,-12.497285],[-40.964728,-12.497242],[-40.964685,-12.497194],[-40.96464,-12.497139],[-40.964595,-12.497079],[-40.96455,-12.497017],[-40.964507,-12.496955],[-40.964468,-12.496897],[-40.96443,-12.496848],[-40.964352,-12.49678],[-40.964219,-12.496702],[-40.96405,-12.496576],[-40.963981,-12.496512],[-40.963892,-12.496413],[-40.963845,-12.496346],[-40.963828,-12.496306],[-40.963812,-12.49623],[-40.963811,-12.496193],[-40.963816,-12.496159],[-40.963824,-12.496127],[-40.963836,-12.496096],[-40.963852,-12.496064],[-40.963869,-12.496032],[-40.963887,-12.496002],[-40.963911,-12.495969],[-40.963941,-12.495933],[-40.963972,-12.495895],[-40.963999,-12.495861],[-40.964016,-12.495833],[-40.964027,-12.495809],[-40.964035,-12.495785],[-40.964042,-12.495761],[-40.964051,-12.495735],[-40.964063,-12.495706],[-40.964076,-12.495677],[-40.964091,-12.495648],[-40.964108,-12.495619],[-40.964125,-12.495589],[-40.964143,-12.495558],[-40.964161,-12.495527],[-40.964176,-12.495497],[-40.964191,-12.495468],[-40.964208,-12.495439],[-40.964225,-12.49541],[-40.964243,-12.495381],[-40.964262,-12.495351],[-40.964284,-12.49532],[-40.964307,-12.495288],[-40.96433,-12.495254],[-40.964353,-12.495221],[-40.964373,-12.49519],[-40.96439,-12.495164],[-40.964407,-12.49514],[-40.964426,-12.495117],[-40.964445,-12.495091],[-40.964465,-12.495062],[-40.964484,-12.495031],[-40.964506,-12.494998],[-40.964528,-12.494963],[-40.964546,-12.494929],[-40.964561,-12.494899],[-40.964572,-12.494877],[-40.964578,-12.494863],[-40.964582,-12.494853],[-40.964586,-12.494839],[-40.96459,-12.494818],[-40.964591,-12.494792],[-40.964586,-12.494761],[-40.964574,-12.494731],[-40.964556,-12.494699],[-40.96446,-12.49455],[-40.964362,-12.494415],[-40.96433,-12.494372],[-40.964299,-12.49433],[-40.964237,-12.49425],[-40.964204,-12.494207],[-40.96417,-12.494163],[-40.964134,-12.494118],[-40.9641,-12.494073],[-40.964064,-12.494027],[-40.964028,-12.493982],[-40.963992,-12.493938],[-40.963961,-12.493896],[-40.963936,-12.493852],[-40.963915,-12.493809],[-40.963898,-12.493765],[-40.963883,-12.493725],[-40.963868,-12.49369],[-40.963838,-12.493632],[-40.963828,-12.493616],[-40.963824,-12.493609],[-40.963813,-12.493591],[-40.963786,-12.49356],[-40.96377,-12.493545],[-40.963746,-12.493518],[-40.963655,-12.493434],[-40.963634,-12.493411],[-40.963597,-12.493366],[-40.963548,-12.49328],[-40.96357,-12.493226],[-40.980954,-12.460441],[-40.981064,-12.460361],[-40.981434,-12.460207],[-40.98163,-12.460143],[-40.981832,-12.460091],[-40.982041,-12.460048],[-40.982474,-12.459985],[-40.982925,-12.459937],[-40.984611,-12.459786],[-40.985577,-12.459705],[-40.986053,-12.45966],[-40.986524,-12.459616],[-40.987011,-12.45957],[-40.987263,-12.459546],[-40.987518,-12.459522],[-40.987779,-12.459499],[-40.988044,-12.459475],[-40.988311,-12.459451],[-40.988581,-12.459426],[-40.988851,-12.459401],[-40.989121,-12.459375],[-40.989392,-12.459351],[-40.989664,-12.459326],[-40.989934,-12.459301],[-40.990205,-12.459275],[-40.990474,-12.45925],[-40.99074,-12.459224],[-40.991004,-12.459198],[-40.991265,-12.459173],[-40.991524,-12.459148],[-40.991783,-12.459124],[-40.992044,-12.4591],[-40.992305,-12.459077],[-40.992566,-12.459054],[-40.992823,-12.459029],[-40.993074,-12.459005],[-40.99332,-12.458982],[-40.99356,-12.458959],[-40.993793,-12.458935],[-40.99402,-12.458915],[-40.994241,-12.458898],[-40.99446,-12.458884],[-40.994678,-12.458877],[-40.994898,-12.458882],[-40.995117,-12.458902],[-40.995332,-12.458941],[-40.995542,-12.458997],[-40.995749,-12.459072],[-40.995951,-12.459166],[-40.996148,-12.459273],[-40.996343,-12.459389],[-40.996536,-12.459513],[-40.996731,-12.45964],[-40.996926,-12.459769],[-40.997122,-12.459898],[-40.997318,-12.46003],[-40.997515,-12.460162],[-40.997714,-12.460295],[-40.997914,-12.460429],[-40.998114,-12.460562],[-40.998316,-12.460697],[-40.998518,-12.460833],[-40.998721,-12.460968],[-40.998924,-12.461102],[-40.999128,-12.461236],[-40.999331,-12.46137],[-40.999532,-12.461502],[-40.99973,-12.461632],[-40.999925,-12.46176],[-41.000117,-12.461886],[-41.000864,-12.462374],[-41.001044,-12.462492],[-41.00122,-12.462607],[-41.001392,-12.462721],[-41.001561,-12.462833],[-41.001727,-12.462941],[-41.001889,-12.463047],[-41.00205,-12.463152],[-41.00221,-12.463256],[-41.002369,-12.463358],[-41.002527,-12.46346],[-41.002684,-12.46356],[-41.002841,-12.463659],[-41.002998,-12.463758],[-41.003154,-12.46386],[-41.003312,-12.463964],[-41.003628,-12.464176],[-41.004107,-12.464492],[-41.004271,-12.464599],[-41.004437,-12.464707],[-41.004606,-12.464816],[-41.004776,-12.464926],[-41.004948,-12.465037],[-41.00512,-12.465148],[-41.005295,-12.465259],[-41.005472,-12.465367],[-41.005651,-12.465473],[-41.005833,-12.465577],[-41.006015,-12.465681],[-41.006198,-12.465783],[-41.006382,-12.465882],[-41.006569,-12.465981],[-41.006759,-12.466076],[-41.006951,-12.466169],[-41.007147,-12.466261],[-41.007344,-12.46635],[-41.007543,-12.466437],[-41.007742,-12.466521],[-41.007944,-12.466602],[-41.008148,-12.466681],[-41.008353,-12.466755],[-41.008559,-12.466827],[-41.008974,-12.466964],[-41.00939,-12.467092],[-41.009804,-12.467204],[-41.010214,-12.4673],[-41.010625,-12.467385],[-41.011035,-12.467469],[-41.011438,-12.467552],[-41.012442,-12.467746],[-41.012645,-12.467786],[-41.013767,-12.468036],[-41.014801,-12.468249],[-41.015335,-12.468351],[-41.016691,-12.468592],[-41.018028,-12.468857],[-41.018295,-12.46891],[-41.018563,-12.468963],[-41.019099,-12.469068],[-41.019635,-12.469174],[-41.020445,-12.469332],[-41.020713,-12.469385],[-41.020981,-12.469439],[-41.021248,-12.469492],[-41.021512,-12.469546],[-41.021773,-12.469598],[-41.02203,-12.469649],[-41.022285,-12.469699],[-41.022538,-12.469749],[-41.022791,-12.4698],[-41.024059,-12.470054],[-41.024306,-12.470103],[-41.024554,-12.470152],[-41.024804,-12.4702],[-41.025057,-12.470249],[-41.025311,-12.4703],[-41.025567,-12.470352],[-41.025826,-12.470404],[-41.026086,-12.470455],[-41.026348,-12.470507],[-41.02661,-12.47056],[-41.026873,-12.470613],[-41.027134,-12.470665],[-41.027392,-12.470715],[-41.027646,-12.470765],[-41.027895,-12.470815],[-41.028142,-12.470865],[-41.028389,-12.470915],[-41.029418,-12.47112],[-41.029682,-12.471172],[-41.029949,-12.471225],[-41.030218,-12.471279],[-41.030487,-12.471333],[-41.030758,-12.471387],[-41.03103,-12.471441],[-41.031303,-12.471495],[-41.031578,-12.471548],[-41.031853,-12.471602],[-41.032128,-12.471658],[-41.032403,-12.471713],[-41.032679,-12.471768],[-41.032958,-12.471822],[-41.033241,-12.471878],[-41.033526,-12.471936],[-41.033813,-12.471996],[-41.034102,-12.472055],[-41.034391,-12.472113],[-41.034682,-12.472171],[-41.034972,-12.472229],[-41.035258,-12.472287],[-41.035538,-12.472344],[-41.035813,-12.472398],[-41.036084,-12.472451],[-41.036353,-12.472503],[-41.036622,-12.472557],[-41.037159,-12.472666],[-41.038239,-12.472883],[-41.039323,-12.473098],[-41.03959,-12.473151],[-41.039859,-12.473203],[-41.04013,-12.473257],[-41.040403,-12.473311],[-41.040679,-12.473365],[-41.040958,-12.47342],[-41.041238,-12.473473],[-41.041517,-12.473529],[-41.041796,-12.473585],[-41.042074,-12.473641],[-41.042352,-12.473697],[-41.042628,-12.473752],[-41.042902,-12.473807],[-41.043174,-12.47386],[-41.043442,-12.473913],[-41.043707,-12.473965],[-41.043971,-12.474018],[-41.044237,-12.474071],[-41.044507,-12.474124],[-41.04478,-12.474177],[-41.045056,-12.474231],[-41.045331,-12.474285],[-41.045605,-12.474339],[-41.045876,-12.474394],[-41.046145,-12.474448],[-41.046412,-12.474502],[-41.04668,-12.474557],[-41.046952,-12.474613],[-41.047229,-12.474669],[-41.047509,-12.474724],[-41.047792,-12.474781],[-41.048076,-12.474836],[-41.048362,-12.474891],[-41.04865,-12.474946],[-41.048939,-12.475001],[-41.049228,-12.475058],[-41.049515,-12.475116],[-41.049799,-12.475173],[-41.050083,-12.47523],[-41.050367,-12.475288],[-41.050647,-12.475345],[-41.050919,-12.4754],[-41.051183,-12.475452],[-41.05144,-12.475501],[-41.051688,-12.475548],[-41.051929,-12.47559],[-41.052168,-12.475625],[-41.052409,-12.475653],[-41.052651,-12.475675],[-41.052896,-12.475689],[-41.053143,-12.475697],[-41.053394,-12.475697],[-41.05365,-12.475689],[-41.053909,-12.475672],[-41.05417,-12.475645],[-41.054434,-12.475609],[-41.054697,-12.475564],[-41.054955,-12.475512],[-41.055205,-12.475452],[-41.055448,-12.475384],[-41.055686,-12.475311],[-41.055919,-12.475232],[-41.056147,-12.475145],[-41.056376,-12.475052],[-41.056608,-12.474955],[-41.056844,-12.474854],[-41.057083,-12.474754],[-41.057326,-12.474653],[-41.057573,-12.47455],[-41.057822,-12.474445],[-41.058076,-12.474339],[-41.058332,-12.474232],[-41.058591,-12.474124],[-41.058853,-12.474013],[-41.059119,-12.473901],[-41.059387,-12.473788],[-41.059656,-12.473674],[-41.059927,-12.47356],[-41.0602,-12.473444],[-41.060474,-12.473327],[-41.06075,-12.473211],[-41.061027,-12.473095],[-41.061303,-12.47298],[-41.061847,-12.472752],[-41.062373,-12.472534],[-41.062882,-12.472322],[-41.063133,-12.472218],[-41.063381,-12.472115],[-41.063627,-12.472012],[-41.063869,-12.47191],[-41.064103,-12.47181],[-41.064329,-12.471714],[-41.06455,-12.471621],[-41.064768,-12.47153],[-41.064987,-12.471438],[-41.06521,-12.471344],[-41.065437,-12.471247],[-41.065667,-12.471149],[-41.066344,-12.470866],[-41.066555,-12.470779],[-41.066757,-12.470694],[-41.06695,-12.470613],[-41.067134,-12.470535],[-41.067308,-12.470461],[-41.067468,-12.470392],[-41.06761,-12.470331],[-41.067735,-12.470273],[-41.067843,-12.470218],[-41.067934,-12.470169],[-41.068007,-12.470127],[-41.068066,-12.470093],[-41.068117,-12.470064],[-41.068165,-12.470038],[-41.068243,-12.469999],[-41.068269,-12.469987],[-41.068286,-12.46998],[-41.068301,-12.469977],[-41.068341,-12.46997],[-41.068729,-12.469847],[-41.069086,-12.469717],[-41.069364,-12.469604],[-41.069523,-12.469538],[-41.069694,-12.469468],[-41.069869,-12.469395],[-41.070047,-12.46932],[-41.070233,-12.469242],[-41.070426,-12.469159],[-41.070626,-12.469075],[-41.07083,-12.468991],[-41.071037,-12.468906],[-41.071247,-12.468817],[-41.071457,-12.468727],[-41.071667,-12.468638],[-41.071876,-12.468549],[-41.072089,-12.468465],[-41.072302,-12.468384],[-41.072515,-12.468311],[-41.072728,-12.468246],[-41.072944,-12.468186],[-41.073164,-12.468131],[-41.073392,-12.468082],[-41.073629,-12.468037],[-41.073872,-12.467999],[-41.074116,-12.467967],[-41.07436,-12.46794],[-41.074606,-12.467915],[-41.074854,-12.467889],[-41.075108,-12.467863],[-41.075367,-12.467837],[-41.07563,-12.467811],[-41.075957,-12.467807],[-41.076228,-12.467777],[-41.076498,-12.467748],[-41.076767,-12.467719],[-41.077034,-12.467691],[-41.077298,-12.467665],[-41.077562,-12.467638],[-41.077824,-12.467612],[-41.078083,-12.467586],[-41.078339,-12.46756],[-41.078589,-12.467535],[-41.078832,-12.467509],[-41.07907,-12.467479],[-41.079307,-12.467444],[-41.079541,-12.4674],[-41.079773,-12.467346],[-41.080004,-12.467281],[-41.080233,-12.467208],[-41.08046,-12.467125],[-41.080684,-12.467034],[-41.080906,-12.466932],[-41.081127,-12.466823],[-41.081345,-12.46671],[-41.081561,-12.466595],[-41.081775,-12.46648],[-41.081988,-12.466365],[-41.082198,-12.466254],[-41.082404,-12.466144],[-41.082608,-12.466034],[-41.082808,-12.465926],[-41.083003,-12.465821],[-41.083196,-12.465721],[-41.083388,-12.465627],[-41.083576,-12.465544],[-41.08376,-12.465476],[-41.083946,-12.465426],[-41.084136,-12.465393],[-41.084329,-12.46538],[-41.08452,-12.465385],[-41.084706,-12.465407],[-41.084888,-12.465445],[-41.085063,-12.465497],[-41.085231,-12.465564],[-41.085398,-12.465646],[-41.085566,-12.465742],[-41.085739,-12.465845],[-41.085918,-12.465954],[-41.086101,-12.466066],[-41.086286,-12.46618],[-41.086471,-12.466293],[-41.086653,-12.466404],[-41.086835,-12.466513],[-41.087019,-12.466619],[-41.087208,-12.466721],[-41.087402,-12.466817],[-41.087597,-12.466905],[-41.087794,-12.466983],[-41.087993,-12.467054],[-41.088404,-12.467174],[-41.088618,-12.467223],[-41.08906,-12.467299],[-41.089289,-12.467325],[-41.089521,-12.467344],[-41.089758,-12.467352],[-41.09,-12.46735],[-41.090243,-12.467337],[-41.09049,-12.467314],[-41.090735,-12.46728],[-41.090978,-12.467239],[-41.091446,-12.467151],[-41.091893,-12.46708],[-41.092111,-12.467057],[-41.09233,-12.467046],[-41.09255,-12.467047],[-41.09277,-12.467061],[-41.092992,-12.467091],[-41.093212,-12.467137],[-41.09343,-12.467198],[-41.093643,-12.467274],[-41.093851,-12.467365],[-41.094054,-12.467472],[-41.09425,-12.467596],[-41.094438,-12.467733],[-41.094617,-12.467885],[-41.094787,-12.468049],[-41.094951,-12.468219],[-41.095113,-12.468394],[-41.095276,-12.468572],[-41.095439,-12.468751],[-41.095602,-12.46893],[-41.095764,-12.46911],[-41.095927,-12.46929],[-41.096089,-12.46947],[-41.096247,-12.469647],[-41.096401,-12.469817],[-41.096551,-12.469981],[-41.096697,-12.47014],[-41.096839,-12.470295],[-41.096978,-12.470447],[-41.097113,-12.470594],[-41.097241,-12.470735],[-41.09736,-12.470867],[-41.09747,-12.470988],[-41.097572,-12.471099],[-41.09767,-12.471205],[-41.097764,-12.471306],[-41.097855,-12.471403],[-41.097947,-12.471497],[-41.098043,-12.471591],[-41.098142,-12.471683],[-41.098241,-12.471771],[-41.09834,-12.471854],[-41.098437,-12.471934],[-41.098534,-12.472008],[-41.098628,-12.472079],[-41.098721,-12.472144],[-41.098816,-12.472209],[-41.098913,-12.472274],[-41.099015,-12.472339],[-41.09912,-12.472405],[-41.099347,-12.472534],[-41.099597,-12.472665],[-41.099874,-12.472798],[-41.100193,-12.472932],[-41.100554,-12.473067],[-41.100742,-12.473131],[-41.10094,-12.473195],[-41.101148,-12.473259],[-41.101367,-12.473325],[-41.101594,-12.473392],[-41.10183,-12.47346],[-41.102077,-12.473528],[-41.102333,-12.473599],[-41.102593,-12.473673],[-41.10285,-12.473747],[-41.103107,-12.473823],[-41.103367,-12.473899],[-41.103631,-12.473978],[-41.103899,-12.47406],[-41.104172,-12.474145],[-41.104449,-12.474231],[-41.10473,-12.474317],[-41.105016,-12.474404],[-41.105307,-12.474491],[-41.105601,-12.474578],[-41.105899,-12.474667],[-41.106201,-12.474758],[-41.106506,-12.474851],[-41.106815,-12.474946],[-41.107128,-12.475042],[-41.107445,-12.475137],[-41.107766,-12.475234],[-41.108089,-12.475332],[-41.108415,-12.475431],[-41.108743,-12.475531],[-41.109074,-12.475631],[-41.109406,-12.475731],[-41.109739,-12.475834],[-41.110074,-12.475937],[-41.11041,-12.47604],[-41.110748,-12.476143],[-41.111087,-12.476247],[-41.111427,-12.47635],[-41.111769,-12.476454],[-41.112112,-12.476558],[-41.112456,-12.476663],[-41.112801,-12.476769],[-41.113147,-12.476874],[-41.113495,-12.476979],[-41.113844,-12.477085],[-41.114191,-12.47719],[-41.114532,-12.477293],[-41.118517,-12.478501],[-41.119183,-12.478705],[-41.119837,-12.478901],[-41.120161,-12.478999],[-41.120484,-12.479096],[-41.121133,-12.479293],[-41.121783,-12.479493],[-41.122435,-12.479692],[-41.122762,-12.479792],[-41.123088,-12.479891],[-41.123415,-12.47999],[-41.123742,-12.480091],[-41.124067,-12.480192],[-41.124719,-12.480394],[-41.125045,-12.480494],[-41.125699,-12.480692],[-41.126026,-12.480791],[-41.126352,-12.480889],[-41.126679,-12.480989],[-41.127004,-12.481089],[-41.127329,-12.481189],[-41.127653,-12.481288],[-41.127977,-12.481387],[-41.128301,-12.481485],[-41.128624,-12.481583],[-41.128948,-12.481682],[-41.129271,-12.481781],[-41.129594,-12.481879],[-41.130242,-12.482077],[-41.130565,-12.482176],[-41.131216,-12.482374],[-41.131874,-12.482572],[-41.132536,-12.482773],[-41.133203,-12.482977],[-41.133871,-12.483182],[-41.134204,-12.483284],[-41.134537,-12.483385],[-41.134869,-12.483484],[-41.1352,-12.483585],[-41.135528,-12.483687],[-41.135855,-12.483787],[-41.13618,-12.483886],[-41.136502,-12.483984],[-41.136821,-12.484081],[-41.137139,-12.484177],[-41.137455,-12.484274],[-41.138091,-12.484469],[-41.140928,-12.485339],[-41.141531,-12.485525],[-41.141828,-12.485616],[-41.142122,-12.485704],[-41.142416,-12.485793],[-41.142711,-12.485885],[-41.143006,-12.485977],[-41.1433,-12.48607],[-41.143594,-12.486162],[-41.143889,-12.486253],[-41.144185,-12.486342],[-41.144485,-12.486429],[-41.144786,-12.486517],[-41.145091,-12.486608],[-41.145397,-12.4867],[-41.145706,-12.486795],[-41.146017,-12.48689],[-41.146329,-12.486986],[-41.146641,-12.487082],[-41.14727,-12.487272],[-41.147902,-12.487465],[-41.150463,-12.488244],[-41.15175,-12.488643],[-41.154391,-12.489443],[-41.155048,-12.489642],[-41.155709,-12.489846],[-41.156043,-12.489949],[-41.156378,-12.490052],[-41.156715,-12.490154],[-41.157053,-12.490256],[-41.157392,-12.490358],[-41.157731,-12.490461],[-41.158069,-12.490564],[-41.158115,-12.490578],[-41.158119,-12.490588],[-41.158351,-12.491245],[-41.15842,-12.491492],[-41.158483,-12.49177],[-41.159064,-12.494822],[-41.159106,-12.495104],[-41.159127,-12.495341],[-41.159162,-12.495555],[-41.159169,-12.495612],[-41.159231,-12.495931],[-41.159265,-12.496159],[-41.159284,-12.49633],[-41.159425,-12.497145],[-41.159656,-12.498013],[-41.160115,-12.49919],[-41.160433,-12.499805],[-41.160925,-12.500551],[-41.161881,-12.501706],[-41.161959,-12.50179],[-41.161968,-12.50201],[-41.161972,-12.502641],[-41.161983,-12.50281],[-41.161984,-12.502972],[-41.161974,-12.503381],[-41.161979,-12.503536],[-41.161977,-12.504109],[-41.161975,-12.504176],[-41.161989,-12.504874],[-41.16198,-12.505386],[-41.161985,-12.50546],[-41.162,-12.505979],[-41.161999,-12.506283],[-41.162002,-12.506352],[-41.162009,-12.506907],[-41.161999,-12.507174],[-41.161999,-12.507577],[-41.161988,-12.507793],[-41.161987,-12.507893],[-41.161993,-12.508219],[-41.161984,-12.508513],[-41.161986,-12.509052],[-41.161983,-12.509122],[-41.161977,-12.509925],[-41.161972,-12.510024],[-41.161973,-12.510284],[-41.161949,-12.510912],[-41.161949,-12.510916],[-41.161954,-12.511856],[-41.161956,-12.511875],[-41.161967,-12.512097],[-41.161971,-12.512511],[-41.161957,-12.513036],[-41.16197,-12.513264],[-41.161986,-12.513992],[-41.161986,-12.514089],[-41.161996,-12.514225],[-41.162005,-12.514441],[-41.162012,-12.514948],[-41.162008,-12.515198],[-41.162024,-12.515494],[-41.162034,-12.515954],[-41.162027,-12.516429],[-41.162026,-12.516446],[-41.162033,-12.516734],[-41.16203,-12.516992],[-41.162004,-12.517522],[-41.162018,-12.517971],[-41.162015,-12.518637],[-41.162031,-12.51886],[-41.162049,-12.519382],[-41.162049,-12.519392],[-41.162048,-12.519396],[-41.162046,-12.519424],[-41.162039,-12.519809],[-41.162009,-12.520618],[-41.16201,-12.521056],[-41.169501,-12.520802],[-41.174888,-12.520959],[-41.175511,-12.520399],[-41.175669,-12.520275],[-41.176329,-12.519604],[-41.177068,-12.51891],[-41.17718,-12.518785],[-41.177177,-12.518538],[-41.177178,-12.518518],[-41.177146,-12.517967],[-41.177144,-12.517829],[-41.177168,-12.517305],[-41.177159,-12.517051],[-41.177159,-12.516271],[-41.17717,-12.51597],[-41.177156,-12.515692],[-41.177149,-12.515134],[-41.177155,-12.51482],[-41.177149,-12.514702],[-41.177139,-12.514294],[-41.177142,-12.513856],[-41.177131,-12.513638],[-41.177128,-12.513459],[-41.177105,-12.513064],[-41.177102,-12.512978],[-41.177101,-12.51276],[-41.177101,-12.512746],[-41.177097,-12.512067],[-41.177099,-12.512035],[-41.177096,-12.511541],[-41.177081,-12.511199],[-41.177081,-12.511108],[-41.177095,-12.510602],[-41.177098,-12.510568],[-41.177106,-12.510308],[-41.177106,-12.510239],[-41.177084,-12.509646],[-41.177086,-12.509388],[-41.177078,-12.509119],[-41.17709,-12.508552],[-41.177104,-12.508338],[-41.177103,-12.508237],[-41.177088,-12.507783],[-41.177098,-12.507066],[-41.177095,-12.507015],[-41.177101,-12.506216],[-41.17711,-12.506036],[-41.177087,-12.505468],[-41.177083,-12.504999],[-41.177089,-12.504742],[-41.177078,-12.50456],[-41.177071,-12.504276],[-41.177076,-12.503801],[-41.177086,-12.503601],[-41.177184,-12.503501],[-41.17841,-12.501997],[-41.179169,-12.500808],[-41.179558,-12.500056],[-41.179909,-12.499257],[-41.179967,-12.499079],[-41.180062,-12.495993],[-41.180079,-12.495993],[-41.180343,-12.495999],[-41.181126,-12.496023],[-41.181381,-12.496031],[-41.181639,-12.496039],[-41.1819,-12.496046],[-41.182163,-12.496053],[-41.182429,-12.496061],[-41.1827,-12.496067],[-41.183804,-12.496095],[-41.184371,-12.496114],[-41.184661,-12.496123],[-41.184955,-12.496132],[-41.185253,-12.496142],[-41.185553,-12.496151],[-41.185854,-12.49616],[-41.186153,-12.496168],[-41.186446,-12.496175],[-41.186735,-12.496182],[-41.187019,-12.496188],[-41.187296,-12.496195],[-41.187564,-12.496201],[-41.187824,-12.496209],[-41.188076,-12.496217],[-41.188318,-12.49623],[-41.188548,-12.496248],[-41.188767,-12.496275],[-41.188978,-12.496317],[-41.189186,-12.496374],[-41.18939,-12.496445],[-41.189586,-12.49653],[-41.189776,-12.496628],[-41.18996,-12.496741],[-41.190139,-12.496868],[-41.190316,-12.497006],[-41.19049,-12.49715],[-41.190664,-12.497298],[-41.190838,-12.497448],[-41.191011,-12.497596],[-41.191181,-12.497742],[-41.191348,-12.497885],[-41.191513,-12.498025],[-41.19168,-12.498162],[-41.191848,-12.498289],[-41.192016,-12.498404],[-41.192188,-12.498502],[-41.192363,-12.498584],[-41.192541,-12.498649],[-41.19272,-12.498694],[-41.192884,-12.498719]]],[[[-40.960342,-12.994892],[-40.96103,-12.999407],[-40.959653,-12.999737],[-40.959537,-12.999331],[-40.959537,-12.997751],[-40.959869,-12.996309],[-40.960342,-12.994892]]],[[[-40.954048,-13.02342],[-40.953988,-13.023534],[-40.953833,-13.023865],[-40.95366,-13.02428],[-40.95366,-13.024373],[-40.953631,-13.024582],[-40.953219,-13.026997],[-40.953185,-13.027143],[-40.952929,-13.027865],[-40.952895,-13.027725],[-40.952661,-13.027277],[-40.952606,-13.026224],[-40.953133,-13.024865],[-40.953715,-13.023728],[-40.954048,-13.02342]]],[[[-40.949582,-13.03558],[-40.949534,-13.035681],[-40.949383,-13.035927],[-40.948784,-13.036315],[-40.946715,-13.03781],[-40.945883,-13.037918],[-40.946949,-13.037371],[-40.948665,-13.036067],[-40.949582,-13.03558]]],[[[-40.943531,-13.038224],[-40.943512,-13.038226],[-40.938979,-13.038815],[-40.938631,-13.039033],[-40.936266,-13.040659],[-40.934708,-13.04181],[-40.933385,-13.042134],[-40.932664,-13.041989],[-40.931537,-13.041803],[-40.928603,-13.042771],[-40.928148,-13.042758],[-40.928068,-13.042097],[-40.927143,-13.039856],[-40.926752,-13.037616],[-40.927107,-13.035624],[-40.927925,-13.034024],[-40.928637,-13.033455],[-40.930237,-13.032743],[-40.932086,-13.03253],[-40.933473,-13.032814],[-40.935465,-13.034308],[-40.938132,-13.036229],[-40.93917,-13.036776],[-40.940817,-13.037417],[-40.942739,-13.038057],[-40.943531,-13.038224]]],[[[-40.914816,-13.030852],[-40.914713,-13.030765],[-40.913641,-13.029857],[-40.912892,-13.029298],[-40.911917,-13.028702],[-40.908515,-13.028667],[-40.904998,-13.028541],[-40.904544,-13.028463],[-40.903509,-13.02825],[-40.903246,-13.028188],[-40.903064,-13.028141],[-40.899637,-13.027146],[-40.898596,-13.026821],[-40.89686,-13.02704],[-40.894302,-13.027393],[-40.894138,-13.027413],[-40.890633,-13.028289],[-40.88973,-13.028501],[-40.888279,-13.028816],[-40.887208,-13.028347],[-40.885827,-13.027702],[-40.885128,-13.02736],[-40.884108,-13.02683],[-40.882852,-13.026123],[-40.881588,-13.025355],[-40.880349,-13.024553],[-40.879317,-13.023845],[-40.878721,-13.023423],[-40.878051,-13.022933],[-40.878036,-13.02293],[-40.876862,-13.022699],[-40.875738,-13.022448],[-40.874774,-13.022209],[-40.874373,-13.022146],[-40.873168,-13.021931],[-40.872495,-13.021796],[-40.871605,-13.021597],[-40.871206,-13.021496],[-40.870068,-13.021221],[-40.868957,-13.020923],[-40.868786,-13.020873],[-40.867632,-13.020517],[-40.866799,-13.020249],[-40.866243,-13.020084],[-40.866172,-13.020062],[-40.865776,-13.019932],[-40.865615,-13.019884],[-40.865466,-13.019836],[-40.864666,-13.019587],[-40.864193,-13.019431],[-40.862134,-13.012804],[-40.863999,-13.012079],[-40.865283,-13.010963],[-40.866873,-13.007504],[-40.867488,-13.006622],[-40.868163,-13.005732],[-40.869543,-13.005026],[-40.871936,-13.004351],[-40.873961,-13.004106],[-40.876692,-13.004044],[-40.87887,-13.004505],[-40.881509,-13.005394],[-40.884546,-13.005701],[-40.886786,-13.005763],[-40.888051,-13.005947],[-40.889097,-13.00647],[-40.889814,-13.007322],[-40.890085,-13.008581],[-40.890317,-13.009608],[-40.89055,-13.011196],[-40.890757,-13.012414],[-40.890846,-13.01275],[-40.891096,-13.01325],[-40.892253,-13.014376],[-40.893504,-13.015251],[-40.894879,-13.015533],[-40.897099,-13.01572],[-40.899601,-13.01572],[-40.900914,-13.01597],[-40.901946,-13.016846],[-40.902696,-13.018472],[-40.90354,-13.019973],[-40.905416,-13.021755],[-40.90723,-13.023099],[-40.908401,-13.023675],[-40.910001,-13.024741],[-40.911601,-13.02588],[-40.912811,-13.027018],[-40.913949,-13.028405],[-40.914553,-13.030183],[-40.914816,-13.030852]]]]}},
{"type":"Feature","properties":{"cod_conj":14359,"conjunto":"Mucuge","distrib":"Neoenergia Coelba","ano":2025,"dec_h":9.44,"dec_lim":11.0,"fec_n":2.92,"fec_lim":7.0,"dec_pct":85.8,"fec_pct":41.7,"situacao":"Dentro dos limites","num_con":14199,"area_ti_km":2865.1,"base_geo":"31/12/2025","fonte":"ANEEL: BDGD Coelba 2025 e Indicadores Coletivos de Continuidade"},"geometry":{"type":"MultiPolygon","coordinates":[[[[-41.630376,-12.440567],[-41.636422,-12.438645],[-41.63925,-12.440832],[-41.640886,-12.44562],[-41.641064,-12.449299],[-41.640627,-12.457044],[-41.642149,-12.457136],[-41.641858,-12.446847],[-41.641084,-12.443377],[-41.639758,-12.436207],[-41.643864,-12.434299],[-41.6444,-12.433786],[-41.645153,-12.432724],[-41.645858,-12.431829],[-41.646678,-12.430856],[-41.648045,-12.429379],[-41.648946,-12.428499],[-41.648955,-12.428373],[-41.648968,-12.427893],[-41.649049,-12.4268],[-41.649191,-12.425476],[-41.649349,-12.424302],[-41.649884,-12.421179],[-41.650013,-12.420167],[-41.650026,-12.419394],[-41.650072,-12.4184],[-41.650073,-12.418395],[-41.650469,-12.417661],[-41.652116,-12.414011],[-41.653917,-12.409732],[-41.654444,-12.408366],[-41.655044,-12.406919],[-41.655352,-12.40622],[-41.659657,-12.407334],[-41.660973,-12.407629],[-41.662047,-12.407762],[-41.663034,-12.407874],[-41.663355,-12.407906],[-41.663776,-12.407942],[-41.665247,-12.408047],[-41.666493,-12.408116],[-41.670627,-12.408269],[-41.67493,-12.408345],[-41.676016,-12.408343],[-41.678136,-12.408883],[-41.678252,-12.40891],[-41.679585,-12.409252],[-41.680167,-12.409227],[-41.681501,-12.409285],[-41.683086,-12.409332],[-41.686843,-12.409378],[-41.688351,-12.409365],[-41.690182,-12.409312],[-41.692487,-12.4092],[-41.70631,-12.408264],[-41.707734,-12.409165],[-41.701818,-12.430698],[-41.691261,-12.445435],[-41.690613,-12.446503],[-41.700141,-12.451409],[-41.701049,-12.451818],[-41.711737,-12.454601],[-41.712035,-12.454697],[-41.714048,-12.455317],[-41.715396,-12.455802],[-41.717572,-12.456551],[-41.718558,-12.456906],[-41.722026,-12.45811],[-41.722276,-12.458235],[-41.722346,-12.458272],[-41.722882,-12.458338],[-41.724232,-12.458546],[-41.72869,-12.459185],[-41.729809,-12.46324],[-41.743538,-12.46935],[-41.743588,-12.46933],[-41.743644,-12.469312],[-41.743652,-12.46931],[-41.74377,-12.469278],[-41.743978,-12.469229],[-41.744092,-12.469207],[-41.744782,-12.469796],[-41.745077,-12.470493],[-41.74529,-12.47065],[-41.750989,-12.473385],[-41.758421,-12.477597],[-41.758457,-12.477836],[-41.75858,-12.478933],[-41.75859,-12.479008],[-41.758679,-12.479533],[-41.758844,-12.480748],[-41.758892,-12.481049],[-41.758911,-12.481211],[-41.759025,-12.482111],[-41.759091,-12.482558],[-41.759144,-12.483022],[-41.759204,-12.483508],[-41.759254,-12.483846],[-41.759361,-12.484812],[-41.75937,-12.484869],[-41.759504,-12.485914],[-41.75957,-12.486521],[-41.759642,-12.487012],[-41.759714,-12.487142],[-41.759925,-12.48755],[-41.760465,-12.488528],[-41.760492,-12.48858],[-41.760943,-12.489398],[-41.760978,-12.489575],[-41.761163,-12.490384],[-41.761261,-12.490873],[-41.76138,-12.491379],[-41.761667,-12.492808],[-41.761865,-12.494009],[-41.762022,-12.495182],[-41.762165,-12.496555],[-41.762236,-12.497514],[-41.762272,-12.497852],[-41.762363,-12.498998],[-41.762415,-12.50001],[-41.762445,-12.501192],[-41.762442,-12.502591],[-41.762414,-12.503442],[-41.762412,-12.504139],[-41.762403,-12.504411],[-41.762397,-12.505064],[-41.762397,-12.505398],[-41.762365,-12.506496],[-41.762365,-12.506619],[-41.762346,-12.507353],[-41.762345,-12.507399],[-41.762377,-12.507775],[-41.762379,-12.507807],[-41.76245,-12.508735],[-41.762455,-12.508792],[-41.762538,-12.510166],[-41.762579,-12.511423],[-41.762587,-12.51241],[-41.762564,-12.51378],[-41.762559,-12.51388],[-41.76251,-12.515355],[-41.762491,-12.515658],[-41.762481,-12.516027],[-41.762595,-12.516976],[-41.762702,-12.518147],[-41.762779,-12.519315],[-41.762841,-12.521011],[-41.762851,-12.522599],[-41.762814,-12.524132],[-41.762776,-12.524846],[-41.76276,-12.525374],[-41.762703,-12.526626],[-41.76267,-12.527172],[-41.762591,-12.528087],[-41.761949,-12.53399],[-41.762951,-12.539566],[-41.764911,-12.551682],[-41.765132,-12.552989],[-41.76516,-12.553176],[-41.763273,-12.555368],[-41.76221,-12.556857],[-41.762123,-12.556984],[-41.761456,-12.557832],[-41.76079,-12.560087],[-41.758734,-12.566735],[-41.75422,-12.580918],[-41.748056,-12.589],[-41.742216,-12.595481],[-41.740948,-12.598146],[-41.740444,-12.599264],[-41.740433,-12.599296],[-41.736407,-12.612099],[-41.736389,-12.612225],[-41.736071,-12.614307],[-41.735719,-12.617525],[-41.735294,-12.620328],[-41.735109,-12.621641],[-41.735075,-12.62208],[-41.734842,-12.624754],[-41.73457,-12.627523],[-41.734563,-12.627597],[-41.734396,-12.630326],[-41.733932,-12.639009],[-41.733932,-12.639026],[-41.733721,-12.642915],[-41.733645,-12.644938],[-41.733637,-12.645309],[-41.733627,-12.645951],[-41.733306,-12.646067],[-41.731185,-12.646857],[-41.730282,-12.647198],[-41.72929,-12.64758],[-41.724632,-12.649406],[-41.720277,-12.651152],[-41.719351,-12.651532],[-41.717864,-12.652297],[-41.715808,-12.653371],[-41.712815,-12.655208],[-41.710322,-12.6576],[-41.70771,-12.66014],[-41.707169,-12.660673],[-41.706294,-12.661652],[-41.702751,-12.665656],[-41.695184,-12.674308],[-41.695145,-12.674353],[-41.693497,-12.678901],[-41.68817,-12.693597],[-41.68654,-12.699282],[-41.685144,-12.704274],[-41.685179,-12.705103],[-41.685054,-12.707043],[-41.685122,-12.711386],[-41.685035,-12.713225],[-41.684952,-12.714636],[-41.684614,-12.719397],[-41.677025,-12.725249],[-41.664888,-12.739151],[-41.664011,-12.740179],[-41.663367,-12.740951],[-41.661698,-12.753193],[-41.660757,-12.760663],[-41.660188,-12.761833],[-41.660061,-12.765362],[-41.660047,-12.765873],[-41.660029,-12.766973],[-41.660053,-12.771202],[-41.660152,-12.776741],[-41.660234,-12.778745],[-41.660291,-12.780692],[-41.660296,-12.780979],[-41.660503,-12.782191],[-41.660976,-12.785285],[-41.66105,-12.785733],[-41.661252,-12.78708],[-41.66154,-12.788856],[-41.661442,-12.789295],[-41.660447,-12.793998],[-41.660218,-12.795146],[-41.659988,-12.796578],[-41.659909,-12.797111],[-41.659866,-12.797434],[-41.659674,-12.799003],[-41.659161,-12.804884],[-41.659142,-12.805126],[-41.659207,-12.806163],[-41.65922,-12.806349],[-41.659386,-12.808292],[-41.659466,-12.809137],[-41.659482,-12.809264],[-41.659799,-12.811613],[-41.660043,-12.813268],[-41.660159,-12.813953],[-41.660354,-12.815036],[-41.660404,-12.815272],[-41.660909,-12.817561],[-41.66097,-12.817814],[-41.661235,-12.818867],[-41.661882,-12.821153],[-41.662379,-12.822831],[-41.665633,-12.826421],[-41.669018,-12.830123],[-41.668347,-12.84434],[-41.66817,-12.847682],[-41.667039,-12.849838],[-41.665863,-12.851997],[-41.665338,-12.852979],[-41.660777,-12.861653],[-41.659117,-12.864709],[-41.657429,-12.867741],[-41.656027,-12.870217],[-41.651761,-12.872354],[-41.64761,-12.87437],[-41.640877,-12.877556],[-41.634759,-12.88045],[-41.640904,-12.903579],[-41.641898,-12.907549],[-41.642846,-12.909908],[-41.64538,-12.91603],[-41.648967,-12.926155],[-41.649442,-12.927427],[-41.650259,-12.929494],[-41.649649,-12.932252],[-41.649332,-12.933632],[-41.648143,-12.949319],[-41.622274,-12.958173],[-41.620834,-12.95889],[-41.618453,-12.960315],[-41.609881,-12.965577],[-41.609731,-12.966135],[-41.606988,-12.972613],[-41.59248,-12.982732],[-41.589189,-12.986691],[-41.589673,-12.991859],[-41.589059,-12.99583],[-41.584107,-13.00897],[-41.573867,-13.042385],[-41.578743,-13.049953],[-41.578612,-13.054449],[-41.574872,-13.064001],[-41.573513,-13.066863],[-41.570406,-13.071996],[-41.561921,-13.085655],[-41.56144,-13.086415],[-41.560877,-13.087291],[-41.560205,-13.087851],[-41.544684,-13.100671],[-41.544238,-13.101034],[-41.544361,-13.101607],[-41.545188,-13.106333],[-41.545837,-13.107886],[-41.547364,-13.111502],[-41.549456,-13.116389],[-41.550084,-13.118108],[-41.552841,-13.125756],[-41.554291,-13.130158],[-41.557809,-13.14101],[-41.557963,-13.141489],[-41.557771,-13.146967],[-41.557237,-13.150336],[-41.5567,-13.153578],[-41.556517,-13.154645],[-41.556211,-13.156363],[-41.555333,-13.159958],[-41.5553,-13.160097],[-41.553501,-13.167279],[-41.553466,-13.167425],[-41.5534,-13.167689],[-41.553372,-13.167799],[-41.553346,-13.167898],[-41.553027,-13.169022],[-41.55265,-13.170312],[-41.551579,-13.173873],[-41.551485,-13.17417],[-41.551276,-13.174711],[-41.550339,-13.176924],[-41.549831,-13.178076],[-41.54844,-13.181035],[-41.547425,-13.183123],[-41.546917,-13.184128],[-41.546269,-13.185373],[-41.546041,-13.185803],[-41.545871,-13.186096],[-41.545464,-13.186776],[-41.541931,-13.19241],[-41.53893,-13.197111],[-41.538611,-13.19758],[-41.537585,-13.199056],[-41.543869,-13.208236],[-41.549653,-13.218224],[-41.552642,-13.224375],[-41.554898,-13.229166],[-41.556456,-13.232671],[-41.555795,-13.239866],[-41.55547,-13.243803],[-41.555407,-13.244446],[-41.554297,-13.25412],[-41.553881,-13.257262],[-41.556556,-13.260716],[-41.557952,-13.262588],[-41.560098,-13.26558],[-41.563228,-13.269853],[-41.564189,-13.270202],[-41.565869,-13.270843],[-41.569105,-13.271909],[-41.570404,-13.272271],[-41.571934,-13.273173],[-41.574767,-13.274725],[-41.576509,-13.275629],[-41.579073,-13.276822],[-41.583338,-13.278497],[-41.583612,-13.278574],[-41.587761,-13.280554],[-41.587872,-13.280687],[-41.592185,-13.284832],[-41.59403,-13.286127],[-41.598218,-13.288006],[-41.603106,-13.2861],[-41.614779,-13.280196],[-41.623396,-13.275783],[-41.63665,-13.273769],[-41.647907,-13.26049],[-41.654704,-13.255872],[-41.655337,-13.255655],[-41.655914,-13.254907],[-41.655904,-13.254338],[-41.656118,-13.254228],[-41.656281,-13.254334],[-41.656437,-13.254397],[-41.656595,-13.254607],[-41.656295,-13.254935],[-41.6558,-13.255664],[-41.655356,-13.256129],[-41.655232,-13.256602],[-41.654545,-13.258859],[-41.653191,-13.26257],[-41.651349,-13.266606],[-41.650174,-13.268557],[-41.648978,-13.271101],[-41.647117,-13.27418],[-41.645985,-13.2737],[-41.645417,-13.274331],[-41.646315,-13.275385],[-41.644669,-13.278004],[-41.642747,-13.279998],[-41.636514,-13.284668],[-41.627323,-13.285223],[-41.619902,-13.28596],[-41.620086,-13.285451],[-41.624545,-13.2848],[-41.628271,-13.284477],[-41.632149,-13.284333],[-41.635752,-13.28377],[-41.64104,-13.280248],[-41.643789,-13.277726],[-41.642271,-13.271803],[-41.639031,-13.274311],[-41.63699,-13.275145],[-41.629367,-13.276761],[-41.623625,-13.277973],[-41.620155,-13.278566],[-41.61904,-13.27987],[-41.608244,-13.285596],[-41.598167,-13.28906],[-41.596765,-13.291491],[-41.594968,-13.292628],[-41.594235,-13.293007],[-41.59349,-13.293201],[-41.592736,-13.29414],[-41.591232,-13.295284],[-41.590666,-13.296615],[-41.589734,-13.298091],[-41.589619,-13.298226],[-41.588353,-13.300765],[-41.588316,-13.300877],[-41.587538,-13.302699],[-41.587376,-13.303161],[-41.586812,-13.303875],[-41.586279,-13.3047],[-41.585194,-13.304956],[-41.584892,-13.305005],[-41.583961,-13.305298],[-41.582087,-13.305728],[-41.58208,-13.305729],[-41.580133,-13.306289],[-41.579746,-13.306363],[-41.579592,-13.306411],[-41.577645,-13.305855],[-41.576009,-13.30555],[-41.57362,-13.305432],[-41.571142,-13.305913],[-41.569169,-13.306894],[-41.594519,-13.338195],[-41.594254,-13.33855],[-41.59332,-13.3392],[-41.593573,-13.3408],[-41.553797,-13.365812],[-41.538362,-13.341077],[-41.530991,-13.310058],[-41.528577,-13.309834],[-41.525138,-13.311981],[-41.522725,-13.313334],[-41.521976,-13.313922],[-41.52081,-13.314894],[-41.519722,-13.31586],[-41.518464,-13.317049],[-41.517659,-13.317858],[-41.517183,-13.318299],[-41.516327,-13.319142],[-41.516079,-13.319367],[-41.514877,-13.32052],[-41.514471,-13.320931],[-41.513797,-13.321564],[-41.513353,-13.322004],[-41.512566,-13.322725],[-41.511471,-13.323781],[-41.511066,-13.324185],[-41.510928,-13.324313],[-41.509824,-13.325359],[-41.509605,-13.325579],[-41.508313,-13.326786],[-41.508003,-13.327094],[-41.507015,-13.328012],[-41.505999,-13.328993],[-41.505605,-13.329389],[-41.504931,-13.330024],[-41.504132,-13.330807],[-41.503674,-13.331231],[-41.502776,-13.332095],[-41.50254,-13.33231],[-41.501533,-13.333264],[-41.500805,-13.333977],[-41.499463,-13.335222],[-41.498851,-13.335809],[-41.497637,-13.336912],[-41.497406,-13.33711],[-41.495943,-13.338406],[-41.495704,-13.33864],[-41.494881,-13.33941],[-41.494268,-13.340003],[-41.49251,-13.341624],[-41.491788,-13.342252],[-41.490825,-13.344306],[-41.490148,-13.345655],[-41.489047,-13.347738],[-41.487422,-13.350569],[-41.485936,-13.35297],[-41.484292,-13.355442],[-41.482529,-13.357906],[-41.482307,-13.358202],[-41.480319,-13.360758],[-41.477269,-13.36453],[-41.476824,-13.365057],[-41.475899,-13.366075],[-41.475518,-13.366647],[-41.473368,-13.369754],[-41.472961,-13.370322],[-41.471602,-13.372153],[-41.470466,-13.37363],[-41.469379,-13.374991],[-41.468581,-13.37595],[-41.46368,-13.378343],[-41.459513,-13.379534],[-41.453292,-13.381356],[-41.445709,-13.382401],[-41.445435,-13.382439],[-41.445303,-13.382428],[-41.421289,-13.380326],[-41.418177,-13.381925],[-41.40976,-13.38159],[-41.375608,-13.390759],[-41.370221,-13.389686],[-41.350849,-13.385744],[-41.341826,-13.389045],[-41.32716,-13.401256],[-41.316927,-13.394266],[-41.306283,-13.393877],[-41.305376,-13.394167],[-41.304812,-13.394398],[-41.301792,-13.395717],[-41.30128,-13.395943],[-41.301246,-13.395959],[-41.300947,-13.396123],[-41.300857,-13.396181],[-41.299437,-13.397391],[-41.295759,-13.396254],[-41.291399,-13.394409],[-41.289172,-13.393638],[-41.288992,-13.393586],[-41.288905,-13.393597],[-41.288891,-13.393587],[-41.288805,-13.393538],[-41.287898,-13.392923],[-41.286665,-13.39198],[-41.286199,-13.391298],[-41.285863,-13.390079],[-41.285508,-13.388447],[-41.285512,-13.388325],[-41.285661,-13.38788],[-41.286052,-13.386886],[-41.286039,-13.386853],[-41.286007,-13.386584],[-41.285975,-13.386172],[-41.285945,-13.38528],[-41.285985,-13.38264],[-41.286262,-13.381814],[-41.282093,-13.371694],[-41.281145,-13.370702],[-41.276344,-13.36643],[-41.272686,-13.36346],[-41.272091,-13.362962],[-41.271174,-13.362173],[-41.271048,-13.362061],[-41.270817,-13.361992],[-41.254807,-13.357434],[-41.254593,-13.35427],[-41.256394,-13.347094],[-41.256671,-13.345949],[-41.256997,-13.344531],[-41.257138,-13.343858],[-41.257209,-13.343485],[-41.257449,-13.342173],[-41.257636,-13.341046],[-41.258377,-13.33589],[-41.258881,-13.331916],[-41.259518,-13.325709],[-41.262264,-13.320029],[-41.263452,-13.318875],[-41.270896,-13.305272],[-41.281127,-13.286573],[-41.280934,-13.285039],[-41.280482,-13.283833],[-41.275342,-13.273089],[-41.272711,-13.267692],[-41.260422,-13.24331],[-41.251731,-13.225788],[-41.242654,-13.207123],[-41.239578,-13.203603],[-41.220767,-13.181793],[-41.221354,-13.178701],[-41.223731,-13.166174],[-41.247588,-13.124558],[-41.24884,-13.118007],[-41.252903,-13.096739],[-41.255017,-13.090613],[-41.256589,-13.088074],[-41.250927,-13.049474],[-41.229607,-12.997063],[-41.242742,-12.977144],[-41.246362,-12.971696],[-41.251509,-12.964012],[-41.252213,-12.962947],[-41.25301,-12.961702],[-41.253701,-12.960594],[-41.254107,-12.95992],[-41.254941,-12.95849],[-41.256357,-12.95598],[-41.257172,-12.954482],[-41.257752,-12.953375],[-41.258496,-12.951906],[-41.258987,-12.950905],[-41.259528,-12.949755],[-41.260103,-12.948488],[-41.260627,-12.94729],[-41.261287,-12.945703],[-41.261961,-12.943996],[-41.262498,-12.942554],[-41.262953,-12.94125],[-41.263459,-12.939704],[-41.26384,-12.938467],[-41.265244,-12.933588],[-41.266517,-12.92885],[-41.266785,-12.927771],[-41.267171,-12.926055],[-41.267584,-12.923881],[-41.267821,-12.922394],[-41.267951,-12.921473],[-41.268079,-12.920405],[-41.26812,-12.920025],[-41.26819,-12.919319],[-41.268288,-12.919238],[-41.269588,-12.918139],[-41.270792,-12.917086],[-41.271911,-12.91606],[-41.273103,-12.914919],[-41.274498,-12.91352],[-41.275812,-12.912124],[-41.276672,-12.911157],[-41.277435,-12.910265],[-41.280895,-12.906031],[-41.284257,-12.901659],[-41.284945,-12.900705],[-41.285753,-12.899505],[-41.286395,-12.898477],[-41.289416,-12.893229],[-41.288892,-12.888611],[-41.288048,-12.882859],[-41.288318,-12.882005],[-41.288745,-12.880452],[-41.288947,-12.879578],[-41.289001,-12.879375],[-41.289007,-12.879352],[-41.289269,-12.878372],[-41.289464,-12.877697],[-41.289987,-12.875642],[-41.290222,-12.874565],[-41.29038,-12.873703],[-41.290546,-12.872587],[-41.290693,-12.871263],[-41.29078,-12.86996],[-41.290814,-12.868615],[-41.289076,-12.856186],[-41.288825,-12.854703],[-41.288519,-12.853174],[-41.28823,-12.851895],[-41.287866,-12.850463],[-41.287388,-12.848773],[-41.287051,-12.847686],[-41.287848,-12.847348],[-41.289247,-12.846718],[-41.290073,-12.846321],[-41.291186,-12.845754],[-41.292377,-12.844808],[-41.297473,-12.840557],[-41.298594,-12.839676],[-41.299815,-12.838783],[-41.300828,-12.838096],[-41.301517,-12.837661],[-41.302178,-12.837264],[-41.302581,-12.837006],[-41.304125,-12.836084],[-41.311338,-12.828979],[-41.312331,-12.827887],[-41.312503,-12.82746],[-41.31286,-12.826448],[-41.313232,-12.825274],[-41.313425,-12.824509],[-41.31384,-12.822569],[-41.313977,-12.821709],[-41.314114,-12.820476],[-41.314197,-12.819194],[-41.305466,-12.811441],[-41.305785,-12.810783],[-41.306661,-12.809231],[-41.308012,-12.807037],[-41.309116,-12.805557],[-41.311909,-12.802422],[-41.311965,-12.802363],[-41.311968,-12.802359],[-41.312205,-12.801922],[-41.312358,-12.801708],[-41.312761,-12.801256],[-41.313015,-12.801059],[-41.313805,-12.800545],[-41.314339,-12.800232],[-41.314711,-12.800035],[-41.314941,-12.799922],[-41.316247,-12.799361],[-41.318048,-12.798714],[-41.31898,-12.800181],[-41.319099,-12.800361],[-41.320108,-12.801453],[-41.321028,-12.802048],[-41.321286,-12.802344],[-41.322258,-12.803085],[-41.322412,-12.803156],[-41.323014,-12.803521],[-41.323259,-12.803638],[-41.323493,-12.803741],[-41.32377,-12.803843],[-41.323796,-12.803856],[-41.323811,-12.803862],[-41.323967,-12.803995],[-41.324029,-12.804054],[-41.324118,-12.80413],[-41.324656,-12.804446],[-41.325427,-12.804992],[-41.325749,-12.80527],[-41.325931,-12.805355],[-41.326233,-12.805107],[-41.327217,-12.803299],[-41.32752,-12.803544],[-41.327331,-12.804372],[-41.327735,-12.804195],[-41.328212,-12.80414],[-41.328603,-12.804273],[-41.328822,-12.804445],[-41.328987,-12.804662],[-41.329004,-12.804668],[-41.329317,-12.804874],[-41.32952,-12.805091],[-41.329528,-12.805103],[-41.329754,-12.805296],[-41.32978,-12.805325],[-41.329783,-12.80536],[-41.329776,-12.805609],[-41.329737,-12.805834],[-41.329734,-12.805841],[-41.32965,-12.806001],[-41.329659,-12.806061],[-41.329654,-12.806443],[-41.329647,-12.806481],[-41.329413,-12.807152],[-41.32956,-12.807236],[-41.329615,-12.807324],[-41.329709,-12.807658],[-41.329604,-12.808045],[-41.329372,-12.80826],[-41.329525,-12.80842],[-41.329759,-12.80908],[-41.330324,-12.809627],[-41.330323,-12.809631],[-41.330312,-12.809724],[-41.330281,-12.809851],[-41.330265,-12.809896],[-41.330114,-12.810241],[-41.330043,-12.810375],[-41.330014,-12.811161],[-41.330658,-12.811803],[-41.33075,-12.811832],[-41.330951,-12.812113],[-41.331055,-12.812324],[-41.331142,-12.812658],[-41.331157,-12.812926],[-41.331142,-12.813078],[-41.331104,-12.81324],[-41.331141,-12.813359],[-41.331193,-12.813678],[-41.33117,-12.813989],[-41.331076,-12.814281],[-41.33108,-12.814295],[-41.33111,-12.814604],[-41.33106,-12.81495],[-41.330987,-12.815122],[-41.331024,-12.815368],[-41.330983,-12.815729],[-41.330924,-12.815919],[-41.330922,-12.815927],[-41.330833,-12.816123],[-41.330871,-12.816228],[-41.331152,-12.817783],[-41.333942,-12.821072],[-41.334854,-12.821911],[-41.336635,-12.823257],[-41.340922,-12.826015],[-41.346057,-12.829017],[-41.348094,-12.830133],[-41.353818,-12.833055],[-41.360592,-12.836327],[-41.365859,-12.838789],[-41.369475,-12.840452],[-41.376749,-12.843706],[-41.383673,-12.846684],[-41.389308,-12.849061],[-41.391972,-12.850156],[-41.402482,-12.854479],[-41.408392,-12.856843],[-41.418635,-12.82662],[-41.419057,-12.825383],[-41.419144,-12.825171],[-41.420556,-12.822056],[-41.42144,-12.819212],[-41.421931,-12.817601],[-41.428375,-12.793177],[-41.429973,-12.781136],[-41.429024,-12.773476],[-41.429114,-12.77198],[-41.432481,-12.737687],[-41.445532,-12.733786],[-41.45762,-12.730173],[-41.482966,-12.711814],[-41.483769,-12.711038],[-41.49438,-12.700773],[-41.50957,-12.685941],[-41.517632,-12.67846],[-41.535888,-12.681558],[-41.537815,-12.682843],[-41.540694,-12.684877],[-41.544546,-12.687809],[-41.547208,-12.689352],[-41.548455,-12.690017],[-41.549963,-12.690887],[-41.551403,-12.691789],[-41.551691,-12.69206],[-41.552848,-12.69326],[-41.553824,-12.694381],[-41.554292,-12.694384],[-41.556366,-12.694505],[-41.56032,-12.694546],[-41.563349,-12.695132],[-41.567577,-12.695498],[-41.567915,-12.695579],[-41.567994,-12.695556],[-41.567828,-12.695266],[-41.567979,-12.694669],[-41.567858,-12.694571],[-41.568172,-12.693735],[-41.56788,-12.693351],[-41.568129,-12.692848],[-41.567984,-12.692297],[-41.567707,-12.692007],[-41.567844,-12.691499],[-41.567395,-12.690654],[-41.567525,-12.690475],[-41.567208,-12.689356],[-41.567026,-12.68928],[-41.567089,-12.688214],[-41.566525,-12.687937],[-41.566909,-12.687147],[-41.566128,-12.68656],[-41.566569,-12.686157],[-41.566084,-12.685176],[-41.566141,-12.685118],[-41.565725,-12.684002],[-41.565635,-12.683984],[-41.565082,-12.683058],[-41.565096,-12.682959],[-41.564581,-12.682194],[-41.564596,-12.681966],[-41.564247,-12.681337],[-41.564233,-12.680991],[-41.564111,-12.680808],[-41.563962,-12.680516],[-41.563827,-12.67994],[-41.563757,-12.679874],[-41.563462,-12.678795],[-41.563427,-12.678766],[-41.563235,-12.677745],[-41.563014,-12.677504],[-41.563057,-12.676813],[-41.562752,-12.676357],[-41.562844,-12.67589],[-41.562401,-12.67522],[-41.562503,-12.675027],[-41.562266,-12.674162],[-41.561712,-12.673897],[-41.562309,-12.673046],[-41.561378,-12.672706],[-41.562547,-12.67176],[-41.563687,-12.671283],[-41.56567,-12.670894],[-41.566641,-12.670837],[-41.566839,-12.670803],[-41.566973,-12.67089],[-41.56757,-12.671953],[-41.568077,-12.672704],[-41.56884,-12.673651],[-41.569718,-12.67457],[-41.570512,-12.675285],[-41.571558,-12.676106],[-41.572865,-12.676972],[-41.57419,-12.677722],[-41.575761,-12.6785],[-41.577566,-12.679287],[-41.579358,-12.67997],[-41.581336,-12.680627],[-41.581711,-12.680813],[-41.583486,-12.681613],[-41.584606,-12.682077],[-41.586161,-12.68267],[-41.58785,-12.68326],[-41.589752,-12.683867],[-41.59132,-12.684289],[-41.591728,-12.684393],[-41.593448,-12.683856],[-41.593659,-12.683738],[-41.594949,-12.682978],[-41.59536,-12.68273],[-41.599292,-12.680245],[-41.599698,-12.680325],[-41.600737,-12.680521],[-41.607215,-12.679277],[-41.610449,-12.678703],[-41.610566,-12.678684],[-41.613459,-12.678415],[-41.614696,-12.67832],[-41.615729,-12.678258],[-41.616455,-12.678207],[-41.618815,-12.678084],[-41.619355,-12.678064],[-41.620781,-12.677445],[-41.621063,-12.677327],[-41.621391,-12.677174],[-41.621887,-12.67695],[-41.622211,-12.676764],[-41.622333,-12.676696],[-41.623281,-12.676154],[-41.623402,-12.676092],[-41.625129,-12.675233],[-41.626129,-12.674754],[-41.629891,-12.673025],[-41.630812,-12.672843],[-41.63095,-12.672818],[-41.63428,-12.671153],[-41.636224,-12.670232],[-41.638482,-12.66937],[-41.639493,-12.669016],[-41.641629,-12.668524],[-41.644525,-12.667926],[-41.644825,-12.66787],[-41.645075,-12.667667],[-41.645331,-12.667477],[-41.646089,-12.666944],[-41.646498,-12.666672],[-41.646647,-12.666578],[-41.647205,-12.66621],[-41.647304,-12.666149],[-41.648306,-12.665474],[-41.64913,-12.66488],[-41.649132,-12.664879],[-41.649997,-12.664228],[-41.656461,-12.659559],[-41.653743,-12.643936],[-41.653604,-12.643277],[-41.652728,-12.639398],[-41.652137,-12.636936],[-41.651662,-12.636209],[-41.652344,-12.634705],[-41.652842,-12.63366],[-41.653545,-12.632294],[-41.653661,-12.632077],[-41.653792,-12.631819],[-41.653916,-12.631557],[-41.655433,-12.628067],[-41.655572,-12.627836],[-41.656886,-12.626306],[-41.658497,-12.624275],[-41.659638,-12.622759],[-41.659721,-12.622656],[-41.661347,-12.620162],[-41.662268,-12.618697],[-41.666389,-12.610181],[-41.667337,-12.605585],[-41.667351,-12.605519],[-41.667231,-12.605391],[-41.664162,-12.602145],[-41.663879,-12.601684],[-41.663186,-12.600521],[-41.663013,-12.60024],[-41.659267,-12.594356],[-41.65881,-12.593887],[-41.657925,-12.592996],[-41.657888,-12.592959],[-41.656766,-12.591914],[-41.656103,-12.589547],[-41.655654,-12.587777],[-41.655604,-12.58756],[-41.655488,-12.587011],[-41.655306,-12.586078],[-41.655164,-12.585288],[-41.655096,-12.584876],[-41.655027,-12.584414],[-41.653063,-12.572094],[-41.652996,-12.570489],[-41.652886,-12.568325],[-41.653918,-12.567959],[-41.655079,-12.567535],[-41.655987,-12.567198],[-41.656624,-12.566958],[-41.657331,-12.566679],[-41.658252,-12.566297],[-41.65913,-12.565899],[-41.660272,-12.565324],[-41.660645,-12.565136],[-41.662383,-12.564108],[-41.663371,-12.563438],[-41.664116,-12.562898],[-41.664697,-12.56244],[-41.665246,-12.561914],[-41.666394,-12.560719],[-41.667138,-12.559855],[-41.667727,-12.559097],[-41.667733,-12.559088],[-41.669095,-12.558378],[-41.669176,-12.558346],[-41.670457,-12.557752],[-41.671706,-12.557082],[-41.672873,-12.556361],[-41.673983,-12.555767],[-41.675273,-12.554953],[-41.676068,-12.554666],[-41.677223,-12.554143],[-41.678127,-12.553649],[-41.678949,-12.553128],[-41.679839,-12.552477],[-41.680782,-12.551661],[-41.68391,-12.5484],[-41.685435,-12.546592],[-41.685671,-12.544422],[-41.685807,-12.541302],[-41.685772,-12.539172],[-41.685706,-12.53859],[-41.682876,-12.530855],[-41.682688,-12.530431],[-41.682113,-12.529248],[-41.681669,-12.528297],[-41.681587,-12.528135],[-41.681279,-12.527847],[-41.680171,-12.52844],[-41.678092,-12.529492],[-41.670948,-12.533106],[-41.669316,-12.533849],[-41.668763,-12.533968],[-41.666506,-12.534328],[-41.665416,-12.534442],[-41.664414,-12.534504],[-41.663923,-12.534517],[-41.66269,-12.534497],[-41.660866,-12.534399],[-41.660749,-12.534386],[-41.660286,-12.534326],[-41.659976,-12.53428],[-41.659069,-12.534046],[-41.658594,-12.533898],[-41.657713,-12.533595],[-41.657687,-12.533586],[-41.657357,-12.533423],[-41.65715,-12.533359],[-41.656637,-12.533214],[-41.656126,-12.533058],[-41.655689,-12.532914],[-41.655267,-12.532764],[-41.653799,-12.53209],[-41.653019,-12.531761],[-41.650486,-12.530634],[-41.649804,-12.530351],[-41.649278,-12.530087],[-41.648103,-12.529229],[-41.646609,-12.528853],[-41.645513,-12.528554],[-41.643534,-12.528249],[-41.643049,-12.528188],[-41.642932,-12.52816],[-41.642531,-12.528055],[-41.641983,-12.527898],[-41.641831,-12.527851],[-41.64129,-12.527706],[-41.640189,-12.527384],[-41.638465,-12.526847],[-41.638441,-12.526839],[-41.63816,-12.526762],[-41.638079,-12.526738],[-41.638016,-12.52669],[-41.637906,-12.526613],[-41.637531,-12.526293],[-41.636959,-12.525748],[-41.636828,-12.52563],[-41.636813,-12.525617],[-41.6345,-12.523837],[-41.634416,-12.523765],[-41.632716,-12.522462],[-41.632581,-12.522352],[-41.632475,-12.52226],[-41.632214,-12.522021],[-41.632212,-12.522018],[-41.632058,-12.521831],[-41.631434,-12.520969],[-41.631221,-12.520699],[-41.630536,-12.51974],[-41.629867,-12.518887],[-41.629756,-12.518732],[-41.629617,-12.51852],[-41.628998,-12.517673],[-41.628472,-12.517028],[-41.628392,-12.516939],[-41.628205,-12.516714],[-41.627138,-12.515687],[-41.62685,-12.515375],[-41.626817,-12.515336],[-41.625682,-12.514619],[-41.625068,-12.514272],[-41.624719,-12.514061],[-41.624362,-12.513724],[-41.623205,-12.512575],[-41.622946,-12.512299],[-41.622211,-12.511587],[-41.621801,-12.51117],[-41.621666,-12.511046],[-41.620388,-12.510566],[-41.620158,-12.510491],[-41.619918,-12.510409],[-41.61947,-12.510246],[-41.618932,-12.51003],[-41.61841,-12.5098],[-41.618349,-12.509771],[-41.618106,-12.509669],[-41.617888,-12.50959],[-41.617624,-12.509483],[-41.616884,-12.509231],[-41.616532,-12.509134],[-41.615928,-12.508944],[-41.615224,-12.508772],[-41.614988,-12.508706],[-41.6145,-12.508601],[-41.614099,-12.5085],[-41.613836,-12.508451],[-41.613387,-12.508353],[-41.613076,-12.508274],[-41.612704,-12.508207],[-41.612066,-12.508066],[-41.611483,-12.507986],[-41.610968,-12.508133],[-41.609753,-12.508617],[-41.607706,-12.509317],[-41.607226,-12.509448],[-41.606808,-12.509545],[-41.606799,-12.509548],[-41.606081,-12.509732],[-41.605511,-12.509926],[-41.605104,-12.510041],[-41.603933,-12.510514],[-41.603745,-12.510616],[-41.603296,-12.510839],[-41.603228,-12.510868],[-41.602747,-12.511052],[-41.602545,-12.511155],[-41.602281,-12.511271],[-41.602063,-12.511347],[-41.602028,-12.511356],[-41.601446,-12.511564],[-41.601184,-12.511684],[-41.601162,-12.511692],[-41.600814,-12.511796],[-41.600403,-12.511901],[-41.600357,-12.511916],[-41.599919,-12.512037],[-41.599317,-12.512157],[-41.599259,-12.512176],[-41.598662,-12.512337],[-41.598116,-12.512449],[-41.597625,-12.512603],[-41.596949,-12.512737],[-41.596256,-12.512949],[-41.596137,-12.512974],[-41.595836,-12.512823],[-41.594404,-12.512287],[-41.592827,-12.511938],[-41.591592,-12.511949],[-41.590872,-12.512188],[-41.590515,-12.512278],[-41.590282,-12.512316],[-41.590148,-12.512394],[-41.589768,-12.512572],[-41.589376,-12.512711],[-41.588998,-12.512802],[-41.588839,-12.512822],[-41.58862,-12.512955],[-41.588237,-12.513128],[-41.587863,-12.513234],[-41.587515,-12.51328],[-41.587423,-12.513279],[-41.587194,-12.513449],[-41.586874,-12.513612],[-41.586298,-12.513783],[-41.585803,-12.513846],[-41.585616,-12.514224],[-41.5853,-12.514719],[-41.585116,-12.514959],[-41.58486,-12.515222],[-41.584653,-12.515388],[-41.584573,-12.515377],[-41.584331,-12.515432],[-41.584033,-12.515466],[-41.583946,-12.515472],[-41.58375,-12.515475],[-41.583595,-12.515462],[-41.583378,-12.515423],[-41.583349,-12.515427],[-41.58296,-12.515434],[-41.582834,-12.515419],[-41.580962,-12.515462],[-41.57941,-12.515515],[-41.578129,-12.516577],[-41.578225,-12.517941],[-41.577748,-12.519173],[-41.577006,-12.518729],[-41.576618,-12.517472],[-41.576682,-12.515594],[-41.577389,-12.514865],[-41.578522,-12.514795],[-41.580554,-12.514835],[-41.581664,-12.514769],[-41.582234,-12.514722],[-41.58189,-12.513918],[-41.581446,-12.513936],[-41.580988,-12.514007],[-41.580618,-12.514064],[-41.57745,-12.512046],[-41.577078,-12.511203],[-41.576696,-12.510717],[-41.576707,-12.510296],[-41.576759,-12.509939],[-41.576761,-12.509927],[-41.576503,-12.508917],[-41.576472,-12.508717],[-41.576383,-12.508603],[-41.576168,-12.508147],[-41.576123,-12.507918],[-41.575948,-12.507677],[-41.575778,-12.507218],[-41.575741,-12.506683],[-41.575763,-12.50658],[-41.57551,-12.506058],[-41.575451,-12.50532],[-41.575529,-12.504994],[-41.575466,-12.504831],[-41.575424,-12.504379],[-41.575528,-12.503792],[-41.575573,-12.50368],[-41.575546,-12.503187],[-41.575608,-12.502554],[-41.575607,-12.50255],[-41.575357,-12.501702],[-41.575215,-12.500911],[-41.575227,-12.500851],[-41.575084,-12.500157],[-41.575005,-12.499142],[-41.57471,-12.49829],[-41.574593,-12.498069],[-41.574224,-12.497164],[-41.573768,-12.4964],[-41.573486,-12.495814],[-41.573313,-12.495569],[-41.572826,-12.494752],[-41.572611,-12.494325],[-41.572356,-12.493945],[-41.572077,-12.493468],[-41.571953,-12.492998],[-41.571918,-12.492842],[-41.571701,-12.492148],[-41.571539,-12.491294],[-41.571109,-12.489804],[-41.570585,-12.48848],[-41.569954,-12.487211],[-41.569901,-12.487046],[-41.569276,-12.485516],[-41.568883,-12.484707],[-41.567331,-12.483411],[-41.561313,-12.478564],[-41.559614,-12.477045],[-41.558203,-12.475738],[-41.556651,-12.474625],[-41.57599,-12.468377],[-41.578648,-12.463893],[-41.578674,-12.463123],[-41.578615,-12.462649],[-41.578554,-12.462023],[-41.578516,-12.461542],[-41.578494,-12.461448],[-41.578331,-12.460676],[-41.578201,-12.459908],[-41.578187,-12.459827],[-41.578106,-12.459567],[-41.578098,-12.45954],[-41.578049,-12.459156],[-41.57801,-12.458752],[-41.578002,-12.458632],[-41.577977,-12.458443],[-41.577952,-12.45839],[-41.57786,-12.458179],[-41.577848,-12.458046],[-41.57786,-12.457279],[-41.577804,-12.456677],[-41.577811,-12.456419],[-41.582895,-12.454368],[-41.583949,-12.454063],[-41.584761,-12.454296],[-41.584778,-12.454529],[-41.585334,-12.455758],[-41.586038,-12.456401],[-41.586242,-12.4566],[-41.587286,-12.457329],[-41.587442,-12.457771],[-41.591281,-12.463482],[-41.593049,-12.465035],[-41.596006,-12.467266],[-41.598711,-12.469087],[-41.598912,-12.469209],[-41.599432,-12.469892],[-41.599509,-12.470001],[-41.600514,-12.471375],[-41.600708,-12.471656],[-41.600795,-12.471771],[-41.600962,-12.472002],[-41.601855,-12.473308],[-41.601999,-12.473502],[-41.602599,-12.474365],[-41.603004,-12.474928],[-41.603147,-12.474875],[-41.60409,-12.474669],[-41.605672,-12.474274],[-41.607041,-12.473881],[-41.608531,-12.473401],[-41.610009,-12.472869],[-41.611409,-12.472303],[-41.612862,-12.471644],[-41.614056,-12.471039],[-41.615315,-12.470342],[-41.616936,-12.469316],[-41.618363,-12.468268],[-41.619456,-12.467377],[-41.620427,-12.466498],[-41.621374,-12.465547],[-41.622203,-12.464623],[-41.62299,-12.463648],[-41.623889,-12.462411],[-41.624614,-12.461304],[-41.624811,-12.460965],[-41.625162,-12.460363],[-41.62573,-12.459279],[-41.626157,-12.458379],[-41.62642,-12.457759],[-41.619981,-12.4465],[-41.619626,-12.445846],[-41.620992,-12.442532],[-41.621537,-12.441463],[-41.621982,-12.441408],[-41.624386,-12.441155],[-41.625664,-12.44105],[-41.62639,-12.440969],[-41.627551,-12.440873],[-41.628226,-12.440782],[-41.628652,-12.440739],[-41.630376,-12.440567]]]]}},
{"type":"Feature","properties":{"cod_conj":14341,"conjunto":"Lencois","distrib":"Neoenergia Coelba","ano":2025,"dec_h":11.39,"dec_lim":16.0,"fec_n":3.84,"fec_lim":7.0,"dec_pct":71.2,"fec_pct":54.9,"situacao":"Dentro dos limites","num_con":80634,"area_ti_km":7687.1,"base_geo":"31/12/2025","fonte":"ANEEL: BDGD Coelba 2025 e Indicadores Coletivos de Continuidade"},"geometry":{"type":"MultiPolygon","coordinates":[[[[-42.264363,-12.729308],[-42.264302,-12.729257],[-42.261774,-12.72713],[-42.251032,-12.718095],[-42.249917,-12.714131],[-42.245975,-12.711001],[-42.245129,-12.710451],[-42.241061,-12.713033],[-42.234316,-12.717581],[-42.23242,-12.718972],[-42.228857,-12.722055],[-42.223625,-12.724018],[-42.214643,-12.720079],[-42.21356,-12.715928],[-42.213558,-12.715448],[-42.213676,-12.713896],[-42.213236,-12.712011],[-42.21288,-12.710195],[-42.212747,-12.709841],[-42.212707,-12.709583],[-42.212637,-12.708663],[-42.212215,-12.70755],[-42.212181,-12.707478],[-42.211295,-12.70614],[-42.210613,-12.704898],[-42.210445,-12.704533],[-42.210181,-12.703996],[-42.209917,-12.703393],[-42.209632,-12.702656],[-42.209061,-12.700873],[-42.209022,-12.700714],[-42.208748,-12.699907],[-42.208729,-12.699844],[-42.208328,-12.698259],[-42.208198,-12.69749],[-42.208194,-12.697364],[-42.208205,-12.696079],[-42.207414,-12.693344],[-42.207142,-12.692574],[-42.207187,-12.692476],[-42.207874,-12.690688],[-42.207907,-12.690518],[-42.208058,-12.689261],[-42.208215,-12.688542],[-42.208167,-12.686881],[-42.208119,-12.686566],[-42.207757,-12.685115],[-42.207607,-12.6847],[-42.207393,-12.683536],[-42.207397,-12.683226],[-42.20746,-12.682578],[-42.207405,-12.681301],[-42.207484,-12.680943],[-42.207803,-12.680127],[-42.207873,-12.679795],[-42.20808,-12.679101],[-42.208144,-12.678907],[-42.208233,-12.678652],[-42.208326,-12.678022],[-42.205818,-12.677327],[-42.205753,-12.6773],[-42.205617,-12.677217],[-42.205384,-12.676997],[-42.205341,-12.676861],[-42.205384,-12.676621],[-42.205881,-12.676207],[-42.205841,-12.676098],[-42.206043,-12.675394],[-42.206577,-12.675168],[-42.206526,-12.674919],[-42.206924,-12.674213],[-42.206967,-12.67419],[-42.207221,-12.673497],[-42.207219,-12.673359],[-42.207441,-12.672845],[-42.207446,-12.672838],[-42.207471,-12.672717],[-42.207341,-12.672312],[-42.207226,-12.672139],[-42.207112,-12.671868],[-42.20694,-12.671618],[-42.206896,-12.671496],[-42.206599,-12.671001],[-42.206446,-12.670039],[-42.206481,-12.669822],[-42.20682,-12.669202],[-42.207174,-12.668826],[-42.207615,-12.668522],[-42.208214,-12.668268],[-42.208234,-12.668019],[-42.208116,-12.667294],[-42.20819,-12.666432],[-42.208323,-12.666024],[-42.208315,-12.665882],[-42.20842,-12.665023],[-42.208413,-12.66498],[-42.208501,-12.664212],[-42.208794,-12.663718],[-42.208855,-12.663291],[-42.209227,-12.662774],[-42.209202,-12.662306],[-42.20953,-12.661596],[-42.20957,-12.661559],[-42.209711,-12.661084],[-42.209985,-12.660743],[-42.210271,-12.660572],[-42.210359,-12.660397],[-42.210569,-12.660213],[-42.210812,-12.659792],[-42.211343,-12.659536],[-42.211399,-12.659369],[-42.212108,-12.658917],[-42.212123,-12.658916],[-42.2123,-12.658139],[-42.212409,-12.658028],[-42.212407,-12.65784],[-42.212346,-12.657745],[-42.212115,-12.657608],[-42.211662,-12.657677],[-42.211752,-12.65798],[-42.211199,-12.658288],[-42.211201,-12.658327],[-42.210875,-12.658794],[-42.210295,-12.658905],[-42.210294,-12.65891],[-42.209914,-12.659373],[-42.209141,-12.659498],[-42.208965,-12.659436],[-42.20866,-12.660253],[-42.207929,-12.660564],[-42.207889,-12.660926],[-42.207151,-12.661825],[-42.207113,-12.661844],[-42.206674,-12.6626],[-42.206204,-12.663002],[-42.206148,-12.66313],[-42.205696,-12.663715],[-42.205474,-12.663916],[-42.205389,-12.663973],[-42.204869,-12.664544],[-42.204834,-12.66457],[-42.204567,-12.664807],[-42.204141,-12.665331],[-42.203806,-12.665597],[-42.203677,-12.665774],[-42.202782,-12.66662],[-42.202636,-12.666845],[-42.201865,-12.667702],[-42.201593,-12.668225],[-42.201093,-12.668926],[-42.200903,-12.669151],[-42.20022,-12.670391],[-42.199798,-12.671417],[-42.199746,-12.671577],[-42.199393,-12.672516],[-42.199176,-12.673217],[-42.19915,-12.673238],[-42.198186,-12.674179],[-42.197377,-12.675142],[-42.196928,-12.675749],[-42.196427,-12.676507],[-42.195922,-12.677378],[-42.195489,-12.67822],[-42.194439,-12.679408],[-42.19434,-12.679501],[-42.19433,-12.679507],[-42.193536,-12.67985],[-42.188278,-12.682271],[-42.185055,-12.683431],[-42.171846,-12.689498],[-42.171724,-12.689131],[-42.171461,-12.688312],[-42.170651,-12.684591],[-42.172067,-12.680001],[-42.173663,-12.675274],[-42.17491,-12.67254],[-42.175273,-12.671786],[-42.176025,-12.670433],[-42.176846,-12.669033],[-42.177506,-12.668019],[-42.178681,-12.666313],[-42.185965,-12.662965],[-42.189124,-12.661444],[-42.189571,-12.661216],[-42.19024,-12.660505],[-42.191194,-12.659355],[-42.191469,-12.658999],[-42.192015,-12.658227],[-42.192784,-12.657015],[-42.193567,-12.655561],[-42.193727,-12.655207],[-42.196374,-12.656412],[-42.198134,-12.65707],[-42.199504,-12.657453],[-42.200963,-12.657781],[-42.201324,-12.657851],[-42.202809,-12.65801],[-42.204513,-12.657928],[-42.205945,-12.657594],[-42.207056,-12.65707],[-42.20732,-12.656971],[-42.207735,-12.656677],[-42.207772,-12.656655],[-42.209036,-12.656969],[-42.209874,-12.656933],[-42.210426,-12.657118],[-42.211252,-12.657071],[-42.211373,-12.657026],[-42.211697,-12.657158],[-42.211801,-12.657248],[-42.212312,-12.657384],[-42.212317,-12.65735],[-42.212446,-12.657212],[-42.212323,-12.656969],[-42.212535,-12.656009],[-42.212545,-12.655848],[-42.212615,-12.65572],[-42.212401,-12.655062],[-42.212029,-12.654826],[-42.211977,-12.654755],[-42.211574,-12.654282],[-42.211564,-12.654244],[-42.211399,-12.653826],[-42.21112,-12.653301],[-42.211114,-12.65319],[-42.211031,-12.652708],[-42.210934,-12.652401],[-42.210932,-12.652396],[-42.210926,-12.652391],[-42.210742,-12.652175],[-42.210462,-12.65191],[-42.210239,-12.651754],[-42.210159,-12.6516],[-42.209935,-12.651308],[-42.2097,-12.651111],[-42.209477,-12.651011],[-42.209459,-12.65097],[-42.209116,-12.650573],[-42.209222,-12.649421],[-42.209582,-12.649018],[-42.20979,-12.648716],[-42.209768,-12.648669],[-42.209721,-12.648277],[-42.209491,-12.647653],[-42.209499,-12.646876],[-42.209477,-12.646493],[-42.209754,-12.64541],[-42.209639,-12.645339],[-42.209049,-12.644696],[-42.208665,-12.644523],[-42.207955,-12.643891],[-42.207852,-12.643649],[-42.206817,-12.643272],[-42.207819,-12.642702],[-42.207853,-12.642696],[-42.208106,-12.64236],[-42.208489,-12.642016],[-42.208975,-12.641766],[-42.209268,-12.641391],[-42.209987,-12.640797],[-42.21013,-12.640718],[-42.210404,-12.640466],[-42.21096,-12.64004],[-42.211316,-12.639821],[-42.211462,-12.639686],[-42.211675,-12.639107],[-42.212629,-12.637666],[-42.211673,-12.62938],[-42.218509,-12.623862],[-42.218682,-12.621278],[-42.215583,-12.620534],[-42.2164,-12.618753],[-42.215404,-12.616629],[-42.213589,-12.613329],[-42.207579,-12.610132],[-42.205472,-12.607808],[-42.202138,-12.606389],[-42.199785,-12.605803],[-42.198644,-12.604655],[-42.19724,-12.603637],[-42.192519,-12.603827],[-42.190194,-12.60268],[-42.18859,-12.598453],[-42.186444,-12.594818],[-42.184397,-12.594102],[-42.180306,-12.595253],[-42.177091,-12.596164],[-42.174185,-12.598355],[-42.172987,-12.599691],[-42.171453,-12.600682],[-42.169993,-12.60265],[-42.168868,-12.603771],[-42.166078,-12.606026],[-42.163755,-12.608339],[-42.160906,-12.610437],[-42.158625,-12.609232],[-42.15516,-12.607942],[-42.152719,-12.606867],[-42.149005,-12.605677],[-42.146227,-12.602851],[-42.14355,-12.599536],[-42.085116,-12.623234],[-42.083946,-12.623761],[-42.083351,-12.624163],[-42.081955,-12.625131],[-42.081753,-12.625327],[-42.081344,-12.625808],[-42.080103,-12.627296],[-42.07888,-12.628723],[-42.078349,-12.629589],[-42.077083,-12.631568],[-42.075951,-12.633268],[-42.075571,-12.633825],[-42.074642,-12.63516],[-42.074295,-12.635639],[-42.07406,-12.635967],[-42.073846,-12.636455],[-42.073598,-12.63699],[-42.073514,-12.63713],[-42.0722,-12.639359],[-42.070414,-12.642447],[-42.069328,-12.644576],[-42.069132,-12.644959],[-42.066592,-12.649677],[-42.066307,-12.650037],[-42.065339,-12.651248],[-42.063723,-12.653304],[-42.062778,-12.654374],[-42.045277,-12.675244],[-42.04689,-12.678597],[-42.048137,-12.68426],[-42.048825,-12.688358],[-42.048921,-12.689065],[-42.048995,-12.68931],[-42.049446,-12.691017],[-42.049801,-12.692565],[-42.049989,-12.693522],[-42.050126,-12.694371],[-42.050377,-12.69647],[-42.050477,-12.697611],[-42.050465,-12.69823],[-42.050377,-12.699903],[-42.050286,-12.70095],[-42.050248,-12.701266],[-42.050546,-12.702331],[-42.050958,-12.704038],[-42.051198,-12.705241],[-42.051234,-12.705463],[-42.049165,-12.717642],[-42.048228,-12.723162],[-42.039005,-12.735233],[-42.031761,-12.740542],[-42.032308,-12.747305],[-42.032471,-12.747721],[-42.031626,-12.751519],[-42.030144,-12.758976],[-42.030003,-12.75969],[-42.029933,-12.761097],[-42.0299,-12.764085],[-42.029949,-12.765968],[-42.030088,-12.768333],[-42.030182,-12.769426],[-42.030203,-12.76967],[-42.030281,-12.770329],[-42.030449,-12.771438],[-42.030726,-12.772946],[-42.030785,-12.77321],[-42.030741,-12.773747],[-42.030663,-12.775612],[-42.030657,-12.777623],[-42.031191,-12.783282],[-42.031608,-12.786631],[-42.031342,-12.787061],[-42.02962,-12.790006],[-42.028876,-12.791326],[-42.027713,-12.793968],[-42.025855,-12.798359],[-42.025336,-12.799626],[-42.025278,-12.799959],[-42.024747,-12.806293],[-42.024506,-12.809572],[-42.023972,-12.813518],[-42.021799,-12.815366],[-42.020726,-12.815002],[-42.010565,-12.811549],[-42.004457,-12.809561],[-41.990535,-12.805292],[-41.979953,-12.814968],[-41.979163,-12.81567],[-41.977976,-12.816686],[-41.977169,-12.817315],[-41.976861,-12.81749],[-41.975275,-12.819136],[-41.97436,-12.820148],[-41.973494,-12.821167],[-41.970985,-12.826487],[-41.970384,-12.827734],[-41.968092,-12.832488],[-41.967279,-12.834281],[-41.966547,-12.835461],[-41.961612,-12.83854],[-41.959765,-12.840244],[-41.959198,-12.840931],[-41.958595,-12.841689],[-41.958069,-12.842375],[-41.957455,-12.843204],[-41.956857,-12.844045],[-41.956327,-12.844819],[-41.955784,-12.84533],[-41.955445,-12.845661],[-41.954979,-12.846135],[-41.953747,-12.847443],[-41.95359,-12.847616],[-41.953036,-12.848215],[-41.952419,-12.848905],[-41.951907,-12.849501],[-41.951125,-12.850452],[-41.950261,-12.851539],[-41.949961,-12.851926],[-41.949672,-12.852309],[-41.949457,-12.852586],[-41.948904,-12.853325],[-41.948402,-12.854019],[-41.9456,-12.858016],[-41.944972,-12.858878],[-41.944681,-12.859547],[-41.944666,-12.859582],[-41.944282,-12.860301],[-41.944199,-12.860461],[-41.944184,-12.860686],[-41.942635,-12.866746],[-41.927348,-12.898625],[-41.927059,-12.898838],[-41.918433,-12.902738],[-41.917684,-12.903084],[-41.917471,-12.903184],[-41.917024,-12.903399],[-41.916318,-12.903876],[-41.914914,-12.904865],[-41.91334,-12.906016],[-41.911901,-12.907108],[-41.911802,-12.907189],[-41.908514,-12.910211],[-41.907312,-12.910638],[-41.906951,-12.910814],[-41.904161,-12.912151],[-41.900777,-12.914292],[-41.899059,-12.915688],[-41.896433,-12.917842],[-41.895028,-12.919644],[-41.897122,-12.932819],[-41.897235,-12.933586],[-41.897304,-12.93409],[-41.898108,-12.940103],[-41.898362,-12.94213],[-41.898502,-12.943437],[-41.898342,-12.943854],[-41.898136,-12.944371],[-41.898014,-12.944663],[-41.890388,-12.960802],[-41.89011,-12.963424],[-41.890179,-12.965639],[-41.890376,-12.968969],[-41.890426,-12.969556],[-41.890696,-12.97214],[-41.890972,-12.974212],[-41.890941,-12.974292],[-41.88992,-12.977268],[-41.88781,-12.983946],[-41.876651,-12.979345],[-41.871963,-12.97752],[-41.870476,-12.976842],[-41.869828,-12.97657],[-41.868769,-12.976157],[-41.868149,-12.975863],[-41.866568,-12.975156],[-41.860868,-12.972751],[-41.853563,-12.969495],[-41.85274,-12.969789],[-41.843045,-12.961246],[-41.843567,-12.957274],[-41.843704,-12.956379],[-41.843925,-12.955258],[-41.844538,-12.952888],[-41.844295,-12.952112],[-41.842498,-12.950695],[-41.840556,-12.947726],[-41.839666,-12.946147],[-41.83918,-12.945806],[-41.839154,-12.945778],[-41.838981,-12.945508],[-41.838548,-12.94492],[-41.838192,-12.944541],[-41.837901,-12.944177],[-41.837684,-12.943949],[-41.837306,-12.943903],[-41.836498,-12.943867],[-41.835832,-12.943887],[-41.835102,-12.943827],[-41.833144,-12.943781],[-41.832158,-12.943799],[-41.832107,-12.942698],[-41.83173,-12.93846],[-41.83086,-12.931722],[-41.830745,-12.930987],[-41.830438,-12.930238],[-41.829908,-12.928839],[-41.8286,-12.925597],[-41.827634,-12.923325],[-41.827296,-12.922562],[-41.826503,-12.920835],[-41.824706,-12.917057],[-41.824618,-12.916879],[-41.824326,-12.916479],[-41.823436,-12.915288],[-41.822908,-12.914595],[-41.822805,-12.914463],[-41.822086,-12.913558],[-41.821376,-12.912682],[-41.820175,-12.911231],[-41.819329,-12.911406],[-41.818403,-12.911785],[-41.81745,-12.912197],[-41.813088,-12.914029],[-41.810796,-12.91698],[-41.804976,-12.92477],[-41.804693,-12.925169],[-41.804267,-12.925879],[-41.80383,-12.926576],[-41.803738,-12.926944],[-41.803248,-12.928766],[-41.802338,-12.931937],[-41.801037,-12.934219],[-41.800258,-12.935545],[-41.797673,-12.939178],[-41.797204,-12.941115],[-41.796446,-12.944564],[-41.797609,-12.949386],[-41.797703,-12.94974],[-41.799507,-12.95473],[-41.799984,-12.955981],[-41.800801,-12.957991],[-41.800786,-12.959451],[-41.801274,-12.965001],[-41.80135,-12.966979],[-41.801356,-12.967401],[-41.801333,-12.96786],[-41.8005,-12.969809],[-41.80016,-12.970635],[-41.799351,-12.972775],[-41.798552,-12.975153],[-41.798292,-12.976025],[-41.799083,-12.977063],[-41.799126,-12.977356],[-41.799159,-12.977548],[-41.799488,-12.980119],[-41.79964,-12.981602],[-41.800584,-12.988884],[-41.795592,-12.995422],[-41.795716,-12.998422],[-41.796058,-13.000965],[-41.795529,-13.001804],[-41.795415,-13.002021],[-41.794716,-13.002916],[-41.7945,-13.003173],[-41.793547,-13.004537],[-41.793438,-13.004728],[-41.79296,-13.00551],[-41.792931,-13.005619],[-41.7929,-13.005719],[-41.792001,-13.006795],[-41.791884,-13.006959],[-41.791606,-13.007369],[-41.790209,-13.009581],[-41.789395,-13.011135],[-41.788476,-13.013511],[-41.787587,-13.016656],[-41.787396,-13.017486],[-41.787306,-13.017937],[-41.78729,-13.017953],[-41.787122,-13.018121],[-41.786859,-13.018396],[-41.786833,-13.018422],[-41.786701,-13.018553],[-41.786555,-13.018709],[-41.786234,-13.019072],[-41.786058,-13.019282],[-41.785933,-13.019412],[-41.785599,-13.01978],[-41.785593,-13.019787],[-41.785402,-13.019995],[-41.784615,-13.020804],[-41.783256,-13.022128],[-41.78274,-13.022678],[-41.781765,-13.023666],[-41.781403,-13.024077],[-41.780913,-13.024605],[-41.780834,-13.024696],[-41.780279,-13.025308],[-41.779964,-13.02567],[-41.779781,-13.025889],[-41.779625,-13.026151],[-41.779587,-13.026212],[-41.779513,-13.02635],[-41.778434,-13.027333],[-41.778408,-13.02736],[-41.775458,-13.035247],[-41.782836,-13.040129],[-41.783049,-13.040405],[-41.783423,-13.040935],[-41.783749,-13.041437],[-41.784034,-13.041918],[-41.784459,-13.042727],[-41.785053,-13.044013],[-41.785758,-13.045702],[-41.785265,-13.050304],[-41.785356,-13.053375],[-41.785481,-13.055017],[-41.785367,-13.055231],[-41.785276,-13.05549],[-41.785002,-13.056123],[-41.784846,-13.056563],[-41.784254,-13.057929],[-41.78378,-13.058853],[-41.783215,-13.059788],[-41.783159,-13.059891],[-41.782332,-13.061172],[-41.781648,-13.062117],[-41.780712,-13.063284],[-41.780016,-13.064058],[-41.776426,-13.065646],[-41.77401,-13.06677],[-41.765943,-13.07151],[-41.762851,-13.073249],[-41.758827,-13.075187],[-41.755089,-13.076896],[-41.754355,-13.072117],[-41.752271,-13.067935],[-41.751383,-13.066207],[-41.751252,-13.065974],[-41.751051,-13.065611],[-41.750708,-13.06494],[-41.750511,-13.064447],[-41.750175,-13.063769],[-41.747365,-13.058286],[-41.745842,-13.055431],[-41.743861,-13.051853],[-41.73936,-13.047956],[-41.735574,-13.044829],[-41.735391,-13.044671],[-41.735363,-13.043883],[-41.735333,-13.043432],[-41.735163,-13.041957],[-41.734144,-13.038199],[-41.733404,-13.035775],[-41.734224,-13.034828],[-41.734716,-13.034196],[-41.73531,-13.033372],[-41.735651,-13.032485],[-41.73605,-13.031317],[-41.737144,-13.027615],[-41.737374,-13.027135],[-41.738747,-13.024559],[-41.739693,-13.02335],[-41.740029,-13.022947],[-41.740202,-13.022753],[-41.74168,-13.02183],[-41.744106,-13.020434],[-41.745905,-13.019686],[-41.74746,-13.019326],[-41.74807,-13.019215],[-41.748565,-13.01811],[-41.749373,-13.016505],[-41.749757,-13.015791],[-41.751136,-13.013353],[-41.752191,-13.011564],[-41.752298,-13.0114],[-41.752724,-13.010784],[-41.753021,-13.010372],[-41.753298,-13.010006],[-41.753759,-13.009476],[-41.754777,-13.008367],[-41.754957,-13.008199],[-41.762127,-13.003454],[-41.762478,-13.002929],[-41.762638,-13.002674],[-41.762946,-13.00217],[-41.765245,-12.998305],[-41.764761,-12.998208],[-41.757965,-12.995199],[-41.747614,-12.990406],[-41.745421,-12.989226],[-41.744461,-12.989689],[-41.744203,-12.989795],[-41.743412,-12.99004],[-41.742373,-12.990291],[-41.741185,-12.990507],[-41.739808,-12.990694],[-41.739597,-12.99071],[-41.7388,-12.990749],[-41.738382,-12.990755],[-41.736496,-12.990714],[-41.734885,-12.990637],[-41.733852,-12.990565],[-41.732585,-12.990452],[-41.726249,-12.989338],[-41.720396,-12.98826],[-41.719005,-12.987048],[-41.716402,-12.988302],[-41.715332,-12.988591],[-41.701116,-12.992289],[-41.698443,-12.992985],[-41.684985,-12.996486],[-41.66907,-12.971982],[-41.668285,-12.966787],[-41.65906,-12.958732],[-41.648143,-12.949319],[-41.649332,-12.933632],[-41.649649,-12.932252],[-41.650259,-12.929494],[-41.649442,-12.927427],[-41.648967,-12.926155],[-41.64538,-12.91603],[-41.642846,-12.909908],[-41.641898,-12.907549],[-41.640904,-12.903579],[-41.634759,-12.88045],[-41.640877,-12.877556],[-41.64761,-12.87437],[-41.651761,-12.872354],[-41.656027,-12.870217],[-41.657429,-12.867741],[-41.659117,-12.864709],[-41.660777,-12.861653],[-41.665338,-12.852979],[-41.665863,-12.851997],[-41.667039,-12.849838],[-41.66817,-12.847682],[-41.668347,-12.84434],[-41.669018,-12.830123],[-41.665633,-12.826421],[-41.662379,-12.822831],[-41.661882,-12.821153],[-41.661235,-12.818867],[-41.66097,-12.817814],[-41.660909,-12.817561],[-41.660404,-12.815272],[-41.660354,-12.815036],[-41.660159,-12.813953],[-41.660043,-12.813268],[-41.659799,-12.811613],[-41.659482,-12.809264],[-41.659466,-12.809137],[-41.659386,-12.808292],[-41.65922,-12.806349],[-41.659207,-12.806163],[-41.659142,-12.805126],[-41.659161,-12.804884],[-41.659674,-12.799003],[-41.659866,-12.797434],[-41.659909,-12.797111],[-41.659988,-12.796578],[-41.660218,-12.795146],[-41.660447,-12.793998],[-41.661442,-12.789295],[-41.66154,-12.788856],[-41.661252,-12.78708],[-41.66105,-12.785733],[-41.660976,-12.785285],[-41.660503,-12.782191],[-41.660296,-12.780979],[-41.660291,-12.780692],[-41.660234,-12.778745],[-41.660152,-12.776741],[-41.660053,-12.771202],[-41.660029,-12.766973],[-41.660047,-12.765873],[-41.660061,-12.765362],[-41.660188,-12.761833],[-41.660757,-12.760663],[-41.661698,-12.753193],[-41.663367,-12.740951],[-41.664011,-12.740179],[-41.664888,-12.739151],[-41.677025,-12.725249],[-41.684614,-12.719397],[-41.684952,-12.714636],[-41.685035,-12.713225],[-41.685122,-12.711386],[-41.685054,-12.707043],[-41.685179,-12.705103],[-41.685144,-12.704274],[-41.68654,-12.699282],[-41.68817,-12.693597],[-41.693497,-12.678901],[-41.695145,-12.674353],[-41.695184,-12.674308],[-41.702751,-12.665656],[-41.706294,-12.661652],[-41.707169,-12.660673],[-41.70771,-12.66014],[-41.710322,-12.6576],[-41.712815,-12.655208],[-41.715808,-12.653371],[-41.717864,-12.652297],[-41.719351,-12.651532],[-41.720277,-12.651152],[-41.724632,-12.649406],[-41.72929,-12.64758],[-41.730282,-12.647198],[-41.731185,-12.646857],[-41.733306,-12.646067],[-41.733627,-12.645951],[-41.733637,-12.645309],[-41.733645,-12.644938],[-41.733721,-12.642915],[-41.733932,-12.639026],[-41.733932,-12.639009],[-41.734396,-12.630326],[-41.734563,-12.627597],[-41.73457,-12.627523],[-41.734842,-12.624754],[-41.735075,-12.62208],[-41.735109,-12.621641],[-41.735294,-12.620328],[-41.735719,-12.617525],[-41.736071,-12.614307],[-41.736389,-12.612225],[-41.736407,-12.612099],[-41.740433,-12.599296],[-41.740444,-12.599264],[-41.740948,-12.598146],[-41.742216,-12.595481],[-41.748056,-12.589],[-41.75422,-12.580918],[-41.758734,-12.566735],[-41.76079,-12.560087],[-41.761456,-12.557832],[-41.762123,-12.556984],[-41.76221,-12.556857],[-41.763273,-12.555368],[-41.76516,-12.553176],[-41.765132,-12.552989],[-41.764911,-12.551682],[-41.762951,-12.539566],[-41.761949,-12.53399],[-41.762591,-12.528087],[-41.76267,-12.527172],[-41.762703,-12.526626],[-41.76276,-12.525374],[-41.762776,-12.524846],[-41.762814,-12.524132],[-41.762851,-12.522599],[-41.762841,-12.521011],[-41.762779,-12.519315],[-41.762702,-12.518147],[-41.762595,-12.516976],[-41.762481,-12.516027],[-41.762491,-12.515658],[-41.76251,-12.515355],[-41.762559,-12.51388],[-41.762564,-12.51378],[-41.762587,-12.51241],[-41.762579,-12.511423],[-41.762538,-12.510166],[-41.762455,-12.508792],[-41.76245,-12.508735],[-41.762379,-12.507807],[-41.762377,-12.507775],[-41.762345,-12.507399],[-41.762346,-12.507353],[-41.762365,-12.506619],[-41.762365,-12.506496],[-41.762397,-12.505398],[-41.762397,-12.505064],[-41.762403,-12.504411],[-41.762412,-12.504139],[-41.762414,-12.503442],[-41.762442,-12.502591],[-41.762445,-12.501192],[-41.762415,-12.50001],[-41.762363,-12.498998],[-41.762272,-12.497852],[-41.762236,-12.497514],[-41.762165,-12.496555],[-41.762022,-12.495182],[-41.761865,-12.494009],[-41.761667,-12.492808],[-41.76138,-12.491379],[-41.761261,-12.490873],[-41.761163,-12.490384],[-41.760978,-12.489575],[-41.760943,-12.489398],[-41.760492,-12.48858],[-41.760465,-12.488528],[-41.759925,-12.48755],[-41.759714,-12.487142],[-41.759642,-12.487012],[-41.75957,-12.486521],[-41.759504,-12.485914],[-41.75937,-12.484869],[-41.759361,-12.484812],[-41.759254,-12.483846],[-41.759204,-12.483508],[-41.759144,-12.483022],[-41.759091,-12.482558],[-41.759025,-12.482111],[-41.758911,-12.481211],[-41.758892,-12.481049],[-41.758844,-12.480748],[-41.758679,-12.479533],[-41.75859,-12.479008],[-41.75858,-12.478933],[-41.758457,-12.477836],[-41.758421,-12.477597],[-41.750989,-12.473385],[-41.74529,-12.47065],[-41.745077,-12.470493],[-41.744782,-12.469796],[-41.744092,-12.469207],[-41.743978,-12.469229],[-41.74377,-12.469278],[-41.743652,-12.46931],[-41.743644,-12.469312],[-41.743588,-12.46933],[-41.743538,-12.46935],[-41.729809,-12.46324],[-41.72869,-12.459185],[-41.724232,-12.458546],[-41.722882,-12.458338],[-41.722346,-12.458272],[-41.722276,-12.458235],[-41.722026,-12.45811],[-41.718558,-12.456906],[-41.717572,-12.456551],[-41.715396,-12.455802],[-41.714048,-12.455317],[-41.712035,-12.454697],[-41.711737,-12.454601],[-41.701049,-12.451818],[-41.700141,-12.451409],[-41.690613,-12.446503],[-41.691261,-12.445435],[-41.701818,-12.430698],[-41.707734,-12.409165],[-41.70631,-12.408264],[-41.692487,-12.4092],[-41.690182,-12.409312],[-41.688351,-12.409365],[-41.686843,-12.409378],[-41.683086,-12.409332],[-41.681501,-12.409285],[-41.680167,-12.409227],[-41.679585,-12.409252],[-41.678252,-12.40891],[-41.678136,-12.408883],[-41.676016,-12.408343],[-41.67493,-12.408345],[-41.670627,-12.408269],[-41.666493,-12.408116],[-41.665247,-12.408047],[-41.663776,-12.407942],[-41.663355,-12.407906],[-41.663034,-12.407874],[-41.662047,-12.407762],[-41.660973,-12.407629],[-41.659657,-12.407334],[-41.655352,-12.40622],[-41.655044,-12.406919],[-41.654444,-12.408366],[-41.653917,-12.409732],[-41.652116,-12.414011],[-41.650469,-12.417661],[-41.650073,-12.418395],[-41.650072,-12.4184],[-41.650026,-12.419394],[-41.650013,-12.420167],[-41.649884,-12.421179],[-41.649349,-12.424302],[-41.649191,-12.425476],[-41.649049,-12.4268],[-41.648968,-12.427893],[-41.648955,-12.428373],[-41.648946,-12.428499],[-41.648045,-12.429379],[-41.646678,-12.430856],[-41.645858,-12.431829],[-41.645153,-12.432724],[-41.6444,-12.433786],[-41.643864,-12.434299],[-41.639758,-12.436207],[-41.641084,-12.443377],[-41.641858,-12.446847],[-41.642149,-12.457136],[-41.640627,-12.457044],[-41.641064,-12.449299],[-41.640886,-12.44562],[-41.63925,-12.440832],[-41.636422,-12.438645],[-41.630376,-12.440567],[-41.628652,-12.440739],[-41.628226,-12.440782],[-41.627551,-12.440873],[-41.62639,-12.440969],[-41.625664,-12.44105],[-41.624386,-12.441155],[-41.621982,-12.441408],[-41.621537,-12.441463],[-41.620992,-12.442532],[-41.619626,-12.445846],[-41.619981,-12.4465],[-41.62642,-12.457759],[-41.626157,-12.458379],[-41.62573,-12.459279],[-41.625162,-12.460363],[-41.624811,-12.460965],[-41.624614,-12.461304],[-41.623889,-12.462411],[-41.62299,-12.463648],[-41.622203,-12.464623],[-41.621374,-12.465547],[-41.620427,-12.466498],[-41.619456,-12.467377],[-41.618363,-12.468268],[-41.616936,-12.469316],[-41.615315,-12.470342],[-41.614056,-12.471039],[-41.612862,-12.471644],[-41.611409,-12.472303],[-41.610009,-12.472869],[-41.608531,-12.473401],[-41.607041,-12.473881],[-41.605672,-12.474274],[-41.60409,-12.474669],[-41.603147,-12.474875],[-41.603004,-12.474928],[-41.602599,-12.474365],[-41.601999,-12.473502],[-41.601855,-12.473308],[-41.600962,-12.472002],[-41.600795,-12.471771],[-41.600708,-12.471656],[-41.600514,-12.471375],[-41.599509,-12.470001],[-41.599432,-12.469892],[-41.598912,-12.469209],[-41.598711,-12.469087],[-41.596006,-12.467266],[-41.593049,-12.465035],[-41.591281,-12.463482],[-41.587442,-12.457771],[-41.587286,-12.457329],[-41.586242,-12.4566],[-41.586038,-12.456401],[-41.585334,-12.455758],[-41.584778,-12.454529],[-41.584761,-12.454296],[-41.583949,-12.454063],[-41.582895,-12.454368],[-41.577811,-12.456419],[-41.577804,-12.456677],[-41.57786,-12.457279],[-41.577848,-12.458046],[-41.57786,-12.458179],[-41.577952,-12.45839],[-41.577977,-12.458443],[-41.578002,-12.458632],[-41.57801,-12.458752],[-41.578049,-12.459156],[-41.578098,-12.45954],[-41.578106,-12.459567],[-41.578187,-12.459827],[-41.578201,-12.459908],[-41.578331,-12.460676],[-41.578494,-12.461448],[-41.578516,-12.461542],[-41.578554,-12.462023],[-41.578615,-12.462649],[-41.578674,-12.463123],[-41.578648,-12.463893],[-41.57599,-12.468377],[-41.556651,-12.474625],[-41.558203,-12.475738],[-41.559614,-12.477045],[-41.561313,-12.478564],[-41.567331,-12.483411],[-41.568883,-12.484707],[-41.569276,-12.485516],[-41.569901,-12.487046],[-41.569954,-12.487211],[-41.570585,-12.48848],[-41.571109,-12.489804],[-41.571539,-12.491294],[-41.571701,-12.492148],[-41.571918,-12.492842],[-41.571953,-12.492998],[-41.572077,-12.493468],[-41.572356,-12.493945],[-41.572611,-12.494325],[-41.572826,-12.494752],[-41.573313,-12.495569],[-41.573486,-12.495814],[-41.573768,-12.4964],[-41.574224,-12.497164],[-41.574593,-12.498069],[-41.57471,-12.49829],[-41.575005,-12.499142],[-41.575084,-12.500157],[-41.575227,-12.500851],[-41.575215,-12.500911],[-41.575357,-12.501702],[-41.575607,-12.50255],[-41.575608,-12.502554],[-41.575546,-12.503187],[-41.575573,-12.50368],[-41.575528,-12.503792],[-41.575424,-12.504379],[-41.575466,-12.504831],[-41.575529,-12.504994],[-41.575451,-12.50532],[-41.57551,-12.506058],[-41.575763,-12.50658],[-41.575741,-12.506683],[-41.575778,-12.507218],[-41.575948,-12.507677],[-41.576123,-12.507918],[-41.576168,-12.508147],[-41.576383,-12.508603],[-41.576472,-12.508717],[-41.576503,-12.508917],[-41.576761,-12.509927],[-41.576759,-12.509939],[-41.576707,-12.510296],[-41.576696,-12.510717],[-41.577078,-12.511203],[-41.57745,-12.512046],[-41.580618,-12.514064],[-41.580988,-12.514007],[-41.581446,-12.513936],[-41.58189,-12.513918],[-41.582234,-12.514722],[-41.581664,-12.514769],[-41.580554,-12.514835],[-41.578522,-12.514795],[-41.577389,-12.514865],[-41.576682,-12.515594],[-41.576618,-12.517472],[-41.577006,-12.518729],[-41.577748,-12.519173],[-41.578225,-12.517941],[-41.578129,-12.516577],[-41.57941,-12.515515],[-41.580962,-12.515462],[-41.582834,-12.515419],[-41.58296,-12.515434],[-41.583349,-12.515427],[-41.583378,-12.515423],[-41.583595,-12.515462],[-41.58375,-12.515475],[-41.583946,-12.515472],[-41.584033,-12.515466],[-41.584331,-12.515432],[-41.584573,-12.515377],[-41.584653,-12.515388],[-41.58486,-12.515222],[-41.585116,-12.514959],[-41.5853,-12.514719],[-41.585616,-12.514224],[-41.585803,-12.513846],[-41.586298,-12.513783],[-41.586874,-12.513612],[-41.587194,-12.513449],[-41.587423,-12.513279],[-41.587515,-12.51328],[-41.587863,-12.513234],[-41.588237,-12.513128],[-41.58862,-12.512955],[-41.588839,-12.512822],[-41.588998,-12.512802],[-41.589376,-12.512711],[-41.589768,-12.512572],[-41.590148,-12.512394],[-41.590282,-12.512316],[-41.590515,-12.512278],[-41.590872,-12.512188],[-41.591592,-12.511949],[-41.592827,-12.511938],[-41.594404,-12.512287],[-41.595836,-12.512823],[-41.596137,-12.512974],[-41.596256,-12.512949],[-41.596949,-12.512737],[-41.597625,-12.512603],[-41.598116,-12.512449],[-41.598662,-12.512337],[-41.599259,-12.512176],[-41.599317,-12.512157],[-41.599919,-12.512037],[-41.600357,-12.511916],[-41.600403,-12.511901],[-41.600814,-12.511796],[-41.601162,-12.511692],[-41.601184,-12.511684],[-41.601446,-12.511564],[-41.602028,-12.511356],[-41.602063,-12.511347],[-41.602281,-12.511271],[-41.602545,-12.511155],[-41.602747,-12.511052],[-41.603228,-12.510868],[-41.603296,-12.510839],[-41.603745,-12.510616],[-41.603933,-12.510514],[-41.605104,-12.510041],[-41.605511,-12.509926],[-41.606081,-12.509732],[-41.606799,-12.509548],[-41.606808,-12.509545],[-41.607226,-12.509448],[-41.607706,-12.509317],[-41.609753,-12.508617],[-41.610968,-12.508133],[-41.611483,-12.507986],[-41.612066,-12.508066],[-41.612704,-12.508207],[-41.613076,-12.508274],[-41.613387,-12.508353],[-41.613836,-12.508451],[-41.614099,-12.5085],[-41.6145,-12.508601],[-41.614988,-12.508706],[-41.615224,-12.508772],[-41.615928,-12.508944],[-41.616532,-12.509134],[-41.616884,-12.509231],[-41.617624,-12.509483],[-41.617888,-12.50959],[-41.618106,-12.509669],[-41.618349,-12.509771],[-41.61841,-12.5098],[-41.618932,-12.51003],[-41.61947,-12.510246],[-41.619918,-12.510409],[-41.620158,-12.510491],[-41.620388,-12.510566],[-41.621666,-12.511046],[-41.621801,-12.51117],[-41.622211,-12.511587],[-41.622946,-12.512299],[-41.623205,-12.512575],[-41.624362,-12.513724],[-41.624719,-12.514061],[-41.625068,-12.514272],[-41.625682,-12.514619],[-41.626817,-12.515336],[-41.62685,-12.515375],[-41.627138,-12.515687],[-41.628205,-12.516714],[-41.628392,-12.516939],[-41.628472,-12.517028],[-41.628998,-12.517673],[-41.629617,-12.51852],[-41.629756,-12.518732],[-41.629867,-12.518887],[-41.630536,-12.51974],[-41.631221,-12.520699],[-41.631434,-12.520969],[-41.632058,-12.521831],[-41.632212,-12.522018],[-41.632214,-12.522021],[-41.632475,-12.52226],[-41.632581,-12.522352],[-41.632716,-12.522462],[-41.634416,-12.523765],[-41.6345,-12.523837],[-41.636813,-12.525617],[-41.636828,-12.52563],[-41.636959,-12.525748],[-41.637531,-12.526293],[-41.637906,-12.526613],[-41.638016,-12.52669],[-41.638079,-12.526738],[-41.63816,-12.526762],[-41.638441,-12.526839],[-41.638465,-12.526847],[-41.640189,-12.527384],[-41.64129,-12.527706],[-41.641831,-12.527851],[-41.641983,-12.527898],[-41.642531,-12.528055],[-41.642932,-12.52816],[-41.643049,-12.528188],[-41.643534,-12.528249],[-41.645513,-12.528554],[-41.646609,-12.528853],[-41.648103,-12.529229],[-41.649278,-12.530087],[-41.649804,-12.530351],[-41.650486,-12.530634],[-41.653019,-12.531761],[-41.653799,-12.53209],[-41.655267,-12.532764],[-41.655689,-12.532914],[-41.656126,-12.533058],[-41.656637,-12.533214],[-41.65715,-12.533359],[-41.657357,-12.533423],[-41.657687,-12.533586],[-41.657713,-12.533595],[-41.658594,-12.533898],[-41.659069,-12.534046],[-41.659976,-12.53428],[-41.660286,-12.534326],[-41.660749,-12.534386],[-41.660866,-12.534399],[-41.66269,-12.534497],[-41.663923,-12.534517],[-41.664414,-12.534504],[-41.665416,-12.534442],[-41.666506,-12.534328],[-41.668763,-12.533968],[-41.669316,-12.533849],[-41.670948,-12.533106],[-41.678092,-12.529492],[-41.680171,-12.52844],[-41.681279,-12.527847],[-41.681587,-12.528135],[-41.681669,-12.528297],[-41.682113,-12.529248],[-41.682688,-12.530431],[-41.682876,-12.530855],[-41.685706,-12.53859],[-41.685772,-12.539172],[-41.685807,-12.541302],[-41.685671,-12.544422],[-41.685435,-12.546592],[-41.68391,-12.5484],[-41.680782,-12.551661],[-41.679839,-12.552477],[-41.678949,-12.553128],[-41.678127,-12.553649],[-41.677223,-12.554143],[-41.676068,-12.554666],[-41.675273,-12.554953],[-41.673983,-12.555767],[-41.672873,-12.556361],[-41.671706,-12.557082],[-41.670457,-12.557752],[-41.669176,-12.558346],[-41.669095,-12.558378],[-41.667733,-12.559088],[-41.667727,-12.559097],[-41.667138,-12.559855],[-41.666394,-12.560719],[-41.665246,-12.561914],[-41.664697,-12.56244],[-41.664116,-12.562898],[-41.663371,-12.563438],[-41.662383,-12.564108],[-41.660645,-12.565136],[-41.660272,-12.565324],[-41.65913,-12.565899],[-41.658252,-12.566297],[-41.657331,-12.566679],[-41.656624,-12.566958],[-41.655987,-12.567198],[-41.655079,-12.567535],[-41.653918,-12.567959],[-41.652886,-12.568325],[-41.652996,-12.570489],[-41.653063,-12.572094],[-41.655027,-12.584414],[-41.655096,-12.584876],[-41.655164,-12.585288],[-41.655306,-12.586078],[-41.655488,-12.587011],[-41.655604,-12.58756],[-41.655654,-12.587777],[-41.656103,-12.589547],[-41.656766,-12.591914],[-41.657888,-12.592959],[-41.657925,-12.592996],[-41.65881,-12.593887],[-41.659267,-12.594356],[-41.663013,-12.60024],[-41.663186,-12.600521],[-41.663879,-12.601684],[-41.664162,-12.602145],[-41.667231,-12.605391],[-41.667351,-12.605519],[-41.667337,-12.605585],[-41.666389,-12.610181],[-41.662268,-12.618697],[-41.661347,-12.620162],[-41.659721,-12.622656],[-41.659638,-12.622759],[-41.658497,-12.624275],[-41.656886,-12.626306],[-41.655572,-12.627836],[-41.655433,-12.628067],[-41.653916,-12.631557],[-41.653792,-12.631819],[-41.653661,-12.632077],[-41.653545,-12.632294],[-41.652842,-12.63366],[-41.652344,-12.634705],[-41.651662,-12.636209],[-41.652137,-12.636936],[-41.652728,-12.639398],[-41.653604,-12.643277],[-41.653743,-12.643936],[-41.656461,-12.659559],[-41.649997,-12.664228],[-41.649132,-12.664879],[-41.64913,-12.66488],[-41.648306,-12.665474],[-41.647304,-12.666149],[-41.647205,-12.66621],[-41.646647,-12.666578],[-41.646498,-12.666672],[-41.646089,-12.666944],[-41.645331,-12.667477],[-41.645075,-12.667667],[-41.644825,-12.66787],[-41.644525,-12.667926],[-41.641629,-12.668524],[-41.639493,-12.669016],[-41.638482,-12.66937],[-41.636224,-12.670232],[-41.63428,-12.671153],[-41.63095,-12.672818],[-41.630812,-12.672843],[-41.629891,-12.673025],[-41.626129,-12.674754],[-41.625129,-12.675233],[-41.623402,-12.676092],[-41.623281,-12.676154],[-41.622333,-12.676696],[-41.622211,-12.676764],[-41.621887,-12.67695],[-41.621391,-12.677174],[-41.621063,-12.677327],[-41.620781,-12.677445],[-41.619355,-12.678064],[-41.618815,-12.678084],[-41.616455,-12.678207],[-41.615729,-12.678258],[-41.614696,-12.67832],[-41.613459,-12.678415],[-41.610566,-12.678684],[-41.610449,-12.678703],[-41.607215,-12.679277],[-41.600737,-12.680521],[-41.599698,-12.680325],[-41.599292,-12.680245],[-41.59536,-12.68273],[-41.594949,-12.682978],[-41.593659,-12.683738],[-41.593448,-12.683856],[-41.591728,-12.684393],[-41.59132,-12.684289],[-41.589752,-12.683867],[-41.58785,-12.68326],[-41.586161,-12.68267],[-41.584606,-12.682077],[-41.583486,-12.681613],[-41.581711,-12.680813],[-41.581336,-12.680627],[-41.579358,-12.67997],[-41.577566,-12.679287],[-41.575761,-12.6785],[-41.57419,-12.677722],[-41.572865,-12.676972],[-41.571558,-12.676106],[-41.570512,-12.675285],[-41.569718,-12.67457],[-41.56884,-12.673651],[-41.568077,-12.672704],[-41.56757,-12.671953],[-41.566973,-12.67089],[-41.566839,-12.670803],[-41.566641,-12.670837],[-41.56567,-12.670894],[-41.563687,-12.671283],[-41.562547,-12.67176],[-41.561378,-12.672706],[-41.562309,-12.673046],[-41.561712,-12.673897],[-41.562266,-12.674162],[-41.562503,-12.675027],[-41.562401,-12.67522],[-41.562844,-12.67589],[-41.562752,-12.676357],[-41.563057,-12.676813],[-41.563014,-12.677504],[-41.563235,-12.677745],[-41.563427,-12.678766],[-41.563462,-12.678795],[-41.563757,-12.679874],[-41.563827,-12.67994],[-41.563962,-12.680516],[-41.564111,-12.680808],[-41.564233,-12.680991],[-41.564247,-12.681337],[-41.564596,-12.681966],[-41.564581,-12.682194],[-41.565096,-12.682959],[-41.565082,-12.683058],[-41.565635,-12.683984],[-41.565725,-12.684002],[-41.566141,-12.685118],[-41.566084,-12.685176],[-41.566569,-12.686157],[-41.566128,-12.68656],[-41.566909,-12.687147],[-41.566525,-12.687937],[-41.567089,-12.688214],[-41.567026,-12.68928],[-41.567208,-12.689356],[-41.567525,-12.690475],[-41.567395,-12.690654],[-41.567844,-12.691499],[-41.567707,-12.692007],[-41.567984,-12.692297],[-41.568129,-12.692848],[-41.56788,-12.693351],[-41.568172,-12.693735],[-41.567858,-12.694571],[-41.567979,-12.694669],[-41.567828,-12.695266],[-41.567994,-12.695556],[-41.567915,-12.695579],[-41.567577,-12.695498],[-41.563349,-12.695132],[-41.56032,-12.694546],[-41.556366,-12.694505],[-41.554292,-12.694384],[-41.553824,-12.694381],[-41.552848,-12.69326],[-41.551691,-12.69206],[-41.551403,-12.691789],[-41.549963,-12.690887],[-41.548455,-12.690017],[-41.547208,-12.689352],[-41.544546,-12.687809],[-41.540694,-12.684877],[-41.537815,-12.682843],[-41.535888,-12.681558],[-41.517632,-12.67846],[-41.50957,-12.685941],[-41.49438,-12.700773],[-41.483769,-12.711038],[-41.482966,-12.711814],[-41.45762,-12.730173],[-41.445532,-12.733786],[-41.432481,-12.737687],[-41.429114,-12.77198],[-41.429024,-12.773476],[-41.429973,-12.781136],[-41.428375,-12.793177],[-41.421931,-12.817601],[-41.42144,-12.819212],[-41.420556,-12.822056],[-41.419144,-12.825171],[-41.419057,-12.825383],[-41.418635,-12.82662],[-41.408392,-12.856843],[-41.402482,-12.854479],[-41.391972,-12.850156],[-41.389308,-12.849061],[-41.383673,-12.846684],[-41.376749,-12.843706],[-41.369475,-12.840452],[-41.365859,-12.838789],[-41.360592,-12.836327],[-41.353818,-12.833055],[-41.348094,-12.830133],[-41.346057,-12.829017],[-41.340922,-12.826015],[-41.336635,-12.823257],[-41.334854,-12.821911],[-41.333942,-12.821072],[-41.331152,-12.817783],[-41.330871,-12.816228],[-41.330833,-12.816123],[-41.330922,-12.815927],[-41.330924,-12.815919],[-41.330983,-12.815729],[-41.331024,-12.815368],[-41.330987,-12.815122],[-41.33106,-12.81495],[-41.33111,-12.814604],[-41.33108,-12.814295],[-41.331076,-12.814281],[-41.33117,-12.813989],[-41.331193,-12.813678],[-41.331141,-12.813359],[-41.331104,-12.81324],[-41.331142,-12.813078],[-41.331157,-12.812926],[-41.331142,-12.812658],[-41.331055,-12.812324],[-41.330951,-12.812113],[-41.33075,-12.811832],[-41.330658,-12.811803],[-41.330014,-12.811161],[-41.330043,-12.810375],[-41.330114,-12.810241],[-41.330265,-12.809896],[-41.330281,-12.809851],[-41.330312,-12.809724],[-41.330323,-12.809631],[-41.330324,-12.809627],[-41.329759,-12.80908],[-41.329525,-12.80842],[-41.329372,-12.80826],[-41.329604,-12.808045],[-41.329709,-12.807658],[-41.329615,-12.807324],[-41.32956,-12.807236],[-41.329413,-12.807152],[-41.329647,-12.806481],[-41.329654,-12.806443],[-41.329659,-12.806061],[-41.32965,-12.806001],[-41.329734,-12.805841],[-41.329737,-12.805834],[-41.329776,-12.805609],[-41.329783,-12.80536],[-41.32978,-12.805325],[-41.329754,-12.805296],[-41.329528,-12.805103],[-41.32952,-12.805091],[-41.329317,-12.804874],[-41.329004,-12.804668],[-41.328987,-12.804662],[-41.328822,-12.804445],[-41.328603,-12.804273],[-41.328212,-12.80414],[-41.327735,-12.804195],[-41.327331,-12.804372],[-41.32752,-12.803544],[-41.327217,-12.803299],[-41.326233,-12.805107],[-41.325931,-12.805355],[-41.325749,-12.80527],[-41.325427,-12.804992],[-41.324656,-12.804446],[-41.324118,-12.80413],[-41.324029,-12.804054],[-41.323967,-12.803995],[-41.323811,-12.803862],[-41.323796,-12.803856],[-41.32377,-12.803843],[-41.323493,-12.803741],[-41.323259,-12.803638],[-41.323014,-12.803521],[-41.322412,-12.803156],[-41.322258,-12.803085],[-41.321286,-12.802344],[-41.321028,-12.802048],[-41.320108,-12.801453],[-41.319099,-12.800361],[-41.31898,-12.800181],[-41.318048,-12.798714],[-41.316247,-12.799361],[-41.314941,-12.799922],[-41.314711,-12.800035],[-41.314339,-12.800232],[-41.313805,-12.800545],[-41.313015,-12.801059],[-41.312761,-12.801256],[-41.312358,-12.801708],[-41.312205,-12.801922],[-41.311968,-12.802359],[-41.311965,-12.802363],[-41.311909,-12.802422],[-41.309116,-12.805557],[-41.308012,-12.807037],[-41.306661,-12.809231],[-41.305785,-12.810783],[-41.305466,-12.811441],[-41.314197,-12.819194],[-41.314114,-12.820476],[-41.313977,-12.821709],[-41.31384,-12.822569],[-41.313425,-12.824509],[-41.313232,-12.825274],[-41.31286,-12.826448],[-41.312503,-12.82746],[-41.312331,-12.827887],[-41.311338,-12.828979],[-41.304125,-12.836084],[-41.302581,-12.837006],[-41.302178,-12.837264],[-41.301517,-12.837661],[-41.300828,-12.838096],[-41.299815,-12.838783],[-41.298594,-12.839676],[-41.297473,-12.840557],[-41.292377,-12.844808],[-41.291186,-12.845754],[-41.290073,-12.846321],[-41.289247,-12.846718],[-41.287848,-12.847348],[-41.287051,-12.847686],[-41.287388,-12.848773],[-41.287866,-12.850463],[-41.28823,-12.851895],[-41.288519,-12.853174],[-41.288825,-12.854703],[-41.289076,-12.856186],[-41.290814,-12.868615],[-41.29078,-12.86996],[-41.290693,-12.871263],[-41.290546,-12.872587],[-41.29038,-12.873703],[-41.290222,-12.874565],[-41.289987,-12.875642],[-41.289464,-12.877697],[-41.289269,-12.878372],[-41.289007,-12.879352],[-41.289001,-12.879375],[-41.288947,-12.879578],[-41.288745,-12.880452],[-41.288318,-12.882005],[-41.288048,-12.882859],[-41.288892,-12.888611],[-41.289416,-12.893229],[-41.286395,-12.898477],[-41.285753,-12.899505],[-41.284945,-12.900705],[-41.284257,-12.901659],[-41.280895,-12.906031],[-41.277435,-12.910265],[-41.276672,-12.911157],[-41.275812,-12.912124],[-41.274498,-12.91352],[-41.273103,-12.914919],[-41.271911,-12.91606],[-41.270792,-12.917086],[-41.269588,-12.918139],[-41.268288,-12.919238],[-41.26819,-12.919319],[-41.265573,-12.916277],[-41.263013,-12.913123],[-41.259341,-12.906255],[-41.25801,-12.903867],[-41.256489,-12.901311],[-41.256003,-12.900541],[-41.253832,-12.897479],[-41.25365,-12.897239],[-41.253612,-12.897196],[-41.25211,-12.8956],[-41.251251,-12.894747],[-41.24908,-12.892723],[-41.247006,-12.89091],[-41.239442,-12.882741],[-41.237741,-12.881894],[-41.237055,-12.881278],[-41.236104,-12.880375],[-41.235616,-12.879898],[-41.235322,-12.879596],[-41.235142,-12.879416],[-41.234613,-12.878915],[-41.234079,-12.878375],[-41.233568,-12.877893],[-41.23337,-12.877698],[-41.232711,-12.877032],[-41.231737,-12.875988],[-41.231025,-12.875186],[-41.23026,-12.874288],[-41.230204,-12.874222],[-41.23018,-12.874195],[-41.230098,-12.8741],[-41.230083,-12.874086],[-41.2292,-12.873216],[-41.228554,-12.872532],[-41.228127,-12.872054],[-41.227672,-12.871536],[-41.226823,-12.870527],[-41.225916,-12.869408],[-41.225612,-12.869015],[-41.224915,-12.868081],[-41.224711,-12.867794],[-41.224336,-12.867278],[-41.222884,-12.864617],[-41.221079,-12.861096],[-41.218438,-12.851521],[-41.218181,-12.850626],[-41.216114,-12.849408],[-41.215507,-12.849043],[-41.211561,-12.846627],[-41.210102,-12.845782],[-41.209181,-12.845274],[-41.209008,-12.845103],[-41.208777,-12.844866],[-41.208045,-12.844171],[-41.207092,-12.843227],[-41.20702,-12.843161],[-41.206507,-12.842672],[-41.206261,-12.839805],[-41.206017,-12.837582],[-41.205771,-12.835907],[-41.204397,-12.828543],[-41.203193,-12.823246],[-41.202739,-12.821595],[-41.202314,-12.820262],[-41.201973,-12.819327],[-41.201255,-12.817607],[-41.200668,-12.816369],[-41.200193,-12.815476],[-41.19932,-12.814008],[-41.198586,-12.812904],[-41.198184,-12.812356],[-41.197996,-12.812095],[-41.197745,-12.811769],[-41.197504,-12.811462],[-41.197232,-12.811122],[-41.196927,-12.810714],[-41.196517,-12.810208],[-41.196259,-12.809861],[-41.195829,-12.809333],[-41.1957,-12.809168],[-41.195562,-12.808986],[-41.195419,-12.808809],[-41.195294,-12.808711],[-41.194634,-12.808232],[-41.194505,-12.808131],[-41.19429,-12.807941],[-41.193677,-12.807434],[-41.193337,-12.807175],[-41.192783,-12.80667],[-41.191856,-12.805902],[-41.191726,-12.805803],[-41.190704,-12.8049],[-41.190169,-12.804478],[-41.189576,-12.803926],[-41.188694,-12.803187],[-41.188498,-12.803039],[-41.188216,-12.802781],[-41.187781,-12.802225],[-41.186869,-12.801188],[-41.186544,-12.800778],[-41.185978,-12.800147],[-41.185566,-12.799736],[-41.184218,-12.798523],[-41.183562,-12.79801],[-41.183106,-12.797603],[-41.18191,-12.796692],[-41.180748,-12.79595],[-41.179719,-12.795394],[-41.179588,-12.795313],[-41.17931,-12.795168],[-41.178458,-12.794572],[-41.177308,-12.793899],[-41.176091,-12.793306],[-41.174672,-12.792764],[-41.173257,-12.792362],[-41.171719,-12.792059],[-41.170199,-12.791903],[-41.169958,-12.791894],[-41.169743,-12.791671],[-41.169198,-12.79112],[-41.168938,-12.790863],[-41.168887,-12.790815],[-41.16888,-12.790808],[-41.16829,-12.79018],[-41.167981,-12.789894],[-41.167311,-12.789167],[-41.167145,-12.789013],[-41.166375,-12.788162],[-41.166322,-12.788112],[-41.165736,-12.787492],[-41.165527,-12.787248],[-41.165048,-12.786778],[-41.164605,-12.786264],[-41.164133,-12.785801],[-41.163827,-12.785681],[-41.163505,-12.785502],[-41.161492,-12.784794],[-41.161014,-12.784512],[-41.159868,-12.78413],[-41.159254,-12.783833],[-41.158733,-12.783692],[-41.15819,-12.783409],[-41.157512,-12.78319],[-41.157381,-12.783082],[-41.156722,-12.782831],[-41.156617,-12.782748],[-41.156251,-12.782728],[-41.156156,-12.782743],[-41.156158,-12.782599],[-41.156097,-12.782476],[-41.156126,-12.782455],[-41.156317,-12.782274],[-41.156333,-12.782257],[-41.156325,-12.782129],[-41.156448,-12.78168],[-41.156617,-12.781467],[-41.156853,-12.780644],[-41.156903,-12.780579],[-41.157318,-12.779773],[-41.157412,-12.779406],[-41.157717,-12.778749],[-41.15801,-12.778204],[-41.158575,-12.77589],[-41.158414,-12.775542],[-41.157926,-12.774674],[-41.158167,-12.774179],[-41.15825,-12.774046],[-41.158513,-12.773659],[-41.158716,-12.773378],[-41.159266,-12.772681],[-41.159768,-12.772101],[-41.159898,-12.771963],[-41.160115,-12.771749],[-41.16054,-12.771363],[-41.160731,-12.771201],[-41.161027,-12.770969],[-41.161349,-12.770737],[-41.161489,-12.770644],[-41.161955,-12.770358],[-41.162254,-12.77019],[-41.162535,-12.770046],[-41.162925,-12.769864],[-41.163199,-12.769748],[-41.163459,-12.769646],[-41.167439,-12.768188],[-41.167997,-12.767972],[-41.16933,-12.767426],[-41.169083,-12.765697],[-41.168594,-12.763135],[-41.16835,-12.761853],[-41.1678,-12.759626],[-41.167556,-12.758795],[-41.166726,-12.75758],[-41.166331,-12.757003],[-41.166331,-12.756395],[-41.166387,-12.755145],[-41.166437,-12.754643],[-41.166469,-12.753731],[-41.166527,-12.753199],[-41.166559,-12.752448],[-41.166609,-12.751949],[-41.166682,-12.751762],[-41.166766,-12.751496],[-41.169899,-12.74157],[-41.170596,-12.740503],[-41.170768,-12.740278],[-41.170826,-12.740223],[-41.171917,-12.739275],[-41.172841,-12.738574],[-41.17384,-12.737857],[-41.175178,-12.736979],[-41.176224,-12.736359],[-41.177118,-12.736367],[-41.177787,-12.736386],[-41.178573,-12.736428],[-41.179283,-12.736483],[-41.184626,-12.737027],[-41.185002,-12.736607],[-41.186517,-12.734652],[-41.187302,-12.733503],[-41.187463,-12.733275],[-41.18847,-12.731665],[-41.189368,-12.729965],[-41.189945,-12.728664],[-41.191046,-12.725835],[-41.191865,-12.723455],[-41.191966,-12.723128],[-41.190754,-12.720773],[-41.190288,-12.719808],[-41.190036,-12.719244],[-41.189937,-12.719014],[-41.189778,-12.718631],[-41.189761,-12.718587],[-41.189668,-12.718323],[-41.189544,-12.717943],[-41.18923,-12.716874],[-41.188983,-12.715931],[-41.188867,-12.715359],[-41.188769,-12.714787],[-41.188654,-12.713855],[-41.188589,-12.712488],[-41.188618,-12.711187],[-41.188704,-12.710202],[-41.188813,-12.709404],[-41.188877,-12.709025],[-41.188895,-12.708883],[-41.18903,-12.708114],[-41.189133,-12.707641],[-41.189173,-12.707394],[-41.189282,-12.706846],[-41.189439,-12.706221],[-41.189446,-12.706185],[-41.189568,-12.705652],[-41.189767,-12.704902],[-41.189826,-12.704601],[-41.189979,-12.703914],[-41.189995,-12.703849],[-41.190065,-12.703589],[-41.190111,-12.703367],[-41.190178,-12.703072],[-41.190428,-12.702084],[-41.190607,-12.70148],[-41.190715,-12.700784],[-41.19103,-12.699354],[-41.191229,-12.698682],[-41.191373,-12.697835],[-41.191416,-12.697655],[-41.19193,-12.695679],[-41.191934,-12.695664],[-41.191991,-12.695478],[-41.192136,-12.695028],[-41.192143,-12.694999],[-41.192287,-12.694462],[-41.192327,-12.694322],[-41.192473,-12.693838],[-41.192673,-12.693215],[-41.192813,-12.692801],[-41.192922,-12.692495],[-41.192968,-12.692379],[-41.193142,-12.691858],[-41.193271,-12.691093],[-41.193525,-12.689964],[-41.193569,-12.689543],[-41.193767,-12.688288],[-41.193999,-12.687178],[-41.194003,-12.687146],[-41.194061,-12.686732],[-41.194062,-12.686728],[-41.194107,-12.686319],[-41.194173,-12.685818],[-41.194208,-12.685576],[-41.194225,-12.685469],[-41.194259,-12.685179],[-41.194331,-12.684622],[-41.194424,-12.684003],[-41.194444,-12.683798],[-41.194521,-12.68313],[-41.194547,-12.682749],[-41.194587,-12.682293],[-41.195732,-12.674395],[-41.197617,-12.672611],[-41.231882,-12.665066],[-41.24317,-12.655836],[-41.243734,-12.655093],[-41.250028,-12.64652],[-41.252661,-12.642711],[-41.252641,-12.642624],[-41.252386,-12.641588],[-41.252263,-12.641108],[-41.251939,-12.639873],[-41.251534,-12.638419],[-41.246947,-12.622897],[-41.246869,-12.622643],[-41.246705,-12.622102],[-41.246133,-12.62007],[-41.245531,-12.617821],[-41.245409,-12.617354],[-41.245407,-12.617345],[-41.245108,-12.616103],[-41.244996,-12.615615],[-41.245191,-12.613559],[-41.245342,-12.612308],[-41.245019,-12.611889],[-41.243203,-12.609481],[-41.243131,-12.609384],[-41.24305,-12.609272],[-41.242014,-12.60784],[-41.241937,-12.607732],[-41.241424,-12.607001],[-41.240464,-12.605619],[-41.238538,-12.602721],[-41.238472,-12.602618],[-41.238116,-12.602049],[-41.237602,-12.601206],[-41.237346,-12.600772],[-41.236485,-12.599375],[-41.235221,-12.597265],[-41.234556,-12.596131],[-41.229747,-12.587516],[-41.229392,-12.586966],[-41.228865,-12.586395],[-41.227576,-12.585045],[-41.226596,-12.584051],[-41.226164,-12.583626],[-41.225919,-12.583199],[-41.22554,-12.582551],[-41.220815,-12.576185],[-41.218056,-12.572529],[-41.218051,-12.572523],[-41.21686,-12.570887],[-41.216827,-12.570845],[-41.215591,-12.56916],[-41.214842,-12.568089],[-41.214167,-12.567075],[-41.214151,-12.56705],[-41.2134,-12.565882],[-41.212718,-12.564767],[-41.212259,-12.563989],[-41.211454,-12.56259],[-41.211144,-12.562014],[-41.210847,-12.561431],[-41.210432,-12.560636],[-41.210009,-12.559802],[-41.209771,-12.559309],[-41.209523,-12.558816],[-41.20893,-12.557555],[-41.208773,-12.557187],[-41.20846,-12.556489],[-41.208381,-12.556297],[-41.208352,-12.556227],[-41.208037,-12.55549],[-41.208017,-12.555444],[-41.207857,-12.555076],[-41.207686,-12.554695],[-41.207464,-12.554224],[-41.207422,-12.554147],[-41.207193,-12.553708],[-41.20714,-12.553608],[-41.207139,-12.553606],[-41.207022,-12.553375],[-41.207014,-12.553359],[-41.206687,-12.552671],[-41.205989,-12.551153],[-41.20583,-12.550793],[-41.205572,-12.55019],[-41.205541,-12.550114],[-41.205339,-12.549604],[-41.205138,-12.549078],[-41.204913,-12.548512],[-41.204711,-12.547969],[-41.20447,-12.547253],[-41.204114,-12.54655],[-41.204049,-12.546411],[-41.20359,-12.54563],[-41.203449,-12.545377],[-41.202957,-12.544459],[-41.202699,-12.543991],[-41.202372,-12.543377],[-41.202219,-12.543078],[-41.202096,-12.542827],[-41.201869,-12.542323],[-41.201618,-12.541741],[-41.201171,-12.540753],[-41.201011,-12.540387],[-41.200677,-12.539662],[-41.200327,-12.538801],[-41.200121,-12.538222],[-41.199794,-12.537362],[-41.199537,-12.536583],[-41.199362,-12.53599],[-41.199241,-12.535547],[-41.199069,-12.534972],[-41.198945,-12.534528],[-41.198846,-12.534143],[-41.198775,-12.533848],[-41.198727,-12.533628],[-41.198641,-12.533283],[-41.19853,-12.532774],[-41.198442,-12.532412],[-41.198412,-12.532259],[-41.198239,-12.531455],[-41.198043,-12.530311],[-41.197904,-12.529287],[-41.1978,-12.528352],[-41.197747,-12.527791],[-41.197731,-12.527526],[-41.197703,-12.526468],[-41.197702,-12.526192],[-41.197708,-12.525915],[-41.197769,-12.524789],[-41.197787,-12.524566],[-41.197976,-12.522895],[-41.198207,-12.52152],[-41.198406,-12.520624],[-41.198722,-12.519411],[-41.199031,-12.518361],[-41.199463,-12.517102],[-41.199781,-12.516292],[-41.208778,-12.515775],[-41.224535,-12.514869],[-41.2353,-12.506003],[-41.236386,-12.505118],[-41.236427,-12.505085],[-41.243092,-12.499761],[-41.240235,-12.488896],[-41.240089,-12.488322],[-41.238524,-12.482807],[-41.238419,-12.482429],[-41.238349,-12.482171],[-41.236927,-12.476728],[-41.237034,-12.475927],[-41.237155,-12.475119],[-41.239391,-12.4612],[-41.239607,-12.45993],[-41.235736,-12.452694],[-41.23541,-12.452066],[-41.234918,-12.451086],[-41.234386,-12.449986],[-41.233778,-12.448681],[-41.230951,-12.442308],[-41.225893,-12.430493],[-41.225549,-12.429674],[-41.225055,-12.428456],[-41.22475,-12.427674],[-41.22422,-12.426262],[-41.2235,-12.42425],[-41.223191,-12.423348],[-41.221856,-12.418781],[-41.221937,-12.416564],[-41.222794,-12.412259],[-41.225684,-12.409018],[-41.227736,-12.402505],[-41.229144,-12.397868],[-41.229301,-12.3958],[-41.229655,-12.390139],[-41.229668,-12.389895],[-41.229683,-12.389603],[-41.229686,-12.389546],[-41.229688,-12.3895],[-41.229797,-12.387153],[-41.229872,-12.385286],[-41.229842,-12.379881],[-41.229764,-12.376819],[-41.229915,-12.375032],[-41.230052,-12.372889],[-41.230079,-12.372301],[-41.230145,-12.371098],[-41.230171,-12.370361],[-41.230533,-12.367428],[-41.231174,-12.364832],[-41.231851,-12.361882],[-41.232573,-12.358489],[-41.233306,-12.355212],[-41.233444,-12.354631],[-41.233935,-12.352678],[-41.234054,-12.352161],[-41.235031,-12.348176],[-41.235371,-12.346824],[-41.235509,-12.346292],[-41.236343,-12.343731],[-41.23648,-12.343285],[-41.236743,-12.342377],[-41.236896,-12.342127],[-41.23877,-12.338897],[-41.238911,-12.338659],[-41.240213,-12.336354],[-41.241815,-12.333579],[-41.243569,-12.330603],[-41.244866,-12.328439],[-41.245452,-12.327542],[-41.245555,-12.326798],[-41.245685,-12.325758],[-41.245959,-12.323236],[-41.246648,-12.318301],[-41.246775,-12.317459],[-41.24696,-12.316111],[-41.247107,-12.315396],[-41.24738,-12.314729],[-41.249188,-12.310423],[-41.249694,-12.310312],[-41.259684,-12.308273],[-41.262312,-12.307696],[-41.266655,-12.306684],[-41.268128,-12.30632],[-41.269304,-12.306001],[-41.269569,-12.305924],[-41.270123,-12.30576],[-41.270531,-12.305634],[-41.271696,-12.305249],[-41.273017,-12.304772],[-41.273936,-12.304411],[-41.275197,-12.303865],[-41.276545,-12.303231],[-41.277612,-12.302696],[-41.278559,-12.302175],[-41.279357,-12.301704],[-41.280095,-12.301251],[-41.28118,-12.300537],[-41.2824,-12.299669],[-41.282544,-12.29956],[-41.284026,-12.299374],[-41.285703,-12.299113],[-41.286869,-12.298893],[-41.288436,-12.29852],[-41.289492,-12.298215],[-41.289891,-12.297953],[-41.29041,-12.297589],[-41.292524,-12.296064],[-41.299842,-12.290549],[-41.306744,-12.284849],[-41.308701,-12.283113],[-41.309305,-12.282559],[-41.310083,-12.281793],[-41.310666,-12.281204],[-41.311797,-12.280025],[-41.312685,-12.279031],[-41.314107,-12.273441],[-41.314253,-12.272936],[-41.31436,-12.272591],[-41.314958,-12.270728],[-41.317467,-12.270579],[-41.335433,-12.269635],[-41.340753,-12.261852],[-41.341128,-12.26119],[-41.341904,-12.259871],[-41.34374,-12.256457],[-41.344304,-12.255286],[-41.344715,-12.254338],[-41.345083,-12.253446],[-41.345364,-12.252719],[-41.345827,-12.251316],[-41.346358,-12.249442],[-41.346671,-12.248218],[-41.347064,-12.24622],[-41.347319,-12.244301],[-41.347432,-12.243062],[-41.347506,-12.241373],[-41.347504,-12.239649],[-41.347461,-12.238675],[-41.347831,-12.237324],[-41.348061,-12.236229],[-41.348257,-12.23534],[-41.348426,-12.234308],[-41.348644,-12.232669],[-41.348838,-12.230843],[-41.349046,-12.228253],[-41.348934,-12.225168],[-41.348737,-12.221281],[-41.348527,-12.220576],[-41.348663,-12.219927],[-41.348883,-12.218986],[-41.348854,-12.21737],[-41.348849,-12.216053],[-41.348831,-12.215155],[-41.348822,-12.213833],[-41.348821,-12.213762],[-41.348516,-12.212735],[-41.348405,-12.212386],[-41.347904,-12.209511],[-41.348955,-12.207111],[-41.350411,-12.203541],[-41.350966,-12.202064],[-41.351193,-12.201408],[-41.351716,-12.199748],[-41.351987,-12.198787],[-41.352092,-12.198354],[-41.352459,-12.196602],[-41.352727,-12.195066],[-41.352841,-12.194227],[-41.352932,-12.193266],[-41.352984,-12.19226],[-41.352992,-12.190281],[-41.35282,-12.185337],[-41.352957,-12.185097],[-41.356991,-12.178403],[-41.357225,-12.177998],[-41.359798,-12.177062],[-41.360342,-12.175967],[-41.361053,-12.174379],[-41.361168,-12.174143],[-41.361694,-12.173211],[-41.361701,-12.173201],[-41.361805,-12.173041],[-41.361972,-12.172818],[-41.363244,-12.171327],[-41.365063,-12.169023],[-41.367377,-12.166477],[-41.367687,-12.166104],[-41.368252,-12.16554],[-41.368392,-12.165385],[-41.368985,-12.164835],[-41.369279,-12.164532],[-41.369749,-12.164106],[-41.370468,-12.163385],[-41.370547,-12.163298],[-41.371478,-12.162394],[-41.371864,-12.162055],[-41.413087,-12.146668],[-41.417274,-12.145043],[-41.468868,-12.10805],[-41.454692,-12.099517],[-41.455484,-12.099067],[-41.456344,-12.099085],[-41.45677,-12.099111],[-41.464014,-12.101377],[-41.464994,-12.101672],[-41.466862,-12.102291],[-41.466998,-12.10234],[-41.469712,-12.104532],[-41.472239,-12.10669],[-41.472295,-12.106803],[-41.472906,-12.108143],[-41.473108,-12.108624],[-41.473189,-12.110427],[-41.47322,-12.111102],[-41.473523,-12.113184],[-41.474837,-12.120452],[-41.476398,-12.127656],[-41.476929,-12.129861],[-41.477536,-12.132234],[-41.478,-12.133928],[-41.478245,-12.134757],[-41.485013,-12.137153],[-41.485358,-12.137303],[-41.498826,-12.142839],[-41.500143,-12.14335],[-41.501486,-12.143842],[-41.502854,-12.144315],[-41.504248,-12.144768],[-41.505666,-12.145201],[-41.50711,-12.145615],[-41.508581,-12.14601],[-41.510077,-12.146385],[-41.511597,-12.146741],[-41.513144,-12.147077],[-41.513766,-12.147203],[-41.533833,-12.136501],[-41.537769,-12.132944],[-41.540497,-12.13087],[-41.541232,-12.130316],[-41.542302,-12.129509],[-41.541184,-12.120714],[-41.508731,-12.08193],[-41.506972,-12.07736],[-41.505621,-12.073694],[-41.630487,-12.012498],[-41.651734,-12.013687],[-41.658919,-12.005977],[-41.681125,-11.991201],[-41.836566,-11.913898],[-41.840181,-11.914875],[-41.844756,-11.916257],[-41.842967,-11.924453],[-41.842704,-11.924826],[-41.841264,-11.932623],[-41.841723,-11.938865],[-41.842128,-11.93941],[-41.842207,-11.941828],[-41.842177,-11.943719],[-41.842135,-11.944335],[-41.842067,-11.945025],[-41.841864,-11.946583],[-41.841841,-11.946719],[-41.841649,-11.947387],[-41.841637,-11.947421],[-41.84123,-11.948612],[-41.840967,-11.949314],[-41.840964,-11.94933],[-41.840903,-11.949631],[-41.840886,-11.949723],[-41.840798,-11.95014],[-41.840565,-11.951405],[-41.840335,-11.952953],[-41.840263,-11.953623],[-41.87712,-11.967883],[-41.880641,-11.969216],[-41.917799,-11.978066],[-41.921533,-11.982628],[-41.917717,-11.988338],[-41.911945,-11.996904],[-41.942948,-12.039234],[-41.943829,-12.040467],[-41.944197,-12.041003],[-41.946725,-12.044773],[-41.95127,-12.051704],[-41.951602,-12.053297],[-41.951981,-12.055771],[-41.952074,-12.056727],[-41.952125,-12.058121],[-41.952059,-12.060218],[-41.952038,-12.060447],[-41.952148,-12.061667],[-41.952165,-12.062125],[-41.952161,-12.063708],[-41.952205,-12.064996],[-41.9522,-12.065778],[-41.952214,-12.066283],[-41.952215,-12.066335],[-41.951892,-12.066518],[-41.950493,-12.068204],[-41.949138,-12.06946],[-41.947973,-12.070232],[-41.946133,-12.072381],[-41.945305,-12.073755],[-41.944486,-12.076264],[-41.944445,-12.078024],[-41.945008,-12.079315],[-41.947223,-12.081537],[-41.949002,-12.082956],[-41.95016,-12.085437],[-41.950125,-12.085511],[-41.949947,-12.085883],[-41.949341,-12.087865],[-41.949266,-12.088153],[-41.949061,-12.089849],[-41.94873,-12.092809],[-41.948714,-12.092979],[-41.94826,-12.100336],[-41.947565,-12.111601],[-41.946957,-12.122519],[-41.948153,-12.12485],[-41.937046,-12.150526],[-41.931653,-12.163174],[-41.930333,-12.166178],[-41.926811,-12.174505],[-41.924808,-12.178677],[-41.935114,-12.190931],[-41.941723,-12.199245],[-41.947595,-12.206847],[-41.971092,-12.201465],[-41.971158,-12.201449],[-41.971328,-12.20202],[-41.971528,-12.204987],[-41.971284,-12.206404],[-41.969893,-12.209219],[-41.968864,-12.214643],[-41.96791,-12.21677],[-41.966838,-12.219488],[-41.966488,-12.221805],[-41.967381,-12.223368],[-41.968246,-12.223952],[-41.97038,-12.224843],[-41.972979,-12.225223],[-41.977347,-12.225703],[-41.978845,-12.224993],[-41.981843,-12.22454],[-41.983689,-12.224659],[-41.985906,-12.224769],[-41.987261,-12.225401],[-41.987448,-12.225922],[-41.987356,-12.226439],[-41.986832,-12.227815],[-41.98682,-12.228344],[-41.987303,-12.229561],[-41.987792,-12.229751],[-41.988494,-12.230297],[-41.989051,-12.231095],[-41.98906,-12.231795],[-41.988495,-12.233938],[-41.988091,-12.234648],[-41.987692,-12.234912],[-41.98638,-12.236008],[-41.985693,-12.236932],[-41.985461,-12.237603],[-41.985427,-12.238062],[-41.985206,-12.238538],[-41.985131,-12.239131],[-41.984087,-12.24207],[-41.983487,-12.242939],[-41.982979,-12.24344],[-41.981996,-12.244589],[-41.981846,-12.24538],[-41.981804,-12.245822],[-41.981843,-12.246175],[-41.981726,-12.24654],[-41.981684,-12.246982],[-41.981444,-12.247546],[-41.980162,-12.249982],[-41.979535,-12.250987],[-41.979342,-12.252116],[-41.979076,-12.253423],[-41.978783,-12.254346],[-41.978483,-12.255274],[-41.977676,-12.256028],[-41.976834,-12.256795],[-41.976202,-12.257689],[-41.975617,-12.257972],[-41.975176,-12.257972],[-41.973534,-12.258528],[-41.972608,-12.259095],[-41.971278,-12.260469],[-41.969879,-12.261743],[-41.968635,-12.263891],[-41.968267,-12.26512],[-41.968112,-12.265895],[-41.984872,-12.291447],[-42.023924,-12.241193],[-42.024111,-12.241725],[-42.024511,-12.242965],[-42.026225,-12.248809],[-42.026625,-12.250273],[-42.027865,-12.251879],[-42.02794,-12.252022],[-42.028191,-12.252464],[-42.028542,-12.253096],[-42.028562,-12.253133],[-42.029212,-12.254236],[-42.030195,-12.255948],[-42.031387,-12.257885],[-42.033725,-12.26177],[-42.034139,-12.262585],[-42.036272,-12.266869],[-42.037744,-12.269676],[-42.038772,-12.271258],[-42.038942,-12.271515],[-42.038985,-12.271569],[-42.040011,-12.27287],[-42.041573,-12.274627],[-42.041882,-12.274978],[-42.042106,-12.27521],[-42.043624,-12.276752],[-42.044102,-12.277243],[-42.044856,-12.278008],[-42.045394,-12.279261],[-42.045716,-12.28],[-42.04575,-12.280078],[-42.043647,-12.283537],[-42.041863,-12.287106],[-42.039818,-12.291122],[-42.043517,-12.29115],[-42.042546,-12.294203],[-42.042313,-12.294956],[-42.040495,-12.299158],[-42.039741,-12.300936],[-42.039058,-12.302515],[-42.038258,-12.304393],[-42.037821,-12.305436],[-42.037602,-12.306222],[-42.037276,-12.307361],[-42.037032,-12.308237],[-42.036413,-12.310362],[-42.035438,-12.31351],[-42.035428,-12.313541],[-42.034454,-12.316609],[-42.033968,-12.318104],[-42.033892,-12.318331],[-42.033468,-12.319569],[-42.03344,-12.319642],[-42.033244,-12.320155],[-42.03248,-12.322114],[-42.032295,-12.322594],[-42.031799,-12.323326],[-42.036338,-12.327551],[-42.053059,-12.342858],[-42.053466,-12.343242],[-42.053591,-12.343603],[-42.054212,-12.345619],[-42.056608,-12.351114],[-42.058831,-12.3557],[-42.059574,-12.357724],[-42.059659,-12.358051],[-42.059691,-12.358205],[-42.060171,-12.35963],[-42.060906,-12.360902],[-42.061211,-12.361041],[-42.065045,-12.365756],[-42.06816,-12.370019],[-42.075635,-12.386214],[-42.079647,-12.387075],[-42.081569,-12.399611],[-42.081707,-12.400576],[-42.08201,-12.402904],[-42.082427,-12.406437],[-42.082427,-12.406438],[-42.0824,-12.407133],[-42.08237,-12.407926],[-42.082313,-12.408893],[-42.082311,-12.408909],[-42.082263,-12.409264],[-42.082134,-12.410147],[-42.081863,-12.411886],[-42.081135,-12.417868],[-42.079119,-12.420788],[-42.078961,-12.421063],[-42.078271,-12.422249],[-42.073937,-12.429849],[-42.071053,-12.434995],[-42.070997,-12.435099],[-42.070954,-12.435175],[-42.069175,-12.438269],[-42.068304,-12.43929],[-42.067089,-12.440728],[-42.06576,-12.442273],[-42.065612,-12.442317],[-42.063802,-12.442828],[-42.063251,-12.442977],[-42.062955,-12.443054],[-42.061292,-12.443472],[-42.060407,-12.443687],[-42.05895,-12.444041],[-42.058865,-12.44406],[-42.055306,-12.444865],[-42.050023,-12.446018],[-42.046471,-12.446741],[-42.041744,-12.447666],[-42.041328,-12.447763],[-42.039912,-12.448389],[-42.039786,-12.448443],[-42.038678,-12.448897],[-42.035022,-12.450325],[-42.033535,-12.450886],[-42.029712,-12.45263],[-42.029596,-12.452682],[-42.029335,-12.456931],[-42.026021,-12.469973],[-42.025848,-12.470628],[-42.024559,-12.474825],[-42.024069,-12.476378],[-42.023171,-12.478815],[-42.024041,-12.482687],[-42.02495,-12.48697],[-42.025226,-12.488186],[-42.025716,-12.490115],[-42.026016,-12.491293],[-42.026291,-12.492476],[-42.026327,-12.492673],[-42.026496,-12.493793],[-42.026543,-12.494046],[-42.026626,-12.49452],[-42.026701,-12.494984],[-42.026768,-12.495437],[-42.027356,-12.49984],[-42.027473,-12.500803],[-42.027536,-12.501816],[-42.027828,-12.505107],[-42.028012,-12.506788],[-42.041064,-12.523803],[-42.041365,-12.526141],[-42.0654,-12.539122],[-42.070991,-12.536496],[-42.082579,-12.531053],[-42.083141,-12.530667],[-42.083923,-12.530181],[-42.085467,-12.529172],[-42.086172,-12.528721],[-42.086524,-12.528328],[-42.08757,-12.527133],[-42.091253,-12.524745],[-42.092275,-12.524063],[-42.09299,-12.52363],[-42.0932,-12.5235],[-42.094015,-12.522857],[-42.094333,-12.522617],[-42.099473,-12.523466],[-42.100712,-12.523657],[-42.111687,-12.531527],[-42.113148,-12.537128],[-42.11354,-12.542105],[-42.113034,-12.543405],[-42.112143,-12.544037],[-42.1115,-12.54477],[-42.110902,-12.546894],[-42.110683,-12.547742],[-42.111501,-12.547669],[-42.111909,-12.544841],[-42.11413,-12.544309],[-42.116045,-12.545141],[-42.117783,-12.544379],[-42.120458,-12.544493],[-42.120633,-12.544809],[-42.121803,-12.546818],[-42.123552,-12.550321],[-42.124796,-12.554986],[-42.127941,-12.561302],[-42.129846,-12.572068],[-42.131383,-12.576517],[-42.13343,-12.578813],[-42.138986,-12.581394],[-42.146595,-12.598617],[-42.149655,-12.603097],[-42.1541,-12.605161],[-42.161922,-12.608315],[-42.168852,-12.600949],[-42.173117,-12.597616],[-42.181182,-12.59227],[-42.186443,-12.591405],[-42.188433,-12.594447],[-42.191536,-12.601508],[-42.196974,-12.60225],[-42.207209,-12.606779],[-42.216243,-12.613498],[-42.217799,-12.616756],[-42.216978,-12.620183],[-42.222279,-12.62094],[-42.224329,-12.619749],[-42.226725,-12.618357],[-42.230109,-12.616392],[-42.231,-12.616726],[-42.231143,-12.616779],[-42.24402,-12.610394],[-42.24496,-12.610014],[-42.247114,-12.609241],[-42.247281,-12.609108],[-42.247901,-12.608533],[-42.247941,-12.608494],[-42.248429,-12.607839],[-42.249513,-12.606483],[-42.250004,-12.605843],[-42.250217,-12.605773],[-42.25278,-12.604978],[-42.253487,-12.604691],[-42.253741,-12.604619],[-42.254749,-12.604365],[-42.258551,-12.603462],[-42.26335,-12.602173],[-42.264422,-12.601855],[-42.265118,-12.601633],[-42.265665,-12.601939],[-42.269866,-12.604373],[-42.271785,-12.605429],[-42.273743,-12.606942],[-42.274174,-12.607257],[-42.274384,-12.607401],[-42.277483,-12.607693],[-42.284474,-12.608775],[-42.288892,-12.609393],[-42.289453,-12.609463],[-42.303802,-12.610512],[-42.306192,-12.61058],[-42.315256,-12.61068],[-42.315264,-12.610427],[-42.315226,-12.608165],[-42.315197,-12.607208],[-42.314787,-12.599044],[-42.314619,-12.596375],[-42.314295,-12.593093],[-42.309429,-12.582887],[-42.306467,-12.575343],[-42.304166,-12.569354],[-42.304007,-12.567565],[-42.303584,-12.561917],[-42.303547,-12.560793],[-42.303575,-12.559544],[-42.303624,-12.557992],[-42.303233,-12.557374],[-42.302934,-12.540863],[-42.306296,-12.533648],[-42.306876,-12.532668],[-42.318161,-12.513633],[-42.323589,-12.509266],[-42.324762,-12.508331],[-42.329953,-12.509761],[-42.334986,-12.511107],[-42.353625,-12.509569],[-42.355003,-12.509488],[-42.360505,-12.509939],[-42.361428,-12.51015],[-42.362664,-12.51045],[-42.364667,-12.511161],[-42.367314,-12.512137],[-42.367426,-12.512524],[-42.369468,-12.519338],[-42.371055,-12.523951],[-42.371648,-12.525566],[-42.371788,-12.525766],[-42.372288,-12.526464],[-42.372539,-12.526801],[-42.373245,-12.527717],[-42.373783,-12.528392],[-42.374381,-12.529117],[-42.375099,-12.529961],[-42.376711,-12.546248],[-42.405573,-12.546924],[-42.414826,-12.545953],[-42.413466,-12.533394],[-42.417352,-12.52633],[-42.427574,-12.522725],[-42.439142,-12.523065],[-42.444502,-12.524492],[-42.454378,-12.532251],[-42.46217,-12.5314],[-42.476683,-12.544175],[-42.483965,-12.552401],[-42.483102,-12.553904],[-42.483002,-12.555202],[-42.48306,-12.556552],[-42.483328,-12.560468],[-42.483365,-12.56164],[-42.48337,-12.562406],[-42.483465,-12.563959],[-42.483477,-12.564486],[-42.483575,-12.566655],[-42.483613,-12.567879],[-42.483898,-12.569528],[-42.483972,-12.570085],[-42.484396,-12.573885],[-42.484679,-12.576083],[-42.481564,-12.584746],[-42.480835,-12.585369],[-42.479561,-12.586421],[-42.47579,-12.588246],[-42.470789,-12.591973],[-42.460739,-12.599675],[-42.460759,-12.60087],[-42.460802,-12.602587],[-42.46088,-12.604815],[-42.460884,-12.604899],[-42.461045,-12.605699],[-42.46111,-12.606709],[-42.461134,-12.607031],[-42.461478,-12.610599],[-42.476908,-12.63327],[-42.480213,-12.640244],[-42.478251,-12.642755],[-42.476611,-12.644806],[-42.474515,-12.649842],[-42.474107,-12.650854],[-42.473112,-12.65321],[-42.473474,-12.654286],[-42.474681,-12.658152],[-42.475508,-12.66147],[-42.475633,-12.66206],[-42.476087,-12.663274],[-42.476462,-12.664217],[-42.476509,-12.664358],[-42.477194,-12.666605],[-42.477227,-12.666705],[-42.477744,-12.66846],[-42.47786,-12.668941],[-42.478243,-12.671801],[-42.478505,-12.675131],[-42.478177,-12.675621],[-42.477093,-12.676971],[-42.472774,-12.682575],[-42.472758,-12.682596],[-42.467781,-12.696111],[-42.467309,-12.696392],[-42.467075,-12.696321],[-42.466693,-12.696254],[-42.465829,-12.69634],[-42.465126,-12.696333],[-42.464135,-12.696355],[-42.463112,-12.696471],[-42.463043,-12.696469],[-42.46303,-12.696461],[-42.461569,-12.695523],[-42.460373,-12.694661],[-42.459338,-12.69435],[-42.458245,-12.694087],[-42.457376,-12.694078],[-42.457164,-12.693814],[-42.456879,-12.693467],[-42.456597,-12.692994],[-42.455998,-12.692142],[-42.455589,-12.691512],[-42.455243,-12.691039],[-42.454864,-12.690565],[-42.454455,-12.689935],[-42.453971,-12.689227],[-42.453548,-12.688548],[-42.453093,-12.688235],[-42.452381,-12.687806],[-42.451268,-12.687233],[-42.450983,-12.687118],[-42.450526,-12.687058],[-42.450095,-12.687082],[-42.449751,-12.687106],[-42.449062,-12.687241],[-42.448141,-12.687681],[-42.446788,-12.68823],[-42.446442,-12.688313],[-42.444662,-12.688743],[-42.443281,-12.689292],[-42.442102,-12.689703],[-42.440864,-12.690281],[-42.439973,-12.690553],[-42.438913,-12.690879],[-42.438423,-12.691168],[-42.437819,-12.69153],[-42.437633,-12.691657],[-42.437547,-12.691656],[-42.437198,-12.691651],[-42.436783,-12.691655],[-42.434993,-12.69171],[-42.433764,-12.692916],[-42.433755,-12.692925],[-42.433604,-12.692924],[-42.433323,-12.692939],[-42.433022,-12.693028],[-42.43274,-12.693154],[-42.432551,-12.693225],[-42.431967,-12.693532],[-42.431666,-12.693659],[-42.431364,-12.693839],[-42.430553,-12.694291],[-42.429968,-12.69469],[-42.42944,-12.694905],[-42.428969,-12.69514],[-42.42848,-12.695282],[-42.428161,-12.695353],[-42.427973,-12.695351],[-42.427804,-12.69533],[-42.427674,-12.695274],[-42.427412,-12.695125],[-42.427301,-12.69505],[-42.427058,-12.694937],[-42.42676,-12.694868],[-42.426498,-12.694847],[-42.426086,-12.694843],[-42.425859,-12.694914],[-42.425709,-12.694987],[-42.425557,-12.695114],[-42.425426,-12.695222],[-42.425141,-12.695514],[-42.42497,-12.695697],[-42.424649,-12.695987],[-42.424568,-12.696027],[-42.424535,-12.695997],[-42.41819,-12.690303],[-42.417252,-12.690143],[-42.415153,-12.689953],[-42.409308,-12.689752],[-42.409295,-12.689753],[-42.409289,-12.689758],[-42.408206,-12.690996],[-42.405981,-12.693684],[-42.405686,-12.694016],[-42.404663,-12.695228],[-42.403423,-12.696275],[-42.402825,-12.696742],[-42.402754,-12.696671],[-42.402598,-12.696567],[-42.402581,-12.696554],[-42.402442,-12.696437],[-42.402233,-12.696358],[-42.401525,-12.69617],[-42.400975,-12.696062],[-42.400162,-12.696002],[-42.399532,-12.695996],[-42.399164,-12.696019],[-42.398717,-12.696091],[-42.397981,-12.696239],[-42.397453,-12.696414],[-42.397033,-12.696513],[-42.396401,-12.69666],[-42.395874,-12.69681],[-42.395347,-12.697037],[-42.394219,-12.697885],[-42.393611,-12.698239],[-42.392793,-12.698669],[-42.392159,-12.699048],[-42.391232,-12.699811],[-42.390228,-12.700445],[-42.389409,-12.7009],[-42.388671,-12.701253],[-42.387905,-12.701683],[-42.387733,-12.70183],[-42.387667,-12.701887],[-42.387481,-12.702091],[-42.387322,-12.70227],[-42.387135,-12.702551],[-42.387002,-12.702704],[-42.386817,-12.702857],[-42.386605,-12.703009],[-42.386342,-12.70311],[-42.386078,-12.703235],[-42.385788,-12.703362],[-42.385525,-12.703462],[-42.385261,-12.703562],[-42.384997,-12.703688],[-42.384733,-12.70384],[-42.384208,-12.704346],[-42.383386,-12.70511],[-42.382831,-12.705465],[-42.382328,-12.705846],[-42.381379,-12.7063],[-42.380719,-12.70668],[-42.38056,-12.706781],[-42.380191,-12.706906],[-42.379849,-12.707005],[-42.379507,-12.707028],[-42.379166,-12.707076],[-42.378772,-12.707124],[-42.378508,-12.707173],[-42.378218,-12.707273],[-42.378065,-12.707339],[-42.377929,-12.707398],[-42.377243,-12.707675],[-42.376926,-12.707775],[-42.376637,-12.7079],[-42.376189,-12.70805],[-42.375794,-12.708226],[-42.375424,-12.708377],[-42.374949,-12.70863],[-42.3745,-12.708961],[-42.373733,-12.709442],[-42.373442,-12.70967],[-42.373177,-12.7099],[-42.372965,-12.710077],[-42.372779,-12.710256],[-42.372541,-12.71046],[-42.372354,-12.710767],[-42.372142,-12.711022],[-42.371956,-12.711226],[-42.371744,-12.71143],[-42.371453,-12.711633],[-42.371135,-12.711835],[-42.370581,-12.712087],[-42.37008,-12.712314],[-42.369712,-12.712413],[-42.369111,-12.712552],[-42.368797,-12.712497],[-42.368483,-12.712339],[-42.368328,-12.712158],[-42.368068,-12.71195],[-42.367728,-12.711792],[-42.36744,-12.711661],[-42.3671,-12.711579],[-42.366785,-12.711551],[-42.366496,-12.711573],[-42.366233,-12.711622],[-42.365759,-12.711747],[-42.365391,-12.711846],[-42.365074,-12.711946],[-42.364785,-12.71202],[-42.364127,-12.712168],[-42.363759,-12.71219],[-42.363156,-12.71221],[-42.36284,-12.712233],[-42.362498,-12.712306],[-42.36205,-12.71243],[-42.361419,-12.71263],[-42.361102,-12.712704],[-42.360364,-12.713083],[-42.360046,-12.71326],[-42.359307,-12.71369],[-42.358594,-12.714043],[-42.357696,-12.714626],[-42.35656,-12.71531],[-42.355212,-12.716146],[-42.353839,-12.716904],[-42.35355,-12.716953],[-42.353314,-12.716925],[-42.35313,-12.716872],[-42.353,-12.716793],[-42.352818,-12.716636],[-42.352662,-12.716507],[-42.352558,-12.716428],[-42.352402,-12.716273],[-42.352193,-12.716141],[-42.351958,-12.716036],[-42.351487,-12.715825],[-42.350846,-12.715299],[-42.350096,-12.714691],[-42.34959,-12.714245],[-42.349427,-12.714163],[-42.349203,-12.714062],[-42.34896,-12.713959],[-42.348655,-12.713836],[-42.348328,-12.713772],[-42.348063,-12.713749],[-42.347776,-12.713766],[-42.347511,-12.713764],[-42.347266,-12.713702],[-42.347124,-12.71362],[-42.346941,-12.713518],[-42.346698,-12.713355],[-42.346454,-12.713152],[-42.346234,-12.712941],[-42.345811,-12.712355],[-42.345468,-12.711931],[-42.345185,-12.711668],[-42.344841,-12.711344],[-42.344475,-12.71118],[-42.344209,-12.711157],[-42.343658,-12.711151],[-42.343432,-12.71121],[-42.343227,-12.711288],[-42.343022,-12.711346],[-42.342818,-12.711363],[-42.342634,-12.711342],[-42.342512,-12.711281],[-42.34241,-12.711219],[-42.342187,-12.711137],[-42.342004,-12.710995],[-42.341841,-12.710933],[-42.341598,-12.71075],[-42.341292,-12.710708],[-42.340924,-12.710704],[-42.340638,-12.710741],[-42.340372,-12.710758],[-42.340044,-12.710815],[-42.339594,-12.710951],[-42.338896,-12.711224],[-42.338445,-12.711319],[-42.338126,-12.711371],[-42.338098,-12.711377],[-42.33775,-12.711393],[-42.337403,-12.711389],[-42.337096,-12.711406],[-42.336688,-12.711342],[-42.336442,-12.71136],[-42.336116,-12.711376],[-42.335787,-12.711434],[-42.335583,-12.711432],[-42.335317,-12.711569],[-42.33507,-12.711667],[-42.334905,-12.711825],[-42.33478,-12.712004],[-42.334656,-12.712163],[-42.334552,-12.712382],[-42.33451,-12.712542],[-42.334467,-12.712702],[-42.334424,-12.712902],[-42.33434,-12.713081],[-42.334196,-12.71322],[-42.334093,-12.713299],[-42.333969,-12.713379],[-42.333784,-12.713456],[-42.333559,-12.713534],[-42.333398,-12.713604],[-42.332948,-12.713639],[-42.332313,-12.713753],[-42.331515,-12.713845],[-42.331085,-12.713881],[-42.330698,-12.713897],[-42.33033,-12.713873],[-42.329922,-12.713849],[-42.329534,-12.713785],[-42.329064,-12.713801],[-42.328695,-12.713857],[-42.32849,-12.713935],[-42.328263,-12.714112],[-42.328078,-12.714211],[-42.327852,-12.714349],[-42.327647,-12.714407],[-42.326765,-12.714759],[-42.326498,-12.714836],[-42.325905,-12.71489],[-42.325578,-12.714887],[-42.325334,-12.714864],[-42.324987,-12.714761],[-42.324722,-12.714678],[-42.324519,-12.714556],[-42.324337,-12.714434],[-42.324052,-12.714351],[-42.323828,-12.714248],[-42.323563,-12.714226],[-42.323257,-12.714203],[-42.323031,-12.71418],[-42.322644,-12.714116],[-42.322257,-12.714052],[-42.321972,-12.713969],[-42.321482,-12.713884],[-42.321155,-12.713841],[-42.32085,-12.713718],[-42.320453,-12.713585],[-42.320148,-12.713402],[-42.319803,-12.713278],[-42.319456,-12.713154],[-42.319212,-12.713132],[-42.318945,-12.713169],[-42.31872,-12.713207],[-42.318454,-12.713204],[-42.318232,-12.713129],[-42.31821,-12.713122],[-42.318028,-12.71302],[-42.317783,-12.712897],[-42.31754,-12.712755],[-42.317297,-12.712611],[-42.317093,-12.712449],[-42.316871,-12.712187],[-42.31673,-12.712025],[-42.31655,-12.711702],[-42.316347,-12.71152],[-42.316042,-12.711417],[-42.315696,-12.711254],[-42.315371,-12.71113],[-42.315126,-12.711107],[-42.314942,-12.711065],[-42.3148,-12.711003],[-42.314617,-12.710881],[-42.314516,-12.71076],[-42.314415,-12.71068],[-42.314314,-12.710518],[-42.314214,-12.710357],[-42.314093,-12.710155],[-42.313999,-12.70982],[-42.313801,-12.709277],[-42.313621,-12.708934],[-42.313257,-12.70861],[-42.31265,-12.708003],[-42.312144,-12.707557],[-42.311556,-12.70711],[-42.311049,-12.706745],[-42.310175,-12.706375],[-42.309381,-12.706027],[-42.308568,-12.705578],[-42.307797,-12.705109],[-42.307711,-12.705072],[-42.307085,-12.704802],[-42.306433,-12.704615],[-42.306066,-12.70455],[-42.305167,-12.704541],[-42.304758,-12.704578],[-42.304349,-12.704633],[-42.30349,-12.704665],[-42.302163,-12.704652],[-42.301158,-12.70452],[-42.301007,-12.704473],[-42.300888,-12.704435],[-42.300659,-12.704372],[-42.300325,-12.704286],[-42.299951,-12.70418],[-42.299348,-12.703969],[-42.298702,-12.703758],[-42.298181,-12.703588],[-42.297556,-12.703459],[-42.297243,-12.703456],[-42.297013,-12.703515],[-42.29674,-12.703656],[-42.296592,-12.703777],[-42.296486,-12.70396],[-42.296274,-12.704265],[-42.296041,-12.704509],[-42.295705,-12.70471],[-42.295369,-12.704809],[-42.295035,-12.704806],[-42.294764,-12.704783],[-42.294515,-12.704698],[-42.29437,-12.704553],[-42.294162,-12.704449],[-42.293871,-12.704283],[-42.293267,-12.704153],[-42.292953,-12.70417],[-42.292576,-12.704269],[-42.292115,-12.704407],[-42.2918,-12.704609],[-42.291422,-12.70479],[-42.291107,-12.70495],[-42.290729,-12.70511],[-42.290415,-12.705169],[-42.290102,-12.705206],[-42.289746,-12.705223],[-42.289412,-12.70526],[-42.289076,-12.705318],[-42.288826,-12.705316],[-42.288576,-12.705354],[-42.288198,-12.705432],[-42.287905,-12.705512],[-42.287026,-12.705605],[-42.286314,-12.705641],[-42.285422,-12.70585],[-42.284795,-12.706149],[-42.283277,-12.706701],[-42.282023,-12.707473],[-42.281082,-12.708031],[-42.28023,-12.708633],[-42.279727,-12.709082],[-42.278927,-12.709797],[-42.27776,-12.710701],[-42.276505,-12.711604],[-42.275472,-12.712466],[-42.274439,-12.713416],[-42.273583,-12.714367],[-42.272864,-12.715058],[-42.271592,-12.716302],[-42.270739,-12.716991],[-42.269888,-12.717418],[-42.269213,-12.718154],[-42.268492,-12.718975],[-42.267816,-12.71984],[-42.26727,-12.720882],[-42.266997,-12.72149],[-42.266768,-12.722055],[-42.266584,-12.722663],[-42.266488,-12.723273],[-42.266393,-12.723927],[-42.266251,-12.724624],[-42.266022,-12.725275],[-42.265613,-12.726013],[-42.265013,-12.726954],[-42.264363,-12.729308]]],[[[-41.422615,-11.883103],[-41.422539,-11.88311],[-41.422253,-11.883134],[-41.421902,-11.883171],[-41.421322,-11.883226],[-41.412052,-11.884255],[-41.399819,-11.885777],[-41.400548,-11.883982],[-41.401928,-11.880466],[-41.405594,-11.870753],[-41.405567,-11.869616],[-41.405322,-11.861313],[-41.405312,-11.86077],[-41.405303,-11.857477],[-41.405311,-11.856958],[-41.405318,-11.856752],[-41.405433,-11.854507],[-41.405434,-11.854495],[-41.405539,-11.853332],[-41.405582,-11.853176],[-41.408933,-11.84039],[-41.409298,-11.838692],[-41.409311,-11.838632],[-41.40953,-11.838878],[-41.410103,-11.839817],[-41.410159,-11.840613],[-41.410066,-11.841251],[-41.409961,-11.842405],[-41.40997,-11.843402],[-41.410231,-11.844621],[-41.410802,-11.845585],[-41.411553,-11.846337],[-41.412478,-11.846915],[-41.413172,-11.847724],[-41.414155,-11.848707],[-41.415184,-11.849859],[-41.415832,-11.851772],[-41.416005,-11.853217],[-41.415601,-11.854605],[-41.415659,-11.856108],[-41.415658,-11.857091],[-41.415601,-11.858999],[-41.415854,-11.859985],[-41.416805,-11.862603],[-41.417876,-11.864625],[-41.41978,-11.866767],[-41.420667,-11.868272],[-41.421461,-11.869378],[-41.422042,-11.870399],[-41.422624,-11.87166],[-41.422571,-11.872663],[-41.422571,-11.873586],[-41.422533,-11.874778],[-41.422417,-11.876162],[-41.422225,-11.877931],[-41.422071,-11.878816],[-41.422316,-11.880174],[-41.422158,-11.881248],[-41.42261,-11.883007],[-41.422615,-11.883103]]],[[[-41.406433,-11.823878],[-41.406395,-11.823679],[-41.406439,-11.823814],[-41.406433,-11.823878]]]]}},
{"type":"Feature","properties":{"cod_conj":14311,"conjunto":"Ibipeba","distrib":"Neoenergia Coelba","ano":2025,"dec_h":5.44,"dec_lim":16.0,"fec_n":1.73,"fec_lim":7.0,"dec_pct":34.0,"fec_pct":24.7,"situacao":"Dentro dos limites","num_con":34588,"area_ti_km":441.3,"base_geo":"31/12/2025","fonte":"ANEEL: BDGD Coelba 2025 e Indicadores Coletivos de Continuidade"},"geometry":{"type":"MultiPolygon","coordinates":[[[[-42.200196,-12.295066],[-42.200197,-12.295083],[-42.200424,-12.302166],[-42.200559,-12.309366],[-42.200594,-12.31409],[-42.200566,-12.314577],[-42.192544,-12.319506],[-42.181112,-12.326392],[-42.180731,-12.326782],[-42.180222,-12.327321],[-42.179206,-12.329015],[-42.162518,-12.35526],[-42.162502,-12.355977],[-42.162952,-12.363288],[-42.163414,-12.370167],[-42.154463,-12.376723],[-42.151631,-12.378839],[-42.150952,-12.379313],[-42.150486,-12.379631],[-42.149137,-12.380594],[-42.146705,-12.382351],[-42.146019,-12.382556],[-42.145993,-12.382559],[-42.145047,-12.382648],[-42.140829,-12.383],[-42.140829,-12.383],[-42.140371,-12.383061],[-42.123914,-12.377875],[-42.122975,-12.37759],[-42.117842,-12.376905],[-42.114647,-12.376977],[-42.111811,-12.377075],[-42.110528,-12.37715],[-42.107078,-12.377394],[-42.106499,-12.377441],[-42.105012,-12.377666],[-42.103204,-12.377959],[-42.087406,-12.381853],[-42.086391,-12.382122],[-42.083194,-12.383479],[-42.083043,-12.383616],[-42.082902,-12.383747],[-42.079647,-12.387075],[-42.075635,-12.386214],[-42.06816,-12.370019],[-42.065045,-12.365756],[-42.061211,-12.361041],[-42.060906,-12.360902],[-42.060171,-12.35963],[-42.059691,-12.358205],[-42.059659,-12.358051],[-42.059574,-12.357724],[-42.058831,-12.3557],[-42.056608,-12.351114],[-42.054212,-12.345619],[-42.053591,-12.343603],[-42.053466,-12.343242],[-42.053059,-12.342858],[-42.036338,-12.327551],[-42.031799,-12.323326],[-42.032295,-12.322594],[-42.03248,-12.322114],[-42.033244,-12.320155],[-42.03344,-12.319642],[-42.033468,-12.319569],[-42.033892,-12.318331],[-42.033968,-12.318104],[-42.034454,-12.316609],[-42.035428,-12.313541],[-42.035438,-12.31351],[-42.036413,-12.310362],[-42.037032,-12.308237],[-42.037276,-12.307361],[-42.037602,-12.306222],[-42.037821,-12.305436],[-42.038258,-12.304393],[-42.039058,-12.302515],[-42.039741,-12.300936],[-42.040495,-12.299158],[-42.042313,-12.294956],[-42.042546,-12.294203],[-42.043517,-12.29115],[-42.088913,-12.291495],[-42.098549,-12.291569],[-42.09856,-12.291569],[-42.100285,-12.295639],[-42.101225,-12.297851],[-42.102938,-12.299183],[-42.10443,-12.301326],[-42.105698,-12.304227],[-42.10646,-12.307273],[-42.108363,-12.308225],[-42.110368,-12.307981],[-42.110402,-12.307924],[-42.110408,-12.307914],[-42.111666,-12.307199],[-42.11301,-12.307028],[-42.114192,-12.306547],[-42.114739,-12.305918],[-42.115358,-12.304666],[-42.115894,-12.30318],[-42.116508,-12.30146],[-42.117602,-12.30028],[-42.118222,-12.299105],[-42.118366,-12.297936],[-42.11836,-12.297391],[-42.118586,-12.296454],[-42.119283,-12.295123],[-42.120378,-12.29402],[-42.120602,-12.29285],[-42.120429,-12.291606],[-42.12042,-12.290828],[-42.120886,-12.290044],[-42.122144,-12.289329],[-42.123325,-12.288771],[-42.124268,-12.288215],[-42.124656,-12.28751],[-42.124961,-12.286572],[-42.124306,-12.284711],[-42.123901,-12.283937],[-42.123733,-12.283161],[-42.123883,-12.282381],[-42.12395,-12.281368],[-42.124092,-12.279965],[-42.124162,-12.279185],[-42.124121,-12.277679],[-42.200196,-12.295066]]],[[[-42.04575,-12.280078],[-42.045716,-12.28],[-42.045394,-12.279261],[-42.044856,-12.278008],[-42.044102,-12.277243],[-42.043624,-12.276752],[-42.042106,-12.27521],[-42.041882,-12.274978],[-42.041573,-12.274627],[-42.040011,-12.27287],[-42.038985,-12.271569],[-42.038942,-12.271515],[-42.038772,-12.271258],[-42.037744,-12.269676],[-42.036272,-12.266869],[-42.034139,-12.262585],[-42.033725,-12.26177],[-42.031387,-12.257885],[-42.030195,-12.255948],[-42.029212,-12.254236],[-42.028562,-12.253133],[-42.028542,-12.253096],[-42.028191,-12.252464],[-42.02794,-12.252022],[-42.027865,-12.251879],[-42.026625,-12.250273],[-42.026225,-12.248809],[-42.024511,-12.242965],[-42.024111,-12.241725],[-42.023924,-12.241193],[-42.029235,-12.234358],[-42.029454,-12.233978],[-42.029548,-12.233727],[-42.029621,-12.233545],[-42.029722,-12.233369],[-42.029812,-12.2332],[-42.029911,-12.23301],[-42.029988,-12.232815],[-42.030091,-12.232616],[-42.030254,-12.232446],[-42.031274,-12.231753],[-42.031562,-12.231331],[-42.031846,-12.230282],[-42.032678,-12.229664],[-42.033229,-12.229217],[-42.033766,-12.228793],[-42.034713,-12.228627],[-42.035955,-12.227889],[-42.037073,-12.227208],[-42.038418,-12.226326],[-42.040129,-12.225634],[-42.041583,-12.22476],[-42.042434,-12.2244],[-42.043222,-12.224776],[-42.044003,-12.225382],[-42.044891,-12.22555],[-42.045462,-12.225575],[-42.046293,-12.225051],[-42.047009,-12.224077],[-42.047709,-12.223516],[-42.048922,-12.223236],[-42.051198,-12.222135],[-42.052375,-12.221607],[-42.053375,-12.221019],[-42.054825,-12.220633],[-42.056267,-12.220498],[-42.056805,-12.220661],[-42.057481,-12.221178],[-42.057125,-12.221639],[-42.057052,-12.222332],[-42.057296,-12.222864],[-42.057531,-12.22394],[-42.058013,-12.224925],[-42.058235,-12.225539],[-42.058102,-12.22632],[-42.057892,-12.227367],[-42.05792,-12.228925],[-42.058243,-12.231075],[-42.058232,-12.2319],[-42.058218,-12.232743],[-42.058202,-12.233691],[-42.058365,-12.234218],[-42.058651,-12.235132],[-42.0586,-12.235855],[-42.058438,-12.236988],[-42.057707,-12.241716],[-42.058175,-12.243263],[-42.058281,-12.245108],[-42.056962,-12.250007],[-42.055307,-12.253674],[-42.054117,-12.25879],[-42.052689,-12.262478],[-42.050905,-12.264382],[-42.049834,-12.266761],[-42.049715,-12.269617],[-42.049715,-12.272472],[-42.047336,-12.277469],[-42.04575,-12.280078]]],[[[-41.971158,-12.201449],[-41.971092,-12.201465],[-41.947595,-12.206847],[-41.941723,-12.199245],[-41.935114,-12.190931],[-41.924808,-12.178677],[-41.926811,-12.174505],[-41.930333,-12.166178],[-41.931653,-12.163174],[-41.937046,-12.150526],[-41.948153,-12.12485],[-41.946957,-12.122519],[-41.947565,-12.111601],[-41.94826,-12.100336],[-41.948714,-12.092979],[-41.94873,-12.092809],[-41.949061,-12.089849],[-41.949266,-12.088153],[-41.949341,-12.087865],[-41.949947,-12.085883],[-41.950125,-12.085511],[-41.95016,-12.085437],[-41.950659,-12.086504],[-41.952632,-12.088776],[-41.953786,-12.089595],[-41.95515,-12.089643],[-41.95643,-12.088095],[-41.958604,-12.086617],[-41.960629,-12.085152],[-41.96133,-12.084836],[-41.963246,-12.084467],[-41.964225,-12.085772],[-41.965673,-12.086258],[-41.967646,-12.087032],[-41.969068,-12.089037],[-41.969742,-12.090984],[-41.969782,-12.09224],[-41.969634,-12.092591],[-41.969518,-12.092971],[-41.96931,-12.093778],[-41.969292,-12.09437],[-41.969421,-12.095097],[-41.969439,-12.09537],[-41.969527,-12.095947],[-41.969341,-12.0965],[-41.969344,-12.09677],[-41.969399,-12.096879],[-41.970314,-12.097302],[-41.970995,-12.097889],[-41.971956,-12.098662],[-41.972822,-12.099647],[-41.974213,-12.101993],[-41.975995,-12.106105],[-41.976551,-12.107217],[-41.976547,-12.108839],[-41.975989,-12.118088],[-41.975727,-12.119207],[-41.975206,-12.120079],[-41.975016,-12.120789],[-41.974661,-12.121629],[-41.974575,-12.122138],[-41.974902,-12.122572],[-41.975584,-12.122799],[-41.976784,-12.122949],[-41.977971,-12.123428],[-41.979357,-12.123991],[-41.982037,-12.123871],[-41.982917,-12.124258],[-41.983293,-12.12536],[-41.982101,-12.128922],[-41.981155,-12.130879],[-41.979711,-12.131573],[-41.976682,-12.13211],[-41.974474,-12.132525],[-41.972077,-12.133529],[-41.971685,-12.134171],[-41.97041,-12.137385],[-41.969555,-12.139466],[-41.96886,-12.141264],[-41.968892,-12.142665],[-41.969326,-12.143082],[-41.972342,-12.143453],[-41.973221,-12.145094],[-41.973366,-12.145879],[-41.976001,-12.148361],[-41.976764,-12.151618],[-41.977129,-12.152289],[-41.977364,-12.152993],[-41.977364,-12.153932],[-41.977094,-12.154775],[-41.976188,-12.157098],[-41.975139,-12.159109],[-41.974058,-12.160991],[-41.972124,-12.163331],[-41.968742,-12.167958],[-41.968437,-12.168714],[-41.967466,-12.1733],[-41.966816,-12.175819],[-41.966271,-12.178892],[-41.966254,-12.182172],[-41.966724,-12.186486],[-41.966849,-12.187621],[-41.967393,-12.189752],[-41.968972,-12.196204],[-41.969953,-12.19851],[-41.970761,-12.200114],[-41.971158,-12.201449]]],[[[-41.952215,-12.066335],[-41.952214,-12.066283],[-41.9522,-12.065778],[-41.952205,-12.064996],[-41.952161,-12.063708],[-41.952165,-12.062125],[-41.952148,-12.061667],[-41.952038,-12.060447],[-41.952059,-12.060218],[-41.952125,-12.058121],[-41.952074,-12.056727],[-41.951981,-12.055771],[-41.951602,-12.053297],[-41.95127,-12.051704],[-41.946725,-12.044773],[-41.944197,-12.041003],[-41.943829,-12.040467],[-41.942948,-12.039234],[-41.911945,-11.996904],[-41.917717,-11.988338],[-41.921533,-11.982628],[-41.917799,-11.978066],[-41.880641,-11.969216],[-41.87712,-11.967883],[-41.840263,-11.953623],[-41.840335,-11.952953],[-41.840565,-11.951405],[-41.840798,-11.95014],[-41.840886,-11.949723],[-41.840903,-11.949631],[-41.840964,-11.94933],[-41.840967,-11.949314],[-41.84123,-11.948612],[-41.841637,-11.947421],[-41.841649,-11.947387],[-41.841841,-11.946719],[-41.841864,-11.946583],[-41.842067,-11.945025],[-41.842135,-11.944335],[-41.842177,-11.943719],[-41.842207,-11.941828],[-41.842128,-11.93941],[-41.841723,-11.938865],[-41.841264,-11.932623],[-41.842704,-11.924826],[-41.842967,-11.924453],[-41.844756,-11.916257],[-41.840181,-11.914875],[-41.836566,-11.913898],[-41.882082,-11.891263],[-42.021476,-11.815197],[-42.021563,-11.815313],[-42.021708,-11.815489],[-42.021773,-11.815632],[-42.021805,-11.815779],[-42.021786,-11.816025],[-42.021734,-11.816141],[-42.021616,-11.81627],[-42.021465,-11.816417],[-42.020789,-11.816826],[-42.020503,-11.816938],[-42.020034,-11.81713],[-42.019715,-11.817307],[-42.019362,-11.817566],[-42.019126,-11.817778],[-42.018939,-11.817973],[-42.018753,-11.818217],[-42.018634,-11.818479],[-42.01839,-11.819145],[-42.017809,-11.82042],[-42.017195,-11.821515],[-42.016855,-11.822086],[-42.016518,-11.822461],[-42.016096,-11.822784],[-42.015326,-11.823185],[-42.015117,-11.823294],[-42.014161,-11.823629],[-42.013742,-11.823789],[-42.013338,-11.824048],[-42.012968,-11.824372],[-42.012174,-11.825235],[-42.011361,-11.826134],[-42.010649,-11.827096],[-42.009253,-11.829305],[-42.008184,-11.830404],[-42.006953,-11.831959],[-42.006579,-11.832579],[-42.006374,-11.833051],[-42.006251,-11.833576],[-42.006072,-11.834609],[-42.006032,-11.835265],[-42.006092,-11.835825],[-42.006219,-11.8365],[-42.00646,-11.83734],[-42.006801,-11.838296],[-42.007099,-11.83895],[-42.00761,-11.839629],[-42.008005,-11.840143],[-42.008433,-11.840623],[-42.009029,-11.841106],[-42.010096,-11.84174],[-42.010323,-11.841875],[-42.011327,-11.842425],[-42.01219,-11.84286],[-42.012671,-11.843145],[-42.013101,-11.84356],[-42.013431,-11.843958],[-42.013923,-11.844736],[-42.014447,-11.845694],[-42.014904,-11.846684],[-42.015165,-11.847305],[-42.015279,-11.847575],[-42.01599,-11.848563],[-42.016351,-11.84901],[-42.016731,-11.849441],[-42.017012,-11.84974],[-42.017343,-11.850006],[-42.017674,-11.850223],[-42.017906,-11.850406],[-42.018136,-11.850786],[-42.018416,-11.851184],[-42.01868,-11.85145],[-42.018979,-11.851584],[-42.019263,-11.851587],[-42.019597,-11.851574],[-42.019999,-11.851496],[-42.020383,-11.851468],[-42.020666,-11.851519],[-42.020899,-11.851604],[-42.021149,-11.851689],[-42.021432,-11.851725],[-42.021432,-11.851725],[-42.022457,-11.851599],[-42.023711,-11.851182],[-42.024462,-11.850771],[-42.025245,-11.850391],[-42.025903,-11.850105],[-42.026406,-11.850068],[-42.026849,-11.85025],[-42.027167,-11.850618],[-42.027332,-11.851299],[-42.027347,-11.852601],[-42.027201,-11.853687],[-42.026886,-11.854377],[-42.025836,-11.855434],[-42.025137,-11.856294],[-42.02428,-11.857117],[-42.023898,-11.858129],[-42.023829,-11.859021],[-42.02388,-11.860067],[-42.023972,-11.861229],[-42.024616,-11.862617],[-42.025334,-11.863423],[-42.025703,-11.864814],[-42.025914,-11.86613],[-42.026171,-11.867987],[-42.026303,-11.869265],[-42.026393,-11.87031],[-42.026247,-11.871319],[-42.025827,-11.872448],[-42.025679,-11.873302],[-42.025688,-11.874116],[-42.025697,-11.87493],[-42.02559,-11.875938],[-42.025366,-11.877026],[-42.025411,-11.877607],[-42.025666,-11.879309],[-42.025678,-11.880394],[-42.025814,-11.881982],[-42.026186,-11.883644],[-42.02616,-11.884846],[-42.026146,-11.887094],[-42.026201,-11.888527],[-42.025976,-11.889498],[-42.025436,-11.890551],[-42.024224,-11.893015],[-42.022199,-11.894523],[-42.018316,-11.896285],[-42.01442,-11.896933],[-42.012995,-11.898162],[-42.011171,-11.900407],[-42.008005,-11.90206],[-42.006265,-11.902685],[-42.004516,-11.9024],[-42.002556,-11.901612],[-42.001213,-11.900918],[-41.999884,-11.901539],[-41.998764,-11.902462],[-41.99785,-11.903382],[-41.997348,-11.904399],[-41.996964,-11.906932],[-41.997087,-11.908751],[-41.99804,-11.911371],[-41.99827,-11.913595],[-41.997158,-11.915225],[-41.995732,-11.916353],[-41.995649,-11.918073],[-41.99567,-11.919995],[-41.995891,-11.921409],[-41.996615,-11.921907],[-41.998469,-11.922292],[-41.999094,-11.923095],[-41.999834,-11.925009],[-41.999849,-11.926425],[-41.999583,-11.929106],[-41.999185,-11.931738],[-41.998032,-11.933642],[-41.996782,-11.936493],[-41.996166,-11.938707],[-41.995983,-11.941442],[-41.995697,-11.944598],[-41.995422,-11.9487],[-41.994922,-11.951753],[-41.994313,-11.954598],[-41.993605,-11.958179],[-41.993316,-11.961019],[-41.993234,-11.963228],[-41.993256,-11.965224],[-41.994021,-11.966898],[-41.994148,-11.968683],[-41.994291,-11.97194],[-41.993678,-11.974469],[-41.992409,-11.975534],[-41.990804,-11.975235],[-41.989509,-11.973988],[-41.989277,-11.972309],[-41.988408,-11.970952],[-41.987543,-11.96991],[-41.985718,-11.968983],[-41.984116,-11.968895],[-41.982842,-11.969152],[-41.98088,-11.969503],[-41.979875,-11.969655],[-41.978626,-11.969433],[-41.977667,-11.969348],[-41.976562,-11.969124],[-41.975552,-11.968899],[-41.973246,-11.968404],[-41.972329,-11.967895],[-41.970978,-11.967107],[-41.970013,-11.966503],[-41.969199,-11.966559],[-41.968192,-11.96657],[-41.967283,-11.966721],[-41.966375,-11.967014],[-41.965231,-11.967639],[-41.964134,-11.96817],[-41.963226,-11.968416],[-41.962371,-11.969086],[-41.96185,-11.969705],[-41.961859,-11.970507],[-41.961866,-11.971215],[-41.96202,-11.97211],[-41.962124,-11.972817],[-41.961987,-11.97348],[-41.961322,-11.974006],[-41.960461,-11.974251],[-41.959649,-11.974495],[-41.959031,-11.975021],[-41.95851,-11.975593],[-41.957849,-11.976497],[-41.957473,-11.977162],[-41.957336,-11.977824],[-41.957205,-11.979005],[-41.957075,-11.979994],[-41.956624,-11.981218],[-41.955784,-11.982216],[-41.954978,-11.98272],[-41.9539,-11.983188],[-41.952705,-11.983582],[-41.952165,-11.983778],[-41.951553,-11.984355],[-41.951404,-11.98489],[-41.951414,-11.985804],[-41.951391,-11.987213],[-41.951488,-11.98904],[-41.951318,-11.99125],[-41.951328,-11.992126],[-41.95111,-11.993423],[-41.951187,-11.994358],[-41.950648,-11.99567],[-41.949941,-11.996767],[-41.949286,-11.997536],[-41.948908,-11.998411],[-41.948586,-11.99934],[-41.94865,-12.000156],[-41.949005,-12.002276],[-41.949075,-12.003582],[-41.949311,-12.004941],[-41.949321,-12.005867],[-41.949108,-12.006631],[-41.948898,-12.007668],[-41.948303,-12.008927],[-41.94765,-12.009859],[-41.947104,-12.010573],[-41.946178,-12.011817],[-41.944117,-12.013114],[-41.943874,-12.014563],[-41.944496,-12.016173],[-41.945728,-12.018202],[-41.947042,-12.019805],[-41.947912,-12.020306],[-41.949068,-12.021228],[-41.949535,-12.022235],[-41.950109,-12.022454],[-41.951535,-12.022271],[-41.954042,-12.021625],[-41.956775,-12.020866],[-41.958141,-12.020401],[-41.960083,-12.020381],[-41.961624,-12.020252],[-41.96328,-12.020234],[-41.964196,-12.020393],[-41.96506,-12.021059],[-41.965805,-12.021332],[-41.966721,-12.021435],[-41.967977,-12.021422],[-41.969004,-12.021298],[-41.970261,-12.021341],[-41.971234,-12.021556],[-41.97203,-12.02121],[-41.972882,-12.020695],[-41.973961,-12.020121],[-41.974932,-12.020167],[-41.976075,-12.020211],[-41.97733,-12.020029],[-41.978186,-12.019963],[-41.978761,-12.020351],[-41.979285,-12.021189],[-41.979017,-12.022822],[-41.978816,-12.025355],[-41.97838,-12.027215],[-41.978005,-12.029524],[-41.977797,-12.031326],[-41.977762,-12.03335],[-41.97773,-12.035656],[-41.978031,-12.037058],[-41.978329,-12.038124],[-41.978458,-12.039036],[-41.978883,-12.039852],[-41.979117,-12.040387],[-41.980192,-12.040977],[-41.981085,-12.042198],[-41.982631,-12.044407],[-41.979907,-12.046257],[-41.978157,-12.047538],[-41.975994,-12.04913],[-41.974889,-12.050009],[-41.974058,-12.050984],[-41.97347,-12.051331],[-41.971878,-12.052506],[-41.971017,-12.05337],[-41.970595,-12.055573],[-41.970443,-12.056453],[-41.970618,-12.05693],[-41.971296,-12.058364],[-41.971078,-12.059383],[-41.970308,-12.059681],[-41.969671,-12.05965],[-41.967712,-12.060788],[-41.965852,-12.061258],[-41.964648,-12.062168],[-41.963443,-12.062373],[-41.962053,-12.062835],[-41.960946,-12.062832],[-41.958651,-12.062649],[-41.957184,-12.063214],[-41.956202,-12.064301],[-41.954064,-12.065293],[-41.952215,-12.066335]]]]}},
{"type":"Feature","properties":{"cod_conj":17173,"conjunto":"Morro Do Chapeu","distrib":"Neoenergia Coelba","ano":2025,"dec_h":8.96,"dec_lim":15.0,"fec_n":3.58,"fec_lim":6.0,"dec_pct":59.7,"fec_pct":59.7,"situacao":"Dentro dos limites","num_con":26927,"area_ti_km":3704.4,"base_geo":"31/12/2025","fonte":"ANEEL: BDGD Coelba 2025 e Indicadores Coletivos de Continuidade"},"geometry":{"type":"MultiPolygon","coordinates":[[[[-41.505621,-12.073694],[-41.506972,-12.07736],[-41.508731,-12.08193],[-41.541184,-12.120714],[-41.542302,-12.129509],[-41.541232,-12.130316],[-41.540497,-12.13087],[-41.537769,-12.132944],[-41.533833,-12.136501],[-41.513766,-12.147203],[-41.513144,-12.147077],[-41.511597,-12.146741],[-41.510077,-12.146385],[-41.508581,-12.14601],[-41.50711,-12.145615],[-41.505666,-12.145201],[-41.504248,-12.144768],[-41.502854,-12.144315],[-41.501486,-12.143842],[-41.500143,-12.14335],[-41.498826,-12.142839],[-41.485358,-12.137303],[-41.485013,-12.137153],[-41.478245,-12.134757],[-41.478,-12.133928],[-41.477536,-12.132234],[-41.476929,-12.129861],[-41.476398,-12.127656],[-41.474837,-12.120452],[-41.473523,-12.113184],[-41.47322,-12.111102],[-41.473189,-12.110427],[-41.473108,-12.108624],[-41.472906,-12.108143],[-41.472295,-12.106803],[-41.472239,-12.10669],[-41.469712,-12.104532],[-41.466998,-12.10234],[-41.466862,-12.102291],[-41.464994,-12.101672],[-41.464014,-12.101377],[-41.45677,-12.099111],[-41.456344,-12.099085],[-41.455484,-12.099067],[-41.454692,-12.099517],[-41.453901,-12.099041],[-41.505621,-12.073694]]],[[[-41.371864,-12.162055],[-41.371478,-12.162394],[-41.370547,-12.163298],[-41.370468,-12.163385],[-41.369749,-12.164106],[-41.369279,-12.164532],[-41.368985,-12.164835],[-41.368392,-12.165385],[-41.368252,-12.16554],[-41.367687,-12.166104],[-41.367377,-12.166477],[-41.365063,-12.169023],[-41.363244,-12.171327],[-41.361972,-12.172818],[-41.361805,-12.173041],[-41.361701,-12.173201],[-41.361694,-12.173211],[-41.361168,-12.174143],[-41.361053,-12.174379],[-41.360342,-12.175967],[-41.359798,-12.177062],[-41.357225,-12.177998],[-41.350856,-12.172492],[-41.349233,-12.171242],[-41.346141,-12.171112],[-41.341093,-12.171121],[-41.340907,-12.171117],[-41.340431,-12.171096],[-41.340371,-12.17109],[-41.338327,-12.170794],[-41.338032,-12.170758],[-41.337047,-12.170601],[-41.336626,-12.170544],[-41.336416,-12.17052],[-41.33614,-12.170494],[-41.334864,-12.17086],[-41.334341,-12.171032],[-41.333873,-12.171171],[-41.332908,-12.171289],[-41.331568,-12.171525],[-41.330734,-12.171716],[-41.330328,-12.171803],[-41.329774,-12.171946],[-41.329173,-12.172091],[-41.327894,-12.172568],[-41.326027,-12.173234],[-41.325443,-12.173412],[-41.324986,-12.173546],[-41.324445,-12.173689],[-41.321458,-12.174415],[-41.32138,-12.174422],[-41.320576,-12.174481],[-41.310731,-12.175088],[-41.309951,-12.174161],[-41.304553,-12.170585],[-41.296827,-12.169499],[-41.29322,-12.1691],[-41.289428,-12.168772],[-41.28715,-12.168761],[-41.267065,-12.172473],[-41.263809,-12.170963],[-41.260994,-12.169658],[-41.260684,-12.168712],[-41.260609,-12.168474],[-41.259998,-12.166314],[-41.259153,-12.162939],[-41.258869,-12.161587],[-41.258586,-12.159916],[-41.258317,-12.157912],[-41.258207,-12.156763],[-41.258108,-12.155449],[-41.25807,-12.154749],[-41.258034,-12.153346],[-41.258034,-12.152128],[-41.25807,-12.150521],[-41.258238,-12.147913],[-41.258643,-12.144898],[-41.258687,-12.144687],[-41.259121,-12.14257],[-41.259621,-12.140604],[-41.260106,-12.138909],[-41.260233,-12.138506],[-41.260613,-12.137389],[-41.261013,-12.136311],[-41.261214,-12.135792],[-41.261468,-12.135156],[-41.261647,-12.134733],[-41.261183,-12.134472],[-41.261122,-12.134438],[-41.259508,-12.133546],[-41.25741,-12.132316],[-41.254466,-12.130734],[-41.25417,-12.130549],[-41.251867,-12.129266],[-41.247114,-12.124259],[-41.241876,-12.119603],[-41.238911,-12.116183],[-41.238901,-12.115519],[-41.238934,-12.114993],[-41.238904,-12.114373],[-41.238925,-12.113158],[-41.238705,-12.113192],[-41.237411,-12.113283],[-41.236533,-12.113446],[-41.235654,-12.113609],[-41.2334,-12.113423],[-41.233033,-12.113409],[-41.232459,-12.113171],[-41.231357,-12.112603],[-41.23133,-12.112585],[-41.230655,-12.112195],[-41.230514,-12.112067],[-41.229916,-12.111616],[-41.229252,-12.110829],[-41.229181,-12.110764],[-41.228743,-12.110026],[-41.228588,-12.109865],[-41.228267,-12.109627],[-41.227999,-12.109283],[-41.227361,-12.108698],[-41.227237,-12.108519],[-41.226873,-12.108103],[-41.226581,-12.107821],[-41.226506,-12.107758],[-41.225991,-12.10716],[-41.225875,-12.106974],[-41.225653,-12.106722],[-41.225764,-12.106218],[-41.226246,-12.104955],[-41.22627,-12.10491],[-41.227166,-12.103634],[-41.227504,-12.103276],[-41.227796,-12.103065],[-41.228164,-12.102846],[-41.228415,-12.102726],[-41.228793,-12.102572],[-41.23056,-12.101848],[-41.230695,-12.100942],[-41.230825,-12.097825],[-41.230428,-12.09586],[-41.229783,-12.093367],[-41.229325,-12.092248],[-41.222111,-12.094182],[-41.220493,-12.094616],[-41.220441,-12.094591],[-41.219576,-12.094123],[-41.218869,-12.093691],[-41.218757,-12.093617],[-41.217939,-12.088508],[-41.217873,-12.087437],[-41.2179,-12.08687],[-41.218232,-12.085465],[-41.218401,-12.085084],[-41.218468,-12.084936],[-41.218718,-12.084076],[-41.218777,-12.083743],[-41.218909,-12.083279],[-41.219051,-12.082446],[-41.219077,-12.082006],[-41.219098,-12.081879],[-41.219137,-12.081646],[-41.219215,-12.080374],[-41.219573,-12.077517],[-41.220279,-12.066803],[-41.206992,-12.065193],[-41.198101,-12.067053],[-41.19523,-12.069053],[-41.180235,-12.053448],[-41.179867,-12.053134],[-41.179186,-12.052069],[-41.178979,-12.05173],[-41.178033,-12.050126],[-41.177985,-12.050008],[-41.177744,-12.049745],[-41.176892,-12.048855],[-41.175412,-12.047178],[-41.175129,-12.046892],[-41.174139,-12.04582],[-41.173959,-12.045635],[-41.171836,-12.043798],[-41.171563,-12.043582],[-41.171422,-12.043466],[-41.166439,-12.043839],[-41.165848,-12.043844],[-41.161621,-12.043698],[-41.161497,-12.043731],[-41.160438,-12.044112],[-41.159842,-12.044376],[-41.159751,-12.044423],[-41.15936,-12.04463],[-41.159272,-12.044673],[-41.158727,-12.044977],[-41.157729,-12.045556],[-41.157311,-12.045695],[-41.156603,-12.045997],[-41.155552,-12.046378],[-41.155517,-12.046395],[-41.154539,-12.046792],[-41.154205,-12.04695],[-41.153845,-12.047103],[-41.153418,-12.047303],[-41.152768,-12.047635],[-41.151738,-12.048215],[-41.151041,-12.048653],[-41.150575,-12.048989],[-41.149922,-12.049441],[-41.148965,-12.050172],[-41.147851,-12.051205],[-41.146465,-12.052446],[-41.145975,-12.052905],[-41.14307,-12.05734],[-41.142127,-12.059635],[-41.141777,-12.061321],[-41.141496,-12.063034],[-41.141323,-12.064441],[-41.14097,-12.064597],[-41.139846,-12.065143],[-41.128062,-12.072851],[-41.128039,-12.07287],[-41.127923,-12.072988],[-41.126805,-12.073081],[-41.125582,-12.07322],[-41.125549,-12.073225],[-41.122884,-12.072747],[-41.120219,-12.072465],[-41.118034,-12.072352],[-41.115894,-12.072416],[-41.113468,-12.072694],[-41.111803,-12.072988],[-41.111087,-12.073157],[-41.110846,-12.073221],[-41.110652,-12.073273],[-41.110601,-12.073287],[-41.110102,-12.073431],[-41.109252,-12.073726],[-41.106491,-12.072663],[-41.106109,-12.072487],[-41.103881,-12.071849],[-41.103286,-12.071656],[-41.102902,-12.07161],[-41.10128,-12.070099],[-41.099183,-12.069221],[-41.098521,-12.069246],[-41.098373,-12.069147],[-41.09781,-12.068449],[-41.09736,-12.068133],[-41.097279,-12.067131],[-41.097303,-12.065586],[-41.097834,-12.065045],[-41.097908,-12.064934],[-41.09865,-12.064118],[-41.099277,-12.063589],[-41.099363,-12.063463],[-41.101433,-12.061486],[-41.102775,-12.0596],[-41.103282,-12.059073],[-41.10362,-12.058378],[-41.103831,-12.057874],[-41.104092,-12.057128],[-41.104629,-12.054985],[-41.104656,-12.054888],[-41.105049,-12.052816],[-41.105054,-12.052774],[-41.105235,-12.051751],[-41.105479,-12.050813],[-41.10579,-12.049068],[-41.106151,-12.047652],[-41.106349,-12.046553],[-41.106751,-12.044731],[-41.106771,-12.044623],[-41.106883,-12.044115],[-41.106904,-12.044031],[-41.107219,-12.042614],[-41.107877,-12.040172],[-41.108021,-12.039561],[-41.108537,-12.037701],[-41.108933,-12.036395],[-41.108932,-12.03639],[-41.108617,-12.03535],[-41.108538,-12.035064],[-41.108349,-12.034751],[-41.107921,-12.034021],[-41.107394,-12.033092],[-41.10689,-12.032148],[-41.106881,-12.032131],[-41.1063,-12.030966],[-41.105691,-12.029656],[-41.105435,-12.029064],[-41.105248,-12.028617],[-41.104673,-12.027195],[-41.103151,-12.023148],[-41.102427,-12.021421],[-41.101965,-12.020822],[-41.100407,-12.018836],[-41.098823,-12.016713],[-41.098808,-12.016675],[-41.098456,-12.015709],[-41.098337,-12.015357],[-41.097959,-12.014172],[-41.096781,-12.010674],[-41.096444,-12.009717],[-41.094282,-12.003968],[-41.093811,-12.002739],[-41.095025,-11.998746],[-41.095846,-11.995801],[-41.09623,-11.994284],[-41.097094,-11.9901],[-41.097313,-11.988936],[-41.097224,-11.986908],[-41.097033,-11.983323],[-41.097167,-11.981862],[-41.097177,-11.98181],[-41.097243,-11.981458],[-41.097265,-11.981336],[-41.09727,-11.980377],[-41.097411,-11.973336],[-41.097411,-11.973244],[-41.097468,-11.970912],[-41.098043,-11.968611],[-41.098246,-11.967733],[-41.098662,-11.965205],[-41.099585,-11.958816],[-41.09934,-11.95494],[-41.099333,-11.954821],[-41.098211,-11.937048],[-41.098111,-11.935474],[-41.094906,-11.933025],[-41.086824,-11.926849],[-41.077715,-11.924526],[-41.072124,-11.923101],[-41.071841,-11.92303],[-41.064565,-11.921276],[-41.063145,-11.920953],[-41.052487,-11.918658],[-41.045969,-11.914771],[-41.045668,-11.913692],[-41.04454,-11.909572],[-41.042321,-11.901649],[-41.042101,-11.900398],[-41.039964,-11.887514],[-41.039477,-11.884768],[-41.039424,-11.884449],[-41.038498,-11.879359],[-41.038018,-11.876935],[-41.037992,-11.876612],[-41.0371,-11.864084],[-41.035988,-11.851037],[-41.035972,-11.85082],[-41.037616,-11.848321],[-41.038124,-11.847529],[-41.038789,-11.846471],[-41.039968,-11.844551],[-41.041784,-11.841525],[-41.022552,-11.787482],[-40.994468,-11.761119],[-40.991121,-11.754771],[-40.999496,-11.738914],[-41.007975,-11.722961],[-41.028697,-11.707538],[-41.028943,-11.70591],[-41.033891,-11.673885],[-41.034845,-11.667934],[-41.034513,-11.657444],[-41.045885,-11.644486],[-41.05149,-11.638174],[-41.05747,-11.633047],[-41.071993,-11.617898],[-41.082453,-11.615377],[-41.083697,-11.614763],[-41.084002,-11.614605],[-41.085367,-11.61383],[-41.088318,-11.612128],[-41.088466,-11.61203],[-41.089482,-11.61135],[-41.093803,-11.608133],[-41.099619,-11.603707],[-41.108293,-11.591096],[-41.10863,-11.590074],[-41.108738,-11.589735],[-41.10877,-11.589629],[-41.108768,-11.589597],[-41.101406,-11.559686],[-41.057695,-11.548548],[-41.057349,-11.54834],[-41.056257,-11.547638],[-41.055123,-11.546857],[-41.054246,-11.546213],[-41.051779,-11.544317],[-41.049863,-11.54278],[-41.04919,-11.542211],[-41.048548,-11.54164],[-41.043188,-11.53279],[-41.040776,-11.528719],[-41.040364,-11.52821],[-41.035539,-11.522457],[-41.033885,-11.520544],[-41.03323,-11.519808],[-41.032601,-11.519125],[-41.031998,-11.518537],[-41.030288,-11.516905],[-41.029382,-11.516064],[-41.028057,-11.51625],[-41.028034,-11.516253],[-41.02703,-11.516356],[-41.02513,-11.516523],[-41.021428,-11.516797],[-41.020132,-11.516874],[-41.010117,-11.514158],[-41.005741,-11.512909],[-41.005464,-11.512826],[-41.00119,-11.508854],[-41.000189,-11.507913],[-40.999839,-11.507609],[-40.998871,-11.506799],[-40.995672,-11.504223],[-40.991664,-11.501118],[-40.990188,-11.50002],[-40.989368,-11.499437],[-40.986616,-11.497672],[-40.982795,-11.498165],[-40.980143,-11.49849],[-40.979725,-11.498538],[-40.979472,-11.498565],[-40.97813,-11.498696],[-40.977866,-11.498718],[-40.973232,-11.498451],[-40.965103,-11.497889],[-40.961523,-11.497595],[-40.958411,-11.497246],[-40.956881,-11.496118],[-40.956467,-11.49596],[-40.950926,-11.493924],[-40.95085,-11.493895],[-40.946655,-11.492221],[-40.943049,-11.490692],[-40.938663,-11.48873],[-40.93716,-11.483897],[-40.927995,-11.472455],[-40.926525,-11.470549],[-40.924019,-11.467165],[-40.920198,-11.461825],[-40.919718,-11.461135],[-40.930951,-11.445957],[-40.93111,-11.443727],[-40.927875,-11.423393],[-40.932809,-11.393827],[-40.93211,-11.393283],[-40.931033,-11.392466],[-40.92998,-11.391687],[-40.921467,-11.385573],[-40.934609,-11.352494],[-40.937912,-11.340281],[-40.938959,-11.336291],[-40.938855,-11.330998],[-40.9373,-11.330162],[-40.936116,-11.329477],[-40.93505,-11.328835],[-40.933415,-11.327786],[-40.932325,-11.327036],[-40.931633,-11.32652],[-40.930859,-11.325923],[-40.930775,-11.325856],[-40.930212,-11.325398],[-40.929259,-11.324601],[-40.928996,-11.324374],[-40.928624,-11.32404],[-40.927307,-11.322777],[-40.926384,-11.321817],[-40.925808,-11.321164],[-40.924896,-11.320038],[-40.924323,-11.319267],[-40.946122,-11.285126],[-41.133552,-11.15335],[-41.240151,-11.146348],[-41.244574,-11.145579],[-41.249419,-11.14418],[-41.25193,-11.142989],[-41.253479,-11.141191],[-41.255218,-11.138874],[-41.257062,-11.135628],[-41.257441,-11.133271],[-41.2581,-11.132096],[-41.259481,-11.130835],[-41.260299,-11.130088],[-41.260442,-11.128973],[-41.259961,-11.127232],[-41.259472,-11.125456],[-41.25866,-11.123511],[-41.258302,-11.122653],[-41.258653,-11.121866],[-41.259328,-11.1212],[-41.259415,-11.121391],[-41.2618,-11.126568],[-41.255857,-11.150328],[-41.255101,-11.153378],[-41.253519,-11.160701],[-41.251823,-11.172039],[-41.250223,-11.18257],[-41.235085,-11.230762],[-41.243699,-11.269807],[-41.245686,-11.279409],[-41.245977,-11.281683],[-41.245505,-11.285199],[-41.245427,-11.285766],[-41.242821,-11.304433],[-41.244691,-11.308188],[-41.252696,-11.324358],[-41.253386,-11.325772],[-41.256767,-11.334142],[-41.264947,-11.347931],[-41.269075,-11.355353],[-41.271605,-11.359917],[-41.271654,-11.360031],[-41.27222,-11.363664],[-41.276523,-11.388978],[-41.280348,-11.40111],[-41.285537,-11.417687],[-41.295737,-11.437364],[-41.304608,-11.444842],[-41.307232,-11.45159],[-41.30848,-11.454843],[-41.315414,-11.47322],[-41.320305,-11.486287],[-41.3218,-11.490349],[-41.32218,-11.49141],[-41.322562,-11.492521],[-41.322841,-11.493364],[-41.323264,-11.494707],[-41.323964,-11.497064],[-41.324208,-11.497936],[-41.324373,-11.498109],[-41.325337,-11.499155],[-41.326155,-11.500059],[-41.326759,-11.50074],[-41.327927,-11.502082],[-41.328388,-11.502624],[-41.329477,-11.504518],[-41.333334,-11.511036],[-41.345791,-11.530705],[-41.346122,-11.531607],[-41.346486,-11.532621],[-41.346843,-11.533639],[-41.346939,-11.533931],[-41.347211,-11.534787],[-41.347428,-11.53549],[-41.347487,-11.535684],[-41.34765,-11.53624],[-41.347708,-11.536441],[-41.347822,-11.536849],[-41.348163,-11.53812],[-41.348403,-11.539055],[-41.348611,-11.539918],[-41.348806,-11.540777],[-41.348889,-11.541166],[-41.34917,-11.542563],[-41.349429,-11.543981],[-41.349541,-11.544653],[-41.34969,-11.545616],[-41.349836,-11.546636],[-41.349972,-11.547697],[-41.350113,-11.54892],[-41.350201,-11.549768],[-41.350243,-11.550216],[-41.350364,-11.555521],[-41.350376,-11.556215],[-41.350381,-11.556855],[-41.350374,-11.557663],[-41.350354,-11.558733],[-41.350296,-11.56032],[-41.350201,-11.561874],[-41.350126,-11.562889],[-41.350046,-11.563829],[-41.349949,-11.564837],[-41.349655,-11.567532],[-41.349269,-11.570696],[-41.349199,-11.571224],[-41.3491,-11.571943],[-41.348979,-11.572784],[-41.348472,-11.576247],[-41.348258,-11.577638],[-41.347986,-11.579289],[-41.347431,-11.582453],[-41.346904,-11.585304],[-41.346824,-11.585728],[-41.346367,-11.588044],[-41.346235,-11.588687],[-41.343362,-11.596797],[-41.349838,-11.606032],[-41.355353,-11.612518],[-41.355582,-11.638332],[-41.360754,-11.645221],[-41.382644,-11.675139],[-41.38674,-11.680862],[-41.386727,-11.681382],[-41.383013,-11.686523],[-41.382805,-11.68681],[-41.376047,-11.693428],[-41.375717,-11.693751],[-41.374242,-11.69468],[-41.372896,-11.694871],[-41.369918,-11.69447],[-41.367798,-11.694015],[-41.366509,-11.694641],[-41.365089,-11.695707],[-41.364497,-11.696654],[-41.36426,-11.697759],[-41.364181,-11.699416],[-41.364274,-11.701292],[-41.36501,-11.703086],[-41.366351,-11.705888],[-41.367727,-11.708323],[-41.367688,-11.70838],[-41.365972,-11.710943],[-41.361031,-11.718231],[-41.357228,-11.72652],[-41.357301,-11.727523],[-41.359846,-11.73355],[-41.368853,-11.759651],[-41.369496,-11.761554],[-41.379218,-11.771789],[-41.379813,-11.771864],[-41.382262,-11.772172],[-41.391476,-11.773273],[-41.393536,-11.773506],[-41.393611,-11.773514],[-41.393746,-11.773834],[-41.393972,-11.774415],[-41.393908,-11.775228],[-41.393965,-11.776223],[-41.394303,-11.777152],[-41.39465,-11.777822],[-41.395682,-11.778965],[-41.396134,-11.78003],[-41.396263,-11.781288],[-41.396166,-11.781966],[-41.395566,-11.783124],[-41.395295,-11.783708],[-41.395231,-11.784192],[-41.395421,-11.785276],[-41.396231,-11.786322],[-41.396554,-11.786806],[-41.3965,-11.787643],[-41.396692,-11.788193],[-41.397167,-11.788839],[-41.397293,-11.78992],[-41.397167,-11.79084],[-41.397263,-11.791679],[-41.397457,-11.792679],[-41.397844,-11.793486],[-41.39849,-11.795035],[-41.398651,-11.796068],[-41.398651,-11.797068],[-41.398753,-11.798642],[-41.398458,-11.801295],[-41.398104,-11.803653],[-41.398006,-11.805567],[-41.398257,-11.806864],[-41.398608,-11.808202],[-41.398632,-11.809569],[-41.398648,-11.810525],[-41.398658,-11.811707],[-41.398908,-11.812769],[-41.400047,-11.814768],[-41.400857,-11.815924],[-41.401493,-11.817022],[-41.402591,-11.818295],[-41.404675,-11.820124],[-41.405514,-11.821508],[-41.406136,-11.822875],[-41.406395,-11.823679],[-41.406433,-11.823878],[-41.406362,-11.824728],[-41.406065,-11.825716],[-41.405579,-11.826818],[-41.405411,-11.827901],[-41.406003,-11.828933],[-41.406523,-11.829974],[-41.406986,-11.831015],[-41.407333,-11.832171],[-41.407645,-11.834096],[-41.408084,-11.836218],[-41.408258,-11.837086],[-41.408605,-11.837837],[-41.409311,-11.838632],[-41.409298,-11.838692],[-41.408933,-11.84039],[-41.405582,-11.853176],[-41.405539,-11.853332],[-41.405434,-11.854495],[-41.405433,-11.854507],[-41.405318,-11.856752],[-41.405311,-11.856958],[-41.405303,-11.857477],[-41.405312,-11.86077],[-41.405322,-11.861313],[-41.405567,-11.869616],[-41.405594,-11.870753],[-41.401928,-11.880466],[-41.400548,-11.883982],[-41.399819,-11.885777],[-41.412052,-11.884255],[-41.421322,-11.883226],[-41.421902,-11.883171],[-41.422253,-11.883134],[-41.422539,-11.88311],[-41.422615,-11.883103],[-41.422663,-11.884073],[-41.422212,-11.885659],[-41.422392,-11.887281],[-41.423175,-11.889798],[-41.423294,-11.891607],[-41.423564,-11.895031],[-41.423203,-11.896924],[-41.422302,-11.898185],[-41.421345,-11.900329],[-41.421271,-11.902234],[-41.421192,-11.904284],[-41.421065,-11.907559],[-41.421011,-11.908961],[-41.421942,-11.910712],[-41.423023,-11.912244],[-41.423834,-11.913325],[-41.425006,-11.914677],[-41.425997,-11.915578],[-41.426808,-11.916299],[-41.426988,-11.91729],[-41.427169,-11.919093],[-41.427349,-11.920354],[-41.42834,-11.921796],[-41.429768,-11.923455],[-41.430593,-11.925311],[-41.430593,-11.926662],[-41.430142,-11.928104],[-41.429061,-11.929456],[-41.426628,-11.930627],[-41.425456,-11.931529],[-41.425276,-11.93261],[-41.425547,-11.934142],[-41.426628,-11.935223],[-41.42825,-11.936034],[-41.430142,-11.937476],[-41.430863,-11.938558],[-41.432125,-11.94018],[-41.434288,-11.941712],[-41.436451,-11.942973],[-41.438719,-11.944395],[-41.439507,-11.944839],[-41.439853,-11.945012],[-41.440776,-11.945185],[-41.441872,-11.94507],[-41.442737,-11.944781],[-41.443775,-11.944724],[-41.444986,-11.944724],[-41.445909,-11.945012],[-41.446717,-11.945416],[-41.447524,-11.94605],[-41.448159,-11.946973],[-41.448505,-11.948069],[-41.448966,-11.949741],[-41.449946,-11.95176],[-41.451504,-11.953663],[-41.452599,-11.955105],[-41.45358,-11.956374],[-41.454099,-11.9577],[-41.454272,-11.959315],[-41.454157,-11.960642],[-41.454099,-11.962257],[-41.45456,-11.964448],[-41.454849,-11.966294],[-41.455368,-11.967851],[-41.455656,-11.969639],[-41.455426,-11.971098],[-41.454687,-11.972252],[-41.453534,-11.973451],[-41.451917,-11.974437],[-41.450073,-11.975574],[-41.44712,-11.977604],[-41.445829,-11.978803],[-41.444906,-11.979911],[-41.444629,-11.980972],[-41.444675,-11.982495],[-41.444906,-11.984063],[-41.445234,-11.985442],[-41.444709,-11.986115],[-41.416644,-11.998003],[-41.416613,-11.998017],[-41.416622,-11.998197],[-41.416677,-11.998503],[-41.416732,-11.998811],[-41.416839,-11.999194],[-41.416894,-11.999527],[-41.416923,-11.999783],[-41.416798,-12.000039],[-41.416577,-12.000258],[-41.416515,-12.000368],[-41.416411,-12.000614],[-41.416262,-12.001139],[-41.416169,-12.002063],[-41.415973,-12.002591],[-41.415711,-12.003285],[-41.415515,-12.00388],[-41.415188,-12.004773],[-41.414892,-12.005335],[-41.414431,-12.006163],[-41.413881,-12.007114],[-41.413705,-12.007421],[-41.413277,-12.008347],[-41.413015,-12.009041],[-41.412755,-12.009965],[-41.41256,-12.010626],[-41.4124,-12.011517],[-41.412238,-12.01204],[-41.412107,-12.012403],[-41.41201,-12.012898],[-41.411916,-12.013492],[-41.411922,-12.014217],[-41.411859,-12.014645],[-41.411861,-12.014876],[-41.411935,-12.015633],[-41.412142,-12.016356],[-41.41238,-12.016782],[-41.412688,-12.017406],[-41.413024,-12.017767],[-41.413532,-12.018189],[-41.413802,-12.01845],[-41.414511,-12.019037],[-41.415017,-12.01946],[-41.415321,-12.019656],[-41.41573,-12.019904],[-41.415967,-12.020265],[-41.416007,-12.020956],[-41.415944,-12.021352],[-41.41578,-12.021848],[-41.415483,-12.022312],[-41.415152,-12.02271],[-41.414753,-12.023043],[-41.413917,-12.023346],[-41.412749,-12.023785],[-41.412216,-12.024118],[-41.411402,-12.02468],[-41.410872,-12.025409],[-41.410391,-12.026144],[-41.410029,-12.026971],[-41.409866,-12.027401],[-41.409404,-12.028228],[-41.409041,-12.02889],[-41.408828,-12.029183],[-41.408431,-12.02978],[-41.407902,-12.030576],[-41.407406,-12.031305],[-41.406544,-12.032399],[-41.405948,-12.033129],[-41.405583,-12.033494],[-41.404854,-12.034423],[-41.404215,-12.035301],[-41.403686,-12.03603],[-41.403223,-12.03676],[-41.402462,-12.037754],[-41.4022,-12.038448],[-41.402232,-12.038863],[-41.402358,-12.039668],[-41.402484,-12.040225],[-41.402725,-12.04108],[-41.403099,-12.042103],[-41.403477,-12.042753],[-41.404156,-12.043702],[-41.404934,-12.04452],[-41.405711,-12.045204],[-41.406233,-12.045651],[-41.406878,-12.046436],[-41.407421,-12.047222],[-41.407727,-12.047813],[-41.407699,-12.048406],[-41.407639,-12.048878],[-41.407637,-12.0489],[-41.407405,-12.049298],[-41.407108,-12.049696],[-41.40675,-12.050316],[-41.406744,-12.050325],[-41.406369,-12.050637],[-41.406071,-12.05097],[-41.405674,-12.051533],[-41.405314,-12.052557],[-41.404887,-12.053516],[-41.404561,-12.054508],[-41.404236,-12.05563],[-41.403942,-12.057027],[-41.403613,-12.057656],[-41.403485,-12.058382],[-41.403358,-12.059173],[-41.403099,-12.060164],[-41.40275,-12.062275],[-41.402395,-12.063851],[-41.401964,-12.06448],[-41.401704,-12.065404],[-41.401542,-12.065933],[-41.401245,-12.066495],[-41.40098,-12.066894],[-41.400482,-12.067326],[-41.400182,-12.067526],[-41.399883,-12.067924],[-41.399689,-12.06865],[-41.399392,-12.069213],[-41.399229,-12.069741],[-41.3991,-12.070237],[-41.398838,-12.07093],[-41.398444,-12.071856],[-41.397981,-12.072618],[-41.397652,-12.073247],[-41.39718,-12.073865],[-41.396616,-12.074529],[-41.396185,-12.074993],[-41.395619,-12.07546],[-41.394819,-12.075961],[-41.394218,-12.076197],[-41.393448,-12.076401],[-41.39271,-12.076341],[-41.392108,-12.076413],[-41.391371,-12.076419],[-41.390064,-12.076463],[-41.38926,-12.076437],[-41.388238,-12.076478],[-41.387416,-12.07642],[-41.386746,-12.076393],[-41.38641,-12.07633],[-41.385906,-12.076202],[-41.38547,-12.076206],[-41.385069,-12.076275],[-41.384634,-12.076477],[-41.384253,-12.076615],[-41.383896,-12.076765],[-41.383575,-12.076882],[-41.383126,-12.076953],[-41.382296,-12.076949],[-41.381697,-12.07692],[-41.381017,-12.07696],[-41.380337,-12.077079],[-41.379946,-12.077174],[-41.379672,-12.077292],[-41.37936,-12.077408],[-41.379011,-12.077641],[-41.378664,-12.077926],[-41.378416,-12.078132],[-41.377961,-12.078361],[-41.37766,-12.078456],[-41.377204,-12.078532],[-41.376799,-12.078494],[-41.376309,-12.078406],[-41.375882,-12.078317],[-41.375482,-12.078239],[-41.375446,-12.078233],[-41.374609,-12.078372],[-41.373707,-12.078709],[-41.373038,-12.078813],[-41.372468,-12.078852],[-41.372,-12.078954],[-41.371432,-12.079189],[-41.371,-12.079621],[-41.370371,-12.080483],[-41.369874,-12.081146],[-41.369343,-12.081777],[-41.369177,-12.081943],[-41.36856,-12.082396],[-41.36823,-12.082959],[-41.368237,-12.083749],[-41.36821,-12.084508],[-41.368021,-12.085926],[-41.368169,-12.086699],[-41.368144,-12.087556],[-41.36805,-12.088381],[-41.368122,-12.088973],[-41.368163,-12.089796],[-41.368199,-12.090093],[-41.368225,-12.090407],[-41.368271,-12.090982],[-41.368274,-12.091014],[-41.36828,-12.091608],[-41.368417,-12.092035],[-41.368727,-12.092921],[-41.369102,-12.093709],[-41.369344,-12.094497],[-41.369685,-12.095087],[-41.369923,-12.095612],[-41.370507,-12.096686],[-41.370949,-12.097407],[-41.371155,-12.097965],[-41.37126,-12.098459],[-41.371332,-12.099051],[-41.371269,-12.09948],[-41.370907,-12.100175],[-41.370678,-12.100836],[-41.370413,-12.101266],[-41.370216,-12.101908],[-41.370253,-12.102369],[-41.370359,-12.102961],[-41.370869,-12.103813],[-41.371347,-12.104765],[-41.371354,-12.105589],[-41.371158,-12.106117],[-41.370929,-12.106712],[-41.370765,-12.107207],[-41.370703,-12.107801],[-41.370979,-12.108688],[-41.371288,-12.109476],[-41.371324,-12.109805],[-41.371327,-12.110167],[-41.371165,-12.110663],[-41.370968,-12.111225],[-41.370835,-12.111775],[-41.370737,-12.112109],[-41.370673,-12.112472],[-41.370676,-12.112834],[-41.370849,-12.113459],[-41.371121,-12.113786],[-41.371629,-12.114506],[-41.371872,-12.115394],[-41.371844,-12.116053],[-41.371819,-12.116976],[-41.371802,-12.117137],[-41.371726,-12.117866],[-41.3716,-12.118744],[-41.371405,-12.119437],[-41.371109,-12.120132],[-41.370415,-12.121389],[-41.369886,-12.122152],[-41.369554,-12.122517],[-41.369322,-12.122782],[-41.369316,-12.122791],[-41.369234,-12.123057],[-41.369144,-12.123526],[-41.368988,-12.123847],[-41.368755,-12.12435],[-41.368686,-12.124774],[-41.368574,-12.125216],[-41.368375,-12.125572],[-41.368156,-12.125879],[-41.368142,-12.125899],[-41.367877,-12.12623],[-41.367448,-12.127058],[-41.367159,-12.128444],[-41.3672,-12.129332],[-41.367104,-12.130079],[-41.366977,-12.130936],[-41.366849,-12.13163],[-41.366823,-12.132519],[-41.366963,-12.133177],[-41.367015,-12.133561],[-41.367094,-12.134155],[-41.367315,-12.135001],[-41.367454,-12.13546],[-41.367463,-12.136449],[-41.367364,-12.136714],[-41.367436,-12.13724],[-41.367407,-12.137734],[-41.36741,-12.138097],[-41.367482,-12.138623],[-41.367353,-12.13925],[-41.367193,-12.140075],[-41.367095,-12.140405],[-41.366864,-12.14077],[-41.366832,-12.141034],[-41.366843,-12.142253],[-41.366614,-12.142913],[-41.366582,-12.143046],[-41.366387,-12.143838],[-41.36606,-12.144664],[-41.365763,-12.145548],[-41.365436,-12.146408],[-41.365315,-12.14664],[-41.365074,-12.147103],[-41.364775,-12.147534],[-41.364385,-12.147947],[-41.363741,-12.148507],[-41.363411,-12.148665],[-41.362844,-12.149],[-41.361909,-12.149469],[-41.361275,-12.149771],[-41.360407,-12.150174],[-41.359841,-12.150541],[-41.359407,-12.150874],[-41.359207,-12.150975],[-41.358841,-12.151208],[-41.358206,-12.151544],[-41.35794,-12.151776],[-41.357409,-12.152341],[-41.357046,-12.153003],[-41.35682,-12.154026],[-41.356611,-12.154677],[-41.356518,-12.155435],[-41.356591,-12.156193],[-41.356664,-12.156884],[-41.356839,-12.157739],[-41.356877,-12.158233],[-41.356983,-12.15889],[-41.35699,-12.159649],[-41.357031,-12.160439],[-41.357,-12.160802],[-41.357007,-12.161308],[-41.357081,-12.162098],[-41.357187,-12.162756],[-41.357223,-12.163019],[-41.357228,-12.163613],[-41.357165,-12.164107],[-41.357037,-12.1648],[-41.35691,-12.165526],[-41.356614,-12.166121],[-41.35602,-12.167214],[-41.355423,-12.167944],[-41.354874,-12.168397],[-41.371864,-12.162055]]]]}},
{"type":"Feature","properties":{"cod_conj":17136,"conjunto":"Iramaia","distrib":"Neoenergia Coelba","ano":2025,"dec_h":13.98,"dec_lim":17.0,"fec_n":3.72,"fec_lim":7.0,"dec_pct":82.2,"fec_pct":53.1,"situacao":"Dentro dos limites","num_con":9661,"area_ti_km":3082.5,"base_geo":"31/12/2025","fonte":"ANEEL: BDGD Coelba 2025 e Indicadores Coletivos de Continuidade"},"geometry":{"type":"MultiPolygon","coordinates":[[[[-40.960414,-12.994064],[-40.967221,-12.996319],[-40.975682,-13.003242],[-40.983283,-13.005928],[-40.981109,-13.000465],[-40.9829,-12.992054],[-40.979859,-12.984025],[-40.976207,-12.982411],[-40.97914,-12.980987],[-40.984698,-12.981798],[-40.986043,-12.984014],[-40.987649,-12.994154],[-40.985095,-13.00359],[-41.01498,-13.027015],[-41.011975,-13.031749],[-41.012282,-13.032662],[-41.012558,-13.033543],[-41.012573,-13.033597],[-41.012712,-13.034143],[-41.012761,-13.034347],[-41.012376,-13.034634],[-41.011953,-13.034924],[-41.011606,-13.035154],[-41.010763,-13.035663],[-41.009916,-13.036152],[-41.008834,-13.036682],[-41.007727,-13.037188],[-41.006783,-13.037547],[-41.006028,-13.037813],[-41.005457,-13.03797],[-41.004277,-13.038264],[-41.003621,-13.038398],[-41.002398,-13.03862],[-41.001888,-13.038693],[-41.000885,-13.038794],[-41.000537,-13.038819],[-40.999982,-13.038843],[-40.998864,-13.038864],[-40.998534,-13.038859],[-40.998109,-13.038843],[-40.99685,-13.038737],[-40.995908,-13.038635],[-40.995201,-13.038535],[-40.993885,-13.03829],[-40.992991,-13.038086],[-40.992124,-13.037852],[-40.990505,-13.037341],[-40.98815,-13.043983],[-40.987645,-13.045224],[-40.986854,-13.047493],[-40.986551,-13.048698],[-40.98634,-13.049955],[-40.986255,-13.051372],[-40.986303,-13.052467],[-40.986349,-13.053011],[-40.987216,-13.061797],[-40.995752,-13.056633],[-40.999579,-13.056123],[-40.999702,-13.056089],[-41.00072,-13.055747],[-41.001496,-13.055421],[-41.002124,-13.055084],[-41.002328,-13.055047],[-41.002434,-13.055032],[-41.003128,-13.054872],[-41.003141,-13.054869],[-41.003416,-13.054828],[-41.003732,-13.054751],[-41.004355,-13.054633],[-41.004497,-13.054595],[-41.005149,-13.054459],[-41.005417,-13.054425],[-41.006177,-13.054262],[-41.006484,-13.054218],[-41.006491,-13.054216],[-41.006655,-13.054182],[-41.007383,-13.054054],[-41.00755,-13.054008],[-41.007681,-13.053979],[-41.007872,-13.053947],[-41.008327,-13.053887],[-41.008893,-13.053776],[-41.009489,-13.053688],[-41.009726,-13.053645],[-41.009948,-13.053585],[-41.010095,-13.053552],[-41.010131,-13.053546],[-41.010508,-13.0535],[-41.011086,-13.053367],[-41.011619,-13.053267],[-41.012162,-13.053117],[-41.01236,-13.053082],[-41.012828,-13.053029],[-41.013407,-13.05292],[-41.013447,-13.052914],[-41.013743,-13.052858],[-41.0143,-13.052729],[-41.014371,-13.052718],[-41.014485,-13.052695],[-41.014851,-13.052642],[-41.015315,-13.052555],[-41.015633,-13.05248],[-41.015775,-13.052451],[-41.015775,-13.052451],[-41.016191,-13.052364],[-41.016501,-13.052314],[-41.01708,-13.05219],[-41.01719,-13.05217],[-41.017259,-13.052155],[-41.017408,-13.052129],[-41.017512,-13.052108],[-41.017617,-13.052079],[-41.01799,-13.052001],[-41.018179,-13.051972],[-41.018541,-13.051892],[-41.019077,-13.051802],[-41.019326,-13.051744],[-41.019949,-13.051631],[-41.02009,-13.051593],[-41.02039,-13.051524],[-41.020816,-13.051446],[-41.02086,-13.051441],[-41.021758,-13.051276],[-41.021784,-13.051273],[-41.022202,-13.051205],[-41.022383,-13.051167],[-41.022786,-13.051061],[-41.023497,-13.050945],[-41.023648,-13.050913],[-41.02376,-13.0509],[-41.024358,-13.050798],[-41.024725,-13.0507],[-41.025606,-13.050542],[-41.025753,-13.050502],[-41.026279,-13.050396],[-41.026419,-13.050374],[-41.026911,-13.050271],[-41.027047,-13.050238],[-41.027276,-13.050195],[-41.027476,-13.050149],[-41.027797,-13.05009],[-41.027954,-13.050053],[-41.028448,-13.049961],[-41.028476,-13.049954],[-41.028584,-13.049934],[-41.028865,-13.049894],[-41.02947,-13.049777],[-41.029544,-13.049766],[-41.030131,-13.049626],[-41.030585,-13.049558],[-41.030662,-13.049539],[-41.031341,-13.0494],[-41.0316,-13.04936],[-41.031647,-13.049356],[-41.032946,-13.049113],[-41.033851,-13.048839],[-41.034099,-13.048835],[-41.03474,-13.048775],[-41.034925,-13.048752],[-41.035452,-13.048662],[-41.036165,-13.048505],[-41.036256,-13.048488],[-41.036263,-13.048486],[-41.036375,-13.048463],[-41.036665,-13.048416],[-41.037113,-13.04833],[-41.037378,-13.048288],[-41.037645,-13.048218],[-41.038005,-13.048141],[-41.038374,-13.04808],[-41.038548,-13.048058],[-41.03894,-13.047964],[-41.039604,-13.047843],[-41.039903,-13.047804],[-41.040159,-13.047742],[-41.040442,-13.047688],[-41.040595,-13.047662],[-41.040887,-13.047619],[-41.041084,-13.047568],[-41.041879,-13.047404],[-41.04188,-13.047404],[-41.042726,-13.047203],[-41.043006,-13.047151],[-41.043275,-13.047089],[-41.043309,-13.047083],[-41.043743,-13.046987],[-41.043918,-13.046966],[-41.044026,-13.046946],[-41.044711,-13.046857],[-41.045041,-13.046798],[-41.045367,-13.046756],[-41.045631,-13.046697],[-41.046214,-13.046593],[-41.046398,-13.046568],[-41.046711,-13.046486],[-41.047175,-13.046386],[-41.047447,-13.046309],[-41.048536,-13.046107],[-41.048648,-13.046097],[-41.04919,-13.046026],[-41.049511,-13.045945],[-41.050057,-13.045844],[-41.050352,-13.045753],[-41.051371,-13.045534],[-41.051518,-13.045517],[-41.052436,-13.045327],[-41.052455,-13.045322],[-41.053041,-13.045224],[-41.053263,-13.045175],[-41.05343,-13.044922],[-41.053483,-13.044826],[-41.054332,-13.04362],[-41.054383,-13.043566],[-41.055188,-13.042392],[-41.055379,-13.042192],[-41.06248,-13.042225],[-41.062973,-13.04249],[-41.063529,-13.042899],[-41.064193,-13.043312],[-41.064601,-13.043209],[-41.064631,-13.043199],[-41.065156,-13.043111],[-41.066089,-13.042913],[-41.066409,-13.042881],[-41.066989,-13.042783],[-41.067114,-13.042767],[-41.067429,-13.042701],[-41.067875,-13.042629],[-41.067965,-13.042603],[-41.068438,-13.042491],[-41.068717,-13.042436],[-41.068972,-13.042393],[-41.069182,-13.042338],[-41.069867,-13.042192],[-41.069926,-13.042184],[-41.070797,-13.042],[-41.071123,-13.041964],[-41.071816,-13.041805],[-41.072251,-13.041748],[-41.072787,-13.041613],[-41.07338,-13.041519],[-41.073753,-13.041424],[-41.074007,-13.041383],[-41.074736,-13.041233],[-41.074744,-13.04123],[-41.075639,-13.041056],[-41.075972,-13.041015],[-41.076307,-13.040937],[-41.076839,-13.040842],[-41.07688,-13.040836],[-41.077389,-13.040725],[-41.077896,-13.040641],[-41.077934,-13.040632],[-41.07848,-13.040517],[-41.079009,-13.040432],[-41.07905,-13.040427],[-41.079488,-13.040325],[-41.080005,-13.040231],[-41.080325,-13.040189],[-41.080556,-13.040131],[-41.081097,-13.040024],[-41.081446,-13.039971],[-41.081556,-13.039944],[-41.082056,-13.03984],[-41.082439,-13.039779],[-41.082636,-13.039728],[-41.083075,-13.039639],[-41.083165,-13.039614],[-41.083512,-13.039537],[-41.083659,-13.039496],[-41.084161,-13.039381],[-41.084787,-13.039267],[-41.08484,-13.039254],[-41.085605,-13.039127],[-41.0858,-13.039076],[-41.086447,-13.038977],[-41.086954,-13.038842],[-41.087687,-13.038729],[-41.088125,-13.038606],[-41.08857,-13.038529],[-41.089146,-13.038382],[-41.08946,-13.038334],[-41.090134,-13.038197],[-41.090421,-13.038167],[-41.091266,-13.038002],[-41.091347,-13.037978],[-41.091897,-13.037858],[-41.092352,-13.03772],[-41.092365,-13.037715],[-41.093371,-13.037477],[-41.093954,-13.037371],[-41.093973,-13.037369],[-41.094551,-13.037222],[-41.09468,-13.037196],[-41.095059,-13.03714],[-41.095998,-13.037038],[-41.096526,-13.037004],[-41.096606,-13.037002],[-41.097071,-13.036982],[-41.097085,-13.036982],[-41.097621,-13.036897],[-41.098496,-13.0368],[-41.099618,-13.036222],[-41.100172,-13.035827],[-41.100486,-13.035523],[-41.101123,-13.034708],[-41.101413,-13.034231],[-41.101667,-13.033653],[-41.101694,-13.033556],[-41.101863,-13.032608],[-41.101949,-13.031546],[-41.101936,-13.030602],[-41.101844,-13.02976],[-41.101632,-13.028734],[-41.101234,-13.027507],[-41.100921,-13.02678],[-41.101151,-13.026284],[-41.101416,-13.025584],[-41.101669,-13.024647],[-41.101737,-13.024215],[-41.101866,-13.023615],[-41.101993,-13.02238],[-41.101922,-13.020746],[-41.101815,-13.020238],[-41.101691,-13.01907],[-41.10169,-13.018917],[-41.101567,-13.018082],[-41.101529,-13.017364],[-41.101442,-13.01668],[-41.101431,-13.016412],[-41.10138,-13.015793],[-41.101341,-13.015538],[-41.101304,-13.015114],[-41.101297,-13.014839],[-41.101306,-13.014814],[-41.101526,-13.01389],[-41.101696,-13.01339],[-41.101824,-13.012762],[-41.102057,-13.011989],[-41.102192,-13.011256],[-41.1023,-13.010898],[-41.102509,-13.009849],[-41.102536,-13.009577],[-41.102694,-13.008834],[-41.102797,-13.007882],[-41.102818,-13.007761],[-41.102896,-13.006704],[-41.1029,-13.00667],[-41.102911,-13.005386],[-41.102887,-13.005149],[-41.102833,-13.004243],[-41.10277,-13.003849],[-41.102411,-13.003409],[-41.101643,-13.002378],[-41.100458,-13.00103],[-41.099404,-13.000058],[-41.098127,-12.999122],[-41.097423,-12.998718],[-41.096017,-12.998068],[-41.080806,-12.997337],[-41.069942,-12.999315],[-41.069167,-12.997113],[-41.061392,-12.984257],[-41.059272,-12.980972],[-41.063166,-12.969926],[-41.052644,-12.954899],[-41.051407,-12.953334],[-41.0495,-12.951027],[-41.047509,-12.948753],[-41.044495,-12.945457],[-41.0415,-12.942445],[-41.041076,-12.942027],[-41.040499,-12.935438],[-41.042649,-12.933911],[-41.043108,-12.933578],[-41.045836,-12.931598],[-41.04681,-12.930874],[-41.046859,-12.930831],[-41.047043,-12.930663],[-41.048654,-12.929241],[-41.048854,-12.929069],[-41.049415,-12.928521],[-41.049747,-12.928136],[-41.050462,-12.927329],[-41.052216,-12.925402],[-41.053593,-12.924373],[-41.054509,-12.923684],[-41.059183,-12.920165],[-41.059629,-12.919825],[-41.061548,-12.918361],[-41.06183,-12.917939],[-41.062247,-12.917244],[-41.062044,-12.915571],[-41.062041,-12.915552],[-41.061943,-12.91494],[-41.061709,-12.913754],[-41.061284,-12.91194],[-41.061085,-12.911236],[-41.060602,-12.909752],[-41.060005,-12.908127],[-41.059764,-12.907534],[-41.059473,-12.906887],[-41.058239,-12.904344],[-41.058094,-12.903815],[-41.058229,-12.900628],[-41.058365,-12.898419],[-41.05838,-12.898246],[-41.058659,-12.895862],[-41.058737,-12.895316],[-41.058824,-12.894895],[-41.059506,-12.891865],[-41.060045,-12.890882],[-41.061081,-12.889086],[-41.062441,-12.886838],[-41.063045,-12.886074],[-41.065619,-12.883005],[-41.067128,-12.881309],[-41.069899,-12.879393],[-41.0742,-12.876591],[-41.074587,-12.876477],[-41.077739,-12.879081],[-41.078135,-12.879422],[-41.085133,-12.881479],[-41.085729,-12.881908],[-41.090722,-12.885622],[-41.091221,-12.886014],[-41.092754,-12.887309],[-41.093912,-12.88934],[-41.094957,-12.891034],[-41.09723,-12.891516],[-41.102127,-12.892685],[-41.102897,-12.892923],[-41.103321,-12.893091],[-41.103867,-12.892948],[-41.104128,-12.892904],[-41.104828,-12.892658],[-41.105618,-12.892285],[-41.105764,-12.892192],[-41.106773,-12.891686],[-41.107456,-12.891019],[-41.107743,-12.890739],[-41.107747,-12.890735],[-41.108231,-12.890087],[-41.108489,-12.889681],[-41.108617,-12.888634],[-41.108578,-12.888357],[-41.108467,-12.887571],[-41.108001,-12.88649],[-41.107578,-12.885892],[-41.107675,-12.885414],[-41.107679,-12.88461],[-41.107733,-12.88414],[-41.107623,-12.88312],[-41.107586,-12.883001],[-41.107471,-12.882542],[-41.107722,-12.882254],[-41.108493,-12.88087],[-41.108531,-12.880625],[-41.105743,-12.875195],[-41.105873,-12.874985],[-41.106556,-12.873982],[-41.106889,-12.873443],[-41.107222,-12.872855],[-41.107246,-12.872812],[-41.107394,-12.872529],[-41.107658,-12.871813],[-41.107807,-12.871291],[-41.108243,-12.870756],[-41.108257,-12.870736],[-41.109499,-12.870502],[-41.110841,-12.870109],[-41.112059,-12.869627],[-41.112906,-12.86919],[-41.113472,-12.868858],[-41.114068,-12.868471],[-41.114659,-12.868032],[-41.116036,-12.86697],[-41.116424,-12.866772],[-41.11715,-12.866477],[-41.120919,-12.866835],[-41.121145,-12.867291],[-41.125209,-12.876569],[-41.129323,-12.88331],[-41.132472,-12.884149],[-41.134262,-12.884538],[-41.134599,-12.884595],[-41.135667,-12.885509],[-41.137078,-12.886599],[-41.137805,-12.887108],[-41.139191,-12.887986],[-41.141605,-12.889361],[-41.141754,-12.889438],[-41.141938,-12.889508],[-41.142984,-12.889873],[-41.143463,-12.890025],[-41.143688,-12.890212],[-41.144242,-12.89064],[-41.144475,-12.890834],[-41.145346,-12.891532],[-41.14633,-12.892376],[-41.14715,-12.893128],[-41.147868,-12.893826],[-41.148278,-12.894245],[-41.148823,-12.894826],[-41.148949,-12.894965],[-41.149156,-12.895192],[-41.14937,-12.895422],[-41.149785,-12.895886],[-41.150258,-12.896445],[-41.152285,-12.898836],[-41.154369,-12.901472],[-41.15504,-12.902391],[-41.155786,-12.903493],[-41.155829,-12.903547],[-41.156044,-12.903836],[-41.156445,-12.904349],[-41.156829,-12.904807],[-41.157589,-12.905779],[-41.157644,-12.905853],[-41.15785,-12.906119],[-41.158279,-12.906548],[-41.158712,-12.906955],[-41.159523,-12.907763],[-41.159582,-12.907816],[-41.160154,-12.908365],[-41.160323,-12.90852],[-41.160859,-12.909039],[-41.161284,-12.909283],[-41.162059,-12.909757],[-41.163575,-12.910751],[-41.164859,-12.911652],[-41.165321,-12.911996],[-41.165919,-12.912465],[-41.166576,-12.913011],[-41.166986,-12.913344],[-41.186866,-12.930119],[-41.188018,-12.931033],[-41.193789,-12.935522],[-41.196743,-12.946398],[-41.197332,-12.948614],[-41.198014,-12.951216],[-41.199007,-12.955057],[-41.199442,-12.956766],[-41.200414,-12.960659],[-41.200888,-12.96321],[-41.201771,-12.96803],[-41.203175,-12.9757],[-41.222672,-12.991488],[-41.229607,-12.997063],[-41.250927,-13.049474],[-41.256589,-13.088074],[-41.255017,-13.090613],[-41.252903,-13.096739],[-41.24884,-13.118007],[-41.247588,-13.124558],[-41.223731,-13.166174],[-41.221354,-13.178701],[-41.220767,-13.181793],[-41.239578,-13.203603],[-41.242654,-13.207123],[-41.251731,-13.225788],[-41.260422,-13.24331],[-41.272711,-13.267692],[-41.275342,-13.273089],[-41.280482,-13.283833],[-41.280934,-13.285039],[-41.281127,-13.286573],[-41.270896,-13.305272],[-41.263452,-13.318875],[-41.262264,-13.320029],[-41.259518,-13.325709],[-41.258881,-13.331916],[-41.258377,-13.33589],[-41.257636,-13.341046],[-41.257449,-13.342173],[-41.257209,-13.343485],[-41.257138,-13.343858],[-41.256997,-13.344531],[-41.256671,-13.345949],[-41.256394,-13.347094],[-41.254593,-13.35427],[-41.254807,-13.357434],[-41.254472,-13.35819],[-41.253004,-13.361559],[-41.252879,-13.361843],[-41.246855,-13.375651],[-41.248553,-13.378515],[-41.250449,-13.386716],[-41.250487,-13.386874],[-41.253825,-13.39313],[-41.25464,-13.396543],[-41.254476,-13.399688],[-41.253913,-13.407423],[-41.253713,-13.409299],[-41.253261,-13.412339],[-41.253041,-13.413481],[-41.253025,-13.413517],[-41.252192,-13.415109],[-41.251836,-13.415747],[-41.25093,-13.417205],[-41.250683,-13.417565],[-41.250606,-13.417733],[-41.249881,-13.419547],[-41.249466,-13.42049],[-41.249669,-13.421536],[-41.249908,-13.422632],[-41.250728,-13.425953],[-41.250414,-13.426418],[-41.249215,-13.429226],[-41.249272,-13.433559],[-41.243179,-13.439683],[-41.24301,-13.43986],[-41.242533,-13.445882],[-41.242734,-13.446289],[-41.245048,-13.450688],[-41.243384,-13.454652],[-41.242381,-13.458749],[-41.237822,-13.461686],[-41.232612,-13.465041],[-41.232478,-13.4653],[-41.229256,-13.471818],[-41.236886,-13.473962],[-41.23979,-13.474861],[-41.242613,-13.476521],[-41.244323,-13.476892],[-41.245707,-13.477116],[-41.247906,-13.47733],[-41.248157,-13.477372],[-41.248229,-13.477389],[-41.255052,-13.479162],[-41.255434,-13.479262],[-41.259654,-13.482019],[-41.261135,-13.483052],[-41.262567,-13.48356],[-41.272504,-13.490783],[-41.270099,-13.497958],[-41.268262,-13.503624],[-41.283121,-13.519146],[-41.282067,-13.528678],[-41.281639,-13.530293],[-41.281696,-13.530691],[-41.273901,-13.542655],[-41.272737,-13.544585],[-41.272473,-13.54578],[-41.272127,-13.547842],[-41.271588,-13.548755],[-41.270943,-13.54998],[-41.271128,-13.55115],[-41.27118,-13.5517],[-41.270613,-13.552725],[-41.269057,-13.555313],[-41.26867,-13.555891],[-41.268226,-13.556491],[-41.267996,-13.556776],[-41.267921,-13.55686],[-41.266379,-13.558419],[-41.266134,-13.558426],[-41.26351,-13.557934],[-41.262069,-13.557273],[-41.262011,-13.557249],[-41.260432,-13.557788],[-41.260376,-13.557811],[-41.258492,-13.557941],[-41.258273,-13.557972],[-41.258032,-13.558139],[-41.256991,-13.559041],[-41.250542,-13.555619],[-41.24737,-13.553384],[-41.238196,-13.547065],[-41.228668,-13.544691],[-41.220111,-13.544425],[-41.220835,-13.547227],[-41.222471,-13.548036],[-41.224575,-13.547765],[-41.230371,-13.547256],[-41.233184,-13.547121],[-41.235967,-13.54823],[-41.236577,-13.548663],[-41.242707,-13.551217],[-41.244244,-13.552251],[-41.246756,-13.554363],[-41.256492,-13.560101],[-41.256819,-13.560871],[-41.263204,-13.564309],[-41.266899,-13.565636],[-41.274923,-13.570683],[-41.281299,-13.574709],[-41.287919,-13.579243],[-41.290081,-13.581881],[-41.291,-13.581649],[-41.291741,-13.580922],[-41.292171,-13.579902],[-41.29227,-13.579293],[-41.29286,-13.577699],[-41.293531,-13.576216],[-41.295095,-13.576375],[-41.295498,-13.577089],[-41.296183,-13.578514],[-41.297768,-13.579997],[-41.298433,-13.580727],[-41.299701,-13.583908],[-41.297579,-13.58437],[-41.296376,-13.584202],[-41.29541,-13.58424],[-41.294973,-13.584341],[-41.294166,-13.583323],[-41.292849,-13.58345],[-41.293035,-13.582714],[-41.292443,-13.582088],[-41.292009,-13.582001],[-41.291879,-13.582033],[-41.291747,-13.582164],[-41.291625,-13.582872],[-41.291725,-13.583358],[-41.291741,-13.583385],[-41.292637,-13.583658],[-41.292914,-13.584729],[-41.294009,-13.585272],[-41.29416,-13.585786],[-41.295059,-13.586621],[-41.295184,-13.586656],[-41.295864,-13.587595],[-41.296313,-13.587804],[-41.296783,-13.588599],[-41.297262,-13.588853],[-41.297652,-13.589544],[-41.298417,-13.590054],[-41.298491,-13.590291],[-41.299198,-13.591178],[-41.299641,-13.591415],[-41.300031,-13.592124],[-41.30102,-13.592849],[-41.30106,-13.593011],[-41.301281,-13.593324],[-41.301275,-13.593395],[-41.301022,-13.594579],[-41.301449,-13.595407],[-41.301683,-13.595574],[-41.301828,-13.596078],[-41.301927,-13.596696],[-41.302419,-13.596632],[-41.302495,-13.596767],[-41.30353,-13.598345],[-41.304136,-13.598558],[-41.304428,-13.599151],[-41.30443,-13.599193],[-41.304945,-13.599763],[-41.304994,-13.600099],[-41.305695,-13.600704],[-41.305651,-13.600967],[-41.306315,-13.601952],[-41.306327,-13.601954],[-41.307003,-13.603079],[-41.307064,-13.603081],[-41.307536,-13.603868],[-41.308026,-13.60462],[-41.308172,-13.604701],[-41.308312,-13.605405],[-41.308953,-13.606276],[-41.308982,-13.606275],[-41.309485,-13.606737],[-41.309928,-13.607375],[-41.309991,-13.607744],[-41.310228,-13.608813],[-41.310101,-13.609834],[-41.310361,-13.610582],[-41.310219,-13.61081],[-41.310977,-13.611404],[-41.311301,-13.6122],[-41.311475,-13.612631],[-41.31147,-13.612639],[-41.311805,-13.61331],[-41.312081,-13.613832],[-41.311926,-13.614072],[-41.311623,-13.614364],[-41.312502,-13.61448],[-41.312606,-13.615027],[-41.312601,-13.615038],[-41.312892,-13.615236],[-41.312955,-13.615678],[-41.313017,-13.61569],[-41.31324,-13.615718],[-41.313242,-13.615732],[-41.313186,-13.616134],[-41.312977,-13.616207],[-41.306643,-13.618878],[-41.306663,-13.61838],[-41.306664,-13.618148],[-41.306584,-13.617037],[-41.306354,-13.615696],[-41.30606,-13.614721],[-41.30553,-13.613503],[-41.305555,-13.613095],[-41.305522,-13.612499],[-41.30574,-13.610204],[-41.305596,-13.608658],[-41.305595,-13.608657],[-41.305087,-13.607727],[-41.304278,-13.606678],[-41.303254,-13.605746],[-41.302032,-13.604958],[-41.300757,-13.604359],[-41.300117,-13.604137],[-41.300271,-13.603517],[-41.300476,-13.602097],[-41.300492,-13.600499],[-41.300276,-13.599446],[-41.300518,-13.599113],[-41.300906,-13.598733],[-41.301149,-13.597454],[-41.301197,-13.596765],[-41.30109,-13.596437],[-41.300834,-13.596325],[-41.300684,-13.595975],[-41.300431,-13.595706],[-41.300275,-13.595099],[-41.299874,-13.595099],[-41.299183,-13.594622],[-41.29906,-13.594422],[-41.298501,-13.594257],[-41.297783,-13.593784],[-41.297754,-13.593753],[-41.296736,-13.593362],[-41.29649,-13.593212],[-41.296089,-13.593097],[-41.295687,-13.592889],[-41.295473,-13.592749],[-41.294709,-13.59244],[-41.294339,-13.59225],[-41.29416,-13.592198],[-41.293557,-13.591971],[-41.293465,-13.591927],[-41.293324,-13.591758],[-41.29321,-13.591591],[-41.291279,-13.591673],[-41.288556,-13.591472],[-41.288282,-13.591503],[-41.287927,-13.591583],[-41.286906,-13.590145],[-41.286623,-13.589859],[-41.286563,-13.589697],[-41.286562,-13.589695],[-41.286271,-13.589003],[-41.28535,-13.588055],[-41.284957,-13.58752],[-41.284592,-13.587239],[-41.283568,-13.586208],[-41.283388,-13.586091],[-41.283374,-13.586081],[-41.283366,-13.585817],[-41.28338,-13.585668],[-41.283576,-13.582692],[-41.283617,-13.582274],[-41.283687,-13.58179],[-41.283517,-13.581602],[-41.283136,-13.581153],[-41.283098,-13.581121],[-41.282855,-13.580904],[-41.28246,-13.580532],[-41.28165,-13.579991],[-41.281594,-13.579967],[-41.280595,-13.579333],[-41.280518,-13.579263],[-41.279084,-13.57834],[-41.278966,-13.578301],[-41.277053,-13.57757],[-41.27703,-13.577566],[-41.275721,-13.577452],[-41.274719,-13.577623],[-41.273208,-13.577824],[-41.271712,-13.576826],[-41.270419,-13.575865],[-41.266319,-13.57789],[-41.266234,-13.577937],[-41.265144,-13.578471],[-41.264618,-13.578299],[-41.264323,-13.578181],[-41.263685,-13.577878],[-41.256961,-13.574118],[-41.256831,-13.574068],[-41.25382,-13.574373],[-41.251075,-13.573784],[-41.250566,-13.572335],[-41.247056,-13.570722],[-41.246144,-13.570316],[-41.245269,-13.569963],[-41.244537,-13.569714],[-41.243977,-13.569559],[-41.240418,-13.568783],[-41.228676,-13.562117],[-41.228429,-13.562225],[-41.22712,-13.562872],[-41.224029,-13.564558],[-41.218409,-13.564009],[-41.210144,-13.563474],[-41.20874,-13.56343],[-41.208649,-13.563335],[-41.207667,-13.562373],[-41.207418,-13.562144],[-41.205718,-13.560622],[-41.205486,-13.560421],[-41.205414,-13.560355],[-41.204714,-13.559758],[-41.203648,-13.558898],[-41.202618,-13.558106],[-41.202565,-13.558014],[-41.202058,-13.557103],[-41.201526,-13.556105],[-41.200668,-13.554353],[-41.199609,-13.551737],[-41.198752,-13.549002],[-41.198643,-13.548529],[-41.198525,-13.547875],[-41.198554,-13.547629],[-41.199257,-13.540214],[-41.199905,-13.535963],[-41.200004,-13.535132],[-41.200059,-13.534462],[-41.200115,-13.533205],[-41.199599,-13.532699],[-41.162552,-13.497556],[-41.160986,-13.49607],[-41.153899,-13.49827],[-41.15242,-13.498762],[-41.15123,-13.499157],[-41.138305,-13.503891],[-41.131623,-13.505977],[-41.121599,-13.511537],[-41.117455,-13.511229],[-41.075964,-13.50457],[-41.072401,-13.504453],[-41.072385,-13.504441],[-41.069206,-13.497904],[-41.058555,-13.4762],[-41.058309,-13.475739],[-41.043357,-13.456051],[-41.040132,-13.452914],[-41.038636,-13.452314],[-41.036214,-13.451427],[-41.011279,-13.442631],[-41.006983,-13.44148],[-40.979516,-13.453364],[-40.973522,-13.455991],[-40.935506,-13.431796],[-40.924949,-13.42428],[-40.920692,-13.421172],[-40.919413,-13.419338],[-40.914929,-13.416711],[-40.895096,-13.404943],[-40.884938,-13.389307],[-40.87629,-13.386875],[-40.863656,-13.374741],[-40.85502,-13.366512],[-40.853817,-13.365396],[-40.852071,-13.363804],[-40.851556,-13.363345],[-40.850623,-13.362536],[-40.84857,-13.360803],[-40.8408,-13.3616],[-40.819044,-13.363971],[-40.816054,-13.365195],[-40.816037,-13.365202],[-40.815185,-13.365587],[-40.814985,-13.365681],[-40.813807,-13.36627],[-40.811677,-13.367364],[-40.810775,-13.367847],[-40.810644,-13.36792],[-40.810318,-13.368269],[-40.807371,-13.372143],[-40.807186,-13.372316],[-40.788582,-13.371884],[-40.78681,-13.371696],[-40.7844,-13.37137],[-40.784378,-13.370701],[-40.784552,-13.369675],[-40.784444,-13.369067],[-40.784255,-13.368699],[-40.78393,-13.368294],[-40.783735,-13.367963],[-40.783593,-13.367456],[-40.783592,-13.367453],[-40.746187,-13.313023],[-40.744498,-13.308962],[-40.744048,-13.306363],[-40.743104,-13.299901],[-40.743046,-13.299577],[-40.742533,-13.297243],[-40.742505,-13.297081],[-40.74197,-13.294593],[-40.741966,-13.293259],[-40.744151,-13.289827],[-40.74552,-13.28752],[-40.747238,-13.284776],[-40.747478,-13.284372],[-40.747634,-13.284094],[-40.748085,-13.283262],[-40.748326,-13.282773],[-40.748262,-13.281273],[-40.748218,-13.280508],[-40.748123,-13.277912],[-40.748063,-13.276913],[-40.747966,-13.275755],[-40.747815,-13.274422],[-40.747505,-13.272302],[-40.747445,-13.271971],[-40.74706,-13.269716],[-40.746671,-13.26788],[-40.742655,-13.250928],[-40.744487,-13.246372],[-40.7376,-13.243695],[-40.708277,-13.232048],[-40.692623,-13.222489],[-40.692537,-13.221838],[-40.688219,-13.219655],[-40.687857,-13.219521],[-40.687638,-13.219445],[-40.646814,-13.194516],[-40.652496,-13.1885],[-40.652507,-13.188489],[-40.654128,-13.187022],[-40.654533,-13.186677],[-40.654975,-13.186282],[-40.656068,-13.185373],[-40.657427,-13.184325],[-40.658125,-13.183816],[-40.658418,-13.183614],[-40.65959,-13.182873],[-40.660301,-13.18247],[-40.663508,-13.180791],[-40.664943,-13.180004],[-40.665478,-13.179693],[-40.665739,-13.179533],[-40.665737,-13.177795],[-40.665764,-13.175145],[-40.665726,-13.171682],[-40.66561,-13.168069],[-40.665549,-13.166931],[-40.665555,-13.165097],[-40.665693,-13.162161],[-40.665838,-13.160298],[-40.665984,-13.159667],[-40.666202,-13.158794],[-40.66639,-13.158117],[-40.666535,-13.157652],[-40.666723,-13.157115],[-40.666769,-13.156997],[-40.667836,-13.154871],[-40.668186,-13.154204],[-40.668933,-13.1532],[-40.67282,-13.148169],[-40.67087,-13.146052],[-40.667414,-13.14212],[-40.666789,-13.141304],[-40.665996,-13.140234],[-40.66574,-13.139875],[-40.665297,-13.139233],[-40.664046,-13.138219],[-40.66316,-13.129979],[-40.662852,-13.125375],[-40.662788,-13.121781],[-40.662848,-13.120082],[-40.662839,-13.119234],[-40.6627,-13.119137],[-40.661947,-13.118658],[-40.661499,-13.118436],[-40.660891,-13.11818],[-40.660043,-13.117882],[-40.659299,-13.117673],[-40.658623,-13.117531],[-40.658084,-13.117449],[-40.657755,-13.117414],[-40.656917,-13.117368],[-40.656712,-13.117269],[-40.651658,-13.111977],[-40.650895,-13.110428],[-40.646234,-13.110537],[-40.645834,-13.110475],[-40.645442,-13.110395],[-40.642359,-13.107435],[-40.641636,-13.106704],[-40.641274,-13.106305],[-40.640828,-13.10387],[-40.640036,-13.098402],[-40.63994,-13.09752],[-40.63997,-13.097309],[-40.639985,-13.097179],[-40.639982,-13.097116],[-40.639898,-13.09611],[-40.640258,-13.095732],[-40.640332,-13.091334],[-40.6375,-13.083739],[-40.63717,-13.083445],[-40.636772,-13.083129],[-40.636414,-13.082875],[-40.635901,-13.082552],[-40.635281,-13.082205],[-40.634468,-13.081813],[-40.634412,-13.081783],[-40.633317,-13.081311],[-40.632534,-13.081265],[-40.629205,-13.080945],[-40.627614,-13.080708],[-40.627054,-13.080596],[-40.625957,-13.081769],[-40.624697,-13.083005],[-40.624012,-13.083624],[-40.623938,-13.083681],[-40.623936,-13.083683],[-40.623889,-13.083772],[-40.623802,-13.083949],[-40.62319,-13.084998],[-40.622951,-13.085353],[-40.622316,-13.086395],[-40.622012,-13.086981],[-40.621891,-13.087261],[-40.621602,-13.087809],[-40.619875,-13.089437],[-40.619485,-13.089754],[-40.618927,-13.090143],[-40.618488,-13.090409],[-40.61815,-13.090644],[-40.616494,-13.091689],[-40.616146,-13.091884],[-40.615417,-13.09208],[-40.614504,-13.092275],[-40.613081,-13.092516],[-40.612517,-13.09259],[-40.612179,-13.092558],[-40.611216,-13.092527],[-40.609996,-13.092392],[-40.608717,-13.09211],[-40.608523,-13.092049],[-40.60705,-13.091658],[-40.606367,-13.091424],[-40.605261,-13.091528],[-40.604881,-13.091704],[-40.604348,-13.091901],[-40.604063,-13.092045],[-40.603743,-13.092221],[-40.603501,-13.092364],[-40.603365,-13.09245],[-40.603249,-13.092532],[-40.602765,-13.092895],[-40.602318,-13.093251],[-40.601957,-13.093577],[-40.60176,-13.09373],[-40.601286,-13.09416],[-40.600863,-13.094582],[-40.599661,-13.095857],[-40.599119,-13.096381],[-40.598149,-13.097244],[-40.597174,-13.097554],[-40.593,-13.097259],[-40.587282,-13.097012],[-40.583235,-13.097018],[-40.581258,-13.097108],[-40.577533,-13.097401],[-40.576669,-13.09659],[-40.573545,-13.093754],[-40.572701,-13.092162],[-40.572479,-13.091538],[-40.572106,-13.090369],[-40.571774,-13.089214],[-40.571478,-13.088062],[-40.571278,-13.087172],[-40.571201,-13.086579],[-40.571072,-13.085271],[-40.571001,-13.084267],[-40.570938,-13.082831],[-40.570921,-13.081454],[-40.570958,-13.079664],[-40.571022,-13.078429],[-40.571091,-13.077596],[-40.571291,-13.075799],[-40.571472,-13.07451],[-40.572107,-13.07045],[-40.572347,-13.069044],[-40.572694,-13.067291],[-40.573058,-13.065675],[-40.5733,-13.064716],[-40.585493,-13.061464],[-40.586724,-13.060494],[-40.587072,-13.06021],[-40.588084,-13.05936],[-40.589355,-13.05827],[-40.589925,-13.057771],[-40.596003,-13.052325],[-40.600626,-13.044394],[-40.598246,-13.035667],[-40.59634,-13.033729],[-40.596052,-13.033451],[-40.594546,-13.031999],[-40.59375,-13.031271],[-40.593513,-13.031065],[-40.593398,-13.030971],[-40.592628,-13.029175],[-40.595439,-13.016056],[-40.590934,-13.0154],[-40.5814,-13.013856],[-40.570287,-13.01213],[-40.560552,-13.012012],[-40.542748,-13.011613],[-40.536097,-13.001949],[-40.531919,-12.996842],[-40.530047,-12.993663],[-40.5319,-12.993793],[-40.541884,-13.007004],[-40.544127,-13.009408],[-40.569608,-13.010985],[-40.577726,-13.011425],[-40.593456,-13.011967],[-40.594456,-13.011927],[-40.594488,-13.011931],[-40.59509,-13.011917],[-40.595456,-13.01197],[-40.595553,-13.011971],[-40.59587,-13.011845],[-40.596839,-13.011644],[-40.597339,-13.011584],[-40.598196,-13.011564],[-40.59923,-13.011734],[-40.600288,-13.012096],[-40.600387,-13.012148],[-40.601095,-13.011992],[-40.601394,-13.011885],[-40.602179,-13.011752],[-40.602423,-13.011855],[-40.603806,-13.012191],[-40.604875,-13.01218],[-40.606307,-13.011792],[-40.607735,-13.011058],[-40.608066,-13.010945],[-40.608323,-13.010964],[-40.608538,-13.010945],[-40.609826,-13.011102],[-40.609876,-13.011101],[-40.610934,-13.011254],[-40.611004,-13.011255],[-40.61199,-13.01142],[-40.61221,-13.011433],[-40.612305,-13.011429],[-40.612421,-13.011439],[-40.613396,-13.011415],[-40.614543,-13.011264],[-40.615254,-13.011099],[-40.615704,-13.011035],[-40.616442,-13.010869],[-40.616885,-13.010744],[-40.616988,-13.010713],[-40.617568,-13.010526],[-40.618676,-13.010104],[-40.618753,-13.010069],[-40.619388,-13.009834],[-40.619685,-13.009924],[-40.620376,-13.010093],[-40.621331,-13.010268],[-40.621813,-13.010323],[-40.622166,-13.010376],[-40.622547,-13.008054],[-40.623519,-13.000244],[-40.623665,-13.000219],[-40.624497,-13.000301],[-40.624893,-13.000314],[-40.625081,-13.000303],[-40.625118,-13.000301],[-40.625592,-13.000456],[-40.626051,-13.000798],[-40.626758,-13.001022],[-40.627948,-13.000947],[-40.629139,-13.000464],[-40.629321,-13.000059],[-40.629404,-13.000074],[-40.630534,-12.999977],[-40.631914,-12.999733],[-40.632731,-12.999518],[-40.632765,-12.999541],[-40.633569,-12.999988],[-40.634119,-13.000235],[-40.634268,-13.000285],[-40.634725,-13.000369],[-40.63583,-13.000578],[-40.636987,-13.000393],[-40.638433,-12.999974],[-40.638661,-12.999881],[-40.639278,-13.000152],[-40.640035,-13.000385],[-40.640698,-13.000514],[-40.641035,-13.00055],[-40.641699,-13.000574],[-40.642334,-13.00055],[-40.642381,-13.000541],[-40.642615,-13.000473],[-40.643813,-12.99959],[-40.644263,-12.999209],[-40.645928,-13.000006],[-40.646693,-13.000255],[-40.647079,-13.000325],[-40.648096,-13.000394],[-40.649382,-13.000301],[-40.650385,-13.000099],[-40.650422,-13.000087],[-40.650433,-13.000084],[-40.650713,-13.000141],[-40.651769,-13.000141],[-40.651836,-13.000155],[-40.652085,-13.00026],[-40.652801,-13.000505],[-40.653136,-13.000599],[-40.653379,-13.000721],[-40.653963,-13.000959],[-40.654403,-13.001105],[-40.654419,-13.001109],[-40.654423,-13.001111],[-40.654725,-13.001227],[-40.654889,-13.001291],[-40.65851,-13.003435],[-40.658568,-13.003503],[-40.65857,-13.003506],[-40.658576,-13.003508],[-40.658711,-13.003554],[-40.659647,-13.004108],[-40.66177,-13.00504],[-40.662599,-13.005391],[-40.662625,-13.005423],[-40.663058,-13.00597],[-40.663591,-13.006406],[-40.665138,-13.007459],[-40.665257,-13.007541],[-40.665471,-13.007872],[-40.667396,-13.009118],[-40.670152,-13.010024],[-40.671512,-13.011119],[-40.673928,-13.012667],[-40.67676,-13.014668],[-40.678227,-13.015542],[-40.678241,-13.015584],[-40.678594,-13.0167],[-40.678963,-13.017588],[-40.679329,-13.01825],[-40.679701,-13.01877],[-40.679835,-13.018978],[-40.680276,-13.019515],[-40.680776,-13.019998],[-40.681443,-13.020518],[-40.681903,-13.020811],[-40.682238,-13.02107],[-40.682777,-13.021417],[-40.682906,-13.0215],[-40.684122,-13.023088],[-40.68601,-13.023994],[-40.687672,-13.024523],[-40.689182,-13.024447],[-40.690956,-13.023767],[-40.69258,-13.023239],[-40.693826,-13.023465],[-40.69511,-13.024523],[-40.696846,-13.025202],[-40.698659,-13.025051],[-40.700093,-13.02456],[-40.701151,-13.02373],[-40.701717,-13.021389],[-40.702423,-13.020057],[-40.704073,-13.018438],[-40.706364,-13.017247],[-40.7089,-13.016544],[-40.710611,-13.016819],[-40.711955,-13.017125],[-40.713543,-13.017186],[-40.715254,-13.017277],[-40.716446,-13.017736],[-40.718523,-13.018988],[-40.719935,-13.01993],[-40.721987,-13.020742],[-40.723658,-13.021792],[-40.725997,-13.023606],[-40.728002,-13.025229],[-40.728718,-13.026709],[-40.729386,-13.027806],[-40.731391,-13.029477],[-40.733969,-13.032866],[-40.736117,-13.036494],[-40.737262,-13.038021],[-40.738217,-13.038737],[-40.741081,-13.03931],[-40.744756,-13.039072],[-40.746215,-13.039241],[-40.747713,-13.039408],[-40.74892,-13.039866],[-40.750044,-13.040989],[-40.750606,-13.041697],[-40.750736,-13.042192],[-40.750796,-13.042525],[-40.750915,-13.042966],[-40.75102,-13.043544],[-40.751525,-13.043708],[-40.751965,-13.044112],[-40.752429,-13.044302],[-40.752869,-13.044243],[-40.75344,-13.044088],[-40.75391,-13.043675],[-40.75391,-13.043675],[-40.754465,-13.043781],[-40.754688,-13.043835],[-40.755334,-13.043993],[-40.756455,-13.043935],[-40.757266,-13.044051],[-40.757981,-13.044379],[-40.758753,-13.044611],[-40.759584,-13.044553],[-40.760318,-13.043974],[-40.760685,-13.042892],[-40.760917,-13.0421],[-40.761342,-13.041656],[-40.762733,-13.040864],[-40.764375,-13.039685],[-40.765939,-13.038488],[-40.766489,-13.037692],[-40.767364,-13.037269],[-40.769447,-13.037209],[-40.770866,-13.036967],[-40.772405,-13.037058],[-40.773824,-13.037661],[-40.775061,-13.038416],[-40.776842,-13.03905],[-40.779287,-13.039865],[-40.781641,-13.040589],[-40.782335,-13.041072],[-40.78324,-13.041977],[-40.784176,-13.042973],[-40.785233,-13.043728],[-40.786289,-13.04406],[-40.787617,-13.043577],[-40.789639,-13.042279],[-40.791963,-13.040408],[-40.792839,-13.038084],[-40.793393,-13.037212],[-40.794185,-13.036231],[-40.795695,-13.035401],[-40.797317,-13.03525],[-40.79909,-13.035666],[-40.800524,-13.03642],[-40.801467,-13.036722],[-40.803014,-13.036345],[-40.805013,-13.035854],[-40.8069,-13.034835],[-40.808937,-13.034194],[-40.810413,-13.032991],[-40.812031,-13.031591],[-40.813167,-13.030101],[-40.814589,-13.029221],[-40.815728,-13.029025],[-40.816618,-13.028778],[-40.81896,-13.027706],[-40.821753,-13.026747],[-40.823841,-13.026126],[-40.825562,-13.025223],[-40.826973,-13.022966],[-40.828525,-13.020483],[-40.829469,-13.019547],[-40.83185,-13.018269],[-40.834892,-13.016285],[-40.836523,-13.015403],[-40.837823,-13.015197],[-40.840726,-13.014866],[-40.842923,-13.014493],[-40.844665,-13.014119],[-40.845826,-13.014534],[-40.847858,-13.016524],[-40.849186,-13.0171],[-40.85072,-13.017686],[-40.852505,-13.0183],[-40.853621,-13.018551],[-40.8551,-13.018384],[-40.85683,-13.017519],[-40.859034,-13.015538],[-40.860289,-13.014115],[-40.861991,-13.01286],[-40.862134,-13.012804],[-40.864193,-13.019431],[-40.864666,-13.019587],[-40.865466,-13.019836],[-40.865615,-13.019884],[-40.865776,-13.019932],[-40.866172,-13.020062],[-40.866243,-13.020084],[-40.866799,-13.020249],[-40.867632,-13.020517],[-40.868786,-13.020873],[-40.868957,-13.020923],[-40.870068,-13.021221],[-40.871206,-13.021496],[-40.871605,-13.021597],[-40.872495,-13.021796],[-40.873168,-13.021931],[-40.874373,-13.022146],[-40.874774,-13.022209],[-40.875738,-13.022448],[-40.876862,-13.022699],[-40.878036,-13.02293],[-40.878051,-13.022933],[-40.878721,-13.023423],[-40.879317,-13.023845],[-40.880349,-13.024553],[-40.881588,-13.025355],[-40.882852,-13.026123],[-40.884108,-13.02683],[-40.885128,-13.02736],[-40.885827,-13.027702],[-40.887208,-13.028347],[-40.888279,-13.028816],[-40.88973,-13.028501],[-40.890633,-13.028289],[-40.894138,-13.027413],[-40.894302,-13.027393],[-40.89686,-13.02704],[-40.898596,-13.026821],[-40.899637,-13.027146],[-40.903064,-13.028141],[-40.903246,-13.028188],[-40.903509,-13.02825],[-40.904544,-13.028463],[-40.904998,-13.028541],[-40.908515,-13.028667],[-40.911917,-13.028702],[-40.912892,-13.029298],[-40.913641,-13.029857],[-40.914713,-13.030765],[-40.914816,-13.030852],[-40.915336,-13.032174],[-40.915798,-13.03381],[-40.915905,-13.035446],[-40.915371,-13.037011],[-40.914624,-13.038434],[-40.914411,-13.039714],[-40.914731,-13.041279],[-40.915193,-13.042488],[-40.916189,-13.043804],[-40.917541,-13.045404],[-40.919105,-13.046435],[-40.920813,-13.047076],[-40.922982,-13.047502],[-40.925294,-13.047004],[-40.926716,-13.046293],[-40.927925,-13.044977],[-40.928281,-13.043839],[-40.928148,-13.042758],[-40.928603,-13.042771],[-40.931537,-13.041803],[-40.932664,-13.041989],[-40.933385,-13.042134],[-40.934708,-13.04181],[-40.936266,-13.040659],[-40.938631,-13.039033],[-40.938979,-13.038815],[-40.943512,-13.038226],[-40.943531,-13.038224],[-40.944043,-13.038332],[-40.945256,-13.03824],[-40.945883,-13.037918],[-40.946715,-13.03781],[-40.948784,-13.036315],[-40.949383,-13.035927],[-40.949534,-13.035681],[-40.949582,-13.03558],[-40.950519,-13.035083],[-40.951754,-13.03403],[-40.952387,-13.033731],[-40.952968,-13.033313],[-40.95344,-13.032787],[-40.953676,-13.032043],[-40.953712,-13.031064],[-40.953349,-13.029594],[-40.952929,-13.027865],[-40.953185,-13.027143],[-40.953219,-13.026997],[-40.953631,-13.024582],[-40.95366,-13.024373],[-40.95366,-13.02428],[-40.953833,-13.023865],[-40.953988,-13.023534],[-40.954048,-13.02342],[-40.954851,-13.022675],[-40.955489,-13.021926],[-40.956127,-13.01932],[-40.956931,-13.015605],[-40.957568,-13.013692],[-40.958345,-13.011863],[-40.959786,-13.009229],[-40.960369,-13.006734],[-40.960563,-13.00507],[-40.960784,-13.003213],[-40.960563,-13.001799],[-40.959925,-13.00069],[-40.959653,-12.999737],[-40.96103,-12.999407],[-40.960342,-12.994892],[-40.960424,-12.994646],[-40.960414,-12.994064]]]]}},
{"type":"Feature","properties":{"cod_conj":17146,"conjunto":"Jacobina","distrib":"Neoenergia Coelba","ano":2025,"dec_h":9.32,"dec_lim":15.0,"fec_n":3.69,"fec_lim":6.0,"dec_pct":62.1,"fec_pct":61.5,"situacao":"Dentro dos limites","num_con":114958,"area_ti_km":592.4,"base_geo":"31/12/2025","fonte":"ANEEL: BDGD Coelba 2025 e Indicadores Coletivos de Continuidade"},"geometry":{"type":"MultiPolygon","coordinates":[[[[-41.447258,-10.975265],[-41.447214,-10.975224],[-41.443059,-10.971337],[-41.441585,-10.969967],[-41.423954,-10.970966],[-41.398049,-10.972309],[-41.397574,-10.973392],[-41.397483,-10.973603],[-41.397381,-10.973844],[-41.397103,-10.974525],[-41.396193,-10.976799],[-41.395998,-10.977295],[-41.395954,-10.977417],[-41.395416,-10.978912],[-41.395064,-10.979913],[-41.394886,-10.980432],[-41.394811,-10.980658],[-41.394321,-10.982154],[-41.390905,-10.99289],[-41.390073,-10.995579],[-41.391117,-11.008886],[-41.392056,-11.020116],[-41.391764,-11.021623],[-41.391623,-11.022434],[-41.391012,-11.026107],[-41.389951,-11.03277],[-41.389127,-11.038204],[-41.388681,-11.041325],[-41.388606,-11.041879],[-41.388632,-11.046122],[-41.389175,-11.06251],[-41.389129,-11.066248],[-41.38864,-11.090285],[-41.339093,-11.114708],[-41.317337,-11.118201],[-41.2618,-11.126568],[-41.259415,-11.121391],[-41.259328,-11.1212],[-41.259696,-11.120837],[-41.262564,-11.119651],[-41.265144,-11.118585],[-41.26723,-11.117722],[-41.269904,-11.116617],[-41.273732,-11.11574],[-41.276624,-11.115078],[-41.278676,-11.114991],[-41.279963,-11.115637],[-41.281227,-11.116941],[-41.283342,-11.119283],[-41.284331,-11.119802],[-41.28514,-11.120227],[-41.287349,-11.119745],[-41.289505,-11.119275],[-41.291119,-11.118049],[-41.29241,-11.117068],[-41.2947,-11.115329],[-41.295454,-11.114185],[-41.296475,-11.112637],[-41.297841,-11.110567],[-41.298836,-11.109058],[-41.299969,-11.107341],[-41.301391,-11.105185],[-41.302004,-11.103536],[-41.301956,-11.101793],[-41.301908,-11.100002],[-41.301947,-11.098726],[-41.302388,-11.097537],[-41.3035,-11.095471],[-41.303953,-11.094629],[-41.305445,-11.092562],[-41.307736,-11.090709],[-41.311196,-11.088869],[-41.312227,-11.087396],[-41.312669,-11.084746],[-41.31392,-11.081285],[-41.315319,-11.079297],[-41.316345,-11.07784],[-41.316792,-11.075174],[-41.317145,-11.073069],[-41.316764,-11.070542],[-41.316254,-11.067153],[-41.31565,-11.063145],[-41.314289,-11.059198],[-41.313728,-11.057573],[-41.313111,-11.05375],[-41.313412,-11.050431],[-41.31368,-11.047472],[-41.3134,-11.04373],[-41.313218,-11.041287],[-41.311669,-11.038616],[-41.310019,-11.033667],[-41.310019,-11.029479],[-41.309649,-11.026116],[-41.308241,-11.023428],[-41.30777,-11.021546],[-41.307052,-11.020486],[-41.305489,-11.019396],[-41.300624,-11.020036],[-41.298512,-11.01978],[-41.2964,-11.017284],[-41.295208,-11.01559],[-41.294349,-11.011866],[-41.29475,-11.010204],[-41.296182,-11.009345],[-41.297529,-11.009207],[-41.29795,-11.008182],[-41.29795,-11.006765],[-41.297345,-11.005648],[-41.296791,-11.003962],[-41.295764,-11.002965],[-41.293707,-11.000969],[-41.292178,-10.999484],[-41.289937,-10.998548],[-41.28877,-10.996956],[-41.288664,-10.995258],[-41.288575,-10.993837],[-41.287284,-10.992817],[-41.285374,-10.992286],[-41.283569,-10.990907],[-41.281746,-10.989512],[-41.279218,-10.989102],[-41.276992,-10.987955],[-41.273813,-10.988499],[-41.269859,-10.989692],[-41.263407,-10.99083],[-41.25857,-10.990826],[-41.254624,-10.990166],[-41.25078,-10.989523],[-41.2466,-10.99003],[-41.243919,-10.990355],[-41.242019,-10.991684],[-41.241192,-10.991557],[-41.240683,-10.989839],[-41.240556,-10.987739],[-41.239792,-10.986085],[-41.238138,-10.984113],[-41.236634,-10.982319],[-41.235615,-10.981104],[-41.235499,-10.979501],[-41.234797,-10.977746],[-41.234957,-10.975651],[-41.235593,-10.974252],[-41.235593,-10.972534],[-41.234893,-10.971007],[-41.232285,-10.969671],[-41.231356,-10.969195],[-41.230694,-10.968271],[-41.230376,-10.96649],[-41.230018,-10.964484],[-41.230312,-10.96299],[-41.231267,-10.961464],[-41.233824,-10.956704],[-41.269568,-10.924548],[-41.281188,-10.916957],[-41.281193,-10.916921],[-41.2812,-10.916875],[-41.281206,-10.916841],[-41.281209,-10.916827],[-41.28121,-10.916823],[-41.281212,-10.916816],[-41.281218,-10.9168],[-41.281226,-10.916777],[-41.281238,-10.916745],[-41.281255,-10.916706],[-41.281272,-10.916663],[-41.281285,-10.916623],[-41.281295,-10.916582],[-41.281309,-10.916534],[-41.281332,-10.91648],[-41.281365,-10.916424],[-41.281404,-10.916369],[-41.281443,-10.916309],[-41.281486,-10.916243],[-41.281532,-10.916172],[-41.281582,-10.916098],[-41.281636,-10.916026],[-41.281695,-10.915955],[-41.28176,-10.915882],[-41.281826,-10.915811],[-41.281892,-10.91574],[-41.281955,-10.915668],[-41.282016,-10.915594],[-41.282081,-10.915525],[-41.282149,-10.915459],[-41.282216,-10.915394],[-41.282284,-10.915328],[-41.282351,-10.915264],[-41.282418,-10.915205],[-41.28248,-10.915153],[-41.282529,-10.915102],[-41.282567,-10.915045],[-41.282608,-10.914985],[-41.28266,-10.914923],[-41.282718,-10.91486],[-41.282781,-10.9148],[-41.282842,-10.914739],[-41.2829,-10.914672],[-41.28296,-10.914606],[-41.283026,-10.914544],[-41.283094,-10.914485],[-41.283159,-10.914428],[-41.283221,-10.914372],[-41.28328,-10.914319],[-41.283336,-10.914262],[-41.28339,-10.914203],[-41.283445,-10.914145],[-41.283502,-10.914091],[-41.283562,-10.914039],[-41.283626,-10.913984],[-41.283692,-10.913931],[-41.283762,-10.913881],[-41.283837,-10.91384],[-41.283913,-10.913808],[-41.283981,-10.913773],[-41.28404,-10.91373],[-41.284102,-10.913686],[-41.284171,-10.913646],[-41.284247,-10.913607],[-41.284323,-10.913567],[-41.284399,-10.913526],[-41.284475,-10.913486],[-41.284551,-10.913455],[-41.284625,-10.913427],[-41.284689,-10.913395],[-41.284744,-10.913355],[-41.284794,-10.91332],[-41.284846,-10.913295],[-41.284895,-10.913271],[-41.284941,-10.913244],[-41.28499,-10.913217],[-41.285043,-10.913192],[-41.2851,-10.913163],[-41.285156,-10.913126],[-41.28521,-10.913081],[-41.285263,-10.913036],[-41.285315,-10.912994],[-41.285365,-10.912956],[-41.285409,-10.912918],[-41.285451,-10.912879],[-41.2855,-10.912835],[-41.285557,-10.912787],[-41.285621,-10.912739],[-41.28569,-10.912689],[-41.285764,-10.912638],[-41.285843,-10.912583],[-41.285929,-10.912524],[-41.28602,-10.912464],[-41.286114,-10.912402],[-41.286211,-10.91234],[-41.28631,-10.91228],[-41.286409,-10.912219],[-41.286505,-10.912155],[-41.286597,-10.912087],[-41.286686,-10.912017],[-41.286771,-10.911946],[-41.286852,-10.911874],[-41.286931,-10.911803],[-41.287008,-10.911738],[-41.287082,-10.911674],[-41.287151,-10.911611],[-41.287219,-10.911551],[-41.287283,-10.911491],[-41.287341,-10.911428],[-41.287395,-10.911364],[-41.287446,-10.911301],[-41.287499,-10.911241],[-41.287555,-10.911187],[-41.287615,-10.911139],[-41.287676,-10.9111],[-41.287741,-10.911076],[-41.287809,-10.911062],[-41.287878,-10.911043],[-41.287945,-10.911018],[-41.288006,-10.910986],[-41.288058,-10.910947],[-41.2881,-10.9109],[-41.288134,-10.910849],[-41.288161,-10.910792],[-41.288186,-10.910729],[-41.288213,-10.910669],[-41.288245,-10.910613],[-41.288278,-10.910559],[-41.288318,-10.910505],[-41.28836,-10.910447],[-41.288402,-10.910383],[-41.288443,-10.910312],[-41.288488,-10.910238],[-41.288538,-10.910167],[-41.28859,-10.910099],[-41.28864,-10.910029],[-41.288684,-10.909959],[-41.28872,-10.909892],[-41.288745,-10.909833],[-41.288766,-10.909782],[-41.288787,-10.909736],[-41.288808,-10.909693],[-41.288831,-10.90965],[-41.288854,-10.909604],[-41.288878,-10.909556],[-41.288902,-10.909507],[-41.288929,-10.909457],[-41.288963,-10.909408],[-41.289006,-10.90936],[-41.289054,-10.909312],[-41.289107,-10.909266],[-41.289164,-10.909222],[-41.289224,-10.909184],[-41.289287,-10.909153],[-41.289353,-10.909128],[-41.28942,-10.909107],[-41.289489,-10.909091],[-41.289558,-10.909077],[-41.289627,-10.909067],[-41.289694,-10.909055],[-41.289756,-10.909038],[-41.289815,-10.909021],[-41.289871,-10.909008],[-41.289922,-10.908995],[-41.289964,-10.908985],[-41.290002,-10.908976],[-41.290045,-10.908966],[-41.290095,-10.908955],[-41.290147,-10.908939],[-41.290196,-10.908918],[-41.290244,-10.908895],[-41.290296,-10.90888],[-41.290355,-10.90887],[-41.290417,-10.908856],[-41.290479,-10.908837],[-41.29054,-10.908816],[-41.290602,-10.908794],[-41.290665,-10.908774],[-41.29073,-10.908757],[-41.290797,-10.90874],[-41.290864,-10.908723],[-41.290931,-10.908706],[-41.290997,-10.90869],[-41.291061,-10.908678],[-41.291123,-10.908671],[-41.291182,-10.90866],[-41.291239,-10.908638],[-41.291304,-10.908617],[-41.291379,-10.908607],[-41.291462,-10.90861],[-41.291548,-10.90862],[-41.291637,-10.908635],[-41.291726,-10.908656],[-41.291814,-10.908685],[-41.291901,-10.908718],[-41.291988,-10.908746],[-41.292076,-10.908766],[-41.292165,-10.908783],[-41.292255,-10.908803],[-41.292344,-10.908826],[-41.292432,-10.908849],[-41.292519,-10.908866],[-41.292605,-10.908873],[-41.292692,-10.908872],[-41.292781,-10.908867],[-41.292869,-10.908864],[-41.292953,-10.908863],[-41.293032,-10.908865],[-41.293108,-10.908871],[-41.293188,-10.908877],[-41.293276,-10.908877],[-41.293371,-10.908869],[-41.29347,-10.908855],[-41.29357,-10.908838],[-41.293668,-10.90882],[-41.293766,-10.908801],[-41.293862,-10.908773],[-41.293955,-10.908732],[-41.294047,-10.908685],[-41.29414,-10.908639],[-41.294236,-10.908601],[-41.294337,-10.908569],[-41.294441,-10.908536],[-41.294546,-10.9085],[-41.294652,-10.908465],[-41.294758,-10.908433],[-41.294863,-10.908401],[-41.294967,-10.908368],[-41.29507,-10.908335],[-41.29517,-10.908303],[-41.295269,-10.908273],[-41.295369,-10.908248],[-41.295469,-10.908227],[-41.295568,-10.908204],[-41.29566,-10.908175],[-41.295745,-10.908145],[-41.295822,-10.908117],[-41.295888,-10.908092],[-41.295944,-10.908068],[-41.295996,-10.908043],[-41.296051,-10.908017],[-41.296112,-10.907989],[-41.296181,-10.907959],[-41.296256,-10.907927],[-41.296333,-10.907894],[-41.296411,-10.907862],[-41.296489,-10.907831],[-41.296566,-10.907796],[-41.296643,-10.907757],[-41.296721,-10.907717],[-41.296798,-10.907676],[-41.296867,-10.907636],[-41.296923,-10.907608],[-41.296962,-10.907593],[-41.296991,-10.907584],[-41.297019,-10.907574],[-41.297048,-10.907563],[-41.297077,-10.90755],[-41.297109,-10.907533],[-41.297145,-10.907514],[-41.297188,-10.907491],[-41.297236,-10.907466],[-41.297289,-10.907439],[-41.297346,-10.907413],[-41.297401,-10.907387],[-41.297452,-10.907362],[-41.297497,-10.907336],[-41.297536,-10.907311],[-41.297572,-10.907289],[-41.297608,-10.907276],[-41.297642,-10.907265],[-41.297676,-10.907253],[-41.297712,-10.907237],[-41.297749,-10.907218],[-41.297788,-10.907196],[-41.297834,-10.907172],[-41.297884,-10.907145],[-41.297936,-10.907121],[-41.297987,-10.907098],[-41.298033,-10.907075],[-41.298071,-10.907054],[-41.298108,-10.907035],[-41.298145,-10.907017],[-41.298183,-10.907001],[-41.298219,-10.906983],[-41.298258,-10.906962],[-41.298302,-10.906938],[-41.298349,-10.906909],[-41.298393,-10.906877],[-41.298432,-10.906843],[-41.298468,-10.906814],[-41.298504,-10.906794],[-41.298541,-10.906782],[-41.298583,-10.906769],[-41.298632,-10.906753],[-41.298689,-10.906732],[-41.298755,-10.906706],[-41.298824,-10.906677],[-41.298898,-10.906644],[-41.298976,-10.906606],[-41.299052,-10.90656],[-41.299126,-10.906511],[-41.2992,-10.906461],[-41.299274,-10.90641],[-41.299347,-10.906358],[-41.299422,-10.906309],[-41.29949,-10.906267],[-41.299546,-10.906225],[-41.299594,-10.90618],[-41.29964,-10.906133],[-41.299692,-10.906088],[-41.299752,-10.906045],[-41.299822,-10.906003],[-41.299902,-10.905959],[-41.299988,-10.905912],[-41.300077,-10.905863],[-41.300167,-10.905812],[-41.300256,-10.905758],[-41.300343,-10.905702],[-41.300428,-10.905645],[-41.300512,-10.905589],[-41.300592,-10.905537],[-41.30067,-10.90549],[-41.300745,-10.905449],[-41.300818,-10.905414],[-41.30089,-10.90538],[-41.30096,-10.905344],[-41.301027,-10.905308],[-41.301095,-10.905272],[-41.301163,-10.905236],[-41.301232,-10.905195],[-41.301303,-10.905151],[-41.301376,-10.905107],[-41.301453,-10.905063],[-41.301534,-10.905024],[-41.301621,-10.90499],[-41.301711,-10.904959],[-41.301801,-10.904927],[-41.30189,-10.904893],[-41.301975,-10.904859],[-41.302058,-10.904826],[-41.302131,-10.904795],[-41.302198,-10.904772],[-41.30226,-10.904754],[-41.302315,-10.904736],[-41.302367,-10.904711],[-41.302422,-10.904682],[-41.302484,-10.904654],[-41.302556,-10.904635],[-41.302634,-10.904628],[-41.302714,-10.904622],[-41.302794,-10.904609],[-41.302874,-10.90459],[-41.30295,-10.904567],[-41.30302,-10.904546],[-41.303082,-10.904521],[-41.303146,-10.90449],[-41.303218,-10.904455],[-41.303299,-10.904422],[-41.303389,-10.90439],[-41.303485,-10.904359],[-41.303586,-10.904331],[-41.303687,-10.904304],[-41.303781,-10.904282],[-41.303867,-10.904263],[-41.303947,-10.904243],[-41.304017,-10.904223],[-41.304079,-10.904204],[-41.304135,-10.904186],[-41.304185,-10.90417],[-41.304234,-10.904154],[-41.304286,-10.904137],[-41.304344,-10.904119],[-41.304408,-10.904098],[-41.304476,-10.904072],[-41.304549,-10.904044],[-41.304624,-10.904014],[-41.304703,-10.903984],[-41.304782,-10.903953],[-41.304861,-10.903919],[-41.304939,-10.903887],[-41.305016,-10.903859],[-41.305093,-10.903832],[-41.305173,-10.903803],[-41.305257,-10.903771],[-41.305344,-10.903736],[-41.30543,-10.903692],[-41.305514,-10.903638],[-41.305598,-10.90358],[-41.305683,-10.90352],[-41.305769,-10.903459],[-41.305855,-10.903397],[-41.305942,-10.903335],[-41.306027,-10.903274],[-41.30611,-10.903211],[-41.306188,-10.903142],[-41.306263,-10.90307],[-41.30634,-10.902999],[-41.306421,-10.902932],[-41.306508,-10.902867],[-41.306599,-10.902803],[-41.306692,-10.902737],[-41.306784,-10.902666],[-41.306873,-10.902593],[-41.306961,-10.902518],[-41.307045,-10.902444],[-41.307124,-10.902373],[-41.307193,-10.902309],[-41.307251,-10.902256],[-41.307295,-10.902215],[-41.307322,-10.902188],[-41.307339,-10.902166],[-41.307352,-10.902145],[-41.307368,-10.902122],[-41.30739,-10.902085],[-41.307418,-10.902034],[-41.307453,-10.901971],[-41.307495,-10.901901],[-41.307543,-10.901829],[-41.307594,-10.901758],[-41.307652,-10.901689],[-41.307714,-10.901626],[-41.307786,-10.901575],[-41.307868,-10.901541],[-41.307957,-10.901518],[-41.308054,-10.901506],[-41.308155,-10.901504],[-41.308256,-10.901511],[-41.308355,-10.901527],[-41.308451,-10.901542],[-41.308546,-10.901552],[-41.308641,-10.901558],[-41.30874,-10.901563],[-41.308843,-10.901572],[-41.308951,-10.901583],[-41.30906,-10.901594],[-41.309171,-10.901607],[-41.309283,-10.90162],[-41.309397,-10.901633],[-41.309513,-10.901645],[-41.309629,-10.901657],[-41.309746,-10.90167],[-41.309862,-10.901686],[-41.309979,-10.901707],[-41.310096,-10.901727],[-41.310214,-10.901743],[-41.310333,-10.901746],[-41.310452,-10.901737],[-41.310568,-10.901722],[-41.310682,-10.901703],[-41.31079,-10.901682],[-41.310884,-10.901662],[-41.31096,-10.901646],[-41.311015,-10.90163],[-41.311054,-10.901614],[-41.311091,-10.901599],[-41.311128,-10.90159],[-41.311164,-10.901582],[-41.311198,-10.901576],[-41.31123,-10.901572],[-41.311268,-10.901568],[-41.311316,-10.901561],[-41.311375,-10.90155],[-41.311444,-10.901533],[-41.311515,-10.901507],[-41.311585,-10.901474],[-41.311656,-10.901433],[-41.31173,-10.901391],[-41.311809,-10.901359],[-41.311889,-10.90133],[-41.311967,-10.901295],[-41.312045,-10.901257],[-41.312123,-10.901218],[-41.312204,-10.901177],[-41.312288,-10.901131],[-41.312372,-10.901081],[-41.312456,-10.90103],[-41.31254,-10.900978],[-41.312623,-10.900926],[-41.312706,-10.900875],[-41.312788,-10.900825],[-41.312867,-10.900776],[-41.31294,-10.90073],[-41.312999,-10.900689],[-41.313041,-10.900658],[-41.313067,-10.90064],[-41.313085,-10.900628],[-41.313103,-10.900616],[-41.313122,-10.900602],[-41.313142,-10.900589],[-41.313161,-10.900576],[-41.31318,-10.900564],[-41.3132,-10.900552],[-41.313219,-10.90054],[-41.313239,-10.900531],[-41.313258,-10.900522],[-41.313279,-10.900514],[-41.313302,-10.900507],[-41.313328,-10.900499],[-41.313356,-10.900492],[-41.313387,-10.900484],[-41.313421,-10.900474],[-41.313458,-10.900462],[-41.313499,-10.900448],[-41.313549,-10.900432],[-41.31361,-10.900411],[-41.313683,-10.900386],[-41.313766,-10.900357],[-41.313854,-10.900327],[-41.313947,-10.900296],[-41.314046,-10.900265],[-41.314152,-10.900233],[-41.314261,-10.900201],[-41.314373,-10.900166],[-41.314485,-10.900133],[-41.314597,-10.900102],[-41.31471,-10.900072],[-41.314824,-10.900044],[-41.314938,-10.900018],[-41.315053,-10.899991],[-41.315166,-10.899964],[-41.315279,-10.899936],[-41.315389,-10.899906],[-41.315496,-10.899878],[-41.315602,-10.899854],[-41.315704,-10.899831],[-41.315803,-10.899809],[-41.3159,-10.899794],[-41.315995,-10.899783],[-41.316089,-10.899759],[-41.316183,-10.89973],[-41.316277,-10.899711],[-41.316368,-10.899703],[-41.316454,-10.8997],[-41.316539,-10.899699],[-41.316625,-10.899702],[-41.316712,-10.899707],[-41.316801,-10.899713],[-41.316892,-10.899716],[-41.316986,-10.899714],[-41.317084,-10.89971],[-41.317184,-10.899705],[-41.317286,-10.899705],[-41.317387,-10.899716],[-41.317486,-10.899741],[-41.317581,-10.899775],[-41.317669,-10.899821],[-41.317749,-10.899878],[-41.317825,-10.899934],[-41.317898,-10.899986],[-41.317965,-10.900032],[-41.318024,-10.90007],[-41.318073,-10.9001],[-41.318116,-10.900123],[-41.318156,-10.900138],[-41.318194,-10.900148],[-41.318239,-10.900159],[-41.318292,-10.900182],[-41.318352,-10.90022],[-41.318414,-10.900266],[-41.318479,-10.900315],[-41.318548,-10.900368],[-41.318621,-10.900424],[-41.3187,-10.900478],[-41.318789,-10.900525],[-41.318884,-10.900566],[-41.318982,-10.900605],[-41.319078,-10.900642],[-41.319166,-10.900665],[-41.319249,-10.90067],[-41.319331,-10.90066],[-41.31941,-10.90064],[-41.319491,-10.900617],[-41.319578,-10.900592],[-41.319672,-10.900566],[-41.319769,-10.900538],[-41.319866,-10.900509],[-41.319962,-10.900482],[-41.320056,-10.900463],[-41.320148,-10.90045],[-41.320241,-10.900436],[-41.320336,-10.900417],[-41.320431,-10.900394],[-41.320527,-10.90037],[-41.320624,-10.900343],[-41.320718,-10.900309],[-41.320811,-10.900272],[-41.320907,-10.900242],[-41.321006,-10.900218],[-41.321105,-10.900198],[-41.321205,-10.900177],[-41.321304,-10.900153],[-41.321404,-10.900126],[-41.321504,-10.900105],[-41.321603,-10.900096],[-41.321701,-10.900093],[-41.321799,-10.900082],[-41.321898,-10.90006],[-41.321998,-10.900031],[-41.3221,-10.900006],[-41.322202,-10.899987],[-41.322303,-10.899969],[-41.322401,-10.899952],[-41.322489,-10.899938],[-41.322566,-10.899928],[-41.322631,-10.899914],[-41.322681,-10.899885],[-41.322718,-10.899845],[-41.322753,-10.899809],[-41.322791,-10.899783],[-41.32283,-10.899766],[-41.322867,-10.899756],[-41.322904,-10.899745],[-41.322946,-10.899734],[-41.322992,-10.899729],[-41.323043,-10.899729],[-41.323096,-10.899732],[-41.323148,-10.899731],[-41.323197,-10.89973],[-41.323234,-10.899729],[-41.323255,-10.899729],[-41.323268,-10.899729],[-41.323287,-10.899727],[-41.323313,-10.899725],[-41.323341,-10.899722],[-41.323371,-10.899717],[-41.3234,-10.899713],[-41.323428,-10.89971],[-41.323454,-10.899708],[-41.32348,-10.899706],[-41.323508,-10.899703],[-41.323541,-10.899701],[-41.323577,-10.899699],[-41.323614,-10.899697],[-41.323658,-10.899694],[-41.323712,-10.899687],[-41.323771,-10.899681],[-41.32383,-10.899679],[-41.323887,-10.89968],[-41.323939,-10.899683],[-41.323991,-10.899684],[-41.324046,-10.899687],[-41.324108,-10.899696],[-41.32418,-10.899709],[-41.324261,-10.899718],[-41.324343,-10.899723],[-41.324423,-10.899721],[-41.324499,-10.899711],[-41.324566,-10.899691],[-41.32463,-10.899662],[-41.324702,-10.899635],[-41.324784,-10.899614],[-41.324875,-10.899593],[-41.324974,-10.89957],[-41.325076,-10.899541],[-41.325181,-10.899511],[-41.325287,-10.899488],[-41.325397,-10.899473],[-41.325505,-10.899467],[-41.32561,-10.899471],[-41.325711,-10.899477],[-41.325802,-10.899478],[-41.325875,-10.899472],[-41.32593,-10.899463],[-41.325976,-10.899449],[-41.326018,-10.899432],[-41.326064,-10.899407],[-41.32612,-10.899375],[-41.326188,-10.899341],[-41.326262,-10.899306],[-41.326338,-10.899273],[-41.326414,-10.899241],[-41.326491,-10.899205],[-41.326567,-10.899161],[-41.326638,-10.899106],[-41.326697,-10.899042],[-41.326744,-10.89898],[-41.326788,-10.898925],[-41.326836,-10.898873],[-41.326888,-10.898821],[-41.326946,-10.898769],[-41.327004,-10.898718],[-41.327055,-10.898663],[-41.327097,-10.898606],[-41.327132,-10.898553],[-41.327155,-10.898516],[-41.327168,-10.898495],[-41.327183,-10.898477],[-41.327199,-10.898459],[-41.327215,-10.898439],[-41.327234,-10.898422],[-41.327253,-10.898407],[-41.327272,-10.89839],[-41.327294,-10.898371],[-41.327321,-10.898348],[-41.327354,-10.89832],[-41.327391,-10.898291],[-41.327434,-10.898259],[-41.327489,-10.898219],[-41.327558,-10.898172],[-41.32764,-10.898121],[-41.327725,-10.898069],[-41.327813,-10.898013],[-41.327908,-10.897957],[-41.328005,-10.897906],[-41.328099,-10.897853],[-41.328189,-10.897803],[-41.328278,-10.897761],[-41.328368,-10.897729],[-41.32846,-10.897701],[-41.328557,-10.897668],[-41.328662,-10.897629],[-41.328769,-10.897584],[-41.328878,-10.897536],[-41.328988,-10.897488],[-41.329101,-10.897447],[-41.329214,-10.897411],[-41.329325,-10.897377],[-41.329432,-10.897345],[-41.329526,-10.897317],[-41.329606,-10.897295],[-41.329669,-10.897277],[-41.329718,-10.897259],[-41.329757,-10.897242],[-41.329791,-10.897227],[-41.32983,-10.897209],[-41.329879,-10.897187],[-41.329943,-10.897165],[-41.330018,-10.897144],[-41.330096,-10.897125],[-41.330182,-10.897111],[-41.330274,-10.897099],[-41.330369,-10.897087],[-41.330466,-10.897076],[-41.330558,-10.89706],[-41.330638,-10.897033],[-41.330708,-10.897004],[-41.330772,-10.896983],[-41.330836,-10.896974],[-41.330905,-10.89697],[-41.330982,-10.896961],[-41.331064,-10.896946],[-41.331151,-10.896928],[-41.331241,-10.89691],[-41.331334,-10.896891],[-41.331429,-10.89687],[-41.331525,-10.896841],[-41.331619,-10.896804],[-41.331708,-10.896762],[-41.331787,-10.896716],[-41.331857,-10.896667],[-41.331921,-10.896618],[-41.331982,-10.896572],[-41.332043,-10.896531],[-41.332104,-10.896495],[-41.332162,-10.896462],[-41.332216,-10.896426],[-41.332264,-10.896388],[-41.33231,-10.896347],[-41.33236,-10.896304],[-41.332414,-10.896263],[-41.332469,-10.896222],[-41.332525,-10.896186],[-41.332583,-10.896159],[-41.332646,-10.896139],[-41.332713,-10.896121],[-41.332785,-10.896108],[-41.332861,-10.896098],[-41.332945,-10.896088],[-41.333036,-10.896078],[-41.33313,-10.896066],[-41.333226,-10.896049],[-41.333321,-10.896021],[-41.333415,-10.895989],[-41.333511,-10.895972],[-41.333605,-10.895969],[-41.333693,-10.895965],[-41.333768,-10.895954],[-41.333828,-10.895936],[-41.333879,-10.895916],[-41.333926,-10.895897],[-41.333978,-10.895879],[-41.334037,-10.895862],[-41.334104,-10.895843],[-41.334178,-10.895821],[-41.334256,-10.895795],[-41.334339,-10.895767],[-41.334426,-10.89574],[-41.334515,-10.895716],[-41.334605,-10.895692],[-41.334695,-10.895667],[-41.334783,-10.895635],[-41.334867,-10.895594],[-41.334947,-10.895542],[-41.335021,-10.895483],[-41.335094,-10.895421],[-41.335166,-10.89536],[-41.335239,-10.8953],[-41.335312,-10.895246],[-41.33539,-10.895205],[-41.335472,-10.895179],[-41.335553,-10.895166],[-41.33563,-10.895157],[-41.335693,-10.895148],[-41.335745,-10.89514],[-41.335791,-10.895133],[-41.335831,-10.895126],[-41.335869,-10.89512],[-41.33591,-10.895114],[-41.335956,-10.895108],[-41.33601,-10.895099],[-41.336072,-10.895087],[-41.33614,-10.895077],[-41.336214,-10.895071],[-41.336293,-10.895066],[-41.336374,-10.895062],[-41.336455,-10.895069],[-41.336541,-10.895086],[-41.336632,-10.895103],[-41.33673,-10.895116],[-41.33683,-10.895122],[-41.336927,-10.895123],[-41.337013,-10.895121],[-41.337078,-10.895112],[-41.337124,-10.895102],[-41.337162,-10.8951],[-41.3372,-10.895098],[-41.337237,-10.895095],[-41.337272,-10.895091],[-41.337308,-10.895089],[-41.337347,-10.895086],[-41.33739,-10.895081],[-41.33744,-10.895077],[-41.337497,-10.895072],[-41.337561,-10.895068],[-41.337631,-10.895059],[-41.337704,-10.895042],[-41.337777,-10.895019],[-41.337854,-10.894988],[-41.337933,-10.894946],[-41.338013,-10.894897],[-41.338094,-10.894845],[-41.338174,-10.894791],[-41.338253,-10.894736],[-41.338332,-10.894691],[-41.338412,-10.894658],[-41.338487,-10.894622],[-41.338555,-10.894579],[-41.338623,-10.89454],[-41.338695,-10.894505],[-41.338768,-10.894467],[-41.338841,-10.894425],[-41.338916,-10.894381],[-41.338989,-10.894337],[-41.339061,-10.894296],[-41.339135,-10.894264],[-41.339204,-10.894239],[-41.339259,-10.894219],[-41.3393,-10.894205],[-41.339338,-10.894193],[-41.339376,-10.89418],[-41.339414,-10.894164],[-41.339459,-10.894144],[-41.339513,-10.894116],[-41.339577,-10.894081],[-41.339645,-10.894035],[-41.339714,-10.893983],[-41.339789,-10.893931],[-41.339874,-10.893879],[-41.339971,-10.893829],[-41.340074,-10.893776],[-41.340183,-10.893722],[-41.340293,-10.893671],[-41.340407,-10.89363],[-41.34052,-10.89359],[-41.34063,-10.893543],[-41.340738,-10.893492],[-41.340843,-10.893443],[-41.340944,-10.893392],[-41.34104,-10.893336],[-41.341135,-10.893279],[-41.341234,-10.893228],[-41.341337,-10.893183],[-41.341442,-10.893143],[-41.341548,-10.893111],[-41.341654,-10.893087],[-41.341757,-10.893065],[-41.341855,-10.893042],[-41.341952,-10.893016],[-41.34205,-10.892992],[-41.342148,-10.892966],[-41.34224,-10.892937],[-41.342327,-10.892915],[-41.342409,-10.89291],[-41.342486,-10.892909],[-41.342563,-10.892907],[-41.342646,-10.892904],[-41.342736,-10.892894],[-41.342832,-10.892868],[-41.342933,-10.892827],[-41.343035,-10.89278],[-41.343135,-10.892732],[-41.343233,-10.892683],[-41.343329,-10.892634],[-41.343424,-10.892585],[-41.343516,-10.892539],[-41.343609,-10.8925],[-41.343693,-10.89247],[-41.343769,-10.892445],[-41.343842,-10.892416],[-41.343918,-10.892378],[-41.344003,-10.892342],[-41.344094,-10.892311],[-41.344187,-10.892278],[-41.344278,-10.892235],[-41.344374,-10.892184],[-41.344477,-10.892134],[-41.344588,-10.892087],[-41.344701,-10.892041],[-41.344815,-10.891995],[-41.344928,-10.89195],[-41.345039,-10.891905],[-41.345148,-10.891857],[-41.345251,-10.891806],[-41.345355,-10.891756],[-41.345464,-10.891716],[-41.345578,-10.891684],[-41.34569,-10.891653],[-41.345801,-10.891614],[-41.345911,-10.891567],[-41.34602,-10.891515],[-41.346126,-10.891463],[-41.34623,-10.891416],[-41.346331,-10.891375],[-41.346425,-10.89134],[-41.346514,-10.891313],[-41.346601,-10.891288],[-41.346687,-10.891257],[-41.346776,-10.89122],[-41.34687,-10.891183],[-41.346966,-10.891146],[-41.347061,-10.891104],[-41.347149,-10.891052],[-41.347238,-10.891004],[-41.347333,-10.890971],[-41.347431,-10.890942],[-41.347533,-10.890904],[-41.347635,-10.890852],[-41.347733,-10.890789],[-41.347827,-10.890718],[-41.347921,-10.890647],[-41.348013,-10.890578],[-41.348102,-10.890515],[-41.348179,-10.890451],[-41.348249,-10.890386],[-41.348317,-10.890329],[-41.348384,-10.890274],[-41.348446,-10.890217],[-41.348505,-10.890151],[-41.348565,-10.890075],[-41.348635,-10.889995],[-41.348717,-10.889915],[-41.348807,-10.889832],[-41.3489,-10.889749],[-41.348996,-10.889668],[-41.349095,-10.889593],[-41.349198,-10.889523],[-41.349302,-10.889456],[-41.349405,-10.889389],[-41.349508,-10.88932],[-41.349611,-10.88925],[-41.34971,-10.889176],[-41.349808,-10.889102],[-41.349908,-10.889031],[-41.350009,-10.888965],[-41.350113,-10.888907],[-41.350218,-10.888857],[-41.350321,-10.888814],[-41.350415,-10.888771],[-41.350499,-10.888725],[-41.350576,-10.888679],[-41.35065,-10.888632],[-41.350724,-10.888594],[-41.3508,-10.888562],[-41.350878,-10.88853],[-41.350956,-10.888501],[-41.351034,-10.888474],[-41.351111,-10.888454],[-41.35119,-10.88844],[-41.351269,-10.888433],[-41.351352,-10.888431],[-41.351437,-10.888432],[-41.351523,-10.888432],[-41.351608,-10.888426],[-41.351694,-10.888421],[-41.351784,-10.888418],[-41.351881,-10.888415],[-41.351981,-10.88841],[-41.352082,-10.888408],[-41.352184,-10.888407],[-41.352286,-10.888403],[-41.35239,-10.888394],[-41.352493,-10.888383],[-41.352594,-10.88837],[-41.352687,-10.888366],[-41.352765,-10.888372],[-41.352825,-10.888379],[-41.352873,-10.888384],[-41.352915,-10.888385],[-41.352957,-10.888383],[-41.353004,-10.888376],[-41.353061,-10.888362],[-41.353126,-10.888343],[-41.353198,-10.888326],[-41.353277,-10.888321],[-41.353359,-10.888324],[-41.353442,-10.88832],[-41.353529,-10.888316],[-41.353616,-10.888317],[-41.353705,-10.888325],[-41.353794,-10.888336],[-41.353885,-10.88835],[-41.353976,-10.888363],[-41.354068,-10.888377],[-41.354161,-10.888392],[-41.354255,-10.88841],[-41.354352,-10.88843],[-41.354449,-10.888448],[-41.354548,-10.88846],[-41.354648,-10.888468],[-41.354747,-10.888474],[-41.354844,-10.88848],[-41.354943,-10.888486],[-41.355045,-10.888493],[-41.35515,-10.888497],[-41.355256,-10.888501],[-41.355364,-10.888507],[-41.355472,-10.888514],[-41.355582,-10.888524],[-41.355692,-10.888536],[-41.355806,-10.888547],[-41.355921,-10.888555],[-41.356037,-10.888561],[-41.356152,-10.888564],[-41.356266,-10.888566],[-41.356377,-10.888564],[-41.356487,-10.88856],[-41.356596,-10.888556],[-41.356703,-10.888553],[-41.356809,-10.888549],[-41.356914,-10.888547],[-41.357018,-10.888543],[-41.357119,-10.888537],[-41.357214,-10.888529],[-41.357295,-10.888522],[-41.357363,-10.888517],[-41.35743,-10.888514],[-41.357504,-10.88851],[-41.357562,-10.888507],[-41.357568,-10.888509],[-41.35758,-10.888516],[-41.357585,-10.888519],[-41.357595,-10.88853],[-41.357609,-10.88853],[-41.35764,-10.888527],[-41.357672,-10.888518],[-41.357707,-10.888503],[-41.357754,-10.888483],[-41.357815,-10.888465],[-41.357884,-10.88845],[-41.357962,-10.888432],[-41.358046,-10.888409],[-41.358133,-10.888382],[-41.358218,-10.888352],[-41.358307,-10.888317],[-41.358403,-10.888277],[-41.358502,-10.888233],[-41.358604,-10.888184],[-41.358709,-10.88813],[-41.358816,-10.888071],[-41.358926,-10.888008],[-41.359037,-10.887941],[-41.359149,-10.887872],[-41.35926,-10.887801],[-41.359371,-10.887728],[-41.359478,-10.887653],[-41.359582,-10.887574],[-41.359677,-10.887495],[-41.359762,-10.887421],[-41.359841,-10.887353],[-41.359922,-10.887292],[-41.360005,-10.88724],[-41.360089,-10.887197],[-41.360164,-10.887156],[-41.36023,-10.887116],[-41.360282,-10.887081],[-41.360321,-10.887052],[-41.360355,-10.887027],[-41.360385,-10.887008],[-41.360417,-10.886989],[-41.360453,-10.886968],[-41.360494,-10.886945],[-41.360538,-10.886917],[-41.360585,-10.886885],[-41.360634,-10.886854],[-41.360683,-10.886824],[-41.360731,-10.886792],[-41.360782,-10.886757],[-41.360835,-10.886725],[-41.360888,-10.886701],[-41.36094,-10.886684],[-41.360986,-10.886666],[-41.361025,-10.886646],[-41.36106,-10.886625],[-41.361095,-10.8866],[-41.361135,-10.886571],[-41.361182,-10.886537],[-41.361236,-10.886497],[-41.361299,-10.886453],[-41.361365,-10.88641],[-41.361434,-10.88637],[-41.361506,-10.886328],[-41.361579,-10.886284],[-41.361649,-10.88624],[-41.361713,-10.8862],[-41.361776,-10.886164],[-41.361842,-10.886134],[-41.361911,-10.886105],[-41.36198,-10.886076],[-41.362047,-10.88605],[-41.362109,-10.886026],[-41.362165,-10.885999],[-41.362215,-10.885969],[-41.362261,-10.88594],[-41.362305,-10.885911],[-41.36235,-10.885885],[-41.362397,-10.885865],[-41.362446,-10.885845],[-41.362501,-10.885826],[-41.362565,-10.885805],[-41.362636,-10.88578],[-41.362715,-10.885748],[-41.362801,-10.885713],[-41.362894,-10.885675],[-41.362995,-10.885635],[-41.363099,-10.885595],[-41.363209,-10.885553],[-41.363328,-10.885509],[-41.363454,-10.885463],[-41.363586,-10.885416],[-41.363722,-10.885367],[-41.363861,-10.88532],[-41.364002,-10.885275],[-41.364144,-10.885232],[-41.364289,-10.88519],[-41.364436,-10.885151],[-41.36458,-10.885121],[-41.364721,-10.885095],[-41.364857,-10.885068],[-41.364989,-10.885037],[-41.365114,-10.885004],[-41.365236,-10.884974],[-41.365355,-10.884953],[-41.365474,-10.884945],[-41.365595,-10.884946],[-41.365721,-10.88495],[-41.365851,-10.884955],[-41.365985,-10.884963],[-41.366122,-10.884974],[-41.366259,-10.884988],[-41.366393,-10.885002],[-41.366522,-10.885016],[-41.366648,-10.885023],[-41.366777,-10.885017],[-41.366901,-10.884999],[-41.367015,-10.884978],[-41.367121,-10.884955],[-41.367225,-10.884928],[-41.367331,-10.884895],[-41.367438,-10.88486],[-41.367545,-10.88483],[-41.36765,-10.884807],[-41.367752,-10.884789],[-41.367847,-10.884769],[-41.367923,-10.884749],[-41.367971,-10.884736],[-41.368005,-10.884723],[-41.368038,-10.884707],[-41.368072,-10.884688],[-41.368109,-10.884665],[-41.36815,-10.88464],[-41.368193,-10.884617],[-41.368236,-10.884595],[-41.368279,-10.884575],[-41.368324,-10.884557],[-41.368372,-10.884539],[-41.368426,-10.884521],[-41.368484,-10.884502],[-41.368545,-10.88448],[-41.368613,-10.884447],[-41.368687,-10.884398],[-41.368769,-10.884341],[-41.368858,-10.884286],[-41.368951,-10.884229],[-41.369046,-10.884165],[-41.369143,-10.884097],[-41.369244,-10.884029],[-41.369344,-10.883963],[-41.369441,-10.8839],[-41.369533,-10.883843],[-41.36962,-10.883791],[-41.369708,-10.883741],[-41.369797,-10.883695],[-41.369885,-10.883651],[-41.369971,-10.883607],[-41.370054,-10.883565],[-41.370138,-10.883524],[-41.370222,-10.883481],[-41.370305,-10.883439],[-41.370388,-10.883398],[-41.370471,-10.883358],[-41.370554,-10.883321],[-41.370637,-10.883284],[-41.370718,-10.883243],[-41.370795,-10.883197],[-41.37087,-10.883146],[-41.370941,-10.883091],[-41.37101,-10.883035],[-41.371078,-10.882983],[-41.371147,-10.88294],[-41.371217,-10.882907],[-41.371289,-10.88288],[-41.37136,-10.882855],[-41.371431,-10.882832],[-41.371505,-10.882808],[-41.371582,-10.882785],[-41.371663,-10.882764],[-41.371746,-10.882739],[-41.371829,-10.882708],[-41.371912,-10.882667],[-41.371994,-10.882618],[-41.372078,-10.882567],[-41.372164,-10.882518],[-41.372251,-10.882469],[-41.372338,-10.88242],[-41.37243,-10.882371],[-41.372525,-10.882321],[-41.372623,-10.882272],[-41.372726,-10.882225],[-41.372829,-10.882178],[-41.37293,-10.882129],[-41.37303,-10.88208],[-41.373131,-10.882036],[-41.373232,-10.881995],[-41.37333,-10.881956],[-41.373421,-10.881917],[-41.373505,-10.881876],[-41.373585,-10.881834],[-41.373663,-10.881792],[-41.373736,-10.881749],[-41.373805,-10.881705],[-41.373875,-10.881664],[-41.373948,-10.881624],[-41.374025,-10.881586],[-41.374108,-10.881549],[-41.374191,-10.881513],[-41.374272,-10.881475],[-41.374351,-10.881438],[-41.374429,-10.881402],[-41.374505,-10.881365],[-41.37458,-10.881326],[-41.374654,-10.881287],[-41.374729,-10.88125],[-41.374805,-10.881213],[-41.374881,-10.881176],[-41.37496,-10.88114],[-41.37504,-10.881105],[-41.37512,-10.881072],[-41.3752,-10.881038],[-41.375281,-10.881008],[-41.375363,-10.880984],[-41.375447,-10.880958],[-41.37553,-10.880928],[-41.375614,-10.88089],[-41.375698,-10.880846],[-41.375783,-10.8808],[-41.37587,-10.880753],[-41.375958,-10.880704],[-41.376044,-10.880654],[-41.376123,-10.880607],[-41.37619,-10.880566],[-41.376246,-10.880534],[-41.376294,-10.880512],[-41.37634,-10.880496],[-41.376385,-10.880483],[-41.376433,-10.880469],[-41.376483,-10.880454],[-41.376538,-10.880439],[-41.376598,-10.880421],[-41.376661,-10.8804],[-41.376726,-10.880379],[-41.376794,-10.880356],[-41.376863,-10.880329],[-41.376934,-10.880299],[-41.377007,-10.880269],[-41.377081,-10.880243],[-41.377154,-10.880222],[-41.377226,-10.880205],[-41.377297,-10.880192],[-41.377371,-10.880182],[-41.377452,-10.880176],[-41.377539,-10.880177],[-41.377631,-10.880183],[-41.37773,-10.880192],[-41.377837,-10.880203],[-41.37795,-10.880215],[-41.378069,-10.880226],[-41.378191,-10.880234],[-41.378316,-10.880241],[-41.378441,-10.880245],[-41.378565,-10.880246],[-41.378689,-10.880247],[-41.378811,-10.880244],[-41.378932,-10.880237],[-41.37905,-10.880227],[-41.379167,-10.880215],[-41.379282,-10.880206],[-41.379395,-10.880197],[-41.379507,-10.880189],[-41.379617,-10.880182],[-41.379724,-10.880177],[-41.37983,-10.880173],[-41.379933,-10.88017],[-41.380034,-10.880166],[-41.380134,-10.880163],[-41.380233,-10.88016],[-41.38033,-10.880153],[-41.380427,-10.88014],[-41.380526,-10.880129],[-41.380626,-10.880122],[-41.380729,-10.880112],[-41.380834,-10.880098],[-41.38094,-10.880081],[-41.381048,-10.880063],[-41.381155,-10.880043],[-41.381264,-10.880024],[-41.381374,-10.880007],[-41.381482,-10.879992],[-41.38159,-10.879976],[-41.381697,-10.879958],[-41.381802,-10.879934],[-41.381901,-10.879902],[-41.381998,-10.879868],[-41.382096,-10.879839],[-41.382195,-10.879814],[-41.382295,-10.879797],[-41.382392,-10.879779],[-41.382487,-10.879756],[-41.382582,-10.879732],[-41.382672,-10.879707],[-41.382755,-10.879683],[-41.382832,-10.879662],[-41.382905,-10.879641],[-41.382971,-10.879621],[-41.383031,-10.879606],[-41.383092,-10.879589],[-41.383158,-10.879568],[-41.383232,-10.879542],[-41.383313,-10.879513],[-41.3834,-10.879484],[-41.383493,-10.879456],[-41.38359,-10.879432],[-41.383688,-10.879414],[-41.383787,-10.8794],[-41.383884,-10.879388],[-41.383978,-10.879375],[-41.384071,-10.879366],[-41.384164,-10.879361],[-41.384256,-10.879351],[-41.384348,-10.879326],[-41.384439,-10.879294],[-41.384533,-10.879261],[-41.384629,-10.879232],[-41.384727,-10.879206],[-41.384825,-10.879182],[-41.384924,-10.879157],[-41.385026,-10.879136],[-41.385132,-10.87912],[-41.38524,-10.879108],[-41.38535,-10.879094],[-41.38546,-10.879077],[-41.385569,-10.879058],[-41.385676,-10.87904],[-41.385779,-10.879018],[-41.385878,-10.878987],[-41.385976,-10.878952],[-41.386077,-10.878923],[-41.386181,-10.878901],[-41.386287,-10.87888],[-41.386393,-10.878855],[-41.3865,-10.878826],[-41.3866,-10.878801],[-41.386692,-10.878783],[-41.386781,-10.87877],[-41.386871,-10.878763],[-41.386964,-10.878754],[-41.387059,-10.878741],[-41.387156,-10.878728],[-41.387257,-10.878713],[-41.387358,-10.87869],[-41.387459,-10.87866],[-41.387561,-10.878625],[-41.387664,-10.87859],[-41.38777,-10.878556],[-41.387875,-10.878522],[-41.387978,-10.878487],[-41.388078,-10.878451],[-41.388175,-10.878415],[-41.388269,-10.878379],[-41.38836,-10.878342],[-41.388446,-10.8783],[-41.388524,-10.87825],[-41.388599,-10.878196],[-41.388677,-10.878153],[-41.388759,-10.878125],[-41.388842,-10.878107],[-41.388931,-10.878094],[-41.389024,-10.878083],[-41.389121,-10.87807],[-41.389221,-10.878054],[-41.389321,-10.878033],[-41.389424,-10.878016],[-41.389529,-10.878002],[-41.389634,-10.877989],[-41.38974,-10.877974],[-41.389845,-10.877955],[-41.38995,-10.877932],[-41.390053,-10.877908],[-41.390156,-10.877883],[-41.390256,-10.877853],[-41.390356,-10.877824],[-41.390456,-10.877797],[-41.390553,-10.877769],[-41.390648,-10.877743],[-41.390742,-10.87772],[-41.390835,-10.877694],[-41.39093,-10.877664],[-41.391031,-10.877633],[-41.391134,-10.877603],[-41.391237,-10.877575],[-41.39134,-10.877553],[-41.391443,-10.877535],[-41.391542,-10.877514],[-41.391638,-10.877485],[-41.391733,-10.877454],[-41.391828,-10.877426],[-41.391918,-10.877405],[-41.392002,-10.877387],[-41.392084,-10.877368],[-41.392166,-10.877346],[-41.392249,-10.877322],[-41.392332,-10.877298],[-41.392416,-10.877278],[-41.392501,-10.877259],[-41.392586,-10.877238],[-41.392673,-10.877218],[-41.392761,-10.877199],[-41.392848,-10.877181],[-41.392936,-10.87716],[-41.393023,-10.877133],[-41.39311,-10.877106],[-41.393199,-10.877083],[-41.393289,-10.877061],[-41.393381,-10.877041],[-41.393475,-10.87702],[-41.393568,-10.876995],[-41.393662,-10.876969],[-41.393758,-10.876942],[-41.393857,-10.876912],[-41.393956,-10.876883],[-41.394051,-10.876856],[-41.394136,-10.876833],[-41.394204,-10.876815],[-41.394256,-10.876794],[-41.394302,-10.876772],[-41.394349,-10.876762],[-41.394396,-10.87676],[-41.394446,-10.876761],[-41.394507,-10.876757],[-41.39458,-10.876745],[-41.394662,-10.876723],[-41.394751,-10.876698],[-41.394845,-10.876677],[-41.394941,-10.876659],[-41.395044,-10.87664],[-41.395152,-10.876618],[-41.395262,-10.876594],[-41.395373,-10.87657],[-41.395484,-10.876547],[-41.395596,-10.876525],[-41.395707,-10.876502],[-41.395812,-10.876478],[-41.39591,-10.876453],[-41.396004,-10.876425],[-41.396097,-10.876395],[-41.396191,-10.876359],[-41.396288,-10.876316],[-41.396386,-10.876271],[-41.396483,-10.876229],[-41.396578,-10.876193],[-41.396672,-10.876167],[-41.396763,-10.876151],[-41.39685,-10.876142],[-41.396937,-10.876143],[-41.397023,-10.876149],[-41.39711,-10.876146],[-41.397198,-10.876134],[-41.397288,-10.876121],[-41.39738,-10.87611],[-41.397477,-10.876102],[-41.397578,-10.876098],[-41.397682,-10.876094],[-41.397792,-10.876088],[-41.397907,-10.876078],[-41.398028,-10.876069],[-41.398153,-10.876064],[-41.398277,-10.876069],[-41.398402,-10.876085],[-41.398525,-10.876109],[-41.398648,-10.876136],[-41.39877,-10.876162],[-41.398892,-10.876187],[-41.399014,-10.876211],[-41.399138,-10.876235],[-41.399261,-10.876266],[-41.399381,-10.876305],[-41.399499,-10.876354],[-41.39961,-10.876411],[-41.399718,-10.876474],[-41.399824,-10.876538],[-41.399931,-10.876602],[-41.400037,-10.876665],[-41.400138,-10.876725],[-41.400227,-10.876775],[-41.400302,-10.876812],[-41.427737,-10.866047],[-41.461078,-10.83161],[-41.458392,-10.82917],[-41.45518,-10.828099],[-41.452178,-10.828157],[-41.450659,-10.827266],[-41.449112,-10.825362],[-41.449707,-10.823697],[-41.452444,-10.821555],[-41.453157,-10.819652],[-41.453749,-10.815973],[-41.452206,-10.812156],[-41.450197,-10.808863],[-41.448042,-10.80716],[-41.444957,-10.805491],[-41.443232,-10.801866],[-41.442749,-10.800239],[-41.441816,-10.799572],[-41.439772,-10.798861],[-41.437594,-10.797661],[-41.436749,-10.796595],[-41.436394,-10.795172],[-41.436808,-10.793379],[-41.43778,-10.791643],[-41.439009,-10.789448],[-41.439922,-10.787819],[-41.440621,-10.78657],[-41.441082,-10.785748],[-41.441947,-10.785463],[-41.443335,-10.786088],[-41.444516,-10.787268],[-41.446657,-10.789409],[-41.44903,-10.789491],[-41.450281,-10.789533],[-41.45146,-10.790185],[-41.452068,-10.790521],[-41.453503,-10.790036],[-41.454585,-10.787616],[-41.455071,-10.784213],[-41.456043,-10.781366],[-41.457224,-10.780116],[-41.458599,-10.77866],[-41.459573,-10.777628],[-41.460367,-10.776788],[-41.460279,-10.774908],[-41.461738,-10.773588],[-41.463239,-10.77223],[-41.465974,-10.771505],[-41.467666,-10.770003],[-41.468543,-10.768519],[-41.469446,-10.76588],[-41.471112,-10.764977],[-41.473196,-10.764908],[-41.475001,-10.764352],[-41.476043,-10.763102],[-41.476598,-10.760533],[-41.477381,-10.756911],[-41.477667,-10.755592],[-41.478959,-10.7547],[-41.481668,-10.753867],[-41.486297,-10.752563],[-41.489049,-10.752766],[-41.491663,-10.752422],[-41.494322,-10.752072],[-41.498451,-10.750483],[-41.501443,-10.749333],[-41.50269,-10.748853],[-41.503837,-10.746467],[-41.504012,-10.745479],[-41.504025,-10.745407],[-41.505904,-10.744623],[-41.508164,-10.744266],[-41.509949,-10.744504],[-41.51209,-10.745337],[-41.513994,-10.745218],[-41.515897,-10.744147],[-41.519466,-10.742957],[-41.521727,-10.742957],[-41.524701,-10.743076],[-41.528033,-10.742719],[-41.530412,-10.740578],[-41.531906,-10.738243],[-41.533981,-10.7357],[-41.53538,-10.734992],[-41.536803,-10.735296],[-41.536926,-10.735633],[-41.537176,-10.736186],[-41.53735,-10.736523],[-41.537451,-10.737004],[-41.537453,-10.737246],[-41.537581,-10.737825],[-41.537729,-10.738065],[-41.538123,-10.738423],[-41.538743,-10.738861],[-41.539235,-10.739147],[-41.539555,-10.739433],[-41.540219,-10.740008],[-41.54081,-10.740437],[-41.541277,-10.74082],[-41.5414,-10.740891],[-41.54194,-10.741176],[-41.542872,-10.741603],[-41.543215,-10.741696],[-41.543851,-10.74174],[-41.544462,-10.741711],[-41.545854,-10.741699],[-41.546025,-10.741698],[-41.546808,-10.741788],[-41.547591,-10.741902],[-41.54835,-10.742113],[-41.5496,-10.742465],[-41.55086,-10.742749],[-41.551791,-10.742934],[-41.552573,-10.743024],[-41.553283,-10.743067],[-41.554405,-10.742937],[-41.555139,-10.74293],[-41.556337,-10.743042],[-41.556657,-10.743232],[-41.557222,-10.743637],[-41.557738,-10.744067],[-41.558191,-10.744311],[-41.558656,-10.744453],[-41.559023,-10.744498],[-41.55961,-10.744542],[-41.560199,-10.744802],[-41.560396,-10.744969],[-41.560863,-10.7454],[-41.561284,-10.745952],[-41.56153,-10.746264],[-41.562153,-10.74692],[-41.562498,-10.747303],[-41.563113,-10.747757],[-41.563607,-10.748332],[-41.564005,-10.749173],[-41.564132,-10.749848],[-41.564311,-10.750692],[-41.564608,-10.751099],[-41.565546,-10.751926],[-41.566111,-10.752355],[-41.566875,-10.753025],[-41.567442,-10.753527],[-41.56823,-10.754293],[-41.568819,-10.754602],[-41.569678,-10.755102],[-41.570194,-10.755387],[-41.571083,-10.755684],[-41.571422,-10.755935],[-41.571428,-10.755941],[-41.571729,-10.756277],[-41.572,-10.75702],[-41.572131,-10.757608],[-41.572133,-10.757801],[-41.571966,-10.758309],[-41.571556,-10.759012],[-41.57122,-10.759619],[-41.57115,-10.759957],[-41.571256,-10.760922],[-41.571753,-10.762004],[-41.572174,-10.762542],[-41.57266,-10.763187],[-41.573142,-10.763838],[-41.573549,-10.764924],[-41.573533,-10.76583],[-41.573403,-10.76636],[-41.573376,-10.766485],[-41.573258,-10.766642],[-41.558641,-10.786077],[-41.55493,-10.791073],[-41.550745,-10.796733],[-41.550585,-10.79695],[-41.541607,-10.809204],[-41.544184,-10.816009],[-41.541397,-10.828036],[-41.532447,-10.852593],[-41.509687,-10.890668],[-41.532972,-10.924687],[-41.533425,-10.926665],[-41.535282,-10.936216],[-41.534572,-10.943231],[-41.515384,-10.966756],[-41.51541,-10.969093],[-41.515411,-10.969179],[-41.514837,-10.969756],[-41.513996,-10.970359],[-41.513273,-10.970543],[-41.512224,-10.970334],[-41.511412,-10.969624],[-41.511209,-10.969348],[-41.510721,-10.968874],[-41.510073,-10.968522],[-41.50967,-10.968486],[-41.509147,-10.968569],[-41.508425,-10.968973],[-41.507987,-10.969573],[-41.507223,-10.970798],[-41.50692,-10.971171],[-41.50676,-10.971375],[-41.506668,-10.971709],[-41.506514,-10.972545],[-41.50632,-10.973382],[-41.506036,-10.973747],[-41.505356,-10.97419],[-41.504873,-10.974353],[-41.504512,-10.974515],[-41.504314,-10.974954],[-41.504401,-10.97575],[-41.504449,-10.976664],[-41.504457,-10.977538],[-41.504446,-10.977641],[-41.504359,-10.97769],[-41.502212,-10.978888],[-41.502208,-10.978431],[-41.50215,-10.978117],[-41.502055,-10.977872],[-41.501939,-10.977742],[-41.50182,-10.977676],[-41.50151,-10.977632],[-41.501375,-10.97765],[-41.501155,-10.977731],[-41.500835,-10.977924],[-41.500381,-10.978398],[-41.500094,-10.978885],[-41.499669,-10.979086],[-41.4995,-10.979184],[-41.499354,-10.979185],[-41.499208,-10.979114],[-41.499011,-10.9789],[-41.498986,-10.978756],[-41.498691,-10.978374],[-41.49825,-10.977899],[-41.497931,-10.977638],[-41.497664,-10.977568],[-41.497349,-10.977594],[-41.49701,-10.977741],[-41.496817,-10.977959],[-41.496673,-10.978224],[-41.496551,-10.97885],[-41.496507,-10.979403],[-41.496436,-10.979691],[-41.496292,-10.979884],[-41.496051,-10.980053],[-41.49547,-10.980418],[-41.495083,-10.980613],[-41.494792,-10.980687],[-41.494526,-10.980762],[-41.49429,-10.980785],[-41.493966,-10.980623],[-41.493864,-10.980544],[-41.493721,-10.980432],[-41.493184,-10.980077],[-41.492696,-10.979794],[-41.49233,-10.979676],[-41.491941,-10.979656],[-41.491528,-10.979707],[-41.490781,-10.979842],[-41.489922,-10.98033],[-41.489475,-10.98063],[-41.488987,-10.980783],[-41.488675,-10.980883],[-41.488277,-10.981011],[-41.48753,-10.981461],[-41.487483,-10.981502],[-41.486884,-10.982013],[-41.486665,-10.982253],[-41.486187,-10.982658],[-41.485582,-10.983192],[-41.485473,-10.983448],[-41.485494,-10.983686],[-41.485567,-10.983768],[-41.485921,-10.983929],[-41.486236,-10.984091],[-41.486514,-10.984216],[-41.486664,-10.984397],[-41.486721,-10.984579],[-41.486723,-10.984835],[-41.486577,-10.985128],[-41.486377,-10.985421],[-41.486064,-10.985569],[-41.485491,-10.985665],[-41.484992,-10.985651],[-41.484493,-10.985637],[-41.484179,-10.985658],[-41.483898,-10.985758],[-41.483695,-10.985924],[-41.483569,-10.986217],[-41.483572,-10.986564],[-41.48363,-10.987019],[-41.483708,-10.98742],[-41.483728,-10.987702],[-41.483729,-10.987712],[-41.48362,-10.988005],[-41.483474,-10.988133],[-41.483178,-10.988209],[-41.48306,-10.988221],[-41.482975,-10.988229],[-41.482623,-10.988085],[-41.482345,-10.98796],[-41.481889,-10.987715],[-41.481843,-10.98769],[-41.481164,-10.987051],[-41.480661,-10.986599],[-41.480493,-10.986418],[-41.48025,-10.986164],[-41.479693,-10.985804],[-41.479358,-10.985588],[-41.479061,-10.985517],[-41.478822,-10.985519],[-41.478471,-10.985559],[-41.478064,-10.985599],[-41.477106,-10.985898],[-41.476405,-10.98605],[-41.476108,-10.986071],[-41.475676,-10.985939],[-41.475045,-10.985615],[-41.474765,-10.985289],[-41.474633,-10.984998],[-41.474478,-10.984124],[-41.474263,-10.983202],[-41.474154,-10.982958],[-41.47378,-10.982487],[-41.473501,-10.982216],[-41.473129,-10.981982],[-41.472757,-10.981784],[-41.471952,-10.981494],[-41.470988,-10.981118],[-41.470337,-10.980722],[-41.469965,-10.980433],[-41.469536,-10.979963],[-41.469181,-10.979455],[-41.468881,-10.97891],[-41.468394,-10.978257],[-41.468244,-10.978057],[-41.467967,-10.977968],[-41.467726,-10.97797],[-41.467265,-10.978047],[-41.46662,-10.978271],[-41.465902,-10.97866],[-41.465263,-10.979025],[-41.464901,-10.979125],[-41.464472,-10.979145],[-41.464026,-10.979132],[-41.463761,-10.979053],[-41.463497,-10.978892],[-41.463279,-10.978584],[-41.463045,-10.978162],[-41.462793,-10.977642],[-41.462377,-10.97714],[-41.462143,-10.976881],[-41.46211,-10.976874],[-41.461762,-10.976668],[-41.461296,-10.976169],[-41.461148,-10.97622],[-41.460378,-10.976266],[-41.459492,-10.976346],[-41.45853,-10.976299],[-41.45768,-10.976343],[-41.457199,-10.976383],[-41.456665,-10.976534],[-41.456075,-10.976721],[-41.45566,-10.97682],[-41.455448,-10.976871],[-41.45506,-10.976912],[-41.454616,-10.976878],[-41.454171,-10.97679],[-41.453783,-10.976739],[-41.453378,-10.976697],[-41.453107,-10.976669],[-41.452551,-10.9766],[-41.452218,-10.976549],[-41.451828,-10.976369],[-41.451271,-10.976045],[-41.450454,-10.97565],[-41.450119,-10.975379],[-41.449784,-10.974962],[-41.449465,-10.974399],[-41.449371,-10.974199],[-41.449166,-10.974019],[-41.449101,-10.973996],[-41.448961,-10.973947],[-41.448703,-10.973967],[-41.4485,-10.974042],[-41.448298,-10.974262],[-41.448155,-10.974429],[-41.44798,-10.974632],[-41.447687,-10.974908],[-41.447265,-10.975258],[-41.447258,-10.975265]]]]}},
{"type":"Feature","properties":{"cod_conj":14390,"conjunto":"Wagner","distrib":"Neoenergia Coelba","ano":2025,"dec_h":11.32,"dec_lim":14.0,"fec_n":6.24,"fec_lim":7.0,"dec_pct":80.9,"fec_pct":89.1,"situacao":"Dentro dos limites","num_con":13610,"area_ti_km":1327.9,"base_geo":"31/12/2025","fonte":"ANEEL: BDGD Coelba 2025 e Indicadores Coletivos de Continuidade"},"geometry":{"type":"MultiPolygon","coordinates":[[[[-40.967861,-11.872236],[-41.004342,-11.861271],[-41.013157,-11.858756],[-41.013712,-11.858528],[-41.01465,-11.85815],[-41.018656,-11.856684],[-41.01922,-11.856471],[-41.034553,-11.850917],[-41.035972,-11.85082],[-41.035988,-11.851037],[-41.0371,-11.864084],[-41.037992,-11.876612],[-41.038018,-11.876935],[-41.038498,-11.879359],[-41.039424,-11.884449],[-41.039477,-11.884768],[-41.039964,-11.887514],[-41.042101,-11.900398],[-41.042321,-11.901649],[-41.04454,-11.909572],[-41.045668,-11.913692],[-41.045969,-11.914771],[-41.052487,-11.918658],[-41.063145,-11.920953],[-41.064565,-11.921276],[-41.071841,-11.92303],[-41.072124,-11.923101],[-41.077715,-11.924526],[-41.086824,-11.926849],[-41.094906,-11.933025],[-41.098111,-11.935474],[-41.098211,-11.937048],[-41.099333,-11.954821],[-41.09934,-11.95494],[-41.099585,-11.958816],[-41.098662,-11.965205],[-41.098246,-11.967733],[-41.098043,-11.968611],[-41.097468,-11.970912],[-41.097411,-11.973244],[-41.097411,-11.973336],[-41.09727,-11.980377],[-41.097265,-11.981336],[-41.097243,-11.981458],[-41.097177,-11.98181],[-41.097167,-11.981862],[-41.097033,-11.983323],[-41.097224,-11.986908],[-41.097313,-11.988936],[-41.097094,-11.9901],[-41.09623,-11.994284],[-41.095846,-11.995801],[-41.095025,-11.998746],[-41.093811,-12.002739],[-41.094282,-12.003968],[-41.096444,-12.009717],[-41.096781,-12.010674],[-41.097959,-12.014172],[-41.098337,-12.015357],[-41.098456,-12.015709],[-41.098808,-12.016675],[-41.098823,-12.016713],[-41.100407,-12.018836],[-41.101965,-12.020822],[-41.102427,-12.021421],[-41.103151,-12.023148],[-41.104673,-12.027195],[-41.105248,-12.028617],[-41.105435,-12.029064],[-41.105691,-12.029656],[-41.1063,-12.030966],[-41.106881,-12.032131],[-41.10689,-12.032148],[-41.107394,-12.033092],[-41.107921,-12.034021],[-41.108349,-12.034751],[-41.108538,-12.035064],[-41.108617,-12.03535],[-41.108932,-12.03639],[-41.108933,-12.036395],[-41.108537,-12.037701],[-41.108021,-12.039561],[-41.107877,-12.040172],[-41.107219,-12.042614],[-41.106904,-12.044031],[-41.106883,-12.044115],[-41.106771,-12.044623],[-41.106751,-12.044731],[-41.106349,-12.046553],[-41.106151,-12.047652],[-41.10579,-12.049068],[-41.105479,-12.050813],[-41.105235,-12.051751],[-41.105054,-12.052774],[-41.105049,-12.052816],[-41.104656,-12.054888],[-41.104629,-12.054985],[-41.104092,-12.057128],[-41.103831,-12.057874],[-41.10362,-12.058378],[-41.103282,-12.059073],[-41.102775,-12.0596],[-41.101433,-12.061486],[-41.099363,-12.063463],[-41.099277,-12.063589],[-41.09865,-12.064118],[-41.097908,-12.064934],[-41.097834,-12.065045],[-41.097303,-12.065586],[-41.097279,-12.067131],[-41.09736,-12.068133],[-41.09781,-12.068449],[-41.098373,-12.069147],[-41.098521,-12.069246],[-41.099183,-12.069221],[-41.10128,-12.070099],[-41.102902,-12.07161],[-41.103286,-12.071656],[-41.103881,-12.071849],[-41.106109,-12.072487],[-41.106491,-12.072663],[-41.109252,-12.073726],[-41.110102,-12.073431],[-41.110601,-12.073287],[-41.110652,-12.073273],[-41.110846,-12.073221],[-41.111087,-12.073157],[-41.111803,-12.072988],[-41.113468,-12.072694],[-41.115894,-12.072416],[-41.118034,-12.072352],[-41.120219,-12.072465],[-41.122884,-12.072747],[-41.125549,-12.073225],[-41.125582,-12.07322],[-41.126805,-12.073081],[-41.127923,-12.072988],[-41.128039,-12.07287],[-41.128062,-12.072851],[-41.139846,-12.065143],[-41.14097,-12.064597],[-41.141323,-12.064441],[-41.141496,-12.063034],[-41.141777,-12.061321],[-41.142127,-12.059635],[-41.14307,-12.05734],[-41.145975,-12.052905],[-41.146465,-12.052446],[-41.147851,-12.051205],[-41.148965,-12.050172],[-41.149922,-12.049441],[-41.150575,-12.048989],[-41.151041,-12.048653],[-41.151738,-12.048215],[-41.152768,-12.047635],[-41.153418,-12.047303],[-41.153845,-12.047103],[-41.154205,-12.04695],[-41.154539,-12.046792],[-41.155517,-12.046395],[-41.155552,-12.046378],[-41.156603,-12.045997],[-41.157311,-12.045695],[-41.157729,-12.045556],[-41.158727,-12.044977],[-41.159272,-12.044673],[-41.15936,-12.04463],[-41.159751,-12.044423],[-41.159842,-12.044376],[-41.160438,-12.044112],[-41.161497,-12.043731],[-41.161621,-12.043698],[-41.165848,-12.043844],[-41.166439,-12.043839],[-41.171422,-12.043466],[-41.171563,-12.043582],[-41.171836,-12.043798],[-41.173959,-12.045635],[-41.174139,-12.04582],[-41.175129,-12.046892],[-41.175412,-12.047178],[-41.176892,-12.048855],[-41.177744,-12.049745],[-41.177985,-12.050008],[-41.178033,-12.050126],[-41.178979,-12.05173],[-41.179186,-12.052069],[-41.179867,-12.053134],[-41.180235,-12.053448],[-41.19523,-12.069053],[-41.198101,-12.067053],[-41.206992,-12.065193],[-41.220279,-12.066803],[-41.219573,-12.077517],[-41.219215,-12.080374],[-41.219137,-12.081646],[-41.219098,-12.081879],[-41.219077,-12.082006],[-41.219051,-12.082446],[-41.218909,-12.083279],[-41.218777,-12.083743],[-41.218718,-12.084076],[-41.218468,-12.084936],[-41.218401,-12.085084],[-41.218232,-12.085465],[-41.2179,-12.08687],[-41.217873,-12.087437],[-41.217939,-12.088508],[-41.218757,-12.093617],[-41.218869,-12.093691],[-41.219576,-12.094123],[-41.220441,-12.094591],[-41.220493,-12.094616],[-41.222111,-12.094182],[-41.229325,-12.092248],[-41.229783,-12.093367],[-41.230428,-12.09586],[-41.230825,-12.097825],[-41.230695,-12.100942],[-41.23056,-12.101848],[-41.228793,-12.102572],[-41.228415,-12.102726],[-41.228164,-12.102846],[-41.227796,-12.103065],[-41.227504,-12.103276],[-41.227166,-12.103634],[-41.22627,-12.10491],[-41.226246,-12.104955],[-41.225764,-12.106218],[-41.225653,-12.106722],[-41.225875,-12.106974],[-41.225991,-12.10716],[-41.226506,-12.107758],[-41.226581,-12.107821],[-41.226873,-12.108103],[-41.227237,-12.108519],[-41.227361,-12.108698],[-41.227999,-12.109283],[-41.228267,-12.109627],[-41.228588,-12.109865],[-41.228743,-12.110026],[-41.229181,-12.110764],[-41.229252,-12.110829],[-41.229916,-12.111616],[-41.230514,-12.112067],[-41.230655,-12.112195],[-41.23133,-12.112585],[-41.231357,-12.112603],[-41.232459,-12.113171],[-41.233033,-12.113409],[-41.2334,-12.113423],[-41.235654,-12.113609],[-41.236533,-12.113446],[-41.237411,-12.113283],[-41.238705,-12.113192],[-41.238925,-12.113158],[-41.238904,-12.114373],[-41.238934,-12.114993],[-41.238901,-12.115519],[-41.238911,-12.116183],[-41.241876,-12.119603],[-41.247114,-12.124259],[-41.251867,-12.129266],[-41.25417,-12.130549],[-41.254466,-12.130734],[-41.25741,-12.132316],[-41.259508,-12.133546],[-41.261122,-12.134438],[-41.261183,-12.134472],[-41.261647,-12.134733],[-41.261468,-12.135156],[-41.261214,-12.135792],[-41.261013,-12.136311],[-41.260613,-12.137389],[-41.260233,-12.138506],[-41.260106,-12.138909],[-41.259621,-12.140604],[-41.259121,-12.14257],[-41.258687,-12.144687],[-41.258643,-12.144898],[-41.258238,-12.147913],[-41.25807,-12.150521],[-41.258034,-12.152128],[-41.258034,-12.153346],[-41.25807,-12.154749],[-41.258108,-12.155449],[-41.258207,-12.156763],[-41.258317,-12.157912],[-41.258586,-12.159916],[-41.258869,-12.161587],[-41.259153,-12.162939],[-41.259998,-12.166314],[-41.260609,-12.168474],[-41.260684,-12.168712],[-41.260994,-12.169658],[-41.263809,-12.170963],[-41.267065,-12.172473],[-41.28715,-12.168761],[-41.289428,-12.168772],[-41.29322,-12.1691],[-41.296827,-12.169499],[-41.304553,-12.170585],[-41.309951,-12.174161],[-41.310731,-12.175088],[-41.320576,-12.174481],[-41.32138,-12.174422],[-41.321458,-12.174415],[-41.324445,-12.173689],[-41.324986,-12.173546],[-41.325443,-12.173412],[-41.326027,-12.173234],[-41.327894,-12.172568],[-41.329173,-12.172091],[-41.329774,-12.171946],[-41.330328,-12.171803],[-41.330734,-12.171716],[-41.331568,-12.171525],[-41.332908,-12.171289],[-41.333873,-12.171171],[-41.334341,-12.171032],[-41.334864,-12.17086],[-41.33614,-12.170494],[-41.336416,-12.17052],[-41.336626,-12.170544],[-41.337047,-12.170601],[-41.338032,-12.170758],[-41.338327,-12.170794],[-41.340371,-12.17109],[-41.340431,-12.171096],[-41.340907,-12.171117],[-41.341093,-12.171121],[-41.346141,-12.171112],[-41.349233,-12.171242],[-41.350856,-12.172492],[-41.357225,-12.177998],[-41.356991,-12.178403],[-41.352957,-12.185097],[-41.35282,-12.185337],[-41.352992,-12.190281],[-41.352984,-12.19226],[-41.352932,-12.193266],[-41.352841,-12.194227],[-41.352727,-12.195066],[-41.352459,-12.196602],[-41.352092,-12.198354],[-41.351987,-12.198787],[-41.351716,-12.199748],[-41.351193,-12.201408],[-41.350966,-12.202064],[-41.350411,-12.203541],[-41.348955,-12.207111],[-41.347904,-12.209511],[-41.348405,-12.212386],[-41.348516,-12.212735],[-41.348821,-12.213762],[-41.348822,-12.213833],[-41.348831,-12.215155],[-41.348849,-12.216053],[-41.348854,-12.21737],[-41.348883,-12.218986],[-41.348663,-12.219927],[-41.348527,-12.220576],[-41.348737,-12.221281],[-41.348934,-12.225168],[-41.349046,-12.228253],[-41.348838,-12.230843],[-41.348644,-12.232669],[-41.348426,-12.234308],[-41.348257,-12.23534],[-41.348061,-12.236229],[-41.347831,-12.237324],[-41.347461,-12.238675],[-41.347504,-12.239649],[-41.347506,-12.241373],[-41.347432,-12.243062],[-41.347319,-12.244301],[-41.347064,-12.24622],[-41.346671,-12.248218],[-41.346358,-12.249442],[-41.345827,-12.251316],[-41.345364,-12.252719],[-41.345083,-12.253446],[-41.344715,-12.254338],[-41.344304,-12.255286],[-41.34374,-12.256457],[-41.341904,-12.259871],[-41.341128,-12.26119],[-41.340753,-12.261852],[-41.335433,-12.269635],[-41.317467,-12.270579],[-41.314958,-12.270728],[-41.31436,-12.272591],[-41.314253,-12.272936],[-41.314107,-12.273441],[-41.312685,-12.279031],[-41.311797,-12.280025],[-41.310666,-12.281204],[-41.310083,-12.281793],[-41.309305,-12.282559],[-41.308701,-12.283113],[-41.306744,-12.284849],[-41.299842,-12.290549],[-41.292524,-12.296064],[-41.29041,-12.297589],[-41.289891,-12.297953],[-41.289492,-12.298215],[-41.288436,-12.29852],[-41.286869,-12.298893],[-41.285703,-12.299113],[-41.284026,-12.299374],[-41.282544,-12.29956],[-41.2824,-12.299669],[-41.28118,-12.300537],[-41.280095,-12.301251],[-41.279357,-12.301704],[-41.278559,-12.302175],[-41.277612,-12.302696],[-41.276545,-12.303231],[-41.275197,-12.303865],[-41.273936,-12.304411],[-41.273017,-12.304772],[-41.271696,-12.305249],[-41.270531,-12.305634],[-41.270123,-12.30576],[-41.269569,-12.305924],[-41.269304,-12.306001],[-41.268128,-12.30632],[-41.266655,-12.306684],[-41.262312,-12.307696],[-41.259684,-12.308273],[-41.249694,-12.310312],[-41.249188,-12.310423],[-41.24738,-12.314729],[-41.247107,-12.315396],[-41.24696,-12.316111],[-41.246775,-12.317459],[-41.246648,-12.318301],[-41.245959,-12.323236],[-41.245685,-12.325758],[-41.245555,-12.326798],[-41.245452,-12.327542],[-41.244866,-12.328439],[-41.243569,-12.330603],[-41.241815,-12.333579],[-41.240213,-12.336354],[-41.238911,-12.338659],[-41.23877,-12.338897],[-41.236896,-12.342127],[-41.236743,-12.342377],[-41.23648,-12.343285],[-41.236343,-12.343731],[-41.235509,-12.346292],[-41.235371,-12.346824],[-41.235031,-12.348176],[-41.234054,-12.352161],[-41.233935,-12.352678],[-41.233444,-12.354631],[-41.233306,-12.355212],[-41.232573,-12.358489],[-41.231851,-12.361882],[-41.231174,-12.364832],[-41.230533,-12.367428],[-41.230171,-12.370361],[-41.230145,-12.371098],[-41.230079,-12.372301],[-41.230052,-12.372889],[-41.229915,-12.375032],[-41.229764,-12.376819],[-41.229842,-12.379881],[-41.229872,-12.385286],[-41.229797,-12.387153],[-41.229688,-12.3895],[-41.229686,-12.389546],[-41.229683,-12.389603],[-41.229668,-12.389895],[-41.229655,-12.390139],[-41.229301,-12.3958],[-41.229144,-12.397868],[-41.227736,-12.402505],[-41.225684,-12.409018],[-41.222794,-12.412259],[-41.221937,-12.416564],[-41.221856,-12.418781],[-41.223191,-12.423348],[-41.2235,-12.42425],[-41.22422,-12.426262],[-41.22475,-12.427674],[-41.225055,-12.428456],[-41.225549,-12.429674],[-41.225893,-12.430493],[-41.230951,-12.442308],[-41.233778,-12.448681],[-41.234386,-12.449986],[-41.234918,-12.451086],[-41.23541,-12.452066],[-41.235736,-12.452694],[-41.239607,-12.45993],[-41.239391,-12.4612],[-41.237155,-12.475119],[-41.237034,-12.475927],[-41.236927,-12.476728],[-41.238349,-12.482171],[-41.238419,-12.482429],[-41.238524,-12.482807],[-41.240089,-12.488322],[-41.240235,-12.488896],[-41.243092,-12.499761],[-41.236427,-12.505085],[-41.236386,-12.505118],[-41.2353,-12.506003],[-41.224535,-12.514869],[-41.208778,-12.515775],[-41.199781,-12.516292],[-41.199658,-12.516042],[-41.199106,-12.514779],[-41.198726,-12.513803],[-41.198293,-12.512588],[-41.198177,-12.512237],[-41.198094,-12.511966],[-41.19793,-12.511388],[-41.197716,-12.510485],[-41.19762,-12.51004],[-41.19729,-12.509296],[-41.197282,-12.509272],[-41.196698,-12.507909],[-41.196591,-12.507641],[-41.196343,-12.507115],[-41.196059,-12.506419],[-41.195875,-12.506028],[-41.195635,-12.505421],[-41.195294,-12.504697],[-41.195036,-12.50405],[-41.194691,-12.50331],[-41.194505,-12.502826],[-41.19416,-12.502078],[-41.194008,-12.501667],[-41.19363,-12.500839],[-41.193276,-12.499929],[-41.192993,-12.499112],[-41.192884,-12.498719],[-41.192903,-12.498722],[-41.19309,-12.498736],[-41.193279,-12.498737],[-41.19347,-12.498724],[-41.193666,-12.498698],[-41.193869,-12.49866],[-41.19408,-12.49861],[-41.194296,-12.498555],[-41.194515,-12.498496],[-41.194734,-12.498434],[-41.194954,-12.498371],[-41.195178,-12.498309],[-41.195405,-12.498246],[-41.195635,-12.498184],[-41.195866,-12.498121],[-41.196097,-12.498059],[-41.196326,-12.497998],[-41.196554,-12.497935],[-41.196778,-12.497875],[-41.196994,-12.497817],[-41.197202,-12.497763],[-41.197405,-12.497712],[-41.1976,-12.497668],[-41.197792,-12.497636],[-41.197981,-12.49762],[-41.19817,-12.497623],[-41.198357,-12.497641],[-41.198542,-12.497674],[-41.198723,-12.497726],[-41.1989,-12.497794],[-41.199067,-12.497878],[-41.199222,-12.497979],[-41.199371,-12.498096],[-41.199517,-12.498229],[-41.199662,-12.498375],[-41.199809,-12.498534],[-41.19996,-12.498701],[-41.200114,-12.498875],[-41.200271,-12.499051],[-41.200431,-12.499228],[-41.200592,-12.499408],[-41.200754,-12.49959],[-41.200918,-12.499774],[-41.201084,-12.49996],[-41.201252,-12.500147],[-41.201419,-12.500335],[-41.201586,-12.500523],[-41.201753,-12.50071],[-41.201917,-12.500893],[-41.20208,-12.501072],[-41.202241,-12.501248],[-41.202399,-12.501422],[-41.202554,-12.501594],[-41.202702,-12.501759],[-41.202846,-12.501918],[-41.202989,-12.502072],[-41.203134,-12.502219],[-41.203282,-12.502361],[-41.203436,-12.502501],[-41.203597,-12.50264],[-41.203764,-12.502778],[-41.203939,-12.502913],[-41.20412,-12.503045],[-41.204308,-12.50317],[-41.204498,-12.50329],[-41.204693,-12.503406],[-41.204893,-12.503518],[-41.205101,-12.503629],[-41.205317,-12.503738],[-41.20554,-12.503847],[-41.205768,-12.503957],[-41.205998,-12.50407],[-41.206229,-12.504184],[-41.206455,-12.504298],[-41.206677,-12.504408],[-41.206777,-12.504458],[-41.206957,-12.503621],[-41.207027,-12.503189],[-41.207048,-12.502758],[-41.206988,-12.502331],[-41.206893,-12.502075],[-41.206633,-12.501802],[-41.206393,-12.501519],[-41.206156,-12.500778],[-41.206079,-12.500316],[-41.20573,-12.499055],[-41.205644,-12.498172],[-41.20556,-12.49748],[-41.205315,-12.49629],[-41.205073,-12.495484],[-41.204598,-12.494911],[-41.204201,-12.494376],[-41.203689,-12.494072],[-41.203295,-12.493921],[-41.20263,-12.493927],[-41.202006,-12.494317],[-41.20174,-12.495357],[-41.201628,-12.496012],[-41.201005,-12.49644],[-41.20026,-12.496447],[-41.19955,-12.495991],[-41.199194,-12.495571],[-41.198682,-12.495305],[-41.197934,-12.495094],[-41.197345,-12.494906],[-41.196833,-12.494641],[-41.196358,-12.494145],[-41.19604,-12.493609],[-41.195837,-12.492842],[-41.196027,-12.492032],[-41.196179,-12.491492],[-41.196566,-12.490951],[-41.197191,-12.490676],[-41.19766,-12.490558],[-41.198404,-12.490436],[-41.199303,-12.490159],[-41.199887,-12.489578],[-41.20031,-12.488728],[-41.200459,-12.487727],[-41.200412,-12.486881],[-41.200013,-12.485999],[-41.199655,-12.485387],[-41.199374,-12.484658],[-41.199485,-12.483745],[-41.200344,-12.483315],[-41.200811,-12.482965],[-41.200847,-12.48258],[-41.200687,-12.482312],[-41.200254,-12.482047],[-41.200057,-12.481933],[-41.199544,-12.481552],[-41.199386,-12.481323],[-41.199344,-12.481015],[-41.199302,-12.480593],[-41.199608,-12.479821],[-41.200115,-12.479394],[-41.200856,-12.479119],[-41.201954,-12.479033],[-41.202539,-12.478797],[-41.20324,-12.478252],[-41.203433,-12.477905],[-41.203665,-12.477519],[-41.204016,-12.477323],[-41.204446,-12.477243],[-41.204601,-12.476973],[-41.2046,-12.476857],[-41.204164,-12.476245],[-41.203531,-12.475596],[-41.202544,-12.474681],[-41.202067,-12.473993],[-41.201747,-12.473226],[-41.201509,-12.472881],[-41.200878,-12.472348],[-41.199771,-12.471281],[-41.1992,-12.470715],[-41.198607,-12.470219],[-41.198131,-12.469531],[-41.198049,-12.469032],[-41.198002,-12.468109],[-41.198035,-12.467339],[-41.197951,-12.466763],[-41.197633,-12.466112],[-41.197316,-12.465768],[-41.196726,-12.465581],[-41.196372,-12.465391],[-41.196094,-12.46497],[-41.195817,-12.464626],[-41.195109,-12.464402],[-41.194634,-12.463867],[-41.194316,-12.463331],[-41.194079,-12.463025],[-41.193686,-12.462836],[-41.193096,-12.462763],[-41.192237,-12.46304],[-41.191496,-12.46347],[-41.190873,-12.463974],[-41.190367,-12.464363],[-41.189429,-12.464755],[-41.188761,-12.464607],[-41.187975,-12.464267],[-41.18695,-12.463544],[-41.186356,-12.462818],[-41.185762,-12.462207],[-41.185237,-12.461267],[-41.184603,-12.460465],[-41.184051,-12.460084],[-41.183264,-12.459667],[-41.182632,-12.459173],[-41.181962,-12.458563],[-41.181563,-12.457874],[-41.181321,-12.456991],[-41.181431,-12.456105],[-41.180992,-12.455071],[-41.18087,-12.454648],[-41.180671,-12.454265],[-41.180238,-12.454037],[-41.179923,-12.453886],[-41.179452,-12.453852],[-41.178944,-12.454048],[-41.178242,-12.454438],[-41.177554,-12.454754],[-41.176729,-12.454795],[-41.176211,-12.454698],[-41.175762,-12.454465],[-41.175415,-12.45413],[-41.175205,-12.453692],[-41.174995,-12.453254],[-41.17461,-12.452616],[-41.174191,-12.451876],[-41.173739,-12.451204],[-41.173046,-12.45077],[-41.172046,-12.450441],[-41.171422,-12.449939],[-41.171072,-12.449232],[-41.17068,-12.44837],[-41.170436,-12.448035],[-41.170158,-12.447801],[-41.169675,-12.447669],[-41.16923,-12.447808],[-41.169093,-12.447944],[-41.168648,-12.448184],[-41.168236,-12.448424],[-41.16803,-12.448392],[-41.167616,-12.448226],[-41.167442,-12.448093],[-41.167028,-12.448062],[-41.165995,-12.447935],[-41.165478,-12.447838],[-41.165132,-12.447604],[-41.164957,-12.447302],[-41.164852,-12.447032],[-41.164848,-12.446593],[-41.164982,-12.446186],[-41.165253,-12.445712],[-41.165699,-12.445404],[-41.166281,-12.445062],[-41.166967,-12.444785],[-41.167652,-12.444443],[-41.167822,-12.444035],[-41.167749,-12.443597],[-41.167576,-12.443497],[-41.167299,-12.443297],[-41.166988,-12.443231],[-41.166471,-12.4431],[-41.166333,-12.443],[-41.166227,-12.442663],[-41.166258,-12.442291],[-41.166461,-12.441817],[-41.166865,-12.441217],[-41.167033,-12.440743],[-41.167303,-12.440133],[-41.167297,-12.439457],[-41.167051,-12.438852],[-41.166527,-12.437875],[-41.166145,-12.437406],[-41.165761,-12.436868],[-41.16524,-12.436163],[-41.164577,-12.435189],[-41.164122,-12.434213],[-41.164048,-12.433605],[-41.16369,-12.43238],[-41.163746,-12.430758],[-41.163809,-12.430217],[-41.164115,-12.429775],[-41.164974,-12.429532],[-41.165696,-12.429425],[-41.166177,-12.42932],[-41.166449,-12.428811],[-41.166519,-12.428426],[-41.166478,-12.427649],[-41.166323,-12.425691],[-41.166071,-12.424274],[-41.165618,-12.423534],[-41.165374,-12.423198],[-41.165065,-12.423235],[-41.164722,-12.42344],[-41.164277,-12.423714],[-41.163868,-12.424156],[-41.163488,-12.424683],[-41.163009,-12.425059],[-41.162701,-12.425331],[-41.161707,-12.425745],[-41.160986,-12.425953],[-41.160162,-12.426095],[-41.159506,-12.426033],[-41.159264,-12.425899],[-41.159125,-12.42563],[-41.159018,-12.42526],[-41.159119,-12.424853],[-41.159287,-12.424447],[-41.15949,-12.424006],[-41.159556,-12.423735],[-41.159551,-12.423059],[-41.159375,-12.422621],[-41.159304,-12.422318],[-41.159232,-12.421981],[-41.15947,-12.421675],[-41.160054,-12.421366],[-41.160533,-12.421092],[-41.160977,-12.420751],[-41.161113,-12.420446],[-41.161109,-12.420074],[-41.161067,-12.419061],[-41.161026,-12.418352],[-41.161365,-12.417673],[-41.161707,-12.4174],[-41.162083,-12.417093],[-41.162597,-12.416819],[-41.163558,-12.416473],[-41.163937,-12.416572],[-41.16418,-12.41684],[-41.164459,-12.417244],[-41.164774,-12.41795],[-41.164881,-12.418354],[-41.165125,-12.418758],[-41.165541,-12.419093],[-41.165716,-12.419463],[-41.165994,-12.419731],[-41.166545,-12.419861],[-41.167164,-12.419688],[-41.167334,-12.419483],[-41.167607,-12.419178],[-41.16774,-12.41867],[-41.167704,-12.4184],[-41.167597,-12.417928],[-41.167178,-12.417289],[-41.166814,-12.416962],[-41.166133,-12.416031],[-41.165707,-12.415402],[-41.165335,-12.414524],[-41.164989,-12.41337],[-41.164815,-12.412656],[-41.164585,-12.411914],[-41.164441,-12.41153],[-41.164187,-12.411257],[-41.163819,-12.410984],[-41.163539,-12.410932],[-41.162757,-12.411378],[-41.162592,-12.411793],[-41.162483,-12.412151],[-41.162377,-12.41295],[-41.16216,-12.413833],[-41.161885,-12.414441],[-41.161718,-12.414608],[-41.161382,-12.41472],[-41.160989,-12.414613],[-41.16068,-12.41445],[-41.160144,-12.414125],[-41.159498,-12.414047],[-41.158908,-12.413969],[-41.158263,-12.413891],[-41.157391,-12.413624],[-41.156883,-12.413242],[-41.156854,-12.413022],[-41.156851,-12.41272],[-41.157073,-12.41236],[-41.157477,-12.411762],[-41.157699,-12.411458],[-41.157947,-12.41085],[-41.157886,-12.410327],[-41.157741,-12.409778],[-41.157315,-12.409066],[-41.156638,-12.40852],[-41.15585,-12.408168],[-41.15554,-12.40806],[-41.155176,-12.408063],[-41.154194,-12.408126],[-41.153383,-12.408353],[-41.15288,-12.408495],[-41.152234,-12.408528],[-41.151168,-12.408426],[-41.150296,-12.408157],[-41.149479,-12.407641],[-41.148577,-12.407125],[-41.147702,-12.406499],[-41.147419,-12.406088],[-41.147446,-12.405895],[-41.147526,-12.405454],[-41.147636,-12.405233],[-41.148137,-12.404734],[-41.148471,-12.40419],[-41.148662,-12.403528],[-41.14863,-12.403088],[-41.148903,-12.402149],[-41.149265,-12.401789],[-41.149543,-12.401566],[-41.150046,-12.401342],[-41.15055,-12.4012],[-41.150999,-12.401225],[-41.151532,-12.401413],[-41.151985,-12.401822],[-41.152523,-12.402423],[-41.15278,-12.402918],[-41.153201,-12.403107],[-41.153649,-12.402965],[-41.153872,-12.402799],[-41.154289,-12.402382],[-41.154538,-12.401912],[-41.154755,-12.401084],[-41.154807,-12.400589],[-41.154804,-12.400203],[-41.15469,-12.400039],[-41.154408,-12.399821],[-41.154268,-12.399712],[-41.153565,-12.39958],[-41.152639,-12.399477],[-41.15174,-12.399292],[-41.150867,-12.398886],[-41.150501,-12.39875],[-41.14994,-12.398673],[-41.149604,-12.398758],[-41.149156,-12.398899],[-41.148795,-12.399205],[-41.148069,-12.399596],[-41.147397,-12.399711],[-41.147172,-12.399658],[-41.147115,-12.399493],[-41.147112,-12.399218],[-41.14725,-12.398942],[-41.147557,-12.398747],[-41.147808,-12.398579],[-41.148002,-12.398248],[-41.148,-12.398054],[-41.147858,-12.397918],[-41.147409,-12.397812],[-41.146372,-12.397903],[-41.145121,-12.397713],[-41.144633,-12.39743],[-41.144386,-12.397049],[-41.144188,-12.396621],[-41.144071,-12.395624],[-41.144102,-12.394938],[-41.144248,-12.394307],[-41.144425,-12.394107],[-41.144844,-12.393479],[-41.145558,-12.393033],[-41.146123,-12.392677],[-41.147047,-12.392347],[-41.147524,-12.392226],[-41.148062,-12.392221],[-41.14854,-12.392276],[-41.1489,-12.392361],[-41.14929,-12.392534],[-41.149559,-12.39262],[-41.149739,-12.392736],[-41.150069,-12.392821],[-41.150576,-12.39267],[-41.150904,-12.392609],[-41.151081,-12.392374],[-41.151139,-12.392138],[-41.151165,-12.391551],[-41.15122,-12.391022],[-41.151154,-12.39029],[-41.151121,-12.389938],[-41.151358,-12.389613],[-41.151595,-12.389406],[-41.151952,-12.389256],[-41.152275,-12.389276],[-41.152975,-12.389414],[-41.154307,-12.389531],[-41.155852,-12.389726],[-41.157053,-12.389637],[-41.157848,-12.389455],[-41.157977,-12.389422],[-41.158284,-12.389165],[-41.158541,-12.388924],[-41.158734,-12.388651],[-41.158748,-12.388363],[-41.15875,-12.388159],[-41.158682,-12.38791],[-41.158532,-12.387201],[-41.158487,-12.386987],[-41.158448,-12.386805],[-41.158597,-12.386],[-41.148584,-12.376354],[-41.06276,-12.284938],[-41.061353,-12.265316],[-40.98349,-12.262608],[-40.985818,-12.261344],[-40.987246,-12.258964],[-40.987817,-12.254967],[-40.988673,-12.253349],[-40.990482,-12.252492],[-40.992706,-12.25154],[-40.99484,-12.2518],[-40.996751,-12.252432],[-40.997941,-12.25273],[-40.999666,-12.25267],[-40.999771,-12.252601],[-41.001021,-12.253942],[-41.005693,-12.254234],[-41.008659,-12.254366],[-41.01213,-12.254247],[-41.015496,-12.254066],[-41.016829,-12.253972],[-41.018329,-12.253845],[-41.018948,-12.253766],[-41.020201,-12.253566],[-41.021802,-12.253246],[-41.02928,-12.242372],[-41.025092,-12.22753],[-41.026614,-12.226913],[-41.029172,-12.224771],[-41.030778,-12.221975],[-41.032146,-12.220012],[-41.0328,-12.21799],[-41.034169,-12.214718],[-41.034763,-12.213112],[-41.036251,-12.21216],[-41.038689,-12.211922],[-41.040772,-12.211149],[-41.041366,-12.209305],[-41.040772,-12.207699],[-41.040355,-12.206271],[-41.040437,-12.205317],[-41.041514,-12.204602],[-41.04153,-12.204577],[-41.041546,-12.204554],[-41.041563,-12.204528],[-41.04158,-12.204503],[-41.041598,-12.20448],[-41.041616,-12.204455],[-41.041634,-12.204429],[-41.041652,-12.204403],[-41.04167,-12.204375],[-41.041687,-12.204344],[-41.041702,-12.204312],[-41.041716,-12.204282],[-41.041728,-12.204258],[-41.041738,-12.204244],[-41.041738,-12.204244],[-41.041743,-12.204241],[-41.041754,-12.204232],[-41.041771,-12.204219],[-41.041795,-12.204202],[-41.041825,-12.204184],[-41.04186,-12.204168],[-41.041898,-12.204152],[-41.041941,-12.204136],[-41.041989,-12.204117],[-41.042042,-12.204095],[-41.042099,-12.204073],[-41.042159,-12.204052],[-41.042221,-12.20403],[-41.042281,-12.204005],[-41.04234,-12.203977],[-41.042397,-12.203947],[-41.042452,-12.203915],[-41.042504,-12.203879],[-41.042553,-12.203838],[-41.042599,-12.203791],[-41.042642,-12.203737],[-41.04268,-12.20368],[-41.042718,-12.203622],[-41.042756,-12.203563],[-41.042793,-12.203504],[-41.042831,-12.203443],[-41.042871,-12.203383],[-41.042913,-12.203325],[-41.042958,-12.203268],[-41.043005,-12.203215],[-41.043053,-12.203165],[-41.043101,-12.203119],[-41.043148,-12.203073],[-41.043192,-12.203023],[-41.043238,-12.202972],[-41.04329,-12.202925],[-41.043344,-12.202879],[-41.043398,-12.202828],[-41.043452,-12.202776],[-41.043505,-12.202722],[-41.043557,-12.202666],[-41.043612,-12.202608],[-41.043666,-12.20255],[-41.04372,-12.202491],[-41.043773,-12.20243],[-41.043828,-12.202368],[-41.043884,-12.202306],[-41.043942,-12.202244],[-41.044,-12.20218],[-41.044061,-12.202116],[-41.044122,-12.202053],[-41.044184,-12.201992],[-41.044244,-12.201933],[-41.044303,-12.201877],[-41.044358,-12.201824],[-41.044407,-12.201774],[-41.044453,-12.201728],[-41.044502,-12.201681],[-41.04455,-12.201633],[-41.044593,-12.201592],[-41.04463,-12.201558],[-41.044665,-12.201524],[-41.044698,-12.201491],[-41.044725,-12.201461],[-41.044743,-12.201436],[-41.044754,-12.201418],[-41.044758,-12.201409],[-41.044759,-12.201409],[-41.04476,-12.201409],[-41.04476,-12.201408],[-41.044762,-12.2014],[-41.044766,-12.201383],[-41.044768,-12.201361],[-41.044767,-12.201335],[-41.044761,-12.201305],[-41.044753,-12.201271],[-41.044745,-12.201236],[-41.044736,-12.201199],[-41.044727,-12.201162],[-41.044719,-12.201129],[-41.04471,-12.201098],[-41.044701,-12.201068],[-41.044692,-12.201039],[-41.044683,-12.201011],[-41.044674,-12.200983],[-41.044665,-12.200956],[-41.044655,-12.200929],[-41.044646,-12.200902],[-41.044637,-12.200876],[-41.044627,-12.20085],[-41.044616,-12.200826],[-41.044603,-12.200803],[-41.04459,-12.200777],[-41.044578,-12.200752],[-41.044566,-12.200729],[-41.044554,-12.200706],[-41.044541,-12.200684],[-41.044528,-12.200666],[-41.044515,-12.200649],[-41.044505,-12.200637],[-41.044504,-12.200634],[-41.044497,-12.200625],[-41.044486,-12.200612],[-41.044471,-12.200596],[-41.044454,-12.200578],[-41.044438,-12.20056],[-41.044427,-12.200549],[-41.044424,-12.200547],[-41.044414,-12.200539],[-41.044398,-12.200524],[-41.044377,-12.200501],[-41.044352,-12.200475],[-41.044323,-12.200451],[-41.04429,-12.200426],[-41.044258,-12.200403],[-41.044229,-12.200383],[-41.044203,-12.200365],[-41.044174,-12.200343],[-41.044142,-12.200314],[-41.044112,-12.200277],[-41.044082,-12.200234],[-41.044053,-12.200187],[-41.044027,-12.200136],[-41.044003,-12.200087],[-41.043982,-12.200043],[-41.043961,-12.200007],[-41.043934,-12.199971],[-41.043906,-12.19993],[-41.043881,-12.19989],[-41.043859,-12.199853],[-41.043842,-12.199819],[-41.043828,-12.199786],[-41.043814,-12.199753],[-41.043803,-12.199718],[-41.043797,-12.199679],[-41.043797,-12.199632],[-41.043802,-12.199581],[-41.043808,-12.199527],[-41.04381,-12.19947],[-41.04381,-12.199409],[-41.043807,-12.199347],[-41.043803,-12.199283],[-41.043802,-12.19922],[-41.043805,-12.19916],[-41.043812,-12.199103],[-41.04382,-12.199047],[-41.04383,-12.19899],[-41.043839,-12.198935],[-41.043851,-12.198879],[-41.043865,-12.198824],[-41.043881,-12.198769],[-41.043897,-12.198717],[-41.043914,-12.198668],[-41.04393,-12.198625],[-41.043943,-12.198583],[-41.043956,-12.198543],[-41.043971,-12.198509],[-41.043987,-12.198479],[-41.044007,-12.198453],[-41.044028,-12.19843],[-41.044048,-12.19841],[-41.044067,-12.198392],[-41.044085,-12.198376],[-41.044097,-12.198363],[-41.044103,-12.198357],[-41.044108,-12.198353],[-41.044118,-12.198343],[-41.044131,-12.19833],[-41.044147,-12.198315],[-41.044163,-12.198297],[-41.044179,-12.19828],[-41.044191,-12.198267],[-41.044193,-12.198265],[-41.044206,-12.198253],[-41.044236,-12.198227],[-41.044275,-12.198193],[-41.044317,-12.198154],[-41.04436,-12.198109],[-41.044404,-12.198064],[-41.044449,-12.198022],[-41.044496,-12.197982],[-41.044541,-12.197945],[-41.044585,-12.197914],[-41.044627,-12.197888],[-41.044669,-12.197864],[-41.044715,-12.197839],[-41.044766,-12.197813],[-41.044821,-12.197783],[-41.044875,-12.197753],[-41.044925,-12.197725],[-41.044971,-12.1977],[-41.04501,-12.19768],[-41.045045,-12.197662],[-41.045083,-12.197644],[-41.045127,-12.197625],[-41.045175,-12.197605],[-41.045223,-12.197583],[-41.045273,-12.197559],[-41.04532,-12.197535],[-41.045365,-12.197516],[-41.045407,-12.197502],[-41.045444,-12.197494],[-41.045473,-12.197487],[-41.045498,-12.19748],[-41.045529,-12.19747],[-41.045571,-12.197457],[-41.04562,-12.197441],[-41.045668,-12.197426],[-41.045711,-12.197412],[-41.045746,-12.197401],[-41.045778,-12.19739],[-41.045809,-12.197377],[-41.045838,-12.197362],[-41.045865,-12.197342],[-41.045889,-12.197319],[-41.045909,-12.197291],[-41.045923,-12.197261],[-41.045932,-12.19723],[-41.045938,-12.197196],[-41.045945,-12.197158],[-41.04595,-12.197117],[-41.045956,-12.197074],[-41.045964,-12.19703],[-41.045971,-12.196984],[-41.045977,-12.196937],[-41.045983,-12.196888],[-41.045989,-12.196841],[-41.045994,-12.196796],[-41.046,-12.196755],[-41.046007,-12.196718],[-41.046014,-12.196682],[-41.046019,-12.196645],[-41.046027,-12.196607],[-41.046034,-12.196568],[-41.04604,-12.196526],[-41.046046,-12.196482],[-41.046055,-12.196438],[-41.046066,-12.196395],[-41.046075,-12.196351],[-41.046082,-12.196306],[-41.046088,-12.196257],[-41.046091,-12.196206],[-41.046093,-12.196154],[-41.046093,-12.196103],[-41.046089,-12.196055],[-41.046082,-12.196009],[-41.046076,-12.19596],[-41.046072,-12.195906],[-41.046075,-12.195848],[-41.046079,-12.195787],[-41.046078,-12.195722],[-41.046072,-12.195656],[-41.046067,-12.195589],[-41.046068,-12.19552],[-41.046072,-12.19545],[-41.046075,-12.195381],[-41.04608,-12.195314],[-41.046083,-12.19525],[-41.046082,-12.195188],[-41.046078,-12.195128],[-41.046071,-12.195071],[-41.046065,-12.195018],[-41.046056,-12.194963],[-41.04604,-12.19491],[-41.046019,-12.194857],[-41.046002,-12.1948],[-41.045991,-12.19474],[-41.045986,-12.194678],[-41.04599,-12.194615],[-41.046,-12.19455],[-41.046017,-12.194486],[-41.046036,-12.194425],[-41.046053,-12.194368],[-41.046064,-12.19432],[-41.046072,-12.194279],[-41.046076,-12.194242],[-41.046079,-12.19421],[-41.04608,-12.194185],[-41.04608,-12.194172],[-41.04608,-12.194166],[-41.04608,-12.194147],[-41.046078,-12.194118],[-41.046076,-12.194085],[-41.046078,-12.194056],[-41.046081,-12.194036],[-41.046081,-12.194028],[-41.046081,-12.194002],[-41.046083,-12.193954],[-41.046085,-12.193888],[-41.046087,-12.193812],[-41.046089,-12.19373],[-41.046093,-12.193643],[-41.046097,-12.193551],[-41.046101,-12.193454],[-41.046106,-12.193353],[-41.046114,-12.193248],[-41.046124,-12.193146],[-41.046136,-12.193046],[-41.04615,-12.192947],[-41.046166,-12.192846],[-41.046184,-12.192742],[-41.046203,-12.192637],[-41.046221,-12.19253],[-41.046239,-12.192424],[-41.046257,-12.192318],[-41.046276,-12.192212],[-41.046296,-12.192108],[-41.046316,-12.192005],[-41.046336,-12.191903],[-41.046354,-12.191802],[-41.046369,-12.191702],[-41.046385,-12.191605],[-41.046402,-12.191512],[-41.04642,-12.191422],[-41.046438,-12.191336],[-41.046455,-12.19125],[-41.046472,-12.191163],[-41.046488,-12.191078],[-41.046504,-12.190994],[-41.046518,-12.190912],[-41.046529,-12.19083],[-41.046536,-12.190746],[-41.046531,-12.190659],[-41.046514,-12.190573],[-41.046489,-12.190487],[-41.046464,-12.190402],[-41.046439,-12.190316],[-41.046415,-12.190233],[-41.04639,-12.190155],[-41.046363,-12.190081],[-41.046335,-12.190012],[-41.046302,-12.189942],[-41.046268,-12.18987],[-41.046233,-12.1898],[-41.046194,-12.189736],[-41.046152,-12.189679],[-41.04611,-12.189629],[-41.046069,-12.189588],[-41.046033,-12.189556],[-41.046003,-12.189529],[-41.045972,-12.189501],[-41.045942,-12.189474],[-41.045919,-12.189451],[-41.045904,-12.189437],[-41.0459,-12.189435],[-41.045889,-12.189425],[-41.045872,-12.189411],[-41.045853,-12.189393],[-41.045834,-12.189376],[-41.04582,-12.189364],[-41.045812,-12.189364],[-41.045802,-12.189357],[-41.045779,-12.189336],[-41.045752,-12.189299],[-41.045737,-12.189249],[-41.045741,-12.189192],[-41.045761,-12.189133],[-41.045789,-12.189075],[-41.045816,-12.189019],[-41.045841,-12.188967],[-41.045863,-12.188922],[-41.045881,-12.188885],[-41.045895,-12.188859],[-41.045906,-12.188838],[-41.04592,-12.188811],[-41.045942,-12.188769],[-41.04597,-12.188714],[-41.046,-12.188654],[-41.04603,-12.188593],[-41.046058,-12.188531],[-41.046087,-12.188469],[-41.046116,-12.188407],[-41.046144,-12.188344],[-41.046173,-12.188281],[-41.046203,-12.188219],[-41.046232,-12.188159],[-41.046259,-12.1881],[-41.046284,-12.18804],[-41.046307,-12.187983],[-41.046331,-12.187929],[-41.04636,-12.187879],[-41.046393,-12.187824],[-41.046428,-12.187766],[-41.046464,-12.187707],[-41.046504,-12.187646],[-41.046544,-12.187584],[-41.046584,-12.187519],[-41.046621,-12.187455],[-41.046655,-12.18739],[-41.046685,-12.187325],[-41.04671,-12.18726],[-41.046735,-12.187194],[-41.04676,-12.187125],[-41.046788,-12.187055],[-41.046817,-12.186983],[-41.046848,-12.186912],[-41.046878,-12.18684],[-41.046907,-12.186768],[-41.046933,-12.186695],[-41.046958,-12.186624],[-41.046979,-12.186556],[-41.047001,-12.186494],[-41.047022,-12.186434],[-41.047042,-12.186372],[-41.047059,-12.186308],[-41.047076,-12.186242],[-41.047095,-12.186176],[-41.047117,-12.186112],[-41.047141,-12.186048],[-41.047166,-12.185985],[-41.047188,-12.185924],[-41.047206,-12.185866],[-41.047218,-12.185813],[-41.047226,-12.185762],[-41.047235,-12.18571],[-41.047246,-12.185653],[-41.047258,-12.185596],[-41.047269,-12.185539],[-41.047281,-12.185481],[-41.047294,-12.185423],[-41.047307,-12.185361],[-41.047315,-12.185296],[-41.04732,-12.185231],[-41.047326,-12.185165],[-41.047332,-12.185102],[-41.047339,-12.185038],[-41.047345,-12.184973],[-41.047351,-12.184905],[-41.04736,-12.184835],[-41.047376,-12.184763],[-41.047399,-12.184697],[-41.04743,-12.184638],[-41.047463,-12.184584],[-41.047499,-12.184535],[-41.047534,-12.184487],[-41.047572,-12.184439],[-41.047615,-12.184392],[-41.047659,-12.184344],[-41.0477,-12.184297],[-41.047737,-12.184252],[-41.04777,-12.184209],[-41.047799,-12.184171],[-41.047825,-12.18414],[-41.04785,-12.184113],[-41.047872,-12.184092],[-41.047884,-12.184082],[-41.047887,-12.184079],[-41.047886,-12.18408],[-41.047885,-12.184081],[-41.047885,-12.184082],[-41.047885,-12.184083],[-41.047886,-12.184083],[-41.047886,-12.184084],[-41.047887,-12.184085],[-41.047887,-12.184086],[-41.047887,-12.184087],[-41.047887,-12.184087],[-41.047886,-12.184088],[-41.047886,-12.184089],[-41.047887,-12.18409],[-41.047888,-12.184091],[-41.047889,-12.184091],[-41.04789,-12.184092],[-41.04789,-12.184092],[-41.047889,-12.184094],[-41.047886,-12.184096],[-41.047884,-12.184098],[-41.047885,-12.184098],[-41.047888,-12.184097],[-41.047898,-12.18409],[-41.047923,-12.184073],[-41.047959,-12.18405],[-41.048002,-12.184028],[-41.048052,-12.184004],[-41.048108,-12.183975],[-41.048163,-12.183938],[-41.048214,-12.183897],[-41.048261,-12.183852],[-41.048302,-12.183804],[-41.048337,-12.183754],[-41.048366,-12.183705],[-41.048388,-12.18366],[-41.048402,-12.183623],[-41.048411,-12.183591],[-41.048417,-12.183561],[-41.048421,-12.183536],[-41.048425,-12.18351],[-41.048434,-12.183466],[-41.048451,-12.183402],[-41.048473,-12.18333],[-41.0485,-12.183259],[-41.048532,-12.18319],[-41.048564,-12.183121],[-41.048593,-12.18305],[-41.048617,-12.182981],[-41.048636,-12.182918],[-41.048646,-12.182858],[-41.048653,-12.182801],[-41.048671,-12.18275],[-41.048698,-12.182695],[-41.048725,-12.182634],[-41.048749,-12.182566],[-41.048771,-12.18249],[-41.048794,-12.182407],[-41.04882,-12.182322],[-41.04885,-12.182236],[-41.048886,-12.182152],[-41.048923,-12.182068],[-41.04896,-12.181988],[-41.048996,-12.181909],[-41.049029,-12.181831],[-41.049055,-12.181755],[-41.049068,-12.181684],[-41.049069,-12.181617],[-41.049058,-12.181553],[-41.04904,-12.18149],[-41.049021,-12.181423],[-41.049,-12.181356],[-41.048972,-12.181293],[-41.048938,-12.181234],[-41.048892,-12.18118],[-41.048834,-12.181127],[-41.048767,-12.181079],[-41.048695,-12.181037],[-41.048623,-12.180999],[-41.048555,-12.180963],[-41.048496,-12.180925],[-41.048445,-12.180883],[-41.048405,-12.180834],[-41.048375,-12.180782],[-41.048353,-12.180723],[-41.048341,-12.180659],[-41.048341,-12.180589],[-41.048351,-12.180516],[-41.048364,-12.180442],[-41.04837,-12.180367],[-41.048367,-12.180289],[-41.04835,-12.180212],[-41.04832,-12.180139],[-41.04828,-12.180074],[-41.048236,-12.180014],[-41.048196,-12.179957],[-41.048165,-12.179898],[-41.048145,-12.179833],[-41.048133,-12.179763],[-41.048123,-12.179688],[-41.04811,-12.179611],[-41.048095,-12.179534],[-41.048079,-12.179457],[-41.048064,-12.179382],[-41.048049,-12.179309],[-41.048032,-12.179237],[-41.048018,-12.179166],[-41.048012,-12.179098],[-41.048014,-12.179031],[-41.048025,-12.178966],[-41.048043,-12.178904],[-41.048067,-12.17885],[-41.048088,-12.178804],[-41.048106,-12.178767],[-41.048123,-12.178729],[-41.048138,-12.178695],[-41.048148,-12.178672],[-41.048152,-12.178663],[-41.048153,-12.17866],[-41.048153,-12.178658],[-41.048192,-12.178437],[-41.048243,-12.178296],[-41.04825,-12.17814],[-41.048214,-12.177971],[-41.048181,-12.177785],[-41.048018,-12.177514],[-41.047899,-12.177266],[-41.047764,-12.176908],[-41.047658,-12.176591],[-41.047628,-12.176522],[-41.047595,-12.176443],[-41.047561,-12.176361],[-41.047526,-12.176277],[-41.047491,-12.176191],[-41.047455,-12.176104],[-41.047419,-12.176015],[-41.047383,-12.175927],[-41.047347,-12.175839],[-41.047311,-12.175752],[-41.047277,-12.175666],[-41.047246,-12.175586],[-41.047217,-12.175512],[-41.047191,-12.175446],[-41.047168,-12.175388],[-41.047143,-12.175333],[-41.047114,-12.175275],[-41.047081,-12.175208],[-41.047044,-12.17513],[-41.047006,-12.175047],[-41.04697,-12.174964],[-41.046938,-12.174877],[-41.046911,-12.174787],[-41.046881,-12.174697],[-41.046843,-12.174611],[-41.046794,-12.17453],[-41.046737,-12.174454],[-41.046674,-12.174378],[-41.046608,-12.174302],[-41.046535,-12.174226],[-41.046453,-12.174154],[-41.046365,-12.174085],[-41.046276,-12.174016],[-41.046186,-12.173946],[-41.046098,-12.173875],[-41.046011,-12.173803],[-41.045926,-12.173728],[-41.045843,-12.173652],[-41.045761,-12.173578],[-41.045678,-12.173503],[-41.045595,-12.173428],[-41.04551,-12.173356],[-41.045428,-12.17328],[-41.045357,-12.173199],[-41.045299,-12.173112],[-41.045252,-12.173019],[-41.045217,-12.172924],[-41.045196,-12.172829],[-41.045195,-12.172732],[-41.045217,-12.172634],[-41.04525,-12.172533],[-41.045281,-12.172426],[-41.045309,-12.172315],[-41.045333,-12.172199],[-41.045355,-12.172081],[-41.045377,-12.171962],[-41.0454,-12.171844],[-41.045402,-12.171832],[-41.045681,-12.171687],[-41.045938,-12.171542],[-41.046993,-12.170902],[-41.0502,-12.16883],[-41.05095,-12.168378],[-41.051813,-12.167917],[-41.062824,-12.162555],[-41.069345,-12.163298],[-41.087339,-12.146445],[-41.088858,-12.145286],[-41.088864,-12.144096],[-41.088784,-12.143824],[-41.088413,-12.142688],[-41.088002,-12.141211],[-41.087784,-12.140409],[-41.087493,-12.13929],[-41.087182,-12.138032],[-41.084985,-12.128746],[-41.083173,-12.121086],[-41.082196,-12.119727],[-41.081907,-12.119238],[-41.081073,-12.118804],[-41.079448,-12.11801],[-41.07709,-12.116944],[-41.073946,-12.1157],[-41.073626,-12.115589],[-41.057788,-12.116071],[-41.052951,-12.117439],[-41.050833,-12.117957],[-41.045676,-12.11872],[-41.03984,-12.11944],[-41.03956,-12.119601],[-41.039485,-12.119647],[-41.035581,-12.122447],[-41.034109,-12.123657],[-41.034083,-12.123681],[-41.033932,-12.123785],[-41.033427,-12.124117],[-41.03325,-12.124227],[-41.032875,-12.124587],[-41.032057,-12.125325],[-41.031175,-12.126071],[-41.026975,-12.129401],[-41.025042,-12.130826],[-41.020472,-12.132467],[-41.01145,-12.136938],[-41.010782,-12.136598],[-41.009326,-12.136039],[-41.009042,-12.135984],[-41.008184,-12.13582],[-41.002086,-12.135235],[-41.001294,-12.135167],[-40.999261,-12.135062],[-40.990814,-12.139403],[-40.99014,-12.139817],[-40.990042,-12.13988],[-40.987896,-12.141366],[-40.972121,-12.129051],[-40.947148,-12.137321],[-40.947138,-12.137288],[-40.943904,-12.126488],[-40.941831,-12.124952],[-40.941591,-12.124972],[-40.941361,-12.124961],[-40.940997,-12.124948],[-40.913286,-12.129251],[-40.913971,-12.122502],[-40.914491,-12.118026],[-40.914547,-12.117621],[-40.914685,-12.116761],[-40.914912,-12.115529],[-40.915191,-12.114223],[-40.915562,-12.112775],[-40.916036,-12.111276],[-40.91638,-12.110391],[-40.916787,-12.109521],[-40.917288,-12.108617],[-40.917511,-12.108276],[-40.917881,-12.107802],[-40.918146,-12.107521],[-40.918326,-12.10729],[-40.918543,-12.107063],[-40.918952,-12.106537],[-40.918967,-12.106512],[-40.919086,-12.105617],[-40.919004,-12.104786],[-40.918734,-12.104091],[-40.91832,-12.103441],[-40.916719,-12.10191],[-40.915892,-12.100966],[-40.914751,-12.099477],[-40.912564,-12.096334],[-40.912564,-12.096334],[-40.912821,-12.095577],[-40.913872,-12.094734],[-40.913935,-12.094689],[-40.914297,-12.093993],[-40.914987,-12.092829],[-40.916555,-12.090508],[-40.918768,-12.087573],[-40.920166,-12.085884],[-40.927938,-12.082649],[-40.932427,-12.082615],[-40.934632,-12.083158],[-40.934758,-12.083135],[-40.935264,-12.083028],[-40.936186,-12.082813],[-40.937306,-12.082533],[-40.93809,-12.082323],[-40.938337,-12.082249],[-40.939065,-12.081911],[-40.941242,-12.081514],[-40.942707,-12.081183],[-40.942818,-12.081151],[-40.945674,-12.079891],[-40.947663,-12.079798],[-40.948698,-12.079768],[-40.949603,-12.079724],[-40.952098,-12.079744],[-40.952575,-12.079755],[-40.952667,-12.079762],[-40.95483,-12.078968],[-40.955815,-12.078571],[-40.956204,-12.078482],[-40.957369,-12.078247],[-40.959622,-12.077692],[-40.959883,-12.077634],[-40.959985,-12.077623],[-40.960848,-12.077492],[-40.962372,-12.077174],[-40.964078,-12.07671],[-40.965046,-12.076386],[-40.965095,-12.076367],[-40.965585,-12.076047],[-40.966771,-12.075196],[-40.970429,-12.072266],[-40.971344,-12.071457],[-40.971679,-12.071117],[-40.971787,-12.070479],[-40.971922,-12.069055],[-40.971953,-12.067748],[-40.971915,-12.066999],[-40.971798,-12.066586],[-40.971365,-12.065766],[-40.970531,-12.064466],[-40.969515,-12.063164],[-40.96628,-12.059906],[-40.966236,-12.059869],[-40.964341,-12.058162],[-40.964134,-12.057961],[-40.961586,-12.058227],[-40.960925,-12.058272],[-40.95821,-12.057186],[-40.950566,-12.056334],[-40.949123,-12.055104],[-40.945956,-12.052123],[-40.945412,-12.051559],[-40.944767,-12.050138],[-40.94437,-12.049405],[-40.944323,-12.049309],[-40.943807,-12.048306],[-40.942388,-12.046353],[-40.941872,-12.045585],[-40.941177,-12.044493],[-40.939807,-12.04157],[-40.938114,-12.037642],[-40.938107,-12.037037],[-40.938104,-12.036879],[-40.938125,-12.036616],[-40.941632,-12.031829],[-40.9495,-12.021296],[-40.950343,-12.01984],[-40.951827,-12.017208],[-40.952686,-12.015627],[-40.953091,-12.014882],[-40.953412,-12.014263],[-40.954349,-12.003893],[-40.943577,-11.995667],[-40.938181,-11.991036],[-40.933814,-11.986065],[-40.933398,-11.985579],[-40.941843,-11.94499],[-40.942402,-11.942146],[-40.942613,-11.941946],[-40.943515,-11.94106],[-40.948943,-11.935319],[-40.949284,-11.934574],[-40.950429,-11.926323],[-40.947133,-11.919305],[-40.980921,-11.885212],[-40.980918,-11.885212],[-40.980607,-11.885192],[-40.980318,-11.885147],[-40.98011,-11.885117],[-40.979919,-11.885086],[-40.979632,-11.885057],[-40.979361,-11.88509],[-40.979121,-11.885155],[-40.978804,-11.885362],[-40.978201,-11.885932],[-40.977774,-11.886376],[-40.977267,-11.887024],[-40.976952,-11.887608],[-40.976398,-11.888303],[-40.97573,-11.88874],[-40.974973,-11.888895],[-40.974416,-11.888849],[-40.974113,-11.888801],[-40.973708,-11.888605],[-40.973454,-11.888358],[-40.973146,-11.887814],[-40.972973,-11.887179],[-40.972824,-11.886611],[-40.972666,-11.886293],[-40.972549,-11.88616],[-40.97251,-11.886113],[-40.972343,-11.886033],[-40.972229,-11.886086],[-40.972083,-11.886135],[-40.971997,-11.886231],[-40.971853,-11.886366],[-40.971688,-11.886434],[-40.971397,-11.886474],[-40.971175,-11.886446],[-40.970892,-11.886325],[-40.970502,-11.885936],[-40.970384,-11.885764],[-40.970239,-11.88567],[-40.969859,-11.885482],[-40.969488,-11.885017],[-40.96939,-11.884921],[-40.969302,-11.884836],[-40.969215,-11.884799],[-40.96906,-11.884781],[-40.968891,-11.884817],[-40.968736,-11.884799],[-40.968642,-11.884669],[-40.968357,-11.88427],[-40.968228,-11.883764],[-40.968128,-11.883307],[-40.968073,-11.882324],[-40.968086,-11.881951],[-40.968082,-11.881499],[-40.968128,-11.880854],[-40.968175,-11.880307],[-40.968311,-11.879672],[-40.968268,-11.879164],[-40.967582,-11.877646],[-40.96748,-11.876692],[-40.967382,-11.875494],[-40.967525,-11.874507],[-40.96767,-11.873817],[-40.967865,-11.872821],[-40.967861,-11.872236]]],[[[-41.180062,-12.495993],[-41.179967,-12.499079],[-41.179909,-12.499257],[-41.179558,-12.500056],[-41.179169,-12.500808],[-41.17841,-12.501997],[-41.177184,-12.503501],[-41.177086,-12.503601],[-41.177076,-12.503801],[-41.177071,-12.504276],[-41.177078,-12.50456],[-41.177089,-12.504742],[-41.177083,-12.504999],[-41.177087,-12.505468],[-41.17711,-12.506036],[-41.177101,-12.506216],[-41.177095,-12.507015],[-41.177098,-12.507066],[-41.177088,-12.507783],[-41.177103,-12.508237],[-41.177104,-12.508338],[-41.17709,-12.508552],[-41.177078,-12.509119],[-41.177086,-12.509388],[-41.177084,-12.509646],[-41.177106,-12.510239],[-41.177106,-12.510308],[-41.177098,-12.510568],[-41.177095,-12.510602],[-41.177081,-12.511108],[-41.177081,-12.511199],[-41.177096,-12.511541],[-41.177099,-12.512035],[-41.177097,-12.512067],[-41.177101,-12.512746],[-41.177101,-12.51276],[-41.177102,-12.512978],[-41.177105,-12.513064],[-41.177128,-12.513459],[-41.177131,-12.513638],[-41.177142,-12.513856],[-41.177139,-12.514294],[-41.177149,-12.514702],[-41.177155,-12.51482],[-41.177149,-12.515134],[-41.177156,-12.515692],[-41.17717,-12.51597],[-41.177159,-12.516271],[-41.177159,-12.517051],[-41.177168,-12.517305],[-41.177144,-12.517829],[-41.177146,-12.517967],[-41.177178,-12.518518],[-41.177177,-12.518538],[-41.17718,-12.518785],[-41.177068,-12.51891],[-41.176329,-12.519604],[-41.175669,-12.520275],[-41.175511,-12.520399],[-41.174888,-12.520959],[-41.169501,-12.520802],[-41.16201,-12.521056],[-41.162009,-12.520618],[-41.162039,-12.519809],[-41.162046,-12.519424],[-41.162048,-12.519396],[-41.162049,-12.519392],[-41.162049,-12.519382],[-41.162031,-12.51886],[-41.162015,-12.518637],[-41.162018,-12.517971],[-41.162004,-12.517522],[-41.16203,-12.516992],[-41.162033,-12.516734],[-41.162026,-12.516446],[-41.162027,-12.516429],[-41.162034,-12.515954],[-41.162024,-12.515494],[-41.162008,-12.515198],[-41.162012,-12.514948],[-41.162005,-12.514441],[-41.161996,-12.514225],[-41.161986,-12.514089],[-41.161986,-12.513992],[-41.16197,-12.513264],[-41.161957,-12.513036],[-41.161971,-12.512511],[-41.161967,-12.512097],[-41.161956,-12.511875],[-41.161954,-12.511856],[-41.161949,-12.510916],[-41.161949,-12.510912],[-41.161973,-12.510284],[-41.161972,-12.510024],[-41.161977,-12.509925],[-41.161983,-12.509122],[-41.161986,-12.509052],[-41.161984,-12.508513],[-41.161993,-12.508219],[-41.161987,-12.507893],[-41.161988,-12.507793],[-41.161999,-12.507577],[-41.161999,-12.507174],[-41.162009,-12.506907],[-41.162002,-12.506352],[-41.161999,-12.506283],[-41.162,-12.505979],[-41.161985,-12.50546],[-41.16198,-12.505386],[-41.161989,-12.504874],[-41.161975,-12.504176],[-41.161977,-12.504109],[-41.161979,-12.503536],[-41.161974,-12.503381],[-41.161984,-12.502972],[-41.161983,-12.50281],[-41.161972,-12.502641],[-41.161968,-12.50201],[-41.161959,-12.50179],[-41.161881,-12.501706],[-41.160925,-12.500551],[-41.160433,-12.499805],[-41.160115,-12.49919],[-41.159656,-12.498013],[-41.159425,-12.497145],[-41.159284,-12.49633],[-41.159265,-12.496159],[-41.159231,-12.495931],[-41.159169,-12.495612],[-41.159162,-12.495555],[-41.159127,-12.495341],[-41.159106,-12.495104],[-41.159064,-12.494822],[-41.158483,-12.49177],[-41.15842,-12.491492],[-41.158351,-12.491245],[-41.158119,-12.490588],[-41.158115,-12.490578],[-41.158408,-12.490668],[-41.158746,-12.490771],[-41.159085,-12.490875],[-41.159425,-12.490978],[-41.159766,-12.491082],[-41.160106,-12.491185],[-41.160446,-12.491289],[-41.160786,-12.491394],[-41.161124,-12.491497],[-41.161463,-12.491599],[-41.1618,-12.491702],[-41.162137,-12.491806],[-41.162474,-12.491908],[-41.162812,-12.49201],[-41.16315,-12.492113],[-41.163489,-12.492215],[-41.163828,-12.492317],[-41.164507,-12.492522],[-41.165182,-12.492729],[-41.165519,-12.492833],[-41.165853,-12.492937],[-41.166184,-12.493038],[-41.166509,-12.493137],[-41.166828,-12.493235],[-41.16714,-12.493331],[-41.167748,-12.493517],[-41.170149,-12.494252],[-41.17124,-12.494583],[-41.171482,-12.494656],[-41.171713,-12.494726],[-41.171936,-12.494793],[-41.172153,-12.494859],[-41.172363,-12.494923],[-41.172566,-12.494985],[-41.172759,-12.495044],[-41.17294,-12.495099],[-41.173108,-12.49515],[-41.173265,-12.495198],[-41.173416,-12.495245],[-41.173564,-12.495291],[-41.173708,-12.495335],[-41.173847,-12.495378],[-41.173981,-12.495417],[-41.174112,-12.495456],[-41.174239,-12.495494],[-41.174365,-12.495531],[-41.17449,-12.495567],[-41.174742,-12.495634],[-41.174869,-12.495666],[-41.175131,-12.495724],[-41.175404,-12.495779],[-41.175545,-12.495804],[-41.175685,-12.495825],[-41.175826,-12.495842],[-41.175968,-12.495856],[-41.176109,-12.495867],[-41.176249,-12.495876],[-41.176389,-12.495883],[-41.176531,-12.495888],[-41.176676,-12.495893],[-41.176822,-12.495897],[-41.176968,-12.495901],[-41.177114,-12.495906],[-41.177258,-12.495911],[-41.177552,-12.495918],[-41.177714,-12.495926],[-41.177889,-12.495939],[-41.178077,-12.495953],[-41.17827,-12.495964],[-41.178466,-12.495971],[-41.178669,-12.495977],[-41.178881,-12.495982],[-41.179333,-12.495984],[-41.180062,-12.495993]]]]}},
{"type":"Feature","properties":{"cod_conj":14368,"conjunto":"Paramirim","distrib":"Neoenergia Coelba","ano":2025,"dec_h":11.26,"dec_lim":18.0,"fec_n":6.95,"fec_lim":8.0,"dec_pct":62.6,"fec_pct":86.9,"situacao":"Dentro dos limites","num_con":36768,"area_ti_km":7.8,"base_geo":"31/12/2025","fonte":"ANEEL: BDGD Coelba 2025 e Indicadores Coletivos de Continuidade"},"geometry":{"type":"MultiPolygon","coordinates":[[[[-42.02425,-13.185804],[-42.024187,-13.185785],[-42.023035,-13.185442],[-42.023012,-13.18458],[-42.023007,-13.184441],[-42.022922,-13.18194],[-42.022914,-13.18165],[-42.022888,-13.180478],[-42.022845,-13.178952],[-42.023651,-13.177011],[-42.024456,-13.175276],[-42.025472,-13.173776],[-42.028682,-13.167315],[-42.045347,-13.169162],[-42.048436,-13.169466],[-42.055587,-13.16914],[-42.058609,-13.168818],[-42.058631,-13.168814],[-42.058835,-13.168765],[-42.05923,-13.168648],[-42.060729,-13.168096],[-42.063532,-13.166676],[-42.064744,-13.165369],[-42.064905,-13.165227],[-42.065293,-13.164325],[-42.065305,-13.164257],[-42.06533,-13.164164],[-42.065484,-13.163799],[-42.065859,-13.163202],[-42.065872,-13.163166],[-42.066047,-13.162822],[-42.066126,-13.162704],[-42.066559,-13.162194],[-42.066708,-13.162054],[-42.066772,-13.161963],[-42.06702,-13.161686],[-42.067157,-13.161569],[-42.067385,-13.161327],[-42.067552,-13.161085],[-42.067888,-13.160739],[-42.068044,-13.160609],[-42.068384,-13.160187],[-42.068927,-13.159623],[-42.068964,-13.159591],[-42.069068,-13.159443],[-42.069684,-13.15872],[-42.069685,-13.158719],[-42.069946,-13.158355],[-42.070203,-13.157909],[-42.070294,-13.157782],[-42.070302,-13.157768],[-42.070698,-13.15733],[-42.07085,-13.157135],[-42.070927,-13.157019],[-42.071004,-13.156917],[-42.071088,-13.156808],[-42.071024,-13.157495],[-42.070906,-13.158107],[-42.070726,-13.15873],[-42.07056,-13.159089],[-42.070359,-13.1594],[-42.070179,-13.159648],[-42.069827,-13.159957],[-42.069239,-13.160453],[-42.068677,-13.160855],[-42.068396,-13.161038],[-42.067915,-13.161351],[-42.067425,-13.161766],[-42.067024,-13.162182],[-42.066483,-13.162887],[-42.066031,-13.163411],[-42.065837,-13.163758],[-42.06576,-13.164021],[-42.065703,-13.164623],[-42.065635,-13.165021],[-42.065574,-13.16524],[-42.06546,-13.165403],[-42.065185,-13.165654],[-42.06501,-13.165804],[-42.064867,-13.165953],[-42.064597,-13.166211],[-42.064205,-13.166626],[-42.064066,-13.166853],[-42.063952,-13.167042],[-42.063821,-13.167492],[-42.063795,-13.168173],[-42.063879,-13.16884],[-42.063935,-13.169272],[-42.063919,-13.169475],[-42.063891,-13.16974],[-42.063849,-13.169936],[-42.063762,-13.170163],[-42.063637,-13.170383],[-42.06336,-13.170899],[-42.063129,-13.171276],[-42.062811,-13.171938],[-42.062594,-13.172499],[-42.062374,-13.173046],[-42.062068,-13.173857],[-42.062031,-13.173984],[-42.06192,-13.174361],[-42.061638,-13.175081],[-42.061481,-13.175319],[-42.061286,-13.175483],[-42.061061,-13.17563],[-42.060501,-13.17591],[-42.060037,-13.176191],[-42.059691,-13.176451],[-42.059476,-13.176724],[-42.059366,-13.176894],[-42.059306,-13.177078],[-42.059291,-13.177273],[-42.059347,-13.177502],[-42.05953,-13.177971],[-42.059712,-13.178466],[-42.059824,-13.178926],[-42.059827,-13.178999],[-42.059842,-13.179441],[-42.059776,-13.179853],[-42.059629,-13.180274],[-42.059476,-13.180782],[-42.059414,-13.181057],[-42.059353,-13.181228],[-42.059349,-13.181232],[-42.059281,-13.181306],[-42.05915,-13.181408],[-42.059044,-13.181441],[-42.058913,-13.181486],[-42.058748,-13.181495],[-42.058513,-13.181447],[-42.058302,-13.181307],[-42.05822,-13.181226],[-42.058139,-13.181099],[-42.058012,-13.180937],[-42.057918,-13.180879],[-42.057848,-13.180856],[-42.0578,-13.180843],[-42.05773,-13.180854],[-42.057612,-13.180876],[-42.057552,-13.180933],[-42.05742,-13.181069],[-42.057336,-13.181137],[-42.057184,-13.18118],[-42.057018,-13.181202],[-42.056912,-13.181189],[-42.056841,-13.181176],[-42.056794,-13.181142],[-42.056701,-13.181037],[-42.056526,-13.180898],[-42.056363,-13.180759],[-42.056211,-13.180654],[-42.05606,-13.18055],[-42.0558,-13.180513],[-42.055623,-13.180489],[-42.055387,-13.180497],[-42.055234,-13.180541],[-42.054839,-13.180615],[-42.054343,-13.180725],[-42.053517,-13.180785],[-42.053101,-13.180798],[-42.052498,-13.18073],[-42.051612,-13.180679],[-42.05081,-13.180739],[-42.050538,-13.180747],[-42.050367,-13.180741],[-42.04932,-13.180651],[-42.048849,-13.180646],[-42.048472,-13.180597],[-42.04811,-13.180478],[-42.0477,-13.180292],[-42.046496,-13.179989],[-42.045672,-13.179672],[-42.045489,-13.179602],[-42.044493,-13.179294],[-42.043697,-13.178999],[-42.043112,-13.178707],[-42.042819,-13.178636],[-42.042513,-13.178656],[-42.042124,-13.178744],[-42.041727,-13.178867],[-42.041149,-13.179021],[-42.04056,-13.179097],[-42.039901,-13.179113],[-42.039362,-13.179073],[-42.038716,-13.178974],[-42.037814,-13.178805],[-42.036672,-13.178698],[-42.036073,-13.178703],[-42.035122,-13.178681],[-42.034785,-13.178656],[-42.034734,-13.178653],[-42.03435,-13.178534],[-42.033964,-13.178369],[-42.033626,-13.178239],[-42.032922,-13.178185],[-42.032588,-13.178135],[-42.032271,-13.178061],[-42.03209,-13.177928],[-42.031824,-13.177672],[-42.03172,-13.177508],[-42.031699,-13.177316],[-42.031701,-13.176915],[-42.031681,-13.176628],[-42.031599,-13.176352],[-42.031515,-13.17623],[-42.031397,-13.176153],[-42.030768,-13.178665],[-42.030481,-13.179341],[-42.029637,-13.180376],[-42.02921,-13.181208],[-42.028615,-13.181802],[-42.027487,-13.182453],[-42.026662,-13.183181],[-42.025621,-13.184366],[-42.024669,-13.185262],[-42.02425,-13.185804]]],[[[-42.075514,-13.151126],[-42.075537,-13.151098],[-42.075759,-13.150943],[-42.075844,-13.150884],[-42.075977,-13.150798],[-42.076154,-13.150697],[-42.07648,-13.150593],[-42.076646,-13.150552],[-42.077185,-13.150467],[-42.078394,-13.150147],[-42.078705,-13.1501],[-42.080646,-13.149686],[-42.080708,-13.149684],[-42.081971,-13.149797],[-42.082949,-13.149966],[-42.084495,-13.149496],[-42.084601,-13.149464],[-42.084021,-13.150149],[-42.083171,-13.151153],[-42.082198,-13.152302],[-42.081355,-13.152677],[-42.080349,-13.15245],[-42.079187,-13.151543],[-42.078891,-13.151227],[-42.078608,-13.150995],[-42.078288,-13.150798],[-42.07793,-13.150695],[-42.077486,-13.150605],[-42.077202,-13.150589],[-42.076781,-13.150631],[-42.076323,-13.150781],[-42.075989,-13.150885],[-42.07574,-13.150989],[-42.075514,-13.151126]]],[[[-42.112481,-13.043651],[-42.112457,-13.043534],[-42.111647,-13.039545],[-42.111091,-13.030494],[-42.113839,-13.016234],[-42.124264,-13.014531],[-42.129356,-13.013699],[-42.131581,-13.013353],[-42.136039,-13.012974],[-42.141293,-13.012483],[-42.148901,-13.011695],[-42.148913,-13.011695],[-42.151075,-13.011653],[-42.151156,-13.011652],[-42.150416,-13.012534],[-42.149602,-13.012906],[-42.148777,-13.013698],[-42.148133,-13.014576],[-42.147381,-13.015257],[-42.146299,-13.015942],[-42.145298,-13.016576],[-42.143976,-13.016841],[-42.142758,-13.016831],[-42.141283,-13.016575],[-42.140121,-13.016309],[-42.139091,-13.016067],[-42.138373,-13.015898],[-42.137622,-13.015998],[-42.137067,-13.016303],[-42.136534,-13.016235],[-42.136073,-13.015892],[-42.135531,-13.015177],[-42.135122,-13.014958],[-42.134463,-13.014966],[-42.133981,-13.014972],[-42.133475,-13.014978],[-42.132887,-13.014761],[-42.132304,-13.014843],[-42.131911,-13.014898],[-42.131146,-13.015529],[-42.130757,-13.015921],[-42.129434,-13.016569],[-42.128651,-13.016953],[-42.127716,-13.017162],[-42.126715,-13.017361],[-42.126152,-13.017903],[-42.125763,-13.018277],[-42.125295,-13.018336],[-42.125023,-13.01864],[-42.124613,-13.018787],[-42.123914,-13.020197],[-42.123081,-13.022077],[-42.121772,-13.023172],[-42.120773,-13.023362],[-42.119845,-13.023529],[-42.117266,-13.0244],[-42.115115,-13.026703],[-42.112412,-13.032242],[-42.111745,-13.033975],[-42.111669,-13.035459],[-42.112481,-13.039872],[-42.112814,-13.041181],[-42.112755,-13.043037],[-42.112481,-13.043651]]]]}},
{"type":"Feature","properties":{"cod_conj":14246,"conjunto":"America Dourada","distrib":"Neoenergia Coelba","ano":2025,"dec_h":8.05,"dec_lim":15.0,"fec_n":2.57,"fec_lim":7.0,"dec_pct":53.7,"fec_pct":36.7,"situacao":"Dentro dos limites","num_con":14845,"area_ti_km":737.1,"base_geo":"31/12/2025","fonte":"ANEEL: BDGD Coelba 2025 e Indicadores Coletivos de Continuidade"},"geometry":{"type":"MultiPolygon","coordinates":[[[[-41.393611,-11.773514],[-41.393536,-11.773506],[-41.391476,-11.773273],[-41.382262,-11.772172],[-41.379813,-11.771864],[-41.379218,-11.771789],[-41.369496,-11.761554],[-41.368853,-11.759651],[-41.359846,-11.73355],[-41.357301,-11.727523],[-41.357228,-11.72652],[-41.361031,-11.718231],[-41.365972,-11.710943],[-41.367688,-11.70838],[-41.367727,-11.708323],[-41.368246,-11.709242],[-41.369232,-11.711807],[-41.369114,-11.712873],[-41.369164,-11.714276],[-41.369306,-11.715012],[-41.370179,-11.716109],[-41.370337,-11.716622],[-41.370402,-11.717352],[-41.370653,-11.719384],[-41.370771,-11.720529],[-41.371363,-11.722304],[-41.372534,-11.725425],[-41.373032,-11.726828],[-41.373962,-11.728331],[-41.37514,-11.729995],[-41.375797,-11.732525],[-41.375768,-11.733778],[-41.37598,-11.73655],[-41.376493,-11.7388],[-41.377204,-11.740773],[-41.378309,-11.743338],[-41.379059,-11.745214],[-41.380069,-11.746857],[-41.381003,-11.748903],[-41.381256,-11.749837],[-41.381346,-11.751083],[-41.381432,-11.753323],[-41.381607,-11.75431],[-41.382499,-11.755916],[-41.384224,-11.757522],[-41.386128,-11.758712],[-41.388437,-11.76022],[-41.389553,-11.761611],[-41.39166,-11.763114],[-41.392671,-11.764185],[-41.393207,-11.765255],[-41.393445,-11.766683],[-41.393147,-11.768943],[-41.393044,-11.771575],[-41.393044,-11.771575],[-41.393121,-11.772149],[-41.393347,-11.772887],[-41.393611,-11.773514]]],[[[-41.382805,-11.68681],[-41.383013,-11.686523],[-41.386727,-11.681382],[-41.38674,-11.680862],[-41.382644,-11.675139],[-41.360754,-11.645221],[-41.355582,-11.638332],[-41.355353,-11.612518],[-41.349838,-11.606032],[-41.343362,-11.596797],[-41.346235,-11.588687],[-41.346367,-11.588044],[-41.346824,-11.585728],[-41.346904,-11.585304],[-41.347431,-11.582453],[-41.347986,-11.579289],[-41.348258,-11.577638],[-41.348472,-11.576247],[-41.348979,-11.572784],[-41.3491,-11.571943],[-41.349199,-11.571224],[-41.349269,-11.570696],[-41.349655,-11.567532],[-41.349949,-11.564837],[-41.350046,-11.563829],[-41.350126,-11.562889],[-41.350201,-11.561874],[-41.350296,-11.56032],[-41.350354,-11.558733],[-41.350374,-11.557663],[-41.350381,-11.556855],[-41.350376,-11.556215],[-41.350364,-11.555521],[-41.350243,-11.550216],[-41.350201,-11.549768],[-41.350113,-11.54892],[-41.349972,-11.547697],[-41.349836,-11.546636],[-41.34969,-11.545616],[-41.349541,-11.544653],[-41.349429,-11.543981],[-41.34917,-11.542563],[-41.348889,-11.541166],[-41.348806,-11.540777],[-41.348611,-11.539918],[-41.348403,-11.539055],[-41.348163,-11.53812],[-41.347822,-11.536849],[-41.347708,-11.536441],[-41.34765,-11.53624],[-41.347487,-11.535684],[-41.347428,-11.53549],[-41.347211,-11.534787],[-41.346939,-11.533931],[-41.346843,-11.533639],[-41.346486,-11.532621],[-41.346122,-11.531607],[-41.345791,-11.530705],[-41.333334,-11.511036],[-41.329477,-11.504518],[-41.328388,-11.502624],[-41.327927,-11.502082],[-41.326759,-11.50074],[-41.326155,-11.500059],[-41.325337,-11.499155],[-41.324373,-11.498109],[-41.324208,-11.497936],[-41.323964,-11.497064],[-41.323264,-11.494707],[-41.322841,-11.493364],[-41.322562,-11.492521],[-41.32218,-11.49141],[-41.3218,-11.490349],[-41.320305,-11.486287],[-41.315414,-11.47322],[-41.30848,-11.454843],[-41.307232,-11.45159],[-41.304608,-11.444842],[-41.295737,-11.437364],[-41.285537,-11.417687],[-41.280348,-11.40111],[-41.276523,-11.388978],[-41.27222,-11.363664],[-41.271654,-11.360031],[-41.271605,-11.359917],[-41.269075,-11.355353],[-41.264947,-11.347931],[-41.256767,-11.334142],[-41.253386,-11.325772],[-41.252696,-11.324358],[-41.244691,-11.308188],[-41.242821,-11.304433],[-41.245427,-11.285766],[-41.245505,-11.285199],[-41.245977,-11.281683],[-41.245686,-11.279409],[-41.243699,-11.269807],[-41.235085,-11.230762],[-41.250223,-11.18257],[-41.337228,-11.199142],[-41.357945,-11.202962],[-41.364313,-11.204209],[-41.364395,-11.204225],[-41.364522,-11.205724],[-41.364493,-11.205912],[-41.364419,-11.206404],[-41.364169,-11.206942],[-41.363528,-11.208196],[-41.363107,-11.20918],[-41.362993,-11.209673],[-41.363052,-11.210172],[-41.363372,-11.211092],[-41.363667,-11.21156],[-41.363935,-11.211923],[-41.364548,-11.212361],[-41.365375,-11.213138],[-41.365883,-11.213709],[-41.366018,-11.214099],[-41.3661,-11.214438],[-41.366104,-11.214908],[-41.3659,-11.216179],[-41.365725,-11.217356],[-41.365259,-11.218691],[-41.364636,-11.220201],[-41.364062,-11.221184],[-41.363761,-11.221423],[-41.363482,-11.221629],[-41.362769,-11.221974],[-41.361489,-11.222586],[-41.36001,-11.223173],[-41.359316,-11.22338],[-41.358765,-11.223451],[-41.358339,-11.223552],[-41.357772,-11.223773],[-41.357484,-11.224057],[-41.357021,-11.224744],[-41.356897,-11.225006],[-41.356668,-11.225627],[-41.356302,-11.226793],[-41.355968,-11.227968],[-41.355849,-11.228866],[-41.355987,-11.229756],[-41.356177,-11.230058],[-41.356482,-11.230286],[-41.356906,-11.230533],[-41.357437,-11.230659],[-41.35835,-11.230652],[-41.35967,-11.230789],[-41.360281,-11.230992],[-41.360681,-11.231243],[-41.36087,-11.23154],[-41.361702,-11.233057],[-41.362104,-11.233585],[-41.362646,-11.234066],[-41.363188,-11.234476],[-41.364082,-11.234954],[-41.364482,-11.235274],[-41.364772,-11.2356],[-41.365388,-11.236558],[-41.366152,-11.238352],[-41.366701,-11.23957],[-41.366755,-11.239929],[-41.366862,-11.24043],[-41.366751,-11.240674],[-41.36652,-11.241068],[-41.366247,-11.241444],[-41.365992,-11.24163],[-41.365431,-11.241877],[-41.365302,-11.241922],[-41.364404,-11.242232],[-41.363494,-11.242701],[-41.362912,-11.243144],[-41.362472,-11.243655],[-41.362311,-11.244048],[-41.362222,-11.244511],[-41.362248,-11.244973],[-41.362394,-11.245594],[-41.362634,-11.246318],[-41.362923,-11.247239],[-41.363044,-11.247699],[-41.363026,-11.248323],[-41.363031,-11.248876],[-41.363081,-11.24936],[-41.363177,-11.249706],[-41.363367,-11.249958],[-41.363885,-11.250416],[-41.364829,-11.251308],[-41.364949,-11.251437],[-41.364997,-11.251575],[-41.365049,-11.251874],[-41.364914,-11.252544],[-41.364641,-11.253538],[-41.364436,-11.25421],[-41.364252,-11.254649],[-41.363974,-11.255021],[-41.363674,-11.255382],[-41.363605,-11.255544],[-41.363606,-11.255705],[-41.363678,-11.25589],[-41.363797,-11.25605],[-41.364149,-11.256279],[-41.364572,-11.256436],[-41.365205,-11.256547],[-41.365698,-11.256658],[-41.366356,-11.256976],[-41.366968,-11.257433],[-41.367511,-11.258028],[-41.367678,-11.258373],[-41.367752,-11.258834],[-41.367761,-11.25933],[-41.36771,-11.259411],[-41.367481,-11.260013],[-41.367414,-11.260475],[-41.367422,-11.261323],[-41.367547,-11.262291],[-41.367765,-11.263235],[-41.368005,-11.263811],[-41.368313,-11.264269],[-41.368809,-11.264819],[-41.369706,-11.265712],[-41.370344,-11.266459],[-41.370866,-11.267285],[-41.371238,-11.267868],[-41.372113,-11.269713],[-41.372241,-11.270047],[-41.372266,-11.270254],[-41.372155,-11.270745],[-41.371922,-11.270977],[-41.371714,-11.271074],[-41.37136,-11.271234],[-41.370751,-11.271193],[-41.370307,-11.271127],[-41.369836,-11.270969],[-41.368991,-11.27056],[-41.368146,-11.270291],[-41.3677,-11.270202],[-41.367185,-11.270229],[-41.366437,-11.270373],[-41.365432,-11.270497],[-41.365253,-11.270569],[-41.365225,-11.27058],[-41.364848,-11.270732],[-41.364546,-11.270966],[-41.364384,-11.271175],[-41.364223,-11.271522],[-41.364019,-11.272354],[-41.363838,-11.273163],[-41.363707,-11.274333],[-41.363775,-11.276871],[-41.364002,-11.278853],[-41.364153,-11.280168],[-41.36468,-11.281701],[-41.365137,-11.283104],[-41.365497,-11.284117],[-41.365594,-11.284555],[-41.365846,-11.285879],[-41.366046,-11.287424],[-41.366377,-11.288623],[-41.366906,-11.290019],[-41.367192,-11.290593],[-41.367928,-11.291811],[-41.36841,-11.292362],[-41.36856,-11.292475],[-41.368915,-11.293082],[-41.370549,-11.294558],[-41.371831,-11.295345],[-41.372676,-11.295843],[-41.373455,-11.296302],[-41.374915,-11.297398],[-41.376168,-11.298818],[-41.377233,-11.300023],[-41.377637,-11.300758],[-41.377805,-11.301172],[-41.377973,-11.301701],[-41.378165,-11.302346],[-41.378331,-11.302644],[-41.378355,-11.302677],[-41.378519,-11.303052],[-41.378591,-11.303298],[-41.378573,-11.303576],[-41.378497,-11.304091],[-41.378416,-11.304454],[-41.377957,-11.305611],[-41.377496,-11.306469],[-41.377147,-11.306772],[-41.376915,-11.306935],[-41.376681,-11.307006],[-41.37612,-11.30715],[-41.375969,-11.307184],[-41.375606,-11.307269],[-41.375252,-11.307393],[-41.374902,-11.307627],[-41.374461,-11.308022],[-41.373973,-11.308557],[-41.373765,-11.308858],[-41.373675,-11.309275],[-41.373679,-11.309713],[-41.373742,-11.310088],[-41.373854,-11.310741],[-41.374243,-11.312538],[-41.374731,-11.314899],[-41.375069,-11.316211],[-41.375356,-11.316947],[-41.375642,-11.317476],[-41.37602,-11.317935],[-41.376704,-11.318506],[-41.377268,-11.318847],[-41.377905,-11.319304],[-41.378565,-11.319899],[-41.378926,-11.3201],[-41.379113,-11.320189],[-41.379625,-11.320317],[-41.38009,-11.320358],[-41.380396,-11.320315],[-41.380639,-11.320248],[-41.380931,-11.320261],[-41.381061,-11.320375],[-41.381187,-11.320586],[-41.38127,-11.320721],[-41.381497,-11.321469],[-41.381476,-11.322205],[-41.381207,-11.322884],[-41.380708,-11.323384],[-41.380342,-11.323523],[-41.379611,-11.323528],[-41.379198,-11.323441],[-41.378555,-11.323222],[-41.377913,-11.323046],[-41.377363,-11.32305],[-41.376695,-11.323134],[-41.375151,-11.322865],[-41.374829,-11.322783],[-41.374561,-11.322574],[-41.374284,-11.322305],[-41.374147,-11.322216],[-41.373873,-11.322218],[-41.373645,-11.322356],[-41.373419,-11.322718],[-41.373194,-11.323262],[-41.372974,-11.324256],[-41.373077,-11.325724],[-41.373107,-11.329333],[-41.373307,-11.331407],[-41.373774,-11.332531],[-41.374085,-11.332982],[-41.374145,-11.333069],[-41.374467,-11.333202],[-41.374786,-11.333154],[-41.374968,-11.333062],[-41.375225,-11.332848],[-41.375617,-11.332684],[-41.375932,-11.332615],[-41.376293,-11.332646],[-41.376523,-11.332825],[-41.376902,-11.333327],[-41.377825,-11.334267],[-41.378502,-11.33479],[-41.378655,-11.334982],[-41.379852,-11.335739],[-41.381098,-11.337038],[-41.38147,-11.337711],[-41.3818,-11.338926],[-41.381994,-11.340188],[-41.381962,-11.341903],[-41.381608,-11.343827],[-41.380846,-11.345908],[-41.380169,-11.347042],[-41.378413,-11.3486],[-41.377591,-11.349574],[-41.377495,-11.349888],[-41.377448,-11.350222],[-41.377433,-11.350993],[-41.377416,-11.351963],[-41.377653,-11.352908],[-41.378024,-11.353491],[-41.378531,-11.353893],[-41.378923,-11.354079],[-41.379577,-11.354609],[-41.379959,-11.355405],[-41.380337,-11.35636],[-41.380799,-11.356852],[-41.381719,-11.357431],[-41.382662,-11.358083],[-41.382966,-11.358416],[-41.383101,-11.358548],[-41.38384,-11.359309],[-41.384354,-11.359788],[-41.384807,-11.359888],[-41.385448,-11.359928],[-41.386364,-11.360056],[-41.387007,-11.360275],[-41.387425,-11.360618],[-41.387625,-11.360763],[-41.38813,-11.361119],[-41.388821,-11.361818],[-41.389022,-11.362207],[-41.389102,-11.362641],[-41.389076,-11.362905],[-41.389,-11.363093],[-41.388925,-11.363257],[-41.388779,-11.36343],[-41.388658,-11.363639],[-41.388354,-11.364327],[-41.387508,-11.365644],[-41.386755,-11.366687],[-41.386386,-11.36721],[-41.38636,-11.367374],[-41.386376,-11.367646],[-41.386544,-11.367918],[-41.386795,-11.368162],[-41.38802,-11.369054],[-41.38823,-11.369325],[-41.388329,-11.36957],[-41.388359,-11.369897],[-41.388294,-11.370389],[-41.388215,-11.370908],[-41.388175,-11.371042],[-41.387939,-11.371612],[-41.387524,-11.373197],[-41.387443,-11.374493],[-41.387489,-11.376268],[-41.387605,-11.377059],[-41.387875,-11.378338],[-41.388428,-11.37989],[-41.388979,-11.381306],[-41.389346,-11.382176],[-41.389643,-11.382911],[-41.389715,-11.383239],[-41.389703,-11.38343],[-41.389593,-11.383567],[-41.389455,-11.383595],[-41.388956,-11.383491],[-41.388012,-11.383061],[-41.387178,-11.382549],[-41.386789,-11.382443],[-41.386374,-11.382419],[-41.386043,-11.382503],[-41.38574,-11.382643],[-41.385397,-11.383056],[-41.384975,-11.383851],[-41.384705,-11.384809],[-41.384615,-11.385438],[-41.384704,-11.38623],[-41.384989,-11.387238],[-41.385441,-11.388299],[-41.385947,-11.389278],[-41.386463,-11.389847],[-41.38695,-11.390171],[-41.387394,-11.390304],[-41.38803,-11.390326],[-41.389108,-11.390235],[-41.389967,-11.390255],[-41.390908,-11.390357],[-41.391851,-11.390622],[-41.392324,-11.390837],[-41.392814,-11.391178],[-41.394408,-11.39208],[-41.39576,-11.392952],[-41.396222,-11.3934],[-41.396502,-11.394029],[-41.396552,-11.394278],[-41.396465,-11.39474],[-41.396233,-11.395205],[-41.39585,-11.395646],[-41.395189,-11.396033],[-41.394141,-11.396479],[-41.393399,-11.396949],[-41.392739,-11.397501],[-41.392342,-11.397941],[-41.391946,-11.398545],[-41.391755,-11.398984],[-41.39165,-11.399503],[-41.391695,-11.399994],[-41.391977,-11.400647],[-41.392346,-11.401682],[-41.392589,-11.402772],[-41.392701,-11.403591],[-41.392709,-11.404491],[-41.392595,-11.405472],[-41.392537,-11.405774],[-41.392281,-11.406261],[-41.39207,-11.406791],[-41.391991,-11.407311],[-41.391996,-11.407966],[-41.392104,-11.409194],[-41.392155,-11.410422],[-41.392249,-11.411418],[-41.39226,-11.412712],[-41.392167,-11.413785],[-41.392133,-11.414233],[-41.392097,-11.414999],[-41.392119,-11.415982],[-41.392165,-11.4165],[-41.392223,-11.416746],[-41.392307,-11.416882],[-41.392446,-11.416908],[-41.392777,-11.416823],[-41.393328,-11.416655],[-41.393963,-11.416431],[-41.394336,-11.416374],[-41.3946,-11.416426],[-41.394878,-11.41667],[-41.395158,-11.41705],[-41.395609,-11.418002],[-41.396003,-11.418846],[-41.39659,-11.419469],[-41.397018,-11.419738],[-41.397853,-11.420325],[-41.398198,-11.420638],[-41.398594,-11.420955],[-41.398887,-11.421281],[-41.398987,-11.421608],[-41.39899,-11.422044],[-41.398842,-11.422455],[-41.3981,-11.423117],[-41.396092,-11.424553],[-41.394746,-11.425657],[-41.394059,-11.426373],[-41.39376,-11.426921],[-41.393639,-11.427358],[-41.39378,-11.42774],[-41.394031,-11.427956],[-41.394337,-11.428172],[-41.394674,-11.428634],[-41.395066,-11.429259],[-41.395318,-11.42953],[-41.395651,-11.42969],[-41.396011,-11.42966],[-41.396341,-11.429494],[-41.396644,-11.4293],[-41.397002,-11.429134],[-41.397333,-11.429021],[-41.397665,-11.429019],[-41.398026,-11.429125],[-41.398306,-11.429452],[-41.398517,-11.429915],[-41.398773,-11.430704],[-41.398931,-11.431467],[-41.398909,-11.432068],[-41.398693,-11.432698],[-41.398491,-11.433383],[-41.398467,-11.433929],[-41.398554,-11.434366],[-41.398753,-11.434883],[-41.399033,-11.43529],[-41.399424,-11.435669],[-41.400091,-11.436073],[-41.400812,-11.436312],[-41.401449,-11.436307],[-41.402003,-11.436358],[-41.402399,-11.436459],[-41.402724,-11.43668],[-41.403143,-11.43714],[-41.40362,-11.437874],[-41.403742,-11.438224],[-41.403973,-11.438699],[-41.404094,-11.438949],[-41.404257,-11.439618],[-41.404155,-11.440256],[-41.404102,-11.440486],[-41.403772,-11.441095],[-41.403416,-11.441535],[-41.40306,-11.442029],[-41.402896,-11.442304],[-41.402777,-11.44261],[-41.402725,-11.442899],[-41.402698,-11.443381],[-41.402701,-11.443802],[-41.402798,-11.444433],[-41.402955,-11.444853],[-41.403057,-11.444977],[-41.403449,-11.445427],[-41.403895,-11.44575],[-41.404339,-11.445938],[-41.404975,-11.445851],[-41.405692,-11.445599],[-41.406808,-11.445017],[-41.408115,-11.444186],[-41.409161,-11.443468],[-41.409849,-11.442998],[-41.4104,-11.442802],[-41.411202,-11.442713],[-41.411783,-11.442681],[-41.412531,-11.44284],[-41.412977,-11.443109],[-41.413284,-11.443462],[-41.413539,-11.444169],[-41.413742,-11.445315],[-41.413791,-11.445768],[-41.413828,-11.446006],[-41.414025,-11.447509],[-41.414185,-11.448381],[-41.414465,-11.449041],[-41.414898,-11.449639],[-41.415229,-11.45005],[-41.41581,-11.450814],[-41.416256,-11.451166],[-41.416534,-11.451328],[-41.417005,-11.451405],[-41.41742,-11.451402],[-41.417696,-11.451236],[-41.417943,-11.450988],[-41.418106,-11.450714],[-41.41809,-11.450413],[-41.418031,-11.450059],[-41.417807,-11.449733],[-41.417304,-11.449137],[-41.416886,-11.448731],[-41.416633,-11.448351],[-41.416575,-11.448023],[-41.41671,-11.447667],[-41.417067,-11.447336],[-41.417495,-11.447196],[-41.417882,-11.447221],[-41.418243,-11.447354],[-41.418634,-11.44776],[-41.41925,-11.448575],[-41.419865,-11.449279],[-41.420255,-11.449549],[-41.42074,-11.449709],[-41.421197,-11.449787],[-41.421585,-11.449756],[-41.422109,-11.449561],[-41.422534,-11.449148],[-41.422794,-11.448845],[-41.42315,-11.448405],[-41.423482,-11.448239],[-41.423979,-11.448208],[-41.424367,-11.448287],[-41.424715,-11.448501],[-41.42512,-11.44899],[-41.425749,-11.449722],[-41.425984,-11.449943],[-41.42628,-11.45024],[-41.426654,-11.450455],[-41.426933,-11.450534],[-41.427237,-11.450532],[-41.427609,-11.450392],[-41.427981,-11.450143],[-41.428668,-11.449619],[-41.42908,-11.449288],[-41.429466,-11.449039],[-41.429989,-11.448816],[-41.430542,-11.44873],[-41.430944,-11.448809],[-41.431319,-11.449023],[-41.431515,-11.449267],[-41.431713,-11.449757],[-41.431915,-11.450712],[-41.432324,-11.451718],[-41.433335,-11.453376],[-41.434217,-11.454652],[-41.43514,-11.455791],[-41.435649,-11.45626],[-41.436547,-11.456846],[-41.438216,-11.457787],[-41.439912,-11.458702],[-41.44094,-11.459239],[-41.441414,-11.459617],[-41.44175,-11.460106],[-41.441948,-11.460514],[-41.442101,-11.460973],[-41.442248,-11.461393],[-41.442478,-11.461718],[-41.44375,-11.462796],[-41.444643,-11.463785],[-41.444721,-11.46388],[-41.444857,-11.46415],[-41.444971,-11.464422],[-41.444903,-11.464614],[-41.444712,-11.464888],[-41.444052,-11.465358],[-41.443185,-11.465938],[-41.442841,-11.46616],[-41.442621,-11.466353],[-41.442484,-11.466545],[-41.442473,-11.466791],[-41.442558,-11.467063],[-41.442977,-11.467524],[-41.444343,-11.468687],[-41.44547,-11.469387],[-41.446095,-11.46971],[-41.446456,-11.469789],[-41.446925,-11.469676],[-41.447448,-11.469344],[-41.448027,-11.469011],[-41.448661,-11.468869],[-41.449962,-11.468804],[-41.451081,-11.468603],[-41.452005,-11.468268],[-41.452748,-11.467852],[-41.45341,-11.467546],[-41.453853,-11.467488],[-41.454379,-11.467511],[-41.455018,-11.467778],[-41.455242,-11.467936],[-41.456019,-11.468452],[-41.456494,-11.46894],[-41.456858,-11.46951],[-41.457014,-11.469946],[-41.457025,-11.470159],[-41.45703,-11.470177],[-41.457068,-11.470861],[-41.456917,-11.471671],[-41.456732,-11.472171],[-41.456389,-11.472702],[-41.456388,-11.472704],[-41.456103,-11.473449],[-41.455985,-11.474188],[-41.455936,-11.474897],[-41.456068,-11.475716],[-41.456337,-11.476451],[-41.456547,-11.476695],[-41.456796,-11.476829],[-41.457102,-11.476881],[-41.457489,-11.476796],[-41.457929,-11.476547],[-41.458396,-11.476133],[-41.458918,-11.475692],[-41.459303,-11.475416],[-41.45958,-11.475413],[-41.45983,-11.475602],[-41.460014,-11.475983],[-41.460033,-11.476638],[-41.459916,-11.477513],[-41.459844,-11.47877],[-41.459893,-11.479616],[-41.460065,-11.480297],[-41.460401,-11.480758],[-41.460734,-11.480919],[-41.461149,-11.480916],[-41.461481,-11.480776],[-41.461949,-11.480527],[-41.462459,-11.480372],[-41.462848,-11.48045],[-41.463335,-11.480774],[-41.46353,-11.480919],[-41.464338,-11.481587],[-41.465158,-11.482044],[-41.46599,-11.482228],[-41.467154,-11.482382],[-41.468275,-11.482455],[-41.468774,-11.482614],[-41.469221,-11.48302],[-41.469599,-11.483617],[-41.47001,-11.484706],[-41.470478,-11.485876],[-41.470844,-11.48661],[-41.471179,-11.487018],[-41.471514,-11.487261],[-41.471902,-11.487394],[-41.472374,-11.487553],[-41.472736,-11.487796],[-41.472931,-11.48804],[-41.472989,-11.488231],[-41.473032,-11.488481],[-41.472981,-11.489354],[-41.472736,-11.490371],[-41.472696,-11.491213],[-41.472799,-11.491813],[-41.473106,-11.492165],[-41.473579,-11.492406],[-41.474603,-11.492562],[-41.475104,-11.492749],[-41.475327,-11.492965],[-41.475357,-11.493265],[-41.475235,-11.493594],[-41.47455,-11.49431],[-41.473507,-11.495302],[-41.472848,-11.495853],[-41.472436,-11.496293],[-41.4723,-11.496567],[-41.472399,-11.496867],[-41.47265,-11.497042],[-41.47337,-11.497091],[-41.475087,-11.497103],[-41.476209,-11.497285],[-41.476833,-11.497498],[-41.477029,-11.497743],[-41.477282,-11.49815],[-41.477313,-11.498532],[-41.477221,-11.499024],[-41.477099,-11.499353],[-41.477014,-11.499505],[-41.476511,-11.500172],[-41.476144,-11.500417],[-41.475827,-11.50059],[-41.475318,-11.500718],[-41.474718,-11.500909],[-41.474043,-11.501238],[-41.473727,-11.501756],[-41.473572,-11.50239],[-41.473693,-11.502906],[-41.474219,-11.503304],[-41.474687,-11.503386],[-41.475333,-11.503115],[-41.476366,-11.502338],[-41.476882,-11.502168],[-41.477355,-11.502242],[-41.477633,-11.502498],[-41.477727,-11.503012],[-41.477778,-11.504001],[-41.477716,-11.505222],[-41.477799,-11.506224],[-41.478007,-11.506861],[-41.478636,-11.507317],[-41.479326,-11.507516],[-41.479991,-11.507503],[-41.480542,-11.507241],[-41.480885,-11.506896],[-41.481376,-11.506209],[-41.482432,-11.504652],[-41.482992,-11.50427],[-41.48376,-11.504098],[-41.484365,-11.504135],[-41.485185,-11.504365],[-41.486324,-11.505035],[-41.487507,-11.505891],[-41.487989,-11.506169],[-41.488776,-11.506957],[-41.489204,-11.50743],[-41.489662,-11.507775],[-41.490249,-11.507993],[-41.490593,-11.508049],[-41.490917,-11.508014],[-41.491176,-11.507948],[-41.49137,-11.507755],[-41.491594,-11.507498],[-41.491914,-11.50708],[-41.492265,-11.506472],[-41.492615,-11.505736],[-41.492934,-11.505193],[-41.493321,-11.504743],[-41.493841,-11.504357],[-41.494363,-11.504161],[-41.494985,-11.503995],[-41.495739,-11.503796],[-41.496005,-11.504016],[-41.496303,-11.5043],[-41.496836,-11.50493],[-41.497104,-11.505469],[-41.497241,-11.505977],[-41.49738,-11.50677],[-41.497622,-11.50774],[-41.498034,-11.509676],[-41.498682,-11.512219],[-41.499025,-11.513811],[-41.499335,-11.51528],[-41.499539,-11.516174],[-41.49974,-11.516652],[-41.499874,-11.516908],[-41.500095,-11.517326],[-41.500293,-11.517766],[-41.500678,-11.518104],[-41.500894,-11.518181],[-41.501083,-11.518206],[-41.501298,-11.518151],[-41.501458,-11.518044],[-41.501591,-11.517857],[-41.501749,-11.517457],[-41.501935,-11.517191],[-41.502094,-11.516951],[-41.502362,-11.51679],[-41.502523,-11.516788],[-41.502793,-11.516892],[-41.503174,-11.517313],[-41.503555,-11.51784],[-41.503857,-11.518447],[-41.504294,-11.519212],[-41.505087,-11.520525],[-41.505961,-11.521976],[-41.506155,-11.522531],[-41.506185,-11.522901],[-41.506133,-11.523167],[-41.506054,-11.523353],[-41.505708,-11.523754],[-41.505148,-11.524315],[-41.504829,-11.524795],[-41.504698,-11.525221],[-41.504702,-11.525645],[-41.504733,-11.526095],[-41.504898,-11.526438],[-41.505115,-11.526675],[-41.505548,-11.526883],[-41.505817,-11.526934],[-41.50622,-11.526931],[-41.506544,-11.526901],[-41.507026,-11.526738],[-41.507811,-11.52626],[-41.509471,-11.525397],[-41.510008,-11.525154],[-41.510625,-11.525043],[-41.511056,-11.525066],[-41.51157,-11.525246],[-41.511868,-11.52551],[-41.511923,-11.52572],[-41.511874,-11.526172],[-41.511584,-11.526757],[-41.511132,-11.52753],[-41.510735,-11.52817],[-41.510469,-11.528596],[-41.510231,-11.529128],[-41.510101,-11.52958],[-41.510049,-11.529819],[-41.510133,-11.530163],[-41.510324,-11.5304],[-41.510567,-11.530478],[-41.510862,-11.530475],[-41.511157,-11.530366],[-41.511425,-11.530178],[-41.512012,-11.529643],[-41.51228,-11.529428],[-41.512655,-11.529293],[-41.513059,-11.52929],[-41.513961,-11.529467],[-41.514742,-11.529566],[-41.515307,-11.529535],[-41.515844,-11.529371],[-41.516245,-11.52905],[-41.516457,-11.528756],[-41.516856,-11.52817],[-41.517094,-11.527691],[-41.51744,-11.52729],[-41.517842,-11.527048],[-41.518326,-11.526937],[-41.518811,-11.527092],[-41.519244,-11.527327],[-41.519759,-11.527747],[-41.520032,-11.528195],[-41.520199,-11.528803],[-41.520152,-11.529493],[-41.51992,-11.530576],[-41.519421,-11.531933],[-41.519373,-11.532622],[-41.519435,-11.533416],[-41.519601,-11.534051],[-41.520039,-11.534843],[-41.520612,-11.535686],[-41.521156,-11.536424],[-41.521566,-11.537082],[-41.521893,-11.537583],[-41.522246,-11.537925],[-41.522571,-11.538002],[-41.522812,-11.537999],[-41.523027,-11.537944],[-41.523349,-11.537782],[-41.524524,-11.536712],[-41.52511,-11.536097],[-41.525645,-11.535721],[-41.526127,-11.535452],[-41.526959,-11.53518],[-41.528432,-11.534714],[-41.529989,-11.534223],[-41.531601,-11.534023],[-41.532221,-11.534044],[-41.532787,-11.534146],[-41.533651,-11.534403],[-41.534514,-11.534608],[-41.535161,-11.534761],[-41.535998,-11.535046],[-41.536566,-11.535411],[-41.537028,-11.535858],[-41.537464,-11.536437],[-41.537953,-11.536963],[-41.538495,-11.53733],[-41.539035,-11.53759],[-41.540014,-11.537709],[-41.540769,-11.537834],[-41.541148,-11.538069],[-41.541555,-11.538437],[-41.541909,-11.538911],[-41.542291,-11.539544],[-41.542702,-11.540309],[-41.543209,-11.540868],[-41.54368,-11.541482],[-41.544184,-11.542048],[-41.544494,-11.542441],[-41.544663,-11.54281],[-41.544666,-11.543128],[-41.544535,-11.543527],[-41.544422,-11.543648],[-41.544188,-11.543901],[-41.542683,-11.544909],[-41.541346,-11.545822],[-41.540811,-11.546225],[-41.540385,-11.546678],[-41.540172,-11.546972],[-41.539934,-11.547399],[-41.539776,-11.547824],[-41.539571,-11.548965],[-41.539169,-11.550869],[-41.538992,-11.552116],[-41.538998,-11.552779],[-41.539111,-11.553414],[-41.539304,-11.55381],[-41.53974,-11.554416],[-41.540391,-11.55502],[-41.541123,-11.55557],[-41.541773,-11.556015],[-41.542503,-11.556406],[-41.543502,-11.556795],[-41.544231,-11.556948],[-41.544824,-11.557075],[-41.545524,-11.557122],[-41.546814,-11.556925],[-41.547862,-11.556783],[-41.548588,-11.556697],[-41.549396,-11.556716],[-41.549909,-11.556845],[-41.550395,-11.557105],[-41.550911,-11.557472],[-41.551445,-11.5583],[-41.551529,-11.558382],[-41.551934,-11.558773],[-41.552369,-11.55922],[-41.552937,-11.559585],[-41.553559,-11.559846],[-41.554098,-11.55992],[-41.55477,-11.559861],[-41.555388,-11.559697],[-41.555977,-11.559453],[-41.55654,-11.559183],[-41.557157,-11.558859],[-41.557498,-11.558792],[-41.529715,-11.576221],[-41.52968,-11.576193],[-41.5294,-11.575968],[-41.528481,-11.575198],[-41.527955,-11.574735],[-41.527903,-11.574687],[-41.52277,-11.569784],[-41.520933,-11.570028],[-41.519431,-11.570241],[-41.514256,-11.574307],[-41.505056,-11.581257],[-41.497655,-11.586227],[-41.49671,-11.587225],[-41.496282,-11.587213],[-41.496118,-11.587202],[-41.490894,-11.588813],[-41.489676,-11.589111],[-41.488099,-11.589401],[-41.486693,-11.589577],[-41.485404,-11.589663],[-41.474092,-11.589918],[-41.473762,-11.591412],[-41.473635,-11.592033],[-41.472827,-11.596722],[-41.472374,-11.601037],[-41.472463,-11.602757],[-41.472684,-11.605224],[-41.47282,-11.606297],[-41.472625,-11.606529],[-41.472505,-11.606668],[-41.471646,-11.607736],[-41.47102,-11.608573],[-41.469857,-11.610237],[-41.46972,-11.610426],[-41.468718,-11.611913],[-41.467892,-11.613239],[-41.46761,-11.613673],[-41.466225,-11.616001],[-41.466177,-11.616081],[-41.435171,-11.635532],[-41.382805,-11.68681]]]]}},
{"type":"Feature","properties":{"cod_conj":14262,"conjunto":"Boquira","distrib":"Neoenergia Coelba","ano":2025,"dec_h":10.26,"dec_lim":18.0,"fec_n":4.16,"fec_lim":7.0,"dec_pct":57.0,"fec_pct":59.4,"situacao":"Dentro dos limites","num_con":45443,"area_ti_km":1948.6,"base_geo":"31/12/2025","fonte":"ANEEL: BDGD Coelba 2025 e Indicadores Coletivos de Continuidade"},"geometry":{"type":"MultiPolygon","coordinates":[[[[-42.151156,-13.011652],[-42.151075,-13.011653],[-42.148913,-13.011695],[-42.148901,-13.011695],[-42.141293,-13.012483],[-42.136039,-13.012974],[-42.131581,-13.013353],[-42.129356,-13.013699],[-42.124264,-13.014531],[-42.113839,-13.016234],[-42.106973,-13.004288],[-42.106854,-13.004083],[-42.126181,-12.97897],[-42.12803,-12.976636],[-42.128038,-12.976625],[-42.128246,-12.973126],[-42.12845,-12.970322],[-42.129153,-12.967446],[-42.129127,-12.967408],[-42.125287,-12.961688],[-42.125113,-12.961422],[-42.123773,-12.958528],[-42.123686,-12.956812],[-42.123139,-12.939299],[-42.123089,-12.938766],[-42.121987,-12.92859],[-42.120672,-12.928009],[-42.120256,-12.927829],[-42.116694,-12.926724],[-42.111683,-12.925246],[-42.110267,-12.924702],[-42.102352,-12.921572],[-42.10042,-12.920415],[-42.099594,-12.919986],[-42.098603,-12.91949],[-42.097412,-12.918886],[-42.094868,-12.917372],[-42.093254,-12.915634],[-42.087118,-12.908912],[-42.084938,-12.908868],[-42.083663,-12.908821],[-42.083085,-12.908792],[-42.057176,-12.907304],[-42.053732,-12.905506],[-42.053678,-12.905476],[-42.053317,-12.905244],[-42.040445,-12.903787],[-42.02904,-12.902364],[-42.027716,-12.902184],[-42.024577,-12.901728],[-42.020794,-12.901096],[-42.01682,-12.900432],[-42.012085,-12.908135],[-42.007768,-12.915395],[-41.998921,-12.936708],[-42.002894,-12.952262],[-42.00292,-12.952351],[-42.002981,-12.95255],[-42.002511,-12.955178],[-42.001232,-12.962108],[-42.000108,-12.968627],[-42.000067,-12.96882],[-41.999887,-12.969587],[-41.999766,-12.970403],[-41.999691,-12.971071],[-41.999627,-12.971807],[-41.999582,-12.972393],[-41.999119,-12.977962],[-41.998844,-12.981666],[-41.998543,-12.986092],[-41.997976,-12.993707],[-41.999046,-13.001372],[-41.999128,-13.002027],[-41.994825,-13.013595],[-41.992751,-13.016658],[-41.992353,-13.017069],[-41.983216,-13.016228],[-41.934038,-13.017026],[-41.930014,-13.015943],[-41.921514,-13.017681],[-41.910876,-13.020409],[-41.90638,-13.021582],[-41.903296,-13.022351],[-41.892865,-13.012481],[-41.889875,-13.006115],[-41.889564,-13.00158],[-41.889554,-13.001458],[-41.889421,-13.000081],[-41.889041,-12.996522],[-41.88781,-12.983946],[-41.88992,-12.977268],[-41.890941,-12.974292],[-41.890972,-12.974212],[-41.890696,-12.97214],[-41.890426,-12.969556],[-41.890376,-12.968969],[-41.890179,-12.965639],[-41.89011,-12.963424],[-41.890388,-12.960802],[-41.898014,-12.944663],[-41.898136,-12.944371],[-41.898342,-12.943854],[-41.898502,-12.943437],[-41.898362,-12.94213],[-41.898108,-12.940103],[-41.897304,-12.93409],[-41.897235,-12.933586],[-41.897122,-12.932819],[-41.895028,-12.919644],[-41.896433,-12.917842],[-41.899059,-12.915688],[-41.900777,-12.914292],[-41.904161,-12.912151],[-41.906951,-12.910814],[-41.907312,-12.910638],[-41.908514,-12.910211],[-41.911802,-12.907189],[-41.911901,-12.907108],[-41.91334,-12.906016],[-41.914914,-12.904865],[-41.916318,-12.903876],[-41.917024,-12.903399],[-41.917471,-12.903184],[-41.917684,-12.903084],[-41.918433,-12.902738],[-41.927059,-12.898838],[-41.927348,-12.898625],[-41.942635,-12.866746],[-41.944184,-12.860686],[-41.944199,-12.860461],[-41.944282,-12.860301],[-41.944666,-12.859582],[-41.944681,-12.859547],[-41.944972,-12.858878],[-41.9456,-12.858016],[-41.948402,-12.854019],[-41.948904,-12.853325],[-41.949457,-12.852586],[-41.949672,-12.852309],[-41.949961,-12.851926],[-41.950261,-12.851539],[-41.951125,-12.850452],[-41.951907,-12.849501],[-41.952419,-12.848905],[-41.953036,-12.848215],[-41.95359,-12.847616],[-41.953747,-12.847443],[-41.954979,-12.846135],[-41.955445,-12.845661],[-41.955784,-12.84533],[-41.956327,-12.844819],[-41.956857,-12.844045],[-41.957455,-12.843204],[-41.958069,-12.842375],[-41.958595,-12.841689],[-41.959198,-12.840931],[-41.959765,-12.840244],[-41.961612,-12.83854],[-41.966547,-12.835461],[-41.967279,-12.834281],[-41.968092,-12.832488],[-41.970384,-12.827734],[-41.970985,-12.826487],[-41.973494,-12.821167],[-41.97436,-12.820148],[-41.975275,-12.819136],[-41.976861,-12.81749],[-41.977169,-12.817315],[-41.977976,-12.816686],[-41.979163,-12.81567],[-41.979953,-12.814968],[-41.990535,-12.805292],[-42.004457,-12.809561],[-42.010565,-12.811549],[-42.020726,-12.815002],[-42.021799,-12.815366],[-42.023972,-12.813518],[-42.024506,-12.809572],[-42.024747,-12.806293],[-42.025278,-12.799959],[-42.025336,-12.799626],[-42.025855,-12.798359],[-42.027713,-12.793968],[-42.028876,-12.791326],[-42.02962,-12.790006],[-42.031342,-12.787061],[-42.031608,-12.786631],[-42.031191,-12.783282],[-42.030657,-12.777623],[-42.030663,-12.775612],[-42.030741,-12.773747],[-42.030785,-12.77321],[-42.030726,-12.772946],[-42.030449,-12.771438],[-42.030281,-12.770329],[-42.030203,-12.76967],[-42.030182,-12.769426],[-42.030088,-12.768333],[-42.029949,-12.765968],[-42.0299,-12.764085],[-42.029933,-12.761097],[-42.030003,-12.75969],[-42.030144,-12.758976],[-42.031626,-12.751519],[-42.032471,-12.747721],[-42.032308,-12.747305],[-42.031761,-12.740542],[-42.039005,-12.735233],[-42.048228,-12.723162],[-42.049165,-12.717642],[-42.051234,-12.705463],[-42.051198,-12.705241],[-42.050958,-12.704038],[-42.050546,-12.702331],[-42.050248,-12.701266],[-42.050286,-12.70095],[-42.050377,-12.699903],[-42.050465,-12.69823],[-42.050477,-12.697611],[-42.050377,-12.69647],[-42.050126,-12.694371],[-42.049989,-12.693522],[-42.049801,-12.692565],[-42.049446,-12.691017],[-42.048995,-12.68931],[-42.048921,-12.689065],[-42.048825,-12.688358],[-42.048137,-12.68426],[-42.04689,-12.678597],[-42.045277,-12.675244],[-42.062778,-12.654374],[-42.063723,-12.653304],[-42.065339,-12.651248],[-42.066307,-12.650037],[-42.066592,-12.649677],[-42.069132,-12.644959],[-42.069328,-12.644576],[-42.070414,-12.642447],[-42.0722,-12.639359],[-42.073514,-12.63713],[-42.073598,-12.63699],[-42.073846,-12.636455],[-42.07406,-12.635967],[-42.074295,-12.635639],[-42.074642,-12.63516],[-42.075571,-12.633825],[-42.075951,-12.633268],[-42.077083,-12.631568],[-42.078349,-12.629589],[-42.07888,-12.628723],[-42.080103,-12.627296],[-42.081344,-12.625808],[-42.081753,-12.625327],[-42.081955,-12.625131],[-42.083351,-12.624163],[-42.083946,-12.623761],[-42.085116,-12.623234],[-42.14355,-12.599536],[-42.146227,-12.602851],[-42.149005,-12.605677],[-42.152719,-12.606867],[-42.15516,-12.607942],[-42.158625,-12.609232],[-42.160906,-12.610437],[-42.163755,-12.608339],[-42.166078,-12.606026],[-42.168868,-12.603771],[-42.169993,-12.60265],[-42.171453,-12.600682],[-42.172987,-12.599691],[-42.174185,-12.598355],[-42.177091,-12.596164],[-42.180306,-12.595253],[-42.184397,-12.594102],[-42.186444,-12.594818],[-42.18859,-12.598453],[-42.190194,-12.60268],[-42.192519,-12.603827],[-42.19724,-12.603637],[-42.198644,-12.604655],[-42.199785,-12.605803],[-42.202138,-12.606389],[-42.205472,-12.607808],[-42.207579,-12.610132],[-42.213589,-12.613329],[-42.215404,-12.616629],[-42.2164,-12.618753],[-42.215583,-12.620534],[-42.218682,-12.621278],[-42.218509,-12.623862],[-42.211673,-12.62938],[-42.212629,-12.637666],[-42.211675,-12.639107],[-42.211462,-12.639686],[-42.211316,-12.639821],[-42.21096,-12.64004],[-42.210404,-12.640466],[-42.21013,-12.640718],[-42.209987,-12.640797],[-42.209268,-12.641391],[-42.208975,-12.641766],[-42.208489,-12.642016],[-42.208106,-12.64236],[-42.207853,-12.642696],[-42.207819,-12.642702],[-42.206817,-12.643272],[-42.207852,-12.643649],[-42.207955,-12.643891],[-42.208665,-12.644523],[-42.209049,-12.644696],[-42.209639,-12.645339],[-42.209754,-12.64541],[-42.209477,-12.646493],[-42.209499,-12.646876],[-42.209491,-12.647653],[-42.209721,-12.648277],[-42.209768,-12.648669],[-42.20979,-12.648716],[-42.209582,-12.649018],[-42.209222,-12.649421],[-42.209116,-12.650573],[-42.209459,-12.65097],[-42.209477,-12.651011],[-42.2097,-12.651111],[-42.209935,-12.651308],[-42.210159,-12.6516],[-42.210239,-12.651754],[-42.210462,-12.65191],[-42.210742,-12.652175],[-42.210926,-12.652391],[-42.210932,-12.652396],[-42.210934,-12.652401],[-42.211031,-12.652708],[-42.211114,-12.65319],[-42.21112,-12.653301],[-42.211399,-12.653826],[-42.211564,-12.654244],[-42.211574,-12.654282],[-42.211977,-12.654755],[-42.212029,-12.654826],[-42.212401,-12.655062],[-42.212615,-12.65572],[-42.212545,-12.655848],[-42.212535,-12.656009],[-42.212323,-12.656969],[-42.212446,-12.657212],[-42.212317,-12.65735],[-42.212312,-12.657384],[-42.211801,-12.657248],[-42.211697,-12.657158],[-42.211373,-12.657026],[-42.211252,-12.657071],[-42.210426,-12.657118],[-42.209874,-12.656933],[-42.209036,-12.656969],[-42.207772,-12.656655],[-42.207735,-12.656677],[-42.20732,-12.656971],[-42.207056,-12.65707],[-42.205945,-12.657594],[-42.204513,-12.657928],[-42.202809,-12.65801],[-42.201324,-12.657851],[-42.200963,-12.657781],[-42.199504,-12.657453],[-42.198134,-12.65707],[-42.196374,-12.656412],[-42.193727,-12.655207],[-42.193567,-12.655561],[-42.192784,-12.657015],[-42.192015,-12.658227],[-42.191469,-12.658999],[-42.191194,-12.659355],[-42.19024,-12.660505],[-42.189571,-12.661216],[-42.189124,-12.661444],[-42.185965,-12.662965],[-42.178681,-12.666313],[-42.177506,-12.668019],[-42.176846,-12.669033],[-42.176025,-12.670433],[-42.175273,-12.671786],[-42.17491,-12.67254],[-42.173663,-12.675274],[-42.172067,-12.680001],[-42.170651,-12.684591],[-42.171461,-12.688312],[-42.171724,-12.689131],[-42.171846,-12.689498],[-42.185055,-12.683431],[-42.188278,-12.682271],[-42.193536,-12.67985],[-42.19433,-12.679507],[-42.19434,-12.679501],[-42.194439,-12.679408],[-42.195489,-12.67822],[-42.195922,-12.677378],[-42.196427,-12.676507],[-42.196928,-12.675749],[-42.197377,-12.675142],[-42.198186,-12.674179],[-42.19915,-12.673238],[-42.199176,-12.673217],[-42.199393,-12.672516],[-42.199746,-12.671577],[-42.199798,-12.671417],[-42.20022,-12.670391],[-42.200903,-12.669151],[-42.201093,-12.668926],[-42.201593,-12.668225],[-42.201865,-12.667702],[-42.202636,-12.666845],[-42.202782,-12.66662],[-42.203677,-12.665774],[-42.203806,-12.665597],[-42.204141,-12.665331],[-42.204567,-12.664807],[-42.204834,-12.66457],[-42.204869,-12.664544],[-42.205389,-12.663973],[-42.205474,-12.663916],[-42.205696,-12.663715],[-42.206148,-12.66313],[-42.206204,-12.663002],[-42.206674,-12.6626],[-42.207113,-12.661844],[-42.207151,-12.661825],[-42.207889,-12.660926],[-42.207929,-12.660564],[-42.20866,-12.660253],[-42.208965,-12.659436],[-42.209141,-12.659498],[-42.209914,-12.659373],[-42.210294,-12.65891],[-42.210295,-12.658905],[-42.210875,-12.658794],[-42.211201,-12.658327],[-42.211199,-12.658288],[-42.211752,-12.65798],[-42.211662,-12.657677],[-42.212115,-12.657608],[-42.212346,-12.657745],[-42.212407,-12.65784],[-42.212409,-12.658028],[-42.2123,-12.658139],[-42.212123,-12.658916],[-42.212108,-12.658917],[-42.211399,-12.659369],[-42.211343,-12.659536],[-42.210812,-12.659792],[-42.210569,-12.660213],[-42.210359,-12.660397],[-42.210271,-12.660572],[-42.209985,-12.660743],[-42.209711,-12.661084],[-42.20957,-12.661559],[-42.20953,-12.661596],[-42.209202,-12.662306],[-42.209227,-12.662774],[-42.208855,-12.663291],[-42.208794,-12.663718],[-42.208501,-12.664212],[-42.208413,-12.66498],[-42.20842,-12.665023],[-42.208315,-12.665882],[-42.208323,-12.666024],[-42.20819,-12.666432],[-42.208116,-12.667294],[-42.208234,-12.668019],[-42.208214,-12.668268],[-42.207615,-12.668522],[-42.207174,-12.668826],[-42.20682,-12.669202],[-42.206481,-12.669822],[-42.206446,-12.670039],[-42.206599,-12.671001],[-42.206896,-12.671496],[-42.20694,-12.671618],[-42.207112,-12.671868],[-42.207226,-12.672139],[-42.207341,-12.672312],[-42.207471,-12.672717],[-42.207446,-12.672838],[-42.207441,-12.672845],[-42.207219,-12.673359],[-42.207221,-12.673497],[-42.206967,-12.67419],[-42.206924,-12.674213],[-42.206526,-12.674919],[-42.206577,-12.675168],[-42.206043,-12.675394],[-42.205841,-12.676098],[-42.205881,-12.676207],[-42.205384,-12.676621],[-42.205341,-12.676861],[-42.205384,-12.676997],[-42.205617,-12.677217],[-42.205753,-12.6773],[-42.205818,-12.677327],[-42.208326,-12.678022],[-42.208233,-12.678652],[-42.208144,-12.678907],[-42.20808,-12.679101],[-42.207873,-12.679795],[-42.207803,-12.680127],[-42.207484,-12.680943],[-42.207405,-12.681301],[-42.20746,-12.682578],[-42.207397,-12.683226],[-42.207393,-12.683536],[-42.207607,-12.6847],[-42.207757,-12.685115],[-42.208119,-12.686566],[-42.208167,-12.686881],[-42.208215,-12.688542],[-42.208058,-12.689261],[-42.207907,-12.690518],[-42.207874,-12.690688],[-42.207187,-12.692476],[-42.207142,-12.692574],[-42.207414,-12.693344],[-42.208205,-12.696079],[-42.208194,-12.697364],[-42.208198,-12.69749],[-42.208328,-12.698259],[-42.208729,-12.699844],[-42.208748,-12.699907],[-42.209022,-12.700714],[-42.209061,-12.700873],[-42.209632,-12.702656],[-42.209917,-12.703393],[-42.210181,-12.703996],[-42.210445,-12.704533],[-42.210613,-12.704898],[-42.211295,-12.70614],[-42.212181,-12.707478],[-42.212215,-12.70755],[-42.212637,-12.708663],[-42.212707,-12.709583],[-42.212747,-12.709841],[-42.21288,-12.710195],[-42.213236,-12.712011],[-42.213676,-12.713896],[-42.213558,-12.715448],[-42.21356,-12.715928],[-42.214643,-12.720079],[-42.223625,-12.724018],[-42.228857,-12.722055],[-42.23242,-12.718972],[-42.234316,-12.717581],[-42.241061,-12.713033],[-42.245129,-12.710451],[-42.245975,-12.711001],[-42.249917,-12.714131],[-42.251032,-12.718095],[-42.261774,-12.72713],[-42.264302,-12.729257],[-42.264363,-12.729308],[-42.24319,-12.805932],[-42.243186,-12.805937],[-42.242642,-12.806599],[-42.242421,-12.807404],[-42.242617,-12.80875],[-42.242727,-12.809503],[-42.243117,-12.810466],[-42.24394,-12.811231],[-42.245055,-12.811993],[-42.246328,-12.81266],[-42.247557,-12.813098],[-42.248362,-12.813906],[-42.248756,-12.815108],[-42.248745,-12.816063],[-42.24806,-12.818034],[-42.247333,-12.820001],[-42.246762,-12.821341],[-42.246452,-12.822303],[-42.245767,-12.822728],[-42.24476,-12.82283],[-42.243644,-12.822943],[-42.242341,-12.822853],[-42.241599,-12.823246],[-42.241044,-12.824148],[-42.240788,-12.825633],[-42.240315,-12.82725],[-42.239689,-12.829145],[-42.23948,-12.829959],[-42.239462,-12.831169],[-42.239362,-12.832338],[-42.238955,-12.833549],[-42.237865,-12.835106],[-42.236642,-12.837994],[-42.23607,-12.839007],[-42.234785,-12.841118],[-42.233998,-12.84289],[-42.233411,-12.844748],[-42.233367,-12.846995],[-42.233391,-12.848115],[-42.234206,-12.849585],[-42.234953,-12.850932],[-42.23504,-12.851685],[-42.234649,-12.852703],[-42.234057,-12.85294],[-42.232796,-12.853446],[-42.23166,-12.854666],[-42.230237,-12.85561],[-42.229093,-12.856677],[-42.22805,-12.857649],[-42.225964,-12.859593],[-42.225002,-12.860824],[-42.223804,-12.862357],[-42.223257,-12.864265],[-42.222821,-12.86623],[-42.222799,-12.867656],[-42.223318,-12.869088],[-42.223953,-12.870662],[-42.224084,-12.871942],[-42.223868,-12.873],[-42.223374,-12.873763],[-42.223229,-12.874398],[-42.222846,-12.874942],[-42.222718,-12.875725],[-42.222913,-12.876379],[-42.22308,-12.877203],[-42.223343,-12.878496],[-42.223787,-12.879637],[-42.223892,-12.88063],[-42.223685,-12.881524],[-42.222813,-12.88304],[-42.2223,-12.883932],[-42.221705,-12.884968],[-42.221029,-12.886143],[-42.220775,-12.88705],[-42.220023,-12.888984],[-42.219638,-12.889543],[-42.219054,-12.89029],[-42.21833,-12.891216],[-42.217279,-12.892137],[-42.216189,-12.893386],[-42.215498,-12.894601],[-42.215193,-12.896138],[-42.215262,-12.89705],[-42.215365,-12.898389],[-42.215511,-12.900299],[-42.215656,-12.902195],[-42.21573,-12.903159],[-42.215416,-12.905032],[-42.214738,-12.907271],[-42.213722,-12.909545],[-42.21302,-12.911579],[-42.211806,-12.913547],[-42.210422,-12.915795],[-42.210133,-12.917246],[-42.21027,-12.918329],[-42.210833,-12.919167],[-42.211796,-12.919939],[-42.21224,-12.921049],[-42.212096,-12.921744],[-42.211516,-12.922052],[-42.210595,-12.922154],[-42.209379,-12.92195],[-42.207818,-12.922206],[-42.206542,-12.922414],[-42.205631,-12.922729],[-42.204958,-12.923128],[-42.204294,-12.923522],[-42.203786,-12.923682],[-42.203155,-12.923594],[-42.20268,-12.923369],[-42.201642,-12.922391],[-42.200694,-12.921683],[-42.199283,-12.921255],[-42.198414,-12.921389],[-42.197291,-12.921811],[-42.19618,-12.922228],[-42.195454,-12.922841],[-42.195009,-12.923546],[-42.19486,-12.924605],[-42.194732,-12.925524],[-42.194031,-12.926314],[-42.193307,-12.927129],[-42.19249,-12.927733],[-42.191411,-12.928016],[-42.189826,-12.928431],[-42.189142,-12.929087],[-42.188447,-12.929755],[-42.187896,-12.930938],[-42.187676,-12.932122],[-42.187718,-12.933146],[-42.18814,-12.933988],[-42.188742,-12.93519],[-42.18911,-12.936366],[-42.189095,-12.937413],[-42.188576,-12.938244],[-42.187998,-12.939169],[-42.187068,-12.939731],[-42.185983,-12.940386],[-42.184872,-12.940794],[-42.183223,-12.941399],[-42.182303,-12.941737],[-42.181436,-12.941989],[-42.18024,-12.942336],[-42.179264,-12.942389],[-42.1784,-12.942709],[-42.177747,-12.943156],[-42.176774,-12.943642],[-42.176146,-12.944241],[-42.17534,-12.945008],[-42.174993,-12.945896],[-42.174915,-12.946703],[-42.1751,-12.947763],[-42.175009,-12.948631],[-42.174711,-12.949409],[-42.174343,-12.949903],[-42.173464,-12.950398],[-42.171792,-12.951084],[-42.170553,-12.951782],[-42.170111,-12.952346],[-42.169221,-12.954722],[-42.168816,-12.955481],[-42.168061,-12.9569],[-42.167721,-12.958194],[-42.167983,-12.95979],[-42.168692,-12.96135],[-42.169172,-12.962918],[-42.169333,-12.965245],[-42.168916,-12.967035],[-42.167775,-12.969836],[-42.167143,-12.971387],[-42.166671,-12.972914],[-42.166681,-12.97406],[-42.167016,-12.975556],[-42.166931,-12.976266],[-42.166835,-12.976914],[-42.167097,-12.977415],[-42.167599,-12.977714],[-42.168108,-12.978017],[-42.168358,-12.97856],[-42.168777,-12.979472],[-42.169178,-12.980344],[-42.169233,-12.981268],[-42.169289,-12.982214],[-42.168733,-12.983596],[-42.167992,-12.985215],[-42.167868,-12.986169],[-42.167856,-12.987269],[-42.167845,-12.988169],[-42.167523,-12.988865],[-42.166841,-12.989148],[-42.165194,-12.989443],[-42.164202,-12.989883],[-42.163364,-12.990255],[-42.162922,-12.990848],[-42.1629,-12.991483],[-42.163034,-12.992255],[-42.163688,-12.993494],[-42.163814,-12.994062],[-42.163688,-12.994647],[-42.163401,-12.99597],[-42.163016,-12.996739],[-42.162701,-12.997263],[-42.162165,-12.99897],[-42.162109,-13.000251],[-42.161865,-13.001025],[-42.161241,-13.001779],[-42.160686,-13.002448],[-42.159507,-13.003118],[-42.158351,-13.003978],[-42.157651,-13.004808],[-42.156926,-13.005667],[-42.155545,-13.006749],[-42.154209,-13.007512],[-42.153147,-13.007905],[-42.152954,-13.008522],[-42.153123,-13.009013],[-42.152896,-13.010016],[-42.152372,-13.010694],[-42.151491,-13.011252],[-42.151156,-13.011652]]],[[[-42.402825,-12.696742],[-42.403423,-12.696275],[-42.404663,-12.695228],[-42.405686,-12.694016],[-42.405981,-12.693684],[-42.408206,-12.690996],[-42.409289,-12.689758],[-42.409295,-12.689753],[-42.409308,-12.689752],[-42.415153,-12.689953],[-42.417252,-12.690143],[-42.41819,-12.690303],[-42.424535,-12.695997],[-42.424568,-12.696027],[-42.423801,-12.696402],[-42.423311,-12.696563],[-42.422804,-12.696705],[-42.422259,-12.696829],[-42.421996,-12.696881],[-42.421826,-12.696898],[-42.421602,-12.696933],[-42.421376,-12.696949],[-42.421131,-12.697019],[-42.420963,-12.697055],[-42.420512,-12.697105],[-42.420173,-12.697267],[-42.419966,-12.697376],[-42.419608,-12.697557],[-42.419362,-12.697682],[-42.419136,-12.697754],[-42.418818,-12.697769],[-42.418612,-12.697749],[-42.41848,-12.697729],[-42.418256,-12.697654],[-42.418088,-12.697579],[-42.417939,-12.697467],[-42.417828,-12.697392],[-42.417698,-12.697207],[-42.417568,-12.697022],[-42.41742,-12.696837],[-42.417291,-12.696688],[-42.417123,-12.696558],[-42.4169,-12.696409],[-42.416695,-12.696315],[-42.416544,-12.696258],[-42.416264,-12.6962],[-42.416003,-12.696143],[-42.415739,-12.696158],[-42.415421,-12.696155],[-42.415045,-12.696207],[-42.41467,-12.69624],[-42.414256,-12.696328],[-42.413519,-12.696468],[-42.413178,-12.696542],[-42.412467,-12.696689],[-42.411465,-12.697117],[-42.410754,-12.697367],[-42.410036,-12.697687],[-42.409963,-12.69772],[-42.409305,-12.697946],[-42.408673,-12.698119],[-42.408226,-12.698192],[-42.407779,-12.698214],[-42.407411,-12.69821],[-42.407123,-12.698233],[-42.406912,-12.698205],[-42.406678,-12.6981],[-42.406547,-12.698021],[-42.406339,-12.697865],[-42.406209,-12.697735],[-42.405816,-12.697577],[-42.405633,-12.697498],[-42.405319,-12.697417],[-42.405135,-12.69739],[-42.403902,-12.697378],[-42.40364,-12.697349],[-42.403378,-12.69727],[-42.40317,-12.697087],[-42.403014,-12.696931],[-42.402825,-12.696742]]],[[[-42.433755,-12.692925],[-42.433764,-12.692916],[-42.434993,-12.69171],[-42.436783,-12.691655],[-42.437198,-12.691651],[-42.437547,-12.691656],[-42.437633,-12.691657],[-42.437026,-12.692074],[-42.436063,-12.692745],[-42.435498,-12.692997],[-42.435235,-12.693068],[-42.434916,-12.693102],[-42.434747,-12.693063],[-42.434523,-12.693024],[-42.434336,-12.692949],[-42.433867,-12.692926],[-42.433755,-12.692925]]],[[[-42.457376,-12.694078],[-42.458245,-12.694087],[-42.459338,-12.69435],[-42.460373,-12.694661],[-42.461569,-12.695523],[-42.46303,-12.696461],[-42.463043,-12.696469],[-42.461323,-12.696422],[-42.460589,-12.696321],[-42.460239,-12.696161],[-42.459668,-12.695874],[-42.459033,-12.695398],[-42.458081,-12.694762],[-42.457701,-12.694383],[-42.457417,-12.69413],[-42.457376,-12.694078]]],[[[-42.467309,-12.696392],[-42.467781,-12.696111],[-42.472758,-12.682596],[-42.472774,-12.682575],[-42.477093,-12.676971],[-42.478177,-12.675621],[-42.478505,-12.675131],[-42.478243,-12.671801],[-42.47786,-12.668941],[-42.477744,-12.66846],[-42.477227,-12.666705],[-42.477194,-12.666605],[-42.476509,-12.664358],[-42.476462,-12.664217],[-42.476087,-12.663274],[-42.475633,-12.66206],[-42.475508,-12.66147],[-42.474681,-12.658152],[-42.473474,-12.654286],[-42.473112,-12.65321],[-42.474107,-12.650854],[-42.474515,-12.649842],[-42.476611,-12.644806],[-42.478251,-12.642755],[-42.480213,-12.640244],[-42.476908,-12.63327],[-42.461478,-12.610599],[-42.461134,-12.607031],[-42.46111,-12.606709],[-42.461045,-12.605699],[-42.460884,-12.604899],[-42.46088,-12.604815],[-42.460802,-12.602587],[-42.460759,-12.60087],[-42.460739,-12.599675],[-42.470789,-12.591973],[-42.47579,-12.588246],[-42.479561,-12.586421],[-42.480835,-12.585369],[-42.481564,-12.584746],[-42.484679,-12.576083],[-42.484396,-12.573885],[-42.483972,-12.570085],[-42.483898,-12.569528],[-42.483613,-12.567879],[-42.483575,-12.566655],[-42.483477,-12.564486],[-42.483465,-12.563959],[-42.48337,-12.562406],[-42.483365,-12.56164],[-42.483328,-12.560468],[-42.48306,-12.556552],[-42.483002,-12.555202],[-42.483102,-12.553904],[-42.483965,-12.552401],[-42.476683,-12.544175],[-42.46217,-12.5314],[-42.454378,-12.532251],[-42.444502,-12.524492],[-42.439142,-12.523065],[-42.427574,-12.522725],[-42.417352,-12.52633],[-42.413466,-12.533394],[-42.414826,-12.545953],[-42.405573,-12.546924],[-42.376711,-12.546248],[-42.375099,-12.529961],[-42.374381,-12.529117],[-42.373783,-12.528392],[-42.373245,-12.527717],[-42.372539,-12.526801],[-42.372288,-12.526464],[-42.371788,-12.525766],[-42.371648,-12.525566],[-42.371055,-12.523951],[-42.369468,-12.519338],[-42.367426,-12.512524],[-42.367314,-12.512137],[-42.364667,-12.511161],[-42.362664,-12.51045],[-42.361428,-12.51015],[-42.360505,-12.509939],[-42.355003,-12.509488],[-42.353625,-12.509569],[-42.334986,-12.511107],[-42.329953,-12.509761],[-42.324762,-12.508331],[-42.323589,-12.509266],[-42.318161,-12.513633],[-42.306876,-12.532668],[-42.306296,-12.533648],[-42.302934,-12.540863],[-42.303233,-12.557374],[-42.303624,-12.557992],[-42.303575,-12.559544],[-42.303547,-12.560793],[-42.303584,-12.561917],[-42.304007,-12.567565],[-42.304166,-12.569354],[-42.306467,-12.575343],[-42.309429,-12.582887],[-42.314295,-12.593093],[-42.314619,-12.596375],[-42.314787,-12.599044],[-42.315197,-12.607208],[-42.315226,-12.608165],[-42.315264,-12.610427],[-42.315256,-12.61068],[-42.306192,-12.61058],[-42.303802,-12.610512],[-42.289453,-12.609463],[-42.288892,-12.609393],[-42.284474,-12.608775],[-42.277483,-12.607693],[-42.274384,-12.607401],[-42.274174,-12.607257],[-42.273743,-12.606942],[-42.271785,-12.605429],[-42.269866,-12.604373],[-42.265665,-12.601939],[-42.265118,-12.601633],[-42.264422,-12.601855],[-42.26335,-12.602173],[-42.258551,-12.603462],[-42.254749,-12.604365],[-42.253741,-12.604619],[-42.253487,-12.604691],[-42.25278,-12.604978],[-42.250217,-12.605773],[-42.250004,-12.605843],[-42.249513,-12.606483],[-42.248429,-12.607839],[-42.247941,-12.608494],[-42.247901,-12.608533],[-42.247281,-12.609108],[-42.247114,-12.609241],[-42.24496,-12.610014],[-42.24402,-12.610394],[-42.231143,-12.616779],[-42.231,-12.616726],[-42.230109,-12.616392],[-42.226725,-12.618357],[-42.224329,-12.619749],[-42.222279,-12.62094],[-42.216978,-12.620183],[-42.217799,-12.616756],[-42.216243,-12.613498],[-42.207209,-12.606779],[-42.196974,-12.60225],[-42.191536,-12.601508],[-42.188433,-12.594447],[-42.186443,-12.591405],[-42.181182,-12.59227],[-42.173117,-12.597616],[-42.168852,-12.600949],[-42.161922,-12.608315],[-42.1541,-12.605161],[-42.149655,-12.603097],[-42.146595,-12.598617],[-42.138986,-12.581394],[-42.13343,-12.578813],[-42.131383,-12.576517],[-42.129846,-12.572068],[-42.127941,-12.561302],[-42.124796,-12.554986],[-42.123552,-12.550321],[-42.121803,-12.546818],[-42.120633,-12.544809],[-42.120458,-12.544493],[-42.117783,-12.544379],[-42.116045,-12.545141],[-42.11413,-12.544309],[-42.111909,-12.544841],[-42.111501,-12.547669],[-42.110683,-12.547742],[-42.110902,-12.546894],[-42.1115,-12.54477],[-42.112143,-12.544037],[-42.113034,-12.543405],[-42.11354,-12.542105],[-42.113148,-12.537128],[-42.111687,-12.531527],[-42.100712,-12.523657],[-42.099473,-12.523466],[-42.094333,-12.522617],[-42.094015,-12.522857],[-42.0932,-12.5235],[-42.09299,-12.52363],[-42.092275,-12.524063],[-42.091253,-12.524745],[-42.08757,-12.527133],[-42.086524,-12.528328],[-42.086172,-12.528721],[-42.085467,-12.529172],[-42.083923,-12.530181],[-42.083141,-12.530667],[-42.082579,-12.531053],[-42.070991,-12.536496],[-42.0654,-12.539122],[-42.041365,-12.526141],[-42.041064,-12.523803],[-42.028012,-12.506788],[-42.027828,-12.505107],[-42.027536,-12.501816],[-42.027473,-12.500803],[-42.027356,-12.49984],[-42.026768,-12.495437],[-42.026701,-12.494984],[-42.026626,-12.49452],[-42.026543,-12.494046],[-42.026496,-12.493793],[-42.026327,-12.492673],[-42.026291,-12.492476],[-42.026016,-12.491293],[-42.025716,-12.490115],[-42.025226,-12.488186],[-42.02495,-12.48697],[-42.024041,-12.482687],[-42.023171,-12.478815],[-42.024069,-12.476378],[-42.024559,-12.474825],[-42.025848,-12.470628],[-42.026021,-12.469973],[-42.029335,-12.456931],[-42.029596,-12.452682],[-42.029712,-12.45263],[-42.033535,-12.450886],[-42.035022,-12.450325],[-42.038678,-12.448897],[-42.039786,-12.448443],[-42.039912,-12.448389],[-42.041328,-12.447763],[-42.041744,-12.447666],[-42.046471,-12.446741],[-42.050023,-12.446018],[-42.055306,-12.444865],[-42.058865,-12.44406],[-42.05895,-12.444041],[-42.060407,-12.443687],[-42.061292,-12.443472],[-42.062955,-12.443054],[-42.063251,-12.442977],[-42.063802,-12.442828],[-42.065612,-12.442317],[-42.06576,-12.442273],[-42.067089,-12.440728],[-42.068304,-12.43929],[-42.069175,-12.438269],[-42.070954,-12.435175],[-42.070997,-12.435099],[-42.071053,-12.434995],[-42.073937,-12.429849],[-42.078271,-12.422249],[-42.078961,-12.421063],[-42.079119,-12.420788],[-42.081135,-12.417868],[-42.081863,-12.411886],[-42.082134,-12.410147],[-42.082263,-12.409264],[-42.082311,-12.408909],[-42.082313,-12.408893],[-42.08237,-12.407926],[-42.0824,-12.407133],[-42.082427,-12.406438],[-42.082427,-12.406437],[-42.08201,-12.402904],[-42.081707,-12.400576],[-42.081569,-12.399611],[-42.079647,-12.387075],[-42.082902,-12.383747],[-42.083043,-12.383616],[-42.083194,-12.383479],[-42.086391,-12.382122],[-42.087406,-12.381853],[-42.103204,-12.377959],[-42.105012,-12.377666],[-42.106499,-12.377441],[-42.107078,-12.377394],[-42.110528,-12.37715],[-42.111811,-12.377075],[-42.114647,-12.376977],[-42.117842,-12.376905],[-42.122975,-12.37759],[-42.123914,-12.377875],[-42.140371,-12.383061],[-42.140829,-12.383],[-42.140829,-12.383],[-42.145047,-12.382648],[-42.145993,-12.382559],[-42.146019,-12.382556],[-42.146705,-12.382351],[-42.149137,-12.380594],[-42.150486,-12.379631],[-42.150952,-12.379313],[-42.151631,-12.378839],[-42.154463,-12.376723],[-42.163414,-12.370167],[-42.162952,-12.363288],[-42.162502,-12.355977],[-42.162518,-12.35526],[-42.179206,-12.329015],[-42.180222,-12.327321],[-42.180731,-12.326782],[-42.181112,-12.326392],[-42.192544,-12.319506],[-42.200566,-12.314577],[-42.200594,-12.31409],[-42.200559,-12.309366],[-42.200424,-12.302166],[-42.200197,-12.295083],[-42.200196,-12.295066],[-42.270249,-12.311076],[-42.26968,-12.312544],[-42.269252,-12.3139],[-42.268645,-12.315435],[-42.26786,-12.317255],[-42.267431,-12.31929],[-42.26711,-12.320539],[-42.266789,-12.321431],[-42.266789,-12.322359],[-42.266978,-12.323415],[-42.267396,-12.324358],[-42.268038,-12.325678],[-42.268609,-12.327178],[-42.269144,-12.328641],[-42.269466,-12.32989],[-42.269716,-12.330854],[-42.269215,-12.331501],[-42.268466,-12.331925],[-42.267875,-12.332271],[-42.268252,-12.333102],[-42.268788,-12.333673],[-42.26943,-12.334245],[-42.270215,-12.334637],[-42.270644,-12.335244],[-42.270929,-12.336315],[-42.270861,-12.337017],[-42.270994,-12.33797],[-42.27015,-12.338337],[-42.266631,-12.338201],[-42.265789,-12.338807],[-42.264067,-12.340109],[-42.261537,-12.340721],[-42.26053,-12.341315],[-42.260112,-12.341736],[-42.258958,-12.344161],[-42.259141,-12.34524],[-42.259336,-12.347316],[-42.25911,-12.349564],[-42.258453,-12.351152],[-42.257376,-12.352994],[-42.256976,-12.354828],[-42.256164,-12.357582],[-42.255255,-12.359256],[-42.254849,-12.360674],[-42.254788,-12.362587],[-42.254483,-12.365252],[-42.254173,-12.367501],[-42.25387,-12.370414],[-42.253474,-12.372581],[-42.254098,-12.375151],[-42.253498,-12.377212],[-42.252912,-12.379082],[-42.252727,-12.380548],[-42.252414,-12.382547],[-42.252163,-12.384146],[-42.252109,-12.385278],[-42.251383,-12.38675],[-42.250312,-12.387694],[-42.249645,-12.3885],[-42.249252,-12.38957],[-42.249204,-12.390823],[-42.249109,-12.391952],[-42.249397,-12.393184],[-42.248919,-12.394264],[-42.248829,-12.395822],[-42.249226,-12.396999],[-42.249404,-12.398125],[-42.249359,-12.398931],[-42.249594,-12.400217],[-42.25022,-12.40225],[-42.250287,-12.403216],[-42.251073,-12.404926],[-42.252513,-12.406466],[-42.253789,-12.408062],[-42.255215,-12.408474],[-42.256801,-12.408616],[-42.258223,-12.408653],[-42.259752,-12.408634],[-42.260684,-12.408838],[-42.261946,-12.409306],[-42.26305,-12.410152],[-42.26328,-12.411116],[-42.263994,-12.411376],[-42.264966,-12.410451],[-42.265996,-12.409795],[-42.267249,-12.409511],[-42.268344,-12.409713],[-42.269116,-12.41024],[-42.270166,-12.411248],[-42.271268,-12.411933],[-42.272583,-12.412239],[-42.273668,-12.411635],[-42.275789,-12.410858],[-42.276875,-12.410254],[-42.278445,-12.409107],[-42.279799,-12.408178],[-42.280832,-12.407789],[-42.282092,-12.407989],[-42.282863,-12.408463],[-42.284129,-12.409253],[-42.28555,-12.40929],[-42.287898,-12.409154],[-42.289141,-12.408065],[-42.291033,-12.406484],[-42.292984,-12.405172],[-42.294283,-12.404189],[-42.295694,-12.403474],[-42.296677,-12.403408],[-42.297829,-12.40377],[-42.29827,-12.404087],[-42.298986,-12.404561],[-42.299864,-12.404873],[-42.300347,-12.404115],[-42.300776,-12.403519],[-42.301704,-12.403401],[-42.30323,-12.403167],[-42.304321,-12.402993],[-42.305198,-12.403197],[-42.305862,-12.403887],[-42.306533,-12.40506],[-42.307367,-12.406232],[-42.307873,-12.407353],[-42.30849,-12.408635],[-42.309363,-12.408516],[-42.309957,-12.407972],[-42.310584,-12.407486],[-42.31063,-12.40745],[-42.312002,-12.408472],[-42.31318,-12.409933],[-42.313923,-12.410677],[-42.314001,-12.410758],[-42.314696,-12.41148],[-42.315143,-12.412104],[-42.315856,-12.413978],[-42.316362,-12.415436],[-42.3166,-12.416298],[-42.317135,-12.417012],[-42.31822,-12.417935],[-42.318258,-12.418641],[-42.318409,-12.419508],[-42.31864,-12.420211],[-42.318924,-12.420942],[-42.319051,-12.421726],[-42.319106,-12.421923],[-42.3193,-12.422456],[-42.319534,-12.422966],[-42.319638,-12.423166],[-42.319786,-12.423451],[-42.320103,-12.424062],[-42.320722,-12.424786],[-42.320926,-12.425115],[-42.321912,-12.425818],[-42.322454,-12.426289],[-42.322602,-12.426489],[-42.323706,-12.42743],[-42.324288,-12.427959],[-42.325111,-12.428604],[-42.325352,-12.428952],[-42.325672,-12.429445],[-42.325651,-12.430402],[-42.325326,-12.431902],[-42.325151,-12.432448],[-42.324914,-12.432856],[-42.324741,-12.433162],[-42.324544,-12.433451],[-42.324113,-12.433873],[-42.323941,-12.434086],[-42.323531,-12.434605],[-42.323428,-12.434795],[-42.323356,-12.43505],[-42.323319,-12.435307],[-42.323306,-12.435622],[-42.323346,-12.436049],[-42.323371,-12.436352],[-42.32337,-12.43646],[-42.32334,-12.436617],[-42.32331,-12.436757],[-42.323164,-12.437119],[-42.322888,-12.437491],[-42.322525,-12.43798],[-42.322037,-12.438526],[-42.321713,-12.438977],[-42.32154,-12.43939],[-42.321522,-12.439503],[-42.321474,-12.440003],[-42.321325,-12.441262],[-42.321317,-12.441992],[-42.321308,-12.442737],[-42.321318,-12.443368],[-42.321232,-12.444175],[-42.321006,-12.445552],[-42.320945,-12.445927],[-42.320922,-12.446229],[-42.320938,-12.446474],[-42.320975,-12.446681],[-42.321049,-12.446869],[-42.321273,-12.447341],[-42.322162,-12.448216],[-42.32248,-12.448522],[-42.32254,-12.44858],[-42.323257,-12.448786],[-42.323631,-12.448996],[-42.323783,-12.4493],[-42.323853,-12.449792],[-42.323727,-12.450696],[-42.323681,-12.451338],[-42.323676,-12.451714],[-42.323872,-12.452245],[-42.324079,-12.452624],[-42.324323,-12.453004],[-42.324647,-12.453252],[-42.325181,-12.453522],[-42.325427,-12.453769],[-42.325615,-12.454148],[-42.325667,-12.454582],[-42.325484,-12.455355],[-42.325495,-12.45573],[-42.326044,-12.457436],[-42.32651,-12.458497],[-42.326753,-12.459103],[-42.326948,-12.459528],[-42.327194,-12.459808],[-42.327593,-12.460112],[-42.327878,-12.460436],[-42.328452,-12.461088],[-42.328732,-12.461639],[-42.329205,-12.46221],[-42.329658,-12.462855],[-42.329922,-12.463234],[-42.330148,-12.463613],[-42.330392,-12.464011],[-42.330597,-12.464523],[-42.330687,-12.465013],[-42.330729,-12.465485],[-42.33072,-12.466333],[-42.330557,-12.46703],[-42.330425,-12.467534],[-42.329869,-12.467986],[-42.329482,-12.468264],[-42.329267,-12.468621],[-42.329127,-12.468855],[-42.329105,-12.469136],[-42.329111,-12.469395],[-42.329106,-12.469815],[-42.329357,-12.470278],[-42.329693,-12.470827],[-42.330109,-12.471556],[-42.330396,-12.472651],[-42.330395,-12.473099],[-42.33043,-12.473896],[-42.330296,-12.47444],[-42.329998,-12.475066],[-42.329775,-12.475402],[-42.329613,-12.475729],[-42.329204,-12.476308],[-42.329007,-12.476722],[-42.328868,-12.477229],[-42.328782,-12.477944],[-42.328779,-12.478283],[-42.328801,-12.478396],[-42.328739,-12.478437],[-42.328342,-12.478704],[-42.318202,-12.485517],[-42.338398,-12.487728],[-42.371516,-12.48979],[-42.385567,-12.50738],[-42.393191,-12.524404],[-42.400796,-12.529178],[-42.40742,-12.52936],[-42.408569,-12.516725],[-42.42435,-12.5167],[-42.442419,-12.516719],[-42.452702,-12.516517],[-42.45276,-12.516675],[-42.452801,-12.517219],[-42.452981,-12.517696],[-42.453117,-12.517923],[-42.453254,-12.518083],[-42.453417,-12.518185],[-42.453437,-12.518198],[-42.453621,-12.518245],[-42.453806,-12.518224],[-42.45436,-12.518162],[-42.454893,-12.517872],[-42.455473,-12.51747],[-42.45603,-12.517204],[-42.456539,-12.516983],[-42.456637,-12.516961],[-42.460037,-12.518768],[-42.460049,-12.518849],[-42.460275,-12.519281],[-42.460572,-12.519577],[-42.460755,-12.519715],[-42.460962,-12.519807],[-42.461169,-12.5199],[-42.461514,-12.519949],[-42.461767,-12.519951],[-42.462114,-12.519932],[-42.462206,-12.51992],[-42.469612,-12.523856],[-42.469747,-12.524118],[-42.469881,-12.524572],[-42.470014,-12.525161],[-42.470075,-12.525931],[-42.470065,-12.526972],[-42.470037,-12.527424],[-42.470057,-12.527809],[-42.470192,-12.528172],[-42.470395,-12.528649],[-42.47086,-12.529103],[-42.471133,-12.529332],[-42.471408,-12.529538],[-42.471799,-12.529723],[-42.472397,-12.529909],[-42.473017,-12.530141],[-42.473615,-12.530215],[-42.474672,-12.530632],[-42.475108,-12.530817],[-42.475546,-12.530912],[-42.47596,-12.530984],[-42.476329,-12.53101],[-42.476651,-12.531058],[-42.477043,-12.531174],[-42.477316,-12.531381],[-42.477454,-12.531563],[-42.477682,-12.531791],[-42.478093,-12.53218],[-42.478297,-12.532634],[-42.478328,-12.53278],[-42.478429,-12.533246],[-42.478398,-12.534015],[-42.478394,-12.5344],[-42.478503,-12.535034],[-42.47857,-12.535375],[-42.478705,-12.535647],[-42.478887,-12.535943],[-42.479046,-12.536193],[-42.479252,-12.536353],[-42.479652,-12.536671],[-42.479927,-12.536923],[-42.480314,-12.537356],[-42.480635,-12.537586],[-42.480887,-12.537792],[-42.481253,-12.538044],[-42.481414,-12.538159],[-42.481799,-12.538796],[-42.481958,-12.539114],[-42.482208,-12.539478],[-42.482391,-12.539661],[-42.482917,-12.540141],[-42.483283,-12.540439],[-42.483811,-12.540715],[-42.48397,-12.540829],[-42.485486,-12.541478],[-42.4859,-12.541527],[-42.486845,-12.541626],[-42.487419,-12.541902],[-42.487788,-12.54202],[-42.48889,-12.542414],[-42.489211,-12.542599],[-42.489832,-12.542785],[-42.48997,-12.542854],[-42.49072,-12.543056],[-42.491155,-12.543309],[-42.491291,-12.543468],[-42.49152,-12.543697],[-42.491726,-12.54388],[-42.492093,-12.544086],[-42.492438,-12.544181],[-42.492806,-12.544207],[-42.493129,-12.544187],[-42.493406,-12.54419],[-42.493706,-12.544193],[-42.494098,-12.544242],[-42.494372,-12.544402],[-42.494579,-12.54454],[-42.494877,-12.544678],[-42.495223,-12.544727],[-42.49573,-12.544732],[-42.496469,-12.54467],[-42.496609,-12.544559],[-42.49691,-12.544358],[-42.498255,-12.543624],[-42.498823,-12.543356],[-42.499329,-12.543266],[-42.499832,-12.543326],[-42.500148,-12.543428],[-42.501438,-12.543561],[-42.502013,-12.543619],[-42.502244,-12.543598],[-42.503139,-12.543486],[-42.503365,-12.543415],[-42.503791,-12.543249],[-42.504243,-12.543034],[-42.504822,-12.542698],[-42.505327,-12.542264],[-42.50558,-12.541947],[-42.506031,-12.541781],[-42.506358,-12.541639],[-42.506757,-12.541644],[-42.507679,-12.542025],[-42.507927,-12.5422],[-42.508449,-12.542528],[-42.508846,-12.542729],[-42.509568,-12.543132],[-42.510139,-12.543484],[-42.511055,-12.544405],[-42.511252,-12.544727],[-42.511498,-12.544976],[-42.511697,-12.54515],[-42.511846,-12.545252],[-42.512046,-12.545279],[-42.51222,-12.545257],[-42.512372,-12.545184],[-42.512472,-12.545112],[-42.512677,-12.544674],[-42.512706,-12.544257],[-42.512612,-12.543667],[-42.512517,-12.543077],[-42.5125,-12.542413],[-42.512554,-12.541923],[-42.512734,-12.541386],[-42.513213,-12.540977],[-42.51369,-12.540738],[-42.514342,-12.540625],[-42.514817,-12.540509],[-42.515519,-12.540275],[-42.51612,-12.540059],[-42.516798,-12.539799],[-42.517048,-12.53968],[-42.517725,-12.539495],[-42.518574,-12.539483],[-42.518899,-12.539512],[-42.519672,-12.539646],[-42.519847,-12.539649],[-42.520845,-12.539885],[-42.521143,-12.540011],[-42.521517,-12.540213],[-42.521764,-12.540388],[-42.522508,-12.540964],[-42.522755,-12.541261],[-42.522953,-12.541411],[-42.523127,-12.541537],[-42.523126,-12.54161],[-42.523874,-12.541866],[-42.524123,-12.541894],[-42.524769,-12.542148],[-42.525043,-12.542251],[-42.525742,-12.542383],[-42.526267,-12.542415],[-42.526565,-12.542493],[-42.526914,-12.542669],[-42.527459,-12.543168],[-42.52788,-12.54354],[-42.528252,-12.543865],[-42.529144,-12.544613],[-42.529365,-12.544958],[-42.529562,-12.545255],[-42.530006,-12.545849],[-42.530055,-12.545924],[-42.530229,-12.546122],[-42.530526,-12.546273],[-42.530626,-12.546347],[-42.531323,-12.546649],[-42.531496,-12.546677],[-42.531772,-12.546754],[-42.532145,-12.546831],[-42.53299,-12.54682],[-42.533317,-12.546702],[-42.533994,-12.546416],[-42.534523,-12.546029],[-42.5347,-12.545787],[-42.535054,-12.545349],[-42.535459,-12.544765],[-42.535521,-12.54472],[-42.541022,-12.548164],[-42.541446,-12.548421],[-42.559032,-12.558773],[-42.567336,-12.558833],[-42.579178,-12.562027],[-42.580239,-12.562318],[-42.581004,-12.562535],[-42.581904,-12.568131],[-42.589804,-12.581323],[-42.59118,-12.583716],[-42.591398,-12.58411],[-42.59146,-12.584226],[-42.599357,-12.608357],[-42.624225,-12.614324],[-42.624302,-12.614342],[-42.624375,-12.616738],[-42.624354,-12.618119],[-42.624627,-12.620404],[-42.625009,-12.621819],[-42.625543,-12.62268],[-42.62664,-12.623533],[-42.627266,-12.625182],[-42.627485,-12.626481],[-42.627182,-12.627748],[-42.626471,-12.628665],[-42.62556,-12.629545],[-42.623804,-12.630437],[-42.621138,-12.63221],[-42.619114,-12.634013],[-42.617997,-12.63458],[-42.616836,-12.634912],[-42.613673,-12.635665],[-42.611149,-12.636212],[-42.610231,-12.636619],[-42.609637,-12.637219],[-42.609051,-12.638411],[-42.608595,-12.640311],[-42.608577,-12.64185],[-42.608796,-12.643149],[-42.609303,-12.644918],[-42.60972,-12.645977],[-42.610183,-12.64751],[-42.610199,-12.648654],[-42.609773,-12.649764],[-42.608585,-12.651043],[-42.607198,-12.652404],[-42.606448,-12.653321],[-42.606035,-12.655379],[-42.605739,-12.657198],[-42.60523,-12.658191],[-42.604314,-12.658716],[-42.602909,-12.658814],[-42.601137,-12.658562],[-42.599609,-12.658464],[-42.598325,-12.65864],[-42.597085,-12.659051],[-42.595409,-12.659823],[-42.593056,-12.661157],[-42.591739,-12.661806],[-42.590259,-12.66226],[-42.588851,-12.662161],[-42.58716,-12.661947],[-42.584868,-12.661781],[-42.584186,-12.661869],[-42.583349,-12.662354],[-42.582596,-12.663153],[-42.581927,-12.664148],[-42.58158,-12.665218],[-42.58124,-12.666762],[-42.580869,-12.668977],[-42.580701,-12.671307],[-42.580608,-12.673281],[-42.580663,-12.674346],[-42.580797,-12.675291],[-42.581012,-12.676314],[-42.581592,-12.677529],[-42.582859,-12.679051],[-42.583679,-12.680184],[-42.584054,-12.681205],[-42.583947,-12.682114],[-42.583403,-12.683463],[-42.582375,-12.6847],[-42.58139,-12.686094],[-42.580922,-12.687127],[-42.580773,-12.687918],[-42.581188,-12.688899],[-42.581363,-12.689883],[-42.581294,-12.690712],[-42.581099,-12.691149],[-42.580501,-12.691473],[-42.579535,-12.691367],[-42.578648,-12.691143],[-42.577952,-12.690284],[-42.576808,-12.688918],[-42.575711,-12.688065],[-42.574942,-12.687681],[-42.573812,-12.687301],[-42.572484,-12.687201],[-42.570513,-12.68707],[-42.568905,-12.687012],[-42.567657,-12.686911],[-42.566125,-12.686537],[-42.565442,-12.686546],[-42.564802,-12.686752],[-42.564004,-12.687197],[-42.563244,-12.687444],[-42.562117,-12.687301],[-42.561393,-12.687311],[-42.559708,-12.687491],[-42.558024,-12.68775],[-42.556176,-12.687854],[-42.554044,-12.687685],[-42.552998,-12.68762],[-42.551833,-12.687636],[-42.550548,-12.687693],[-42.548899,-12.687636],[-42.548299,-12.687841],[-42.547662,-12.688284],[-42.547351,-12.688998],[-42.547125,-12.690145],[-42.547015,-12.690857],[-42.546385,-12.691813],[-42.545752,-12.692571],[-42.545238,-12.69317],[-42.544203,-12.693854],[-42.542966,-12.694502],[-42.542209,-12.694986],[-42.540459,-12.696351],[-42.53951,-12.697468],[-42.538921,-12.698463],[-42.538326,-12.698984],[-42.537687,-12.699308],[-42.537004,-12.699356],[-42.536278,-12.699129],[-42.535428,-12.698746],[-42.534695,-12.698046],[-42.534117,-12.696948],[-42.533413,-12.695419],[-42.532866,-12.693611],[-42.532524,-12.692155],[-42.532107,-12.691056],[-42.531662,-12.690865],[-42.530938,-12.690795],[-42.529934,-12.690848],[-42.528692,-12.69118],[-42.527413,-12.691671],[-42.525897,-12.69248],[-42.524706,-12.693522],[-42.523482,-12.695156],[-42.522132,-12.696769],[-42.521565,-12.697443],[-42.520976,-12.698037],[-42.520245,-12.698713],[-42.519597,-12.69951],[-42.519442,-12.700159],[-42.519605,-12.701591],[-42.519746,-12.702842],[-42.519913,-12.704476],[-42.519845,-12.705527],[-42.519369,-12.706807],[-42.519112,-12.707638],[-42.518818,-12.708673],[-42.518583,-12.709544],[-42.517958,-12.710502],[-42.517414,-12.711358],[-42.517173,-12.711725],[-42.516849,-12.711625],[-42.516299,-12.711554],[-42.515628,-12.711497],[-42.514672,-12.711311],[-42.514388,-12.711208],[-42.513768,-12.711126],[-42.512838,-12.71099],[-42.512374,-12.710886],[-42.512368,-12.710884],[-42.511368,-12.710648],[-42.510798,-12.710593],[-42.509555,-12.710707],[-42.509036,-12.710854],[-42.508751,-12.710976],[-42.508047,-12.711375],[-42.50776,-12.711675],[-42.506819,-12.712601],[-42.506501,-12.713255],[-42.506265,-12.713606],[-42.505686,-12.714535],[-42.505369,-12.715189],[-42.505181,-12.715743],[-42.504945,-12.71617],[-42.504709,-12.71637],[-42.503983,-12.716667],[-42.503722,-12.716866],[-42.503411,-12.716964],[-42.503229,-12.717038],[-42.502504,-12.717081],[-42.502037,-12.717077],[-42.501625,-12.716948],[-42.501419,-12.71692],[-42.500544,-12.716951],[-42.500174,-12.717045],[-42.500164,-12.717048],[-42.500077,-12.71678],[-42.500027,-12.716664],[-42.499884,-12.716427],[-42.499711,-12.716189],[-42.499617,-12.715953],[-42.499556,-12.715701],[-42.499542,-12.71545],[-42.499547,-12.714884],[-42.499486,-12.714601],[-42.499341,-12.714132],[-42.499199,-12.71388],[-42.499122,-12.713534],[-42.499061,-12.713187],[-42.49892,-12.712903],[-42.498793,-12.712729],[-42.498602,-12.712587],[-42.498364,-12.712443],[-42.498204,-12.712347],[-42.497334,-12.712193],[-42.496394,-12.711979],[-42.494516,-12.711447],[-42.493836,-12.711337],[-42.493372,-12.711315],[-42.493343,-12.711311],[-42.492911,-12.71126],[-42.492494,-12.711288],[-42.491517,-12.711467],[-42.491324,-12.711512],[-42.490987,-12.711572],[-42.490633,-12.711663],[-42.490264,-12.711785],[-42.489461,-12.711966],[-42.488995,-12.712103],[-42.488658,-12.712147],[-42.488369,-12.712207],[-42.488048,-12.712251],[-42.487198,-12.71229],[-42.485693,-12.71226],[-42.483065,-12.712235],[-42.482712,-12.7122],[-42.48244,-12.712166],[-42.482265,-12.712102],[-42.482058,-12.71199],[-42.481835,-12.711847],[-42.481596,-12.711734],[-42.481292,-12.711638],[-42.480797,-12.711491],[-42.480146,-12.711406],[-42.479796,-12.71128],[-42.479346,-12.711153],[-42.478772,-12.710951],[-42.478423,-12.710801],[-42.477602,-12.710277],[-42.477128,-12.709977],[-42.476057,-12.709427],[-42.47561,-12.709029],[-42.475063,-12.708582],[-42.474814,-12.708383],[-42.474539,-12.708283],[-42.473963,-12.708277],[-42.473765,-12.708144],[-42.473739,-12.708128],[-42.473591,-12.707905],[-42.473543,-12.707659],[-42.473497,-12.707314],[-42.473572,-12.706755],[-42.473525,-12.706484],[-42.473427,-12.706188],[-42.47333,-12.705917],[-42.473184,-12.705498],[-42.472718,-12.704364],[-42.472327,-12.703426],[-42.471911,-12.702416],[-42.471469,-12.701478],[-42.471296,-12.701255],[-42.471123,-12.701082],[-42.470924,-12.700907],[-42.470651,-12.700684],[-42.470377,-12.700485],[-42.470204,-12.700312],[-42.470054,-12.700163],[-42.469882,-12.699867],[-42.469711,-12.699422],[-42.469542,-12.69885],[-42.469385,-12.698566],[-42.469197,-12.698189],[-42.46882,-12.697559],[-42.468472,-12.69721],[-42.468094,-12.696675],[-42.467776,-12.696546],[-42.467509,-12.696457],[-42.467393,-12.696418],[-42.467309,-12.696392]]],[[[-42.347856,-12.463808],[-42.34723,-12.465478],[-42.346419,-12.466303],[-42.34627,-12.466424],[-42.343561,-12.468571],[-42.341471,-12.470086],[-42.337379,-12.472948],[-42.335375,-12.474033],[-42.337856,-12.4715],[-42.341068,-12.46918],[-42.342924,-12.467931],[-42.345541,-12.465833],[-42.347674,-12.464078],[-42.347856,-12.463808]]]]}},
{"type":"Feature","properties":{"cod_conj":14353,"conjunto":"Miguel Calmom","distrib":"Neoenergia Coelba","ano":2025,"dec_h":10.1,"dec_lim":17.0,"fec_n":4.38,"fec_lim":7.0,"dec_pct":59.4,"fec_pct":62.6,"situacao":"Dentro dos limites","num_con":21091,"area_ti_km":895.8,"base_geo":"31/12/2025","fonte":"ANEEL: BDGD Coelba 2025 e Indicadores Coletivos de Continuidade"},"geometry":{"type":"MultiPolygon","coordinates":[[[[-40.924323,-11.319267],[-40.924896,-11.320038],[-40.925808,-11.321164],[-40.926384,-11.321817],[-40.927307,-11.322777],[-40.928624,-11.32404],[-40.928996,-11.324374],[-40.929259,-11.324601],[-40.930212,-11.325398],[-40.930775,-11.325856],[-40.930859,-11.325923],[-40.931633,-11.32652],[-40.932325,-11.327036],[-40.933415,-11.327786],[-40.93505,-11.328835],[-40.936116,-11.329477],[-40.9373,-11.330162],[-40.938855,-11.330998],[-40.938959,-11.336291],[-40.937912,-11.340281],[-40.934609,-11.352494],[-40.921467,-11.385573],[-40.92998,-11.391687],[-40.931033,-11.392466],[-40.93211,-11.393283],[-40.932809,-11.393827],[-40.927875,-11.423393],[-40.93111,-11.443727],[-40.930951,-11.445957],[-40.919718,-11.461135],[-40.920198,-11.461825],[-40.924019,-11.467165],[-40.926525,-11.470549],[-40.927995,-11.472455],[-40.93716,-11.483897],[-40.938663,-11.48873],[-40.943049,-11.490692],[-40.946655,-11.492221],[-40.95085,-11.493895],[-40.950926,-11.493924],[-40.956467,-11.49596],[-40.956881,-11.496118],[-40.958411,-11.497246],[-40.961523,-11.497595],[-40.965103,-11.497889],[-40.973232,-11.498451],[-40.977866,-11.498718],[-40.97813,-11.498696],[-40.979472,-11.498565],[-40.979725,-11.498538],[-40.980143,-11.49849],[-40.982795,-11.498165],[-40.986616,-11.497672],[-40.989368,-11.499437],[-40.990188,-11.50002],[-40.991664,-11.501118],[-40.995672,-11.504223],[-40.998871,-11.506799],[-40.999839,-11.507609],[-41.000189,-11.507913],[-41.00119,-11.508854],[-41.005464,-11.512826],[-41.005741,-11.512909],[-41.010117,-11.514158],[-41.020132,-11.516874],[-41.021428,-11.516797],[-41.02513,-11.516523],[-41.02703,-11.516356],[-41.028034,-11.516253],[-41.028057,-11.51625],[-41.029382,-11.516064],[-41.030288,-11.516905],[-41.031998,-11.518537],[-41.032601,-11.519125],[-41.03323,-11.519808],[-41.033885,-11.520544],[-41.035539,-11.522457],[-41.040364,-11.52821],[-41.040776,-11.528719],[-41.043188,-11.53279],[-41.048548,-11.54164],[-41.04919,-11.542211],[-41.049863,-11.54278],[-41.051779,-11.544317],[-41.054246,-11.546213],[-41.055123,-11.546857],[-41.056257,-11.547638],[-41.057349,-11.54834],[-41.057695,-11.548548],[-41.101406,-11.559686],[-41.108768,-11.589597],[-41.10877,-11.589629],[-41.108738,-11.589735],[-41.10863,-11.590074],[-41.108293,-11.591096],[-41.099619,-11.603707],[-41.093803,-11.608133],[-41.089482,-11.61135],[-41.088466,-11.61203],[-41.088318,-11.612128],[-41.085367,-11.61383],[-41.084002,-11.614605],[-41.083697,-11.614763],[-41.082453,-11.615377],[-41.071993,-11.617898],[-41.05747,-11.633047],[-41.05149,-11.638174],[-41.045885,-11.644486],[-41.034513,-11.657444],[-41.034845,-11.667934],[-41.033891,-11.673885],[-41.028943,-11.70591],[-41.028697,-11.707538],[-41.007975,-11.722961],[-40.999496,-11.738914],[-40.991121,-11.754771],[-40.980384,-11.753646],[-40.965513,-11.752254],[-40.94155,-11.748675],[-40.920494,-11.745556],[-40.918724,-11.745281],[-40.913465,-11.720846],[-40.912694,-11.716673],[-40.912352,-11.714717],[-40.912245,-11.714415],[-40.9118,-11.713129],[-40.911293,-11.711621],[-40.91,-11.708507],[-40.918419,-11.685187],[-40.920712,-11.67698],[-40.921093,-11.67547],[-40.922183,-11.670636],[-40.923131,-11.665865],[-40.923382,-11.664389],[-40.923463,-11.664073],[-40.92376,-11.662752],[-40.924028,-11.661394],[-40.924039,-11.661327],[-40.92389,-11.660459],[-40.920991,-11.650907],[-40.920964,-11.65084],[-40.920597,-11.649983],[-40.920436,-11.649617],[-40.920188,-11.649202],[-40.919442,-11.648018],[-40.919243,-11.647718],[-40.914317,-11.641426],[-40.913895,-11.640985],[-40.912767,-11.639875],[-40.911634,-11.638818],[-40.910976,-11.638223],[-40.90997,-11.637352],[-40.907453,-11.635323],[-40.900312,-11.629952],[-40.890728,-11.624523],[-40.88511,-11.621795],[-40.880048,-11.617184],[-40.874636,-11.623783],[-40.874447,-11.624018],[-40.871701,-11.627594],[-40.864071,-11.637848],[-40.862706,-11.639586],[-40.861527,-11.642142],[-40.861092,-11.64299],[-40.860858,-11.643467],[-40.859487,-11.645415],[-40.859418,-11.645507],[-40.858285,-11.648029],[-40.857907,-11.648801],[-40.857205,-11.650115],[-40.856669,-11.651166],[-40.856471,-11.651516],[-40.856194,-11.652027],[-40.855551,-11.65295],[-40.853627,-11.655818],[-40.853265,-11.656384],[-40.852843,-11.657016],[-40.852603,-11.657394],[-40.852091,-11.658251],[-40.850514,-11.661063],[-40.850389,-11.661252],[-40.849718,-11.662153],[-40.849364,-11.662551],[-40.848745,-11.663302],[-40.846592,-11.664292],[-40.8465,-11.664358],[-40.84647,-11.664382],[-40.845969,-11.664818],[-40.845162,-11.665578],[-40.844553,-11.666214],[-40.844033,-11.666843],[-40.843587,-11.667614],[-40.84211,-11.670227],[-40.842318,-11.672533],[-40.842491,-11.673555],[-40.842386,-11.673704],[-40.841308,-11.674996],[-40.841203,-11.675098],[-40.841008,-11.675327],[-40.840248,-11.676403],[-40.839089,-11.677651],[-40.838024,-11.678446],[-40.837618,-11.678804],[-40.83573,-11.679686],[-40.83465,-11.679724],[-40.833522,-11.679904],[-40.832305,-11.679627],[-40.831087,-11.679426],[-40.828731,-11.678222],[-40.827587,-11.677372],[-40.827053,-11.677304],[-40.82512,-11.676865],[-40.822571,-11.675855],[-40.820568,-11.674749],[-40.820086,-11.67444],[-40.819101,-11.673834],[-40.818606,-11.673487],[-40.817504,-11.672966],[-40.817327,-11.672872],[-40.816376,-11.672998],[-40.814192,-11.673203],[-40.80977,-11.673779],[-40.809124,-11.67384],[-40.808822,-11.673962],[-40.806448,-11.676327],[-40.800341,-11.678356],[-40.798992,-11.678741],[-40.797113,-11.67917],[-40.796491,-11.679267],[-40.795255,-11.679765],[-40.793487,-11.680327],[-40.792464,-11.680604],[-40.791109,-11.680906],[-40.789076,-11.681272],[-40.78732,-11.681494],[-40.786077,-11.681585],[-40.730231,-11.571861],[-40.729879,-11.571473],[-40.729607,-11.571019],[-40.729365,-11.570135],[-40.729407,-11.569436],[-40.729356,-11.56869],[-40.72902,-11.567994],[-40.728257,-11.567112],[-40.727638,-11.566463],[-40.72723,-11.566369],[-40.726785,-11.566468],[-40.726253,-11.567084],[-40.725362,-11.567606],[-40.724802,-11.567916],[-40.72331,-11.56841],[-40.721733,-11.568596],[-40.720929,-11.568694],[-40.720221,-11.569024],[-40.719748,-11.568981],[-40.719209,-11.568933],[-40.718765,-11.568775],[-40.718394,-11.568559],[-40.718146,-11.567923],[-40.717925,-11.567638],[-40.717655,-11.567455],[-40.717586,-11.567414],[-40.717417,-11.567317],[-40.71718,-11.567178],[-40.716943,-11.567086],[-40.716704,-11.566714],[-40.716607,-11.566389],[-40.716446,-11.565892],[-40.716204,-11.565745],[-40.715938,-11.565744],[-40.715603,-11.565533],[-40.715464,-11.565277],[-40.715414,-11.564858],[-40.715507,-11.564624],[-40.715837,-11.564343],[-40.716337,-11.563903],[-40.716401,-11.563776],[-40.716476,-11.563573],[-40.716489,-11.563459],[-40.716475,-11.563293],[-40.716422,-11.563027],[-40.716369,-11.562735],[-40.716315,-11.562329],[-40.716326,-11.562062],[-40.716402,-11.561859],[-40.716504,-11.561693],[-40.716734,-11.561514],[-40.71694,-11.561411],[-40.716981,-11.561392],[-40.717184,-11.561206],[-40.717249,-11.561048],[-40.717292,-11.560874],[-40.717393,-11.560581],[-40.717405,-11.560006],[-40.71739,-11.559898],[-40.717328,-11.559593],[-40.717263,-11.559505],[-40.717107,-11.559302],[-40.717086,-11.559268],[-40.716832,-11.558984],[-40.716615,-11.558747],[-40.716472,-11.558556],[-40.71638,-11.558341],[-40.716392,-11.558202],[-40.716456,-11.558061],[-40.716584,-11.557934],[-40.716814,-11.557742],[-40.717006,-11.557461],[-40.71703,-11.557258],[-40.71703,-11.556836],[-40.716925,-11.556656],[-40.716766,-11.556386],[-40.716419,-11.55613],[-40.716002,-11.555969],[-40.71563,-11.556008],[-40.715015,-11.556244],[-40.714638,-11.55648],[-40.713852,-11.557056],[-40.713397,-11.557107],[-40.712273,-11.556727],[-40.711609,-11.556498],[-40.710705,-11.555897],[-40.709946,-11.555529],[-40.709044,-11.555068],[-40.70861,-11.554934],[-40.708379,-11.554822],[-40.708126,-11.554695],[-40.707937,-11.554533],[-40.70782,-11.55439],[-40.707805,-11.554284],[-40.707834,-11.554191],[-40.707919,-11.554098],[-40.708127,-11.553876],[-40.708314,-11.553633],[-40.708413,-11.553411],[-40.708476,-11.553077],[-40.708447,-11.552721],[-40.708125,-11.551904],[-40.708117,-11.551894],[-40.707857,-11.551439],[-40.707571,-11.551124],[-40.707442,-11.550922],[-40.707051,-11.550485],[-40.706717,-11.550193],[-40.706418,-11.549925],[-40.705946,-11.54951],[-40.70582,-11.549409],[-40.705739,-11.549365],[-40.705614,-11.549365],[-40.705534,-11.549388],[-40.705432,-11.549422],[-40.705294,-11.549479],[-40.705043,-11.549651],[-40.704805,-11.549821],[-40.704497,-11.549981],[-40.703903,-11.550187],[-40.703515,-11.550269],[-40.703298,-11.550225],[-40.703126,-11.550136],[-40.703033,-11.550001],[-40.702974,-11.549798],[-40.702948,-11.549551],[-40.702977,-11.5491],[-40.702927,-11.548541],[-40.70278,-11.548206],[-40.70258,-11.54791],[-40.703214,-11.547336],[-40.703574,-11.546931],[-40.704078,-11.54657],[-40.704407,-11.546275],[-40.704694,-11.545999],[-40.704937,-11.545885],[-40.70538,-11.545495],[-40.705571,-11.545365],[-40.705945,-11.545216],[-40.706296,-11.545085],[-40.706846,-11.544787],[-40.707592,-11.544346],[-40.70854,-11.543397],[-40.709018,-11.542675],[-40.709562,-11.541507],[-40.710136,-11.54082],[-40.710481,-11.540534],[-40.711114,-11.53996],[-40.711749,-11.539557],[-40.712499,-11.539325],[-40.712737,-11.53922],[-40.713388,-11.539164],[-40.714009,-11.538972],[-40.714452,-11.538855],[-40.714715,-11.53889],[-40.714982,-11.539053],[-40.715692,-11.539871],[-40.716455,-11.541005],[-40.716927,-11.541379],[-40.717504,-11.541646],[-40.718136,-11.541678],[-40.718601,-11.541448],[-40.719462,-11.540873],[-40.720096,-11.540527],[-40.720565,-11.540105],[-40.720958,-11.539554],[-40.721288,-11.539038],[-40.72138,-11.53868],[-40.721516,-11.538417],[-40.722009,-11.538098],[-40.722608,-11.537368],[-40.723024,-11.536978],[-40.723613,-11.536346],[-40.723804,-11.535933],[-40.723966,-11.535734],[-40.724319,-11.5352],[-40.724738,-11.5349],[-40.725615,-11.534503],[-40.726139,-11.534166],[-40.726585,-11.533559],[-40.726648,-11.533338],[-40.726816,-11.532684],[-40.727012,-11.53098],[-40.727186,-11.530177],[-40.727316,-11.52932],[-40.72751,-11.528575],[-40.727668,-11.528153],[-40.727661,-11.527986],[-40.727718,-11.527574],[-40.728056,-11.526148],[-40.728216,-11.524368],[-40.728364,-11.523312],[-40.728498,-11.522843],[-40.728837,-11.521473],[-40.729118,-11.520531],[-40.729406,-11.519179],[-40.729629,-11.518507],[-40.730052,-11.517513],[-40.730142,-11.517137],[-40.730546,-11.515705],[-40.730605,-11.515289],[-40.730942,-11.514222],[-40.731686,-11.512411],[-40.732312,-11.511557],[-40.732669,-11.511237],[-40.733706,-11.510547],[-40.734212,-11.509951],[-40.734659,-11.509277],[-40.73487,-11.508616],[-40.735008,-11.507895],[-40.735287,-11.50672],[-40.735389,-11.506417],[-40.735518,-11.506184],[-40.736393,-11.505076],[-40.736895,-11.504517],[-40.737554,-11.503535],[-40.737947,-11.503327],[-40.738309,-11.503017],[-40.738655,-11.502788],[-40.739096,-11.502665],[-40.739516,-11.50244],[-40.739967,-11.502189],[-40.740813,-11.501881],[-40.741618,-11.501419],[-40.742665,-11.500703],[-40.743097,-11.500282],[-40.743157,-11.500249],[-40.743313,-11.500217],[-40.743499,-11.500203],[-40.743765,-11.500212],[-40.743882,-11.500222],[-40.743883,-11.500222],[-40.744153,-11.500288],[-40.744408,-11.500437],[-40.744675,-11.500487],[-40.744933,-11.500511],[-40.745365,-11.500386],[-40.745521,-11.500299],[-40.745851,-11.499624],[-40.746053,-11.499386],[-40.746237,-11.499238],[-40.74657,-11.499146],[-40.746837,-11.499162],[-40.747315,-11.49863],[-40.747904,-11.498098],[-40.748567,-11.497656],[-40.749009,-11.49749],[-40.749453,-11.497342],[-40.750248,-11.497209],[-40.751034,-11.497258],[-40.753552,-11.497626],[-40.754717,-11.497637],[-40.755419,-11.497505],[-40.756027,-11.497192],[-40.756451,-11.496915],[-40.756921,-11.496475],[-40.757941,-11.49544],[-40.757952,-11.495439],[-40.757964,-11.495438],[-40.758274,-11.49542],[-40.759346,-11.495286],[-40.760541,-11.49546],[-40.761707,-11.495727],[-40.762465,-11.495741],[-40.763686,-11.495642],[-40.764332,-11.495383],[-40.765002,-11.49474],[-40.765883,-11.493587],[-40.76671,-11.492816],[-40.768171,-11.491807],[-40.768228,-11.491771],[-40.768318,-11.491714],[-40.769329,-11.490724],[-40.769723,-11.490285],[-40.770415,-11.488421],[-40.770873,-11.487635],[-40.771396,-11.48714],[-40.772355,-11.486678],[-40.772686,-11.486366],[-40.772901,-11.486132],[-40.772941,-11.486056],[-40.772944,-11.486051],[-40.773111,-11.486044],[-40.773198,-11.486031],[-40.773458,-11.48603],[-40.773669,-11.486078],[-40.773915,-11.486176],[-40.775474,-11.487188],[-40.776086,-11.487403],[-40.776346,-11.48742],[-40.776734,-11.487362],[-40.77701,-11.487306],[-40.777324,-11.487195],[-40.77784,-11.486937],[-40.778578,-11.486458],[-40.779205,-11.486199],[-40.780183,-11.485974],[-40.781857,-11.485708],[-40.782502,-11.485467],[-40.783304,-11.484897],[-40.78331,-11.484888],[-40.783715,-11.48431],[-40.784613,-11.483029],[-40.78511,-11.482552],[-40.785911,-11.482055],[-40.787608,-11.481352],[-40.788226,-11.481239],[-40.78915,-11.481051],[-40.789574,-11.480866],[-40.790311,-11.48037],[-40.790752,-11.479948],[-40.791578,-11.479013],[-40.79226,-11.478499],[-40.792665,-11.478295],[-40.793348,-11.478182],[-40.795503,-11.478133],[-40.796519,-11.478018],[-40.797036,-11.477868],[-40.798253,-11.477241],[-40.863521,-11.414492],[-40.924323,-11.319267]]]]}},
{"type":"Feature","properties":{"cod_conj":14310,"conjunto":"Iacu","distrib":"Neoenergia Coelba","ano":2025,"dec_h":5.99,"dec_lim":15.0,"fec_n":1.82,"fec_lim":7.0,"dec_pct":39.9,"fec_pct":26.0,"situacao":"Dentro dos limites","num_con":22440,"area_ti_km":398.5,"base_geo":"31/12/2025","fonte":"ANEEL: BDGD Coelba 2025 e Indicadores Coletivos de Continuidade"},"geometry":{"type":"MultiPolygon","coordinates":[[[[-40.682906,-13.0215],[-40.682777,-13.021417],[-40.682238,-13.02107],[-40.681903,-13.020811],[-40.681443,-13.020518],[-40.680776,-13.019998],[-40.680276,-13.019515],[-40.679835,-13.018978],[-40.679701,-13.01877],[-40.679329,-13.01825],[-40.678963,-13.017588],[-40.678594,-13.0167],[-40.678241,-13.015584],[-40.678227,-13.015542],[-40.678346,-13.015612],[-40.679629,-13.016556],[-40.681555,-13.019161],[-40.682763,-13.021313],[-40.682906,-13.0215]]],[[[-40.665257,-13.007541],[-40.665138,-13.007459],[-40.663591,-13.006406],[-40.663058,-13.00597],[-40.662625,-13.005423],[-40.662599,-13.005391],[-40.663734,-13.005871],[-40.664715,-13.006701],[-40.665257,-13.007541]]],[[[-40.658711,-13.003554],[-40.658576,-13.003508],[-40.65857,-13.003506],[-40.658568,-13.003503],[-40.65851,-13.003435],[-40.658711,-13.003554]]],[[[-40.654889,-13.001291],[-40.654725,-13.001227],[-40.654423,-13.001111],[-40.654419,-13.001109],[-40.654403,-13.001105],[-40.653963,-13.000959],[-40.653379,-13.000721],[-40.653136,-13.000599],[-40.652801,-13.000505],[-40.652085,-13.00026],[-40.651836,-13.000155],[-40.651769,-13.000141],[-40.652358,-13.000141],[-40.653874,-13.00069],[-40.654889,-13.001291]]],[[[-40.650433,-13.000084],[-40.650422,-13.000087],[-40.650385,-13.000099],[-40.649382,-13.000301],[-40.648096,-13.000394],[-40.647079,-13.000325],[-40.646693,-13.000255],[-40.645928,-13.000006],[-40.644263,-12.999209],[-40.643813,-12.99959],[-40.642615,-13.000473],[-40.642381,-13.000541],[-40.642334,-13.00055],[-40.641699,-13.000574],[-40.641035,-13.00055],[-40.640698,-13.000514],[-40.640035,-13.000385],[-40.639278,-13.000152],[-40.638661,-12.999881],[-40.638433,-12.999974],[-40.636987,-13.000393],[-40.63583,-13.000578],[-40.634725,-13.000369],[-40.634268,-13.000285],[-40.634119,-13.000235],[-40.633569,-12.999988],[-40.632765,-12.999541],[-40.632731,-12.999518],[-40.631914,-12.999733],[-40.630534,-12.999977],[-40.629404,-13.000074],[-40.629321,-13.000059],[-40.629609,-12.999423],[-40.629883,-12.99838],[-40.630478,-12.997785],[-40.631966,-12.997264],[-40.634496,-12.997301],[-40.637211,-12.997376],[-40.63829,-12.997673],[-40.63922,-12.998083],[-40.640424,-12.998206],[-40.641617,-12.99869],[-40.643778,-12.998916],[-40.645455,-12.998916],[-40.646875,-12.999335],[-40.649455,-12.999883],[-40.650433,-13.000084]]],[[[-40.625118,-13.000301],[-40.625081,-13.000303],[-40.624893,-13.000314],[-40.624497,-13.000301],[-40.623665,-13.000219],[-40.623519,-13.000244],[-40.622547,-13.008054],[-40.622166,-13.010376],[-40.621813,-13.010323],[-40.621331,-13.010268],[-40.620376,-13.010093],[-40.619685,-13.009924],[-40.619388,-13.009834],[-40.618753,-13.010069],[-40.618676,-13.010104],[-40.617568,-13.010526],[-40.616988,-13.010713],[-40.616885,-13.010744],[-40.616442,-13.010869],[-40.615704,-13.011035],[-40.615254,-13.011099],[-40.614543,-13.011264],[-40.613396,-13.011415],[-40.612421,-13.011439],[-40.612305,-13.011429],[-40.61221,-13.011433],[-40.61199,-13.01142],[-40.611004,-13.011255],[-40.610934,-13.011254],[-40.609876,-13.011101],[-40.609826,-13.011102],[-40.608538,-13.010945],[-40.608323,-13.010964],[-40.608066,-13.010945],[-40.607735,-13.011058],[-40.606307,-13.011792],[-40.604875,-13.01218],[-40.603806,-13.012191],[-40.602423,-13.011855],[-40.602179,-13.011752],[-40.601394,-13.011885],[-40.601095,-13.011992],[-40.600387,-13.012148],[-40.600288,-13.012096],[-40.59923,-13.011734],[-40.598196,-13.011564],[-40.597339,-13.011584],[-40.596839,-13.011644],[-40.59587,-13.011845],[-40.595553,-13.011971],[-40.595456,-13.01197],[-40.59509,-13.011917],[-40.594488,-13.011931],[-40.594456,-13.011927],[-40.593456,-13.011967],[-40.577726,-13.011425],[-40.569608,-13.010985],[-40.544127,-13.009408],[-40.541884,-13.007004],[-40.5319,-12.993793],[-40.530047,-12.993663],[-40.531919,-12.996842],[-40.536097,-13.001949],[-40.542748,-13.011613],[-40.560552,-13.012012],[-40.570287,-13.01213],[-40.5814,-13.013856],[-40.590934,-13.0154],[-40.595439,-13.016056],[-40.592628,-13.029175],[-40.593398,-13.030971],[-40.593513,-13.031065],[-40.59375,-13.031271],[-40.594546,-13.031999],[-40.596052,-13.033451],[-40.59634,-13.033729],[-40.598246,-13.035667],[-40.600626,-13.044394],[-40.596003,-13.052325],[-40.589925,-13.057771],[-40.589355,-13.05827],[-40.588084,-13.05936],[-40.587072,-13.06021],[-40.586724,-13.060494],[-40.585493,-13.061464],[-40.5733,-13.064716],[-40.573058,-13.065675],[-40.572694,-13.067291],[-40.572347,-13.069044],[-40.572107,-13.07045],[-40.571472,-13.07451],[-40.571291,-13.075799],[-40.571091,-13.077596],[-40.571022,-13.078429],[-40.570958,-13.079664],[-40.570921,-13.081454],[-40.570938,-13.082831],[-40.571001,-13.084267],[-40.571072,-13.085271],[-40.571201,-13.086579],[-40.571278,-13.087172],[-40.571478,-13.088062],[-40.571774,-13.089214],[-40.572106,-13.090369],[-40.572479,-13.091538],[-40.572701,-13.092162],[-40.573545,-13.093754],[-40.576669,-13.09659],[-40.577533,-13.097401],[-40.581258,-13.097108],[-40.583235,-13.097018],[-40.587282,-13.097012],[-40.593,-13.097259],[-40.597174,-13.097554],[-40.598149,-13.097244],[-40.599119,-13.096381],[-40.599661,-13.095857],[-40.600863,-13.094582],[-40.601286,-13.09416],[-40.60176,-13.09373],[-40.601957,-13.093577],[-40.602318,-13.093251],[-40.602765,-13.092895],[-40.603249,-13.092532],[-40.603365,-13.09245],[-40.603501,-13.092364],[-40.603743,-13.092221],[-40.604063,-13.092045],[-40.604348,-13.091901],[-40.604881,-13.091704],[-40.605261,-13.091528],[-40.606367,-13.091424],[-40.60705,-13.091658],[-40.608523,-13.092049],[-40.608717,-13.09211],[-40.609996,-13.092392],[-40.611216,-13.092527],[-40.612179,-13.092558],[-40.612517,-13.09259],[-40.613081,-13.092516],[-40.614504,-13.092275],[-40.615417,-13.09208],[-40.616146,-13.091884],[-40.616494,-13.091689],[-40.61815,-13.090644],[-40.618488,-13.090409],[-40.618927,-13.090143],[-40.619485,-13.089754],[-40.619875,-13.089437],[-40.621602,-13.087809],[-40.621891,-13.087261],[-40.622012,-13.086981],[-40.622316,-13.086395],[-40.622951,-13.085353],[-40.62319,-13.084998],[-40.623802,-13.083949],[-40.623889,-13.083772],[-40.623936,-13.083683],[-40.623938,-13.083681],[-40.624012,-13.083624],[-40.624697,-13.083005],[-40.625957,-13.081769],[-40.627054,-13.080596],[-40.627614,-13.080708],[-40.629205,-13.080945],[-40.632534,-13.081265],[-40.633317,-13.081311],[-40.634412,-13.081783],[-40.634468,-13.081813],[-40.635281,-13.082205],[-40.635901,-13.082552],[-40.636414,-13.082875],[-40.636772,-13.083129],[-40.63717,-13.083445],[-40.6375,-13.083739],[-40.640332,-13.091334],[-40.640258,-13.095732],[-40.639898,-13.09611],[-40.639982,-13.097116],[-40.639985,-13.097179],[-40.63997,-13.097309],[-40.63994,-13.09752],[-40.640036,-13.098402],[-40.640828,-13.10387],[-40.641274,-13.106305],[-40.641636,-13.106704],[-40.642359,-13.107435],[-40.645442,-13.110395],[-40.645834,-13.110475],[-40.646234,-13.110537],[-40.650895,-13.110428],[-40.651658,-13.111977],[-40.656712,-13.117269],[-40.656917,-13.117368],[-40.657755,-13.117414],[-40.658084,-13.117449],[-40.658623,-13.117531],[-40.659299,-13.117673],[-40.660043,-13.117882],[-40.660891,-13.11818],[-40.661499,-13.118436],[-40.661947,-13.118658],[-40.6627,-13.119137],[-40.662839,-13.119234],[-40.662848,-13.120082],[-40.662788,-13.121781],[-40.662852,-13.125375],[-40.66316,-13.129979],[-40.664046,-13.138219],[-40.665297,-13.139233],[-40.66574,-13.139875],[-40.665996,-13.140234],[-40.666789,-13.141304],[-40.667414,-13.14212],[-40.67087,-13.146052],[-40.67282,-13.148169],[-40.668933,-13.1532],[-40.668186,-13.154204],[-40.667836,-13.154871],[-40.666769,-13.156997],[-40.666723,-13.157115],[-40.666535,-13.157652],[-40.66639,-13.158117],[-40.666202,-13.158794],[-40.665984,-13.159667],[-40.665838,-13.160298],[-40.665693,-13.162161],[-40.665555,-13.165097],[-40.665549,-13.166931],[-40.66561,-13.168069],[-40.665726,-13.171682],[-40.665764,-13.175145],[-40.665737,-13.177795],[-40.665739,-13.179533],[-40.665478,-13.179693],[-40.664943,-13.180004],[-40.663508,-13.180791],[-40.660301,-13.18247],[-40.65959,-13.182873],[-40.658418,-13.183614],[-40.658125,-13.183816],[-40.657427,-13.184325],[-40.656068,-13.185373],[-40.654975,-13.186282],[-40.654533,-13.186677],[-40.654128,-13.187022],[-40.652507,-13.188489],[-40.652496,-13.1885],[-40.646814,-13.194516],[-40.641513,-13.191279],[-40.635987,-13.184789],[-40.631667,-13.183153],[-40.631116,-13.182932],[-40.629633,-13.182303],[-40.627905,-13.181528],[-40.623224,-13.178877],[-40.623115,-13.178818],[-40.622847,-13.178682],[-40.62214,-13.178299],[-40.621384,-13.177917],[-40.620249,-13.178505],[-40.608407,-13.177458],[-40.599876,-13.1809],[-40.599372,-13.182086],[-40.598881,-13.18346],[-40.598572,-13.184513],[-40.598449,-13.185016],[-40.598081,-13.185322],[-40.597031,-13.186281],[-40.59605,-13.18728],[-40.595507,-13.187898],[-40.59533,-13.188124],[-40.593272,-13.193938],[-40.591117,-13.201117],[-40.590706,-13.202832],[-40.590355,-13.204727],[-40.590276,-13.205297],[-40.589492,-13.205803],[-40.589208,-13.206005],[-40.58888,-13.206144],[-40.588794,-13.206177],[-40.588779,-13.206183],[-40.588202,-13.206264],[-40.58695,-13.206498],[-40.585478,-13.206847],[-40.584664,-13.207083],[-40.584092,-13.207224],[-40.582855,-13.207591],[-40.581565,-13.208047],[-40.580769,-13.20838],[-40.578241,-13.20927],[-40.577582,-13.209465],[-40.575319,-13.210234],[-40.52542,-13.183426],[-40.519725,-13.180587],[-40.517141,-13.178784],[-40.516791,-13.178397],[-40.512379,-13.176925],[-40.511786,-13.17663],[-40.51149,-13.176482],[-40.50753,-13.170607],[-40.507388,-13.16119],[-40.509644,-13.14855],[-40.508197,-13.139657],[-40.507927,-13.138107],[-40.490013,-13.128575],[-40.482605,-13.127735],[-40.478728,-13.126346],[-40.477238,-13.125675],[-40.46866,-13.11295],[-40.415802,-13.087502],[-40.41583,-13.087419],[-40.415804,-13.087166],[-40.415662,-13.086913],[-40.415472,-13.086408],[-40.415517,-13.086155],[-40.41561,-13.085971],[-40.415889,-13.0856],[-40.41624,-13.08492],[-40.41643,-13.084565],[-40.416611,-13.084112],[-40.416679,-13.083721],[-40.416748,-13.083329],[-40.417025,-13.082361],[-40.417279,-13.081692],[-40.417558,-13.081162],[-40.41765,-13.080793],[-40.417881,-13.080078],[-40.417927,-13.079893],[-40.417925,-13.079571],[-40.417806,-13.079273],[-40.417805,-13.079112],[-40.417921,-13.078858],[-40.418062,-13.078718],[-40.418433,-13.078267],[-40.41856,-13.077887],[-40.418799,-13.077633],[-40.419167,-13.077414],[-40.419332,-13.077232],[-40.419442,-13.076996],[-40.419441,-13.076815],[-40.419364,-13.076417],[-40.419382,-13.076056],[-40.419581,-13.075512],[-40.419654,-13.075221],[-40.419727,-13.075094],[-40.419855,-13.075003],[-40.420316,-13.074784],[-40.420803,-13.07456],[-40.42084,-13.074544],[-40.42131,-13.074403],[-40.421684,-13.074263],[-40.42213,-13.074031],[-40.422365,-13.073891],[-40.422645,-13.073683],[-40.422784,-13.073451],[-40.422972,-13.073175],[-40.423178,-13.072368],[-40.423407,-13.071446],[-40.423663,-13.0708],[-40.424136,-13.06995],[-40.424999,-13.068772],[-40.425792,-13.067685],[-40.426117,-13.067062],[-40.426325,-13.066324],[-40.426743,-13.065609],[-40.427163,-13.065008],[-40.427442,-13.064454],[-40.42751,-13.063833],[-40.427389,-13.063372],[-40.427198,-13.062937],[-40.427078,-13.062598],[-40.42703,-13.062275],[-40.427074,-13.06193],[-40.427519,-13.061421],[-40.428338,-13.060841],[-40.429111,-13.060492],[-40.429793,-13.060257],[-40.430691,-13.060013],[-40.431536,-13.059733],[-40.431926,-13.059618],[-40.432498,-13.059451],[-40.432673,-13.05933],[-40.43334,-13.058871],[-40.433879,-13.0585],[-40.434628,-13.05792],[-40.43533,-13.057341],[-40.43561,-13.05704],[-40.435796,-13.056717],[-40.436122,-13.056186],[-40.436212,-13.055495],[-40.436279,-13.05485],[-40.436404,-13.054548],[-40.436525,-13.054124],[-40.436645,-13.053639],[-40.436664,-13.053396],[-40.436663,-13.053235],[-40.436641,-13.052952],[-40.43662,-13.052811],[-40.436557,-13.05271],[-40.436412,-13.05261],[-40.436309,-13.05253],[-40.436061,-13.05235],[-40.435956,-13.052067],[-40.435871,-13.051846],[-40.435829,-13.051483],[-40.436278,-13.050794],[-40.436487,-13.050333],[-40.436563,-13.050136],[-40.436609,-13.049859],[-40.436441,-13.049307],[-40.436203,-13.04871],[-40.436201,-13.048411],[-40.436594,-13.047374],[-40.437272,-13.046725],[-40.437974,-13.046192],[-40.438864,-13.045612],[-40.439262,-13.045241],[-40.439542,-13.044964],[-40.439851,-13.044553],[-40.440155,-13.044137],[-40.440364,-13.043837],[-40.440574,-13.043583],[-40.440924,-13.04296],[-40.441577,-13.042219],[-40.441953,-13.04201],[-40.442539,-13.0418],[-40.443267,-13.04175],[-40.443785,-13.041793],[-40.444607,-13.041765],[-40.445193,-13.041647],[-40.445663,-13.041483],[-40.446366,-13.041157],[-40.44698,-13.04059],[-40.447144,-13.040427],[-40.447704,-13.039642],[-40.448123,-13.038903],[-40.448613,-13.038394],[-40.449433,-13.037929],[-40.450135,-13.03735],[-40.450391,-13.037119],[-40.450836,-13.036725],[-40.451115,-13.03624],[-40.451276,-13.035571],[-40.451255,-13.035172],[-40.451251,-13.034435],[-40.451387,-13.033538],[-40.451499,-13.032777],[-40.451614,-13.032179],[-40.451775,-13.031602],[-40.451983,-13.030933],[-40.452429,-13.03004],[-40.452802,-13.029394],[-40.45301,-13.028794],[-40.453148,-13.028287],[-40.453121,-13.027781],[-40.453049,-13.02739],[-40.452999,-13.026838],[-40.452996,-13.026378],[-40.453042,-13.026125],[-40.453203,-13.025686],[-40.453365,-13.025109],[-40.453385,-13.024557],[-40.453591,-13.023478],[-40.453938,-13.022647],[-40.454426,-13.021747],[-40.45475,-13.020847],[-40.455145,-13.019948],[-40.455282,-13.019533],[-40.455511,-13.018473],[-40.455836,-13.017307],[-40.456089,-13.016593],[-40.456297,-13.015878],[-40.45688,-13.015],[-40.457346,-13.014399],[-40.458164,-13.013543],[-40.458747,-13.012941],[-40.45966,-13.012292],[-40.460409,-13.011712],[-40.460946,-13.011249],[-40.461677,-13.010563],[-40.462285,-13.009984],[-40.462894,-13.009544],[-40.463385,-13.009218],[-40.463924,-13.009008],[-40.464299,-13.008799],[-40.465144,-13.008564],[-40.465895,-13.008468],[-40.466458,-13.008349],[-40.466856,-13.008186],[-40.467229,-13.007632],[-40.467368,-13.007263],[-40.467366,-13.006872],[-40.467433,-13.006158],[-40.467665,-13.005765],[-40.467874,-13.00535],[-40.468188,-13.005097],[-40.468398,-13.004751],[-40.468511,-13.004037],[-40.468486,-13.003761],[-40.468084,-13.003349],[-40.467963,-13.002797],[-40.467938,-13.002521],[-40.468054,-13.002221],[-40.468428,-13.00192],[-40.468802,-13.001572],[-40.469131,-13.001433],[-40.469459,-13.001384],[-40.47021,-13.001265],[-40.47039,-13.001206],[-40.470679,-13.000985],[-40.471,-13.000709],[-40.471243,-13.000456],[-40.471362,-13.000237],[-40.47176,-13.000066],[-40.471839,-12.999892],[-40.471824,-12.999725],[-40.471808,-12.999529],[-40.471812,-12.999385],[-40.471812,-12.999294],[-40.471834,-12.999091],[-40.471833,-12.99891],[-40.471808,-12.998707],[-40.471808,-12.998639],[-40.471807,-12.998504],[-40.471783,-12.998323],[-40.471759,-12.99821],[-40.471759,-12.99812],[-40.471758,-12.997939],[-40.471757,-12.997871],[-40.471757,-12.997758],[-40.471756,-12.9976],[-40.471732,-12.997532],[-40.471708,-12.997351],[-40.471684,-12.997193],[-40.47166,-12.997058],[-40.471659,-12.996832],[-40.471658,-12.996651],[-40.471657,-12.99647],[-40.471587,-12.99629],[-40.47154,-12.996177],[-40.47165,-12.99577],[-40.471675,-12.995634],[-40.47172,-12.995453],[-40.471788,-12.995249],[-40.471902,-12.99509],[-40.472085,-12.994773],[-40.472222,-12.994637],[-40.472383,-12.9945],[-40.472635,-12.994363],[-40.472864,-12.994113],[-40.473071,-12.993886],[-40.473185,-12.993727],[-40.473276,-12.993636],[-40.473414,-12.993455],[-40.473505,-12.993273],[-40.473596,-12.993069],[-40.473733,-12.992865],[-40.473893,-12.992638],[-40.473984,-12.992502],[-40.474052,-12.992321],[-40.474166,-12.992072],[-40.474257,-12.991868],[-40.474392,-12.991325],[-40.474437,-12.991121],[-40.474505,-12.99094],[-40.474527,-12.990759],[-40.474549,-12.990555],[-40.474594,-12.990374],[-40.474592,-12.990013],[-40.474614,-12.989832],[-40.474605,-12.98834],[-40.474626,-12.988046],[-40.474647,-12.987707],[-40.474669,-12.987504],[-40.474668,-12.987391],[-40.474689,-12.986961],[-40.47478,-12.986802],[-40.474825,-12.986621],[-40.474824,-12.986441],[-40.474777,-12.986237],[-40.474729,-12.985876],[-40.474703,-12.985447],[-40.474702,-12.985266],[-40.474632,-12.985086],[-40.474631,-12.984905],[-40.474584,-12.984724],[-40.474535,-12.984363],[-40.474488,-12.984182],[-40.474486,-12.983821],[-40.474506,-12.983278],[-40.474619,-12.982984],[-40.474664,-12.98278],[-40.474778,-12.982508],[-40.474869,-12.982304],[-40.474914,-12.982123],[-40.474914,-12.982056],[-40.474959,-12.98192],[-40.475073,-12.981738],[-40.475302,-12.981534],[-40.475509,-12.981419],[-40.475693,-12.981328],[-40.47583,-12.981146],[-40.476092,-12.981053],[-40.476152,-12.981032],[-40.476336,-12.981008],[-40.476704,-12.980915],[-40.476888,-12.980824],[-40.477508,-12.980436],[-40.477669,-12.980322],[-40.477806,-12.980186],[-40.477897,-12.980027],[-40.477989,-12.979846],[-40.47808,-12.979687],[-40.478125,-12.979484],[-40.478147,-12.97928],[-40.478169,-12.97919],[-40.478283,-12.978985],[-40.478351,-12.978804],[-40.478351,-12.978782],[-40.478373,-12.978601],[-40.478395,-12.978442],[-40.47844,-12.978216],[-40.478438,-12.977922],[-40.47846,-12.977741],[-40.478482,-12.977606],[-40.478505,-12.977493],[-40.47855,-12.977357],[-40.478549,-12.977199],[-40.478571,-12.97704],[-40.478662,-12.976746],[-40.47873,-12.976565],[-40.478912,-12.976247],[-40.479003,-12.976066],[-40.479139,-12.975704],[-40.47923,-12.975522],[-40.479298,-12.975319],[-40.479435,-12.974956],[-40.479433,-12.974775],[-40.479454,-12.974414],[-40.479406,-12.974052],[-40.479383,-12.973962],[-40.479381,-12.973713],[-40.479403,-12.973465],[-40.479425,-12.973374],[-40.479471,-12.973261],[-40.479608,-12.973079],[-40.479837,-12.972829],[-40.479997,-12.972648],[-40.480226,-12.972443],[-40.480479,-12.972238],[-40.480708,-12.972011],[-40.480937,-12.971761],[-40.481212,-12.971488],[-40.481349,-12.971329],[-40.481577,-12.971012],[-40.481851,-12.970535],[-40.481896,-12.970354],[-40.48201,-12.970195],[-40.482055,-12.970014],[-40.482147,-12.969856],[-40.482192,-12.969742],[-40.482374,-12.969357],[-40.482442,-12.969199],[-40.482465,-12.969085],[-40.48251,-12.968972],[-40.482647,-12.968678],[-40.482715,-12.968519],[-40.482783,-12.968338],[-40.482806,-12.96827],[-40.48292,-12.968088],[-40.482988,-12.967885],[-40.483033,-12.967726],[-40.483055,-12.967568],[-40.483146,-12.967364],[-40.483214,-12.967205],[-40.483259,-12.967047],[-40.483304,-12.966866],[-40.483303,-12.966685],[-40.483325,-12.966504],[-40.48337,-12.966301],[-40.483392,-12.96612],[-40.483448,-12.965922],[-40.483482,-12.965803],[-40.483596,-12.965508],[-40.483315,-12.964787],[-40.483268,-12.964606],[-40.483198,-12.964426],[-40.483144,-12.964288],[-40.483087,-12.964143],[-40.483067,-12.964021],[-40.483052,-12.963918],[-40.483047,-12.963806],[-40.483047,-12.963706],[-40.483046,-12.96358],[-40.483057,-12.963392],[-40.483101,-12.96324],[-40.48316,-12.963092],[-40.483243,-12.962935],[-40.483463,-12.962357],[-40.483564,-12.962208],[-40.483702,-12.96202],[-40.483837,-12.96186],[-40.483942,-12.961709],[-40.484079,-12.96155],[-40.484194,-12.961392],[-40.484354,-12.961255],[-40.484445,-12.961096],[-40.484583,-12.960937],[-40.484811,-12.96062],[-40.484902,-12.960461],[-40.48504,-12.960325],[-40.485108,-12.960143],[-40.485245,-12.959984],[-40.485381,-12.959622],[-40.485427,-12.959531],[-40.485495,-12.959373],[-40.48554,-12.959192],[-40.485585,-12.959056],[-40.485608,-12.95892],[-40.48563,-12.958807],[-40.485652,-12.958716],[-40.485651,-12.958445],[-40.485627,-12.958242],[-40.485625,-12.957993],[-40.485601,-12.957813],[-40.485577,-12.957677],[-40.485531,-12.957587],[-40.485437,-12.957317],[-40.485413,-12.957181],[-40.485389,-12.957023],[-40.485388,-12.95691],[-40.485364,-12.956752],[-40.485362,-12.956413],[-40.485314,-12.956052],[-40.485313,-12.955871],[-40.485289,-12.95569],[-40.485285,-12.95508],[-40.485261,-12.954899],[-40.485256,-12.954041],[-40.485279,-12.95395],[-40.485277,-12.953747],[-40.4853,-12.953634],[-40.485276,-12.953475],[-40.485298,-12.95334],[-40.485297,-12.953204],[-40.485342,-12.953023],[-40.485364,-12.952865],[-40.485387,-12.952729],[-40.485409,-12.952638],[-40.485477,-12.952435],[-40.485545,-12.952321],[-40.485637,-12.952208],[-40.485774,-12.952094],[-40.485935,-12.95198],[-40.486142,-12.951911],[-40.486349,-12.951865],[-40.486648,-12.951818],[-40.486901,-12.951726],[-40.487062,-12.951612],[-40.487222,-12.951476],[-40.487314,-12.951294],[-40.487289,-12.951023],[-40.487265,-12.950842],[-40.487195,-12.950662],[-40.487192,-12.950301],[-40.487307,-12.950142],[-40.487398,-12.949983],[-40.487626,-12.949665],[-40.487764,-12.949529],[-40.488177,-12.94921],[-40.48836,-12.949073],[-40.488521,-12.948914],[-40.488566,-12.948824],[-40.488589,-12.948711],[-40.488586,-12.948236],[-40.488562,-12.948078],[-40.488514,-12.94783],[-40.488467,-12.947672],[-40.488374,-12.947514],[-40.488281,-12.947379],[-40.488119,-12.947289],[-40.488027,-12.947222],[-40.487888,-12.947087],[-40.487817,-12.946884],[-40.487747,-12.946614],[-40.487606,-12.946253],[-40.487374,-12.945938],[-40.487258,-12.94578],[-40.486934,-12.945556],[-40.48661,-12.945377],[-40.486241,-12.945289],[-40.485872,-12.945291],[-40.485503,-12.945248],[-40.485342,-12.945226],[-40.484973,-12.945183],[-40.484512,-12.945073],[-40.484212,-12.945006],[-40.48405,-12.944962],[-40.483911,-12.944895],[-40.483704,-12.944829],[-40.483518,-12.944649],[-40.483472,-12.944581],[-40.483347,-12.9444],[-40.482886,-12.944],[-40.482731,-12.943755],[-40.482602,-12.943323],[-40.482428,-12.943007],[-40.481828,-12.942516],[-40.481492,-12.942313],[-40.481333,-12.941975],[-40.481764,-12.941811],[-40.482666,-12.941811],[-40.484638,-12.941958],[-40.486155,-12.942509],[-40.486631,-12.942713],[-40.488166,-12.94347],[-40.489379,-12.944307],[-40.490617,-12.945272],[-40.490868,-12.945755],[-40.491099,-12.94693],[-40.491309,-12.947979],[-40.491645,-12.949069],[-40.492819,-12.950013],[-40.494456,-12.950748],[-40.496176,-12.951461],[-40.497561,-12.951419],[-40.498861,-12.950685],[-40.50033,-12.949531],[-40.501358,-12.948377],[-40.502176,-12.947139],[-40.502512,-12.946405],[-40.503246,-12.945881],[-40.503833,-12.94565],[-40.50505,-12.945461],[-40.506749,-12.945713],[-40.507337,-12.945839],[-40.507987,-12.946174],[-40.508532,-12.946783],[-40.509057,-12.947769],[-40.509665,-12.949174],[-40.510651,-12.950475],[-40.511637,-12.951356],[-40.51235,-12.95209],[-40.512707,-12.952867],[-40.512728,-12.953936],[-40.51191,-12.955866],[-40.510798,-12.957734],[-40.510106,-12.959223],[-40.50933,-12.961552],[-40.508826,-12.962433],[-40.508302,-12.963608],[-40.508302,-12.964468],[-40.508595,-12.965621],[-40.508931,-12.966482],[-40.509372,-12.96709],[-40.50998,-12.9673],[-40.510693,-12.967195],[-40.51149,-12.966859],[-40.512623,-12.965139],[-40.513441,-12.964321],[-40.514595,-12.963167],[-40.515539,-12.96216],[-40.516315,-12.960503],[-40.517259,-12.959391],[-40.518141,-12.958636],[-40.51921,-12.9583],[-40.519861,-12.958342],[-40.520826,-12.958468],[-40.522231,-12.958908],[-40.523265,-12.95965],[-40.52427,-12.960666],[-40.524751,-12.961398],[-40.525373,-12.962841],[-40.525798,-12.96403],[-40.526845,-12.965671],[-40.527948,-12.967397],[-40.529929,-12.970594],[-40.530976,-12.97167],[-40.531683,-12.972773],[-40.532193,-12.973848],[-40.532504,-12.976791],[-40.532391,-12.978262],[-40.532532,-12.979281],[-40.533155,-12.98013],[-40.534286,-12.980724],[-40.535079,-12.981035],[-40.535843,-12.981318],[-40.536692,-12.982054],[-40.537738,-12.982563],[-40.5387,-12.982846],[-40.539747,-12.983525],[-40.541028,-12.984568],[-40.54143,-12.985526],[-40.542523,-12.986695],[-40.543443,-12.98773],[-40.544516,-12.989263],[-40.545608,-12.990317],[-40.546471,-12.991314],[-40.547754,-12.991889],[-40.549055,-12.991952],[-40.549537,-12.992157],[-40.550158,-12.992468],[-40.550763,-12.992636],[-40.552181,-12.992674],[-40.55266,-12.992674],[-40.553254,-12.992655],[-40.554091,-12.992572],[-40.554348,-12.992584],[-40.554633,-12.992755],[-40.554919,-12.993081],[-40.555473,-12.993693],[-40.556004,-12.994223],[-40.556452,-12.99481],[-40.556633,-12.995211],[-40.556796,-12.995578],[-40.557204,-12.995935],[-40.55808,-12.996465],[-40.558988,-12.996638],[-40.559814,-12.996801],[-40.560069,-12.996781],[-40.561017,-12.996618],[-40.56171,-12.996547],[-40.562781,-12.996434],[-40.563729,-12.996445],[-40.56433,-12.996536],[-40.565115,-12.996781],[-40.565462,-12.997087],[-40.565849,-12.997719],[-40.566339,-12.998229],[-40.566981,-12.998688],[-40.567746,-12.998932],[-40.568908,-12.999116],[-40.569734,-12.99931],[-40.570009,-12.999452],[-40.5706,-12.99984],[-40.571294,-13.000349],[-40.572,-13.001148],[-40.573191,-13.002299],[-40.574183,-13.002815],[-40.575294,-13.003172],[-40.576033,-13.003337],[-40.577547,-13.003395],[-40.579674,-13.003104],[-40.581276,-13.002929],[-40.583315,-13.002929],[-40.584742,-13.002842],[-40.586286,-13.002638],[-40.587684,-13.002755],[-40.589344,-13.003599],[-40.590597,-13.003978],[-40.592141,-13.004386],[-40.59351,-13.004706],[-40.59517,-13.004794],[-40.596015,-13.004852],[-40.597471,-13.005201],[-40.598694,-13.005376],[-40.599627,-13.00558],[-40.601112,-13.00558],[-40.60219,-13.005114],[-40.603384,-13.004124],[-40.603967,-13.003133],[-40.604054,-13.002085],[-40.603471,-12.999813],[-40.603446,-12.999183],[-40.603774,-12.998345],[-40.604429,-12.997799],[-40.605266,-12.997508],[-40.607997,-12.997399],[-40.610255,-12.997399],[-40.611602,-12.997508],[-40.612378,-12.998],[-40.613219,-12.998686],[-40.614038,-12.999084],[-40.614946,-12.999195],[-40.617048,-12.999283],[-40.618487,-12.999173],[-40.620435,-12.99915],[-40.622825,-12.999549],[-40.625118,-13.000301]]]]}},
{"type":"Feature","properties":{"cod_conj":16353,"conjunto":"Irece","distrib":"Neoenergia Coelba","ano":2025,"dec_h":7.32,"dec_lim":13.0,"fec_n":3.03,"fec_lim":6.0,"dec_pct":56.3,"fec_pct":50.5,"situacao":"Dentro dos limites","num_con":67531,"area_ti_km":311.1,"base_geo":"31/12/2025","fonte":"ANEEL: BDGD Coelba 2025 e Indicadores Coletivos de Continuidade"},"geometry":{"type":"MultiPolygon","coordinates":[[[[-41.364395,-11.204225],[-41.364313,-11.204209],[-41.357945,-11.202962],[-41.337228,-11.199142],[-41.250223,-11.18257],[-41.251823,-11.172039],[-41.253519,-11.160701],[-41.255101,-11.153378],[-41.255857,-11.150328],[-41.2618,-11.126568],[-41.317337,-11.118201],[-41.339093,-11.114708],[-41.38864,-11.090285],[-41.389129,-11.066248],[-41.389175,-11.06251],[-41.388632,-11.046122],[-41.388606,-11.041879],[-41.388681,-11.041325],[-41.389127,-11.038204],[-41.389951,-11.03277],[-41.391012,-11.026107],[-41.391623,-11.022434],[-41.391764,-11.021623],[-41.392056,-11.020116],[-41.391117,-11.008886],[-41.390073,-10.995579],[-41.390905,-10.99289],[-41.394321,-10.982154],[-41.394811,-10.980658],[-41.394886,-10.980432],[-41.395064,-10.979913],[-41.395416,-10.978912],[-41.395954,-10.977417],[-41.395998,-10.977295],[-41.396193,-10.976799],[-41.397103,-10.974525],[-41.397381,-10.973844],[-41.397483,-10.973603],[-41.397574,-10.973392],[-41.398049,-10.972309],[-41.423954,-10.970966],[-41.441585,-10.969967],[-41.443059,-10.971337],[-41.447214,-10.975224],[-41.447258,-10.975265],[-41.4471,-10.975424],[-41.446937,-10.975827],[-41.446754,-10.976083],[-41.446515,-10.976286],[-41.446276,-10.976398],[-41.445889,-10.976528],[-41.44526,-10.976569],[-41.444835,-10.976522],[-41.444649,-10.976502],[-41.444168,-10.976396],[-41.44402,-10.976397],[-41.443836,-10.976435],[-41.443367,-10.976571],[-41.442593,-10.976869],[-41.442335,-10.976926],[-41.441964,-10.976929],[-41.441687,-10.976876],[-41.441467,-10.976873],[-41.441043,-10.977265],[-41.440731,-10.977541],[-41.440382,-10.977799],[-41.44016,-10.977855],[-41.440013,-10.977857],[-41.439828,-10.97784],[-41.439679,-10.977768],[-41.439308,-10.97757],[-41.438974,-10.977464],[-41.438659,-10.977411],[-41.438419,-10.977395],[-41.438068,-10.977507],[-41.437779,-10.977653],[-41.437664,-10.977711],[-41.437145,-10.978125],[-41.436742,-10.97853],[-41.436578,-10.978804],[-41.436525,-10.979096],[-41.436421,-10.979937],[-41.436222,-10.980522],[-41.435859,-10.981255],[-41.43531,-10.982143],[-41.435093,-10.982748],[-41.435041,-10.983112],[-41.435047,-10.983934],[-41.435107,-10.984408],[-41.435053,-10.984572],[-41.434925,-10.984701],[-41.434795,-10.984757],[-41.434573,-10.984777],[-41.434334,-10.984779],[-41.433963,-10.984727],[-41.433444,-10.984585],[-41.433259,-10.984496],[-41.433074,-10.984479],[-41.432945,-10.984516],[-41.432715,-10.98471],[-41.432528,-10.984898],[-41.432312,-10.985115],[-41.432091,-10.985281],[-41.431703,-10.985357],[-41.431388,-10.985305],[-41.431203,-10.985251],[-41.431092,-10.985143],[-41.430888,-10.985035],[-41.430665,-10.985001],[-41.430587,-10.985011],[-41.43037,-10.985039],[-41.430038,-10.985133],[-41.429706,-10.985281],[-41.429615,-10.985373],[-41.429588,-10.985419],[-41.42956,-10.985465],[-41.429561,-10.985574],[-41.429636,-10.985684],[-41.429747,-10.985774],[-41.4301,-10.985953],[-41.430326,-10.986445],[-41.430366,-10.986828],[-41.43032,-10.987922],[-41.430288,-10.988616],[-41.430142,-10.989174],[-41.429556,-10.990227],[-41.429377,-10.990548],[-41.428463,-10.991815],[-41.427947,-10.992412],[-41.427709,-10.992797],[-41.427529,-10.99331],[-41.427347,-10.994102],[-41.427651,-10.994433],[-41.42835,-10.995147],[-41.428889,-10.995525],[-41.429313,-10.99602],[-41.429549,-10.996562],[-41.429973,-10.997552],[-41.430212,-10.998599],[-41.430366,-11.000108],[-41.430175,-11.000893],[-41.429935,-11.001824],[-41.430104,-11.002216],[-41.430333,-11.002535],[-41.430699,-11.002924],[-41.431682,-11.003738],[-41.432811,-11.00455],[-41.433782,-11.00522],[-41.434576,-11.00583],[-41.434881,-11.00628],[-41.434957,-11.00658],[-41.434963,-11.006604],[-41.434897,-11.007338],[-41.434597,-11.008356],[-41.434248,-11.009334],[-41.434225,-11.009379],[-41.433995,-11.009874],[-41.433903,-11.010264],[-41.433923,-11.01039],[-41.433982,-11.010626],[-41.433982,-11.01063],[-41.434132,-11.011165],[-41.43439,-11.011698],[-41.434685,-11.012482],[-41.43475,-11.012815],[-41.435097,-11.014138],[-41.435184,-11.015923],[-41.43552,-11.017205],[-41.436016,-11.018813],[-41.436208,-11.01922],[-41.436748,-11.020886],[-41.436902,-11.022098],[-41.436799,-11.023175],[-41.436554,-11.024248],[-41.436129,-11.02543],[-41.435129,-11.027455],[-41.434203,-11.02939],[-41.433454,-11.030717],[-41.432134,-11.032978],[-41.43106,-11.035001],[-41.429951,-11.03658],[-41.429342,-11.037406],[-41.428805,-11.038053],[-41.428122,-11.03863],[-41.427509,-11.039028],[-41.426351,-11.039553],[-41.42556,-11.040094],[-41.425164,-11.040454],[-41.424985,-11.040777],[-41.424883,-11.041421],[-41.424852,-11.042171],[-41.424712,-11.042743],[-41.424639,-11.042879],[-41.424463,-11.04321],[-41.424069,-11.043784],[-41.423639,-11.044216],[-41.423025,-11.044729],[-41.422054,-11.045487],[-41.421767,-11.045811],[-41.421697,-11.046097],[-41.421591,-11.046455],[-41.421585,-11.04649],[-41.421522,-11.046849],[-41.421491,-11.047527],[-41.421464,-11.048563],[-41.42155,-11.050476],[-41.421486,-11.05144],[-41.42131,-11.05212],[-41.420814,-11.053338],[-41.420349,-11.053984],[-41.419954,-11.054381],[-41.419749,-11.054483],[-41.419222,-11.054517],[-41.418938,-11.054475],[-41.418548,-11.054273],[-41.418353,-11.054151],[-41.418204,-11.054029],[-41.418066,-11.053894],[-41.417894,-11.05376],[-41.417746,-11.053716],[-41.417494,-11.053718],[-41.417256,-11.053776],[-41.417131,-11.053867],[-41.41704,-11.053936],[-41.416984,-11.054049],[-41.416882,-11.054186],[-41.416756,-11.054375],[-41.416542,-11.054586],[-41.416512,-11.054705],[-41.416298,-11.054973],[-41.414935,-11.056682],[-41.413971,-11.058296],[-41.413531,-11.059328],[-41.413383,-11.059981],[-41.413191,-11.06124],[-41.412898,-11.062247],[-41.412702,-11.062666],[-41.412377,-11.063132],[-41.412077,-11.063472],[-41.411768,-11.063582],[-41.411438,-11.063717],[-41.411075,-11.063685],[-41.410459,-11.063511],[-41.410059,-11.063327],[-41.409843,-11.063323],[-41.409648,-11.063391],[-41.409541,-11.063586],[-41.409495,-11.064095],[-41.409392,-11.066205],[-41.409116,-11.067921],[-41.408655,-11.068996],[-41.408398,-11.069511],[-41.408183,-11.069691],[-41.407641,-11.069874],[-41.407063,-11.069986],[-41.406557,-11.070097],[-41.406232,-11.070206],[-41.405331,-11.070678],[-41.40461,-11.070934],[-41.403851,-11.071154],[-41.403164,-11.071195],[-41.402077,-11.071132],[-41.400806,-11.071011],[-41.400517,-11.071084],[-41.400337,-11.071228],[-41.400231,-11.071408],[-41.400235,-11.071908],[-41.400314,-11.072764],[-41.400209,-11.073265],[-41.399925,-11.073839],[-41.399459,-11.074485],[-41.399027,-11.074845],[-41.398487,-11.075171],[-41.397839,-11.075498],[-41.396611,-11.075972],[-41.395999,-11.076525],[-41.395856,-11.076776],[-41.395822,-11.077062],[-41.395933,-11.077311],[-41.396152,-11.077631],[-41.396885,-11.07866],[-41.397254,-11.079514],[-41.397479,-11.080405],[-41.397451,-11.081441],[-41.397345,-11.082136],[-41.396458,-11.084357],[-41.395923,-11.085254],[-41.395671,-11.08547],[-41.395272,-11.085473],[-41.395054,-11.085297],[-41.394876,-11.084859],[-41.394625,-11.084401],[-41.394467,-11.084337],[-41.394322,-11.084267],[-41.394104,-11.084269],[-41.393887,-11.084271],[-41.393595,-11.08442],[-41.392803,-11.085069],[-41.392157,-11.085753],[-41.391872,-11.086255],[-41.391766,-11.086541],[-41.391733,-11.087041],[-41.391884,-11.087755],[-41.39209,-11.088451],[-41.392295,-11.089046],[-41.392444,-11.089867],[-41.392339,-11.090296],[-41.392089,-11.090798],[-41.391852,-11.091133],[-41.391844,-11.091729],[-41.392069,-11.09262],[-41.392289,-11.093118],[-41.392528,-11.093306],[-41.392895,-11.09357],[-41.392909,-11.093577],[-41.393417,-11.093716],[-41.394081,-11.093911],[-41.394802,-11.094021],[-41.395153,-11.094064],[-41.395365,-11.09429],[-41.395433,-11.094754],[-41.39531,-11.095106],[-41.395063,-11.095857],[-41.395058,-11.095894],[-41.394881,-11.096239],[-41.394716,-11.096667],[-41.394492,-11.097278],[-41.394478,-11.097498],[-41.394391,-11.097693],[-41.394373,-11.09798],[-41.394339,-11.098361],[-41.394216,-11.098747],[-41.394189,-11.098971],[-41.394134,-11.099139],[-41.393976,-11.099364],[-41.393671,-11.099719],[-41.393342,-11.099983],[-41.392916,-11.100078],[-41.392589,-11.100323],[-41.392562,-11.10049],[-41.392532,-11.100778],[-41.392606,-11.100992],[-41.392862,-11.10124],[-41.393371,-11.101521],[-41.394171,-11.102099],[-41.394974,-11.102807],[-41.395231,-11.103162],[-41.395416,-11.103731],[-41.395565,-11.104274],[-41.395456,-11.10553],[-41.395449,-11.105651],[-41.395245,-11.105933],[-41.395098,-11.106086],[-41.394951,-11.106163],[-41.394712,-11.106245],[-41.39435,-11.106212],[-41.393988,-11.106179],[-41.3933,-11.106256],[-41.392867,-11.106367],[-41.392218,-11.106729],[-41.391928,-11.106894],[-41.391389,-11.107199],[-41.39065,-11.107734],[-41.389688,-11.108618],[-41.389122,-11.109154],[-41.389014,-11.109334],[-41.388944,-11.109548],[-41.388945,-11.109691],[-41.388983,-11.109834],[-41.389202,-11.110153],[-41.389639,-11.110506],[-41.390006,-11.111004],[-41.39008,-11.111253],[-41.390013,-11.112087],[-41.389615,-11.113268],[-41.38954,-11.113581],[-41.388888,-11.114764],[-41.388747,-11.114945],[-41.388605,-11.115078],[-41.388424,-11.115152],[-41.388204,-11.115226],[-41.387957,-11.115251],[-41.387724,-11.115205],[-41.387605,-11.115195],[-41.387388,-11.11509],[-41.387068,-11.115038],[-41.386815,-11.115077],[-41.386489,-11.115151],[-41.386274,-11.115295],[-41.386023,-11.115654],[-41.385846,-11.11612],[-41.385599,-11.117064],[-41.385217,-11.119066],[-41.385113,-11.119674],[-41.385153,-11.119995],[-41.385371,-11.120207],[-41.385771,-11.120418],[-41.38646,-11.120484],[-41.38693,-11.120445],[-41.387473,-11.120405],[-41.387908,-11.120438],[-41.38809,-11.120543],[-41.3882,-11.120827],[-41.388166,-11.121078],[-41.38788,-11.121473],[-41.387376,-11.121906],[-41.38672,-11.122179],[-41.385997,-11.122328],[-41.384984,-11.122443],[-41.384404,-11.122377],[-41.384079,-11.122414],[-41.383935,-11.122487],[-41.383863,-11.122702],[-41.383865,-11.122916],[-41.384014,-11.123343],[-41.384115,-11.123513],[-41.384233,-11.123711],[-41.384674,-11.124373],[-41.384786,-11.124766],[-41.384754,-11.125373],[-41.384652,-11.126124],[-41.384225,-11.126984],[-41.382911,-11.129471],[-41.382213,-11.130785],[-41.381396,-11.132505],[-41.380733,-11.134353],[-41.380194,-11.134928],[-41.379618,-11.135398],[-41.378172,-11.136207],[-41.377237,-11.137],[-41.376805,-11.137396],[-41.3767,-11.137719],[-41.376778,-11.138397],[-41.376965,-11.139109],[-41.376968,-11.139573],[-41.376755,-11.14011],[-41.376432,-11.140506],[-41.376144,-11.140651],[-41.375457,-11.140728],[-41.373611,-11.140849],[-41.372153,-11.14065],[-41.371138,-11.14055],[-41.370596,-11.140627],[-41.369766,-11.141026],[-41.369685,-11.1411],[-41.368975,-11.141746],[-41.368652,-11.142193],[-41.368546,-11.142551],[-41.368513,-11.142908],[-41.368625,-11.143371],[-41.368962,-11.144689],[-41.369016,-11.14494],[-41.369263,-11.14608],[-41.369452,-11.147042],[-41.369537,-11.148908],[-41.36969,-11.150725],[-41.369779,-11.151875],[-41.369636,-11.152055],[-41.369384,-11.152164],[-41.369166,-11.152202],[-41.368547,-11.152],[-41.367745,-11.15147],[-41.367346,-11.151367],[-41.367093,-11.151369],[-41.366877,-11.151442],[-41.366588,-11.151554],[-41.366355,-11.151786],[-41.36624,-11.152064],[-41.366178,-11.152474],[-41.366095,-11.153198],[-41.366252,-11.154732],[-41.366375,-11.155982],[-41.366346,-11.157529],[-41.366207,-11.158244],[-41.365924,-11.158961],[-41.365459,-11.159786],[-41.365212,-11.160537],[-41.365108,-11.161181],[-41.365224,-11.161946],[-41.365523,-11.163158],[-41.365783,-11.163941],[-41.366185,-11.164402],[-41.366951,-11.165145],[-41.367935,-11.165888],[-41.368519,-11.166419],[-41.368885,-11.167023],[-41.369108,-11.167664],[-41.369335,-11.168643],[-41.369436,-11.169575],[-41.369277,-11.170535],[-41.368956,-11.171154],[-41.368885,-11.171289],[-41.368672,-11.17179],[-41.368567,-11.172184],[-41.368536,-11.172827],[-41.36851,-11.174113],[-41.368377,-11.175578],[-41.3682,-11.17628],[-41.367939,-11.176923],[-41.367881,-11.177067],[-41.367486,-11.177499],[-41.366838,-11.178005],[-41.366408,-11.178543],[-41.366014,-11.17919],[-41.365371,-11.180229],[-41.364877,-11.181314],[-41.364618,-11.181896],[-41.364702,-11.182467],[-41.365291,-11.183604],[-41.365341,-11.183874],[-41.365403,-11.184211],[-41.365335,-11.184711],[-41.365157,-11.185105],[-41.364978,-11.185285],[-41.36422,-11.185577],[-41.363353,-11.185834],[-41.362558,-11.186054],[-41.36227,-11.186235],[-41.362162,-11.186414],[-41.362164,-11.186628],[-41.362385,-11.186993],[-41.362894,-11.187382],[-41.363804,-11.187874],[-41.364821,-11.188188],[-41.365689,-11.188216],[-41.367319,-11.188097],[-41.368659,-11.188193],[-41.36935,-11.188473],[-41.369599,-11.188776],[-41.369642,-11.188828],[-41.369827,-11.189255],[-41.36983,-11.189612],[-41.369689,-11.190113],[-41.369331,-11.190652],[-41.36879,-11.191013],[-41.368034,-11.191412],[-41.36695,-11.191741],[-41.366589,-11.191958],[-41.365975,-11.192697],[-41.364937,-11.194313],[-41.364778,-11.194625],[-41.364296,-11.195568],[-41.363941,-11.196534],[-41.36384,-11.197392],[-41.363886,-11.198657],[-41.364152,-11.200226],[-41.364318,-11.203317],[-41.364395,-11.204225]]],[[[-41.502212,-10.978888],[-41.504359,-10.97769],[-41.504446,-10.977641],[-41.504382,-10.978294],[-41.504228,-10.979011],[-41.504033,-10.979768],[-41.503835,-10.980287],[-41.503596,-10.980607],[-41.503155,-10.980769],[-41.502872,-10.980732],[-41.502671,-10.980694],[-41.502464,-10.980574],[-41.502224,-10.9803],[-41.502181,-10.980022],[-41.502178,-10.979664],[-41.502212,-10.978948],[-41.502212,-10.978888]]],[[[-41.515411,-10.969179],[-41.51541,-10.969093],[-41.515384,-10.966756],[-41.534572,-10.943231],[-41.535282,-10.936216],[-41.533425,-10.926665],[-41.532972,-10.924687],[-41.509687,-10.890668],[-41.532447,-10.852593],[-41.541397,-10.828036],[-41.544184,-10.816009],[-41.541607,-10.809204],[-41.550585,-10.79695],[-41.550745,-10.796733],[-41.55493,-10.791073],[-41.558641,-10.786077],[-41.573258,-10.766642],[-41.573376,-10.766485],[-41.573309,-10.766795],[-41.573166,-10.767182],[-41.573024,-10.767763],[-41.573103,-10.768366],[-41.573155,-10.768703],[-41.573625,-10.769472],[-41.5741,-10.770214],[-41.574364,-10.770928],[-41.574453,-10.771246],[-41.574379,-10.771748],[-41.574043,-10.772474],[-41.573682,-10.773105],[-41.573491,-10.773637],[-41.573348,-10.774098],[-41.57323,-10.774504],[-41.573288,-10.77557],[-41.573393,-10.776455],[-41.573618,-10.777008],[-41.573917,-10.777609],[-41.574188,-10.777944],[-41.574559,-10.778473],[-41.574637,-10.77893],[-41.574762,-10.779316],[-41.57491,-10.779435],[-41.575521,-10.779526],[-41.576305,-10.779689],[-41.576748,-10.780023],[-41.577047,-10.780224],[-41.577319,-10.780656],[-41.577318,-10.78096],[-41.57733,-10.781549],[-41.577333,-10.781983],[-41.577362,-10.782418],[-41.577491,-10.783358],[-41.577666,-10.78367],[-41.577814,-10.78391],[-41.578404,-10.784364],[-41.578747,-10.784458],[-41.57926,-10.784357],[-41.579871,-10.784376],[-41.580067,-10.784495],[-41.58039,-10.785071],[-41.580494,-10.785843],[-41.580473,-10.786254],[-41.580557,-10.787388],[-41.580779,-10.787699],[-41.581171,-10.787793],[-41.581489,-10.787838],[-41.581779,-10.788137],[-41.581892,-10.788504],[-41.581995,-10.789058],[-41.582318,-10.78978],[-41.582516,-10.79002],[-41.583033,-10.790473],[-41.583575,-10.791048],[-41.583824,-10.791226],[-41.584193,-10.791584],[-41.58425,-10.791704],[-41.584588,-10.791904],[-41.585243,-10.791849],[-41.585783,-10.79196],[-41.586079,-10.792271],[-41.586206,-10.792812],[-41.58621,-10.793295],[-41.586046,-10.794021],[-41.585957,-10.794423],[-41.585961,-10.794881],[-41.586011,-10.795171],[-41.585965,-10.795437],[-41.585845,-10.79563],[-41.585687,-10.795836],[-41.585665,-10.796101],[-41.585801,-10.796355],[-41.585974,-10.796426],[-41.586193,-10.796448],[-41.58661,-10.796542],[-41.586832,-10.796732],[-41.58708,-10.797165],[-41.587425,-10.797644],[-41.587673,-10.798005],[-41.588097,-10.798589],[-41.588368,-10.798876],[-41.58842,-10.799166],[-41.588471,-10.799454],[-41.588499,-10.799817],[-41.588647,-10.800032],[-41.588796,-10.800297],[-41.589067,-10.800536],[-41.589557,-10.8007],[-41.590024,-10.800938],[-41.590686,-10.80127],[-41.591005,-10.801341],[-41.591692,-10.8016],[-41.592281,-10.801957],[-41.59287,-10.802193],[-41.593286,-10.802311],[-41.593898,-10.802426],[-41.594389,-10.802591],[-41.594733,-10.802902],[-41.595113,-10.803467],[-41.595433,-10.803701],[-41.595546,-10.804009],[-41.595902,-10.805291],[-41.596157,-10.805534],[-41.596748,-10.806085],[-41.597326,-10.806792],[-41.597917,-10.807317],[-41.598532,-10.807771],[-41.599391,-10.808174],[-41.600151,-10.808433],[-41.60096,-10.808765],[-41.601819,-10.809143],[-41.602506,-10.809475],[-41.603096,-10.809833],[-41.603537,-10.810046],[-41.604125,-10.810114],[-41.604832,-10.80989],[-41.605295,-10.809766],[-41.605886,-10.809557],[-41.605909,-10.809549],[-41.658733,-10.806548],[-41.662762,-10.811202],[-41.662366,-10.811555],[-41.661587,-10.811926],[-41.660948,-10.812431],[-41.660629,-10.812843],[-41.660357,-10.813345],[-41.659977,-10.814224],[-41.659842,-10.814498],[-41.65982,-10.814525],[-41.65925,-10.815231],[-41.658385,-10.816419],[-41.657794,-10.817198],[-41.657385,-10.817837],[-41.656935,-10.818977],[-41.656804,-10.819796],[-41.656666,-10.820418],[-41.656305,-10.82124],[-41.655988,-10.821924],[-41.655628,-10.822882],[-41.655496,-10.823519],[-41.655503,-10.824337],[-41.655696,-10.82529],[-41.655701,-10.825881],[-41.655526,-10.826928],[-41.655536,-10.82811],[-41.65559,-10.828882],[-41.655414,-10.829882],[-41.655236,-10.830475],[-41.655057,-10.831204],[-41.654886,-10.832569],[-41.654898,-10.833959],[-41.654992,-10.834186],[-41.655458,-10.834773],[-41.65569,-10.834952],[-41.655968,-10.835178],[-41.656568,-10.835444],[-41.656915,-10.835519],[-41.657198,-10.835517],[-41.65736,-10.835502],[-41.657441,-10.835554],[-41.657646,-10.835766],[-41.657698,-10.835844],[-41.657716,-10.836019],[-41.657637,-10.83638],[-41.65752,-10.836788],[-41.65742,-10.837286],[-41.65738,-10.838011],[-41.657114,-10.838383],[-41.656552,-10.838808],[-41.655355,-10.839519],[-41.654347,-10.840118],[-41.653066,-10.840993],[-41.652471,-10.841361],[-41.652197,-10.841592],[-41.651144,-10.842282],[-41.650869,-10.842467],[-41.650321,-10.842926],[-41.649912,-10.843429],[-41.649684,-10.843704],[-41.649275,-10.844389],[-41.649094,-10.844602],[-41.648636,-10.845031],[-41.648043,-10.845536],[-41.647769,-10.845856],[-41.647497,-10.846101],[-41.647167,-10.846781],[-41.647074,-10.847517],[-41.647144,-10.84861],[-41.647199,-10.849701],[-41.647157,-10.850065],[-41.647114,-10.850519],[-41.64705,-10.851065],[-41.646973,-10.851658],[-41.646505,-10.852117],[-41.646164,-10.852345],[-41.64552,-10.852533],[-41.644692,-10.85254],[-41.643539,-10.852278],[-41.643079,-10.852282],[-41.642298,-10.852851],[-41.641976,-10.853868],[-41.641655,-10.854867],[-41.641416,-10.855595],[-41.641225,-10.856002],[-41.640951,-10.856264],[-41.640751,-10.85645],[-41.639799,-10.856832],[-41.638163,-10.857328],[-41.636484,-10.857901],[-41.635422,-10.858189],[-41.634687,-10.858329],[-41.63411,-10.858454],[-41.633368,-10.858804],[-41.632762,-10.859376],[-41.631801,-10.860535],[-41.63147,-10.860766],[-41.631107,-10.860899],[-41.630766,-10.860977],[-41.630489,-10.861069],[-41.6301,-10.861349],[-41.629462,-10.861645],[-41.628901,-10.861953],[-41.628213,-10.862301],[-41.627651,-10.862521],[-41.626813,-10.862762],[-41.62574,-10.863049],[-41.625152,-10.863244],[-41.624653,-10.863413],[-41.624207,-10.863594],[-41.623964,-10.86376],[-41.623749,-10.864015],[-41.623584,-10.864231],[-41.623408,-10.864499],[-41.623281,-10.864803],[-41.623166,-10.865216],[-41.622954,-10.86585],[-41.622779,-10.866409],[-41.622629,-10.866802],[-41.622465,-10.86712],[-41.622289,-10.867412],[-41.622123,-10.867628],[-41.621945,-10.867769],[-41.621724,-10.867918],[-41.62106,-10.868228],[-41.620459,-10.868397],[-41.619962,-10.868578],[-41.619438,-10.868823],[-41.619082,-10.869067],[-41.61856,-10.869451],[-41.618228,-10.86963],[-41.618049,-10.869695],[-41.617806,-10.869773],[-41.617435,-10.869852],[-41.616911,-10.869945],[-41.616361,-10.870051],[-41.615649,-10.870266],[-41.615125,-10.870473],[-41.614845,-10.870652],[-41.614604,-10.870887],[-41.614332,-10.871006],[-41.614018,-10.871292],[-41.61375,-10.871421],[-41.613316,-10.871665],[-41.61292,-10.871832],[-41.612461,-10.872026],[-41.612015,-10.87227],[-41.611556,-10.872514],[-41.61125,-10.872719],[-41.61089,-10.873059],[-41.610585,-10.873442],[-41.610307,-10.873823],[-41.61004,-10.874205],[-41.609699,-10.874651],[-41.609471,-10.874969],[-41.609191,-10.875224],[-41.608924,-10.875442],[-41.608389,-10.875826],[-41.608033,-10.87612],[-41.607643,-10.876381],[-41.606776,-10.876857],[-41.606011,-10.877217],[-41.605474,-10.877437],[-41.604937,-10.877619],[-41.604414,-10.877788],[-41.604043,-10.877867],[-41.60364,-10.87795],[-41.602911,-10.878083],[-41.602335,-10.878215],[-41.602086,-10.878271],[-41.601518,-10.878474],[-41.601058,-10.878655],[-41.60024,-10.878941],[-41.59986,-10.879036],[-41.599051,-10.879216],[-41.598408,-10.879354],[-41.597859,-10.879561],[-41.597566,-10.87974],[-41.597273,-10.880034],[-41.596995,-10.880403],[-41.59664,-10.880925],[-41.596192,-10.881529],[-41.595735,-10.88209],[-41.595314,-10.882577],[-41.595,-10.883007],[-41.594314,-10.883759],[-41.593958,-10.883989],[-41.59374,-10.88408],[-41.593459,-10.884145],[-41.593178,-10.884135],[-41.592972,-10.884112],[-41.592728,-10.884038],[-41.592247,-10.883854],[-41.591951,-10.883768],[-41.591707,-10.883757],[-41.591451,-10.883747],[-41.591208,-10.883799],[-41.590939,-10.883878],[-41.590748,-10.88398],[-41.590653,-10.88404],[-41.590494,-10.88409],[-41.590368,-10.884122],[-41.590122,-10.884188],[-41.58965,-10.884344],[-41.58919,-10.884538],[-41.588961,-10.884742],[-41.588732,-10.885009],[-41.588556,-10.885378],[-41.588366,-10.885944],[-41.588028,-10.886832],[-41.587699,-10.887417],[-41.587358,-10.887926],[-41.587104,-10.888206],[-41.586799,-10.888538],[-41.586089,-10.889121],[-41.585715,-10.889427],[-41.585156,-10.889862],[-41.584056,-10.890623],[-41.583573,-10.891057],[-41.583102,-10.891504],[-41.582773,-10.891949],[-41.582266,-10.892535],[-41.581651,-10.893179],[-41.581129,-10.893589],[-41.580722,-10.893807],[-41.580427,-10.893873],[-41.580056,-10.893901],[-41.579594,-10.893905],[-41.579159,-10.893871],[-41.578876,-10.893835],[-41.578518,-10.893864],[-41.578323,-10.893967],[-41.577659,-10.894251],[-41.577099,-10.894699],[-41.576589,-10.895032],[-41.576334,-10.895123],[-41.575988,-10.895214],[-41.575592,-10.895344],[-41.575234,-10.895486],[-41.575095,-10.895614],[-41.574925,-10.895888],[-41.574571,-10.896485],[-41.57428,-10.896905],[-41.574102,-10.897059],[-41.573936,-10.897174],[-41.57372,-10.897302],[-41.573441,-10.897621],[-41.573314,-10.897824],[-41.573277,-10.898014],[-41.573241,-10.89864],[-41.573246,-10.898913],[-41.573208,-10.899112],[-41.573031,-10.899493],[-41.572765,-10.899874],[-41.572533,-10.90021],[-41.571977,-10.900602],[-41.571378,-10.901012],[-41.570409,-10.901539],[-41.569894,-10.901892],[-41.569139,-10.902498],[-41.568902,-10.902748],[-41.568749,-10.902825],[-41.568365,-10.902929],[-41.567995,-10.903084],[-41.567663,-10.903302],[-41.567473,-10.903531],[-41.567385,-10.903709],[-41.567335,-10.903887],[-41.567337,-10.904013],[-41.567291,-10.904832],[-41.567171,-10.905439],[-41.567185,-10.90702],[-41.567234,-10.907451],[-41.567123,-10.908055],[-41.5671,-10.90827],[-41.566936,-10.9086],[-41.566657,-10.908931],[-41.566186,-10.909277],[-41.566034,-10.909468],[-41.56592,-10.909595],[-41.565754,-10.909799],[-41.565604,-10.91018],[-41.565469,-10.910771],[-41.565523,-10.911166],[-41.565826,-10.91202],[-41.565995,-10.912259],[-41.566229,-10.912725],[-41.566459,-10.913256],[-41.56654,-10.913374],[-41.56657,-10.913603],[-41.566562,-10.91386],[-41.566462,-10.914192],[-41.56627,-10.914477],[-41.565932,-10.914738],[-41.565701,-10.914961],[-41.565377,-10.915353],[-41.565311,-10.915564],[-41.565279,-10.915773],[-41.565234,-10.915904],[-41.565237,-10.916306],[-41.56524,-10.916652],[-41.56522,-10.916835],[-41.565119,-10.917059],[-41.564916,-10.917366],[-41.564671,-10.917714],[-41.564427,-10.918001],[-41.564243,-10.918247],[-41.564025,-10.918585],[-41.563408,-10.919191],[-41.562967,-10.919648],[-41.562714,-10.920159],[-41.562622,-10.920628],[-41.562636,-10.921451],[-41.562618,-10.921772],[-41.562629,-10.922766],[-41.562636,-10.923519],[-41.562661,-10.924109],[-41.562698,-10.924656],[-41.562757,-10.925422],[-41.562877,-10.926299],[-41.56286,-10.926843],[-41.562758,-10.927285],[-41.562678,-10.927775],[-41.56258,-10.928313],[-41.562494,-10.928704],[-41.562371,-10.929078],[-41.562284,-10.929416],[-41.56218,-10.929931],[-41.562149,-10.930393],[-41.562134,-10.930836],[-41.562082,-10.931032],[-41.561984,-10.931391],[-41.561615,-10.931984],[-41.561209,-10.932629],[-41.560996,-10.933045],[-41.560929,-10.9333],[-41.56092,-10.933758],[-41.561006,-10.934209],[-41.561155,-10.934477],[-41.561329,-10.934748],[-41.561469,-10.934902],[-41.561594,-10.935015],[-41.561877,-10.9355],[-41.562082,-10.935783],[-41.562285,-10.936008],[-41.562491,-10.936575],[-41.562443,-10.936938],[-41.562122,-10.937175],[-41.561489,-10.937507],[-41.56103,-10.937682],[-41.56063,-10.938083],[-41.560547,-10.938425],[-41.560637,-10.938879],[-41.561102,-10.939415],[-41.561364,-10.939725],[-41.561453,-10.940009],[-41.561546,-10.940803],[-41.561435,-10.941316],[-41.561198,-10.941724],[-41.560895,-10.941959],[-41.560722,-10.942033],[-41.560234,-10.942207],[-41.559632,-10.942496],[-41.559374,-10.942725],[-41.559072,-10.94306],[-41.558926,-10.943466],[-41.558951,-10.944052],[-41.558984,-10.944507],[-41.559152,-10.94539],[-41.559056,-10.945881],[-41.55881,-10.946296],[-41.558472,-10.946616],[-41.558227,-10.946734],[-41.557928,-10.946974],[-41.557697,-10.947064],[-41.557165,-10.94725],[-41.556706,-10.947452],[-41.556161,-10.947741],[-41.555784,-10.948094],[-41.555585,-10.948379],[-41.555442,-10.948773],[-41.555448,-10.949261],[-41.555454,-10.949943],[-41.555361,-10.950311],[-41.555086,-10.950572],[-41.554685,-10.950887],[-41.553913,-10.95149],[-41.553685,-10.951805],[-41.553516,-10.952176],[-41.553205,-10.952832],[-41.553153,-10.953588],[-41.553248,-10.954497],[-41.553253,-10.95515],[-41.553085,-10.955692],[-41.553028,-10.955806],[-41.552656,-10.956065],[-41.552369,-10.956152],[-41.551707,-10.956243],[-41.551277,-10.95625],[-41.550901,-10.956221],[-41.550108,-10.956306],[-41.549417,-10.956425],[-41.549129,-10.956428],[-41.548551,-10.956205],[-41.548203,-10.955753],[-41.547998,-10.955499],[-41.547536,-10.955275],[-41.547507,-10.955276],[-41.547134,-10.955308],[-41.546731,-10.955368],[-41.546444,-10.955512],[-41.546191,-10.95614],[-41.546136,-10.956538],[-41.545966,-10.956824],[-41.545688,-10.957061],[-41.545451,-10.957169],[-41.545134,-10.957171],[-41.544702,-10.957203],[-41.544472,-10.957205],[-41.543752,-10.957268],[-41.543522,-10.957327],[-41.542893,-10.957701],[-41.542864,-10.957787],[-41.542496,-10.958444],[-41.542416,-10.959063],[-41.542392,-10.959603],[-41.542344,-10.960626],[-41.542236,-10.961508],[-41.542124,-10.961907],[-41.541955,-10.962306],[-41.541525,-10.962679],[-41.540922,-10.962798],[-41.540144,-10.962747],[-41.539597,-10.962667],[-41.53909,-10.962791],[-41.538851,-10.962986],[-41.538746,-10.963263],[-41.538928,-10.963792],[-41.539498,-10.964293],[-41.539982,-10.964627],[-41.540287,-10.964877],[-41.540443,-10.965465],[-41.540381,-10.966201],[-41.54003,-10.967436],[-41.539839,-10.967873],[-41.539545,-10.968034],[-41.538891,-10.968089],[-41.537481,-10.967902],[-41.536149,-10.967714],[-41.535302,-10.967483],[-41.534536,-10.967449],[-41.534052,-10.967453],[-41.533489,-10.967617],[-41.533011,-10.968098],[-41.532692,-10.968538],[-41.53248,-10.968749],[-41.532389,-10.96881],[-41.532036,-10.968903],[-41.53143,-10.968833],[-41.53099,-10.968861],[-41.530757,-10.968993],[-41.530407,-10.969571],[-41.530085,-10.969872],[-41.529851,-10.970017],[-41.529567,-10.97008],[-41.528918,-10.97012],[-41.528273,-10.970006],[-41.527184,-10.969816],[-41.525935,-10.969906],[-41.52562,-10.970014],[-41.525385,-10.970068],[-41.524601,-10.970192],[-41.524389,-10.970202],[-41.523863,-10.970039],[-41.523296,-10.969566],[-41.522727,-10.968974],[-41.522283,-10.9687],[-41.522047,-10.968455],[-41.521904,-10.968196],[-41.521711,-10.967992],[-41.521346,-10.967428],[-41.520976,-10.967087],[-41.520373,-10.966886],[-41.519768,-10.966852],[-41.519164,-10.966976],[-41.518402,-10.96738],[-41.517761,-10.967743],[-41.516682,-10.968097],[-41.516036,-10.968592],[-41.515436,-10.969154],[-41.515411,-10.969179]]]]}},
{"type":"Feature","properties":{"cod_conj":14335,"conjunto":"Joao Dourado","distrib":"Neoenergia Coelba","ano":2025,"dec_h":7.63,"dec_lim":12.0,"fec_n":3.47,"fec_lim":6.0,"dec_pct":63.6,"fec_pct":57.8,"situacao":"Dentro dos limites","num_con":10830,"area_ti_km":8.5,"base_geo":"31/12/2025","fonte":"ANEEL: BDGD Coelba 2025 e Indicadores Coletivos de Continuidade"},"geometry":{"type":"MultiPolygon","coordinates":[[[[-41.466177,-11.616081],[-41.466225,-11.616001],[-41.46761,-11.613673],[-41.467892,-11.613239],[-41.468718,-11.611913],[-41.46972,-11.610426],[-41.469857,-11.610237],[-41.47102,-11.608573],[-41.471646,-11.607736],[-41.472505,-11.606668],[-41.472625,-11.606529],[-41.47282,-11.606297],[-41.472684,-11.605224],[-41.472463,-11.602757],[-41.472374,-11.601037],[-41.472827,-11.596722],[-41.473635,-11.592033],[-41.473762,-11.591412],[-41.474092,-11.589918],[-41.485404,-11.589663],[-41.486693,-11.589577],[-41.488099,-11.589401],[-41.489676,-11.589111],[-41.490894,-11.588813],[-41.496118,-11.587202],[-41.496282,-11.587213],[-41.49671,-11.587225],[-41.497655,-11.586227],[-41.505056,-11.581257],[-41.514256,-11.574307],[-41.519431,-11.570241],[-41.520933,-11.570028],[-41.52277,-11.569784],[-41.527903,-11.574687],[-41.527955,-11.574735],[-41.528481,-11.575198],[-41.5294,-11.575968],[-41.52968,-11.576193],[-41.529715,-11.576221],[-41.466177,-11.616081]]]]}},
{"type":"Feature","properties":{"cod_conj":14343,"conjunto":"Livramento De Brumado","distrib":"Neoenergia Coelba","ano":2025,"dec_h":9.98,"dec_lim":15.0,"fec_n":5.28,"fec_lim":7.0,"dec_pct":66.5,"fec_pct":75.4,"situacao":"Dentro dos limites","num_con":39326,"area_ti_km":1595.5,"base_geo":"31/12/2025","fonte":"ANEEL: BDGD Coelba 2025 e Indicadores Coletivos de Continuidade"},"geometry":{"type":"MultiPolygon","coordinates":[[[[-41.605941,-13.662419],[-41.606175,-13.662147],[-41.607101,-13.66125],[-41.60774,-13.660625],[-41.60807,-13.660175],[-41.567575,-13.660963],[-41.55033,-13.66293],[-41.530964,-13.66368],[-41.51071,-13.665187],[-41.49926,-13.663643],[-41.501348,-13.651594],[-41.501355,-13.650884],[-41.501312,-13.649381],[-41.501217,-13.647896],[-41.50112,-13.646969],[-41.50102,-13.646278],[-41.500927,-13.645782],[-41.500345,-13.643063],[-41.500285,-13.642246],[-41.500224,-13.641344],[-41.500161,-13.640155],[-41.500119,-13.639791],[-41.500102,-13.639629],[-41.499891,-13.638083],[-41.499875,-13.637955],[-41.499737,-13.637089],[-41.499773,-13.637037],[-41.500596,-13.635927],[-41.500603,-13.635918],[-41.500952,-13.635441],[-41.500779,-13.634649],[-41.500682,-13.634176],[-41.500545,-13.633456],[-41.500318,-13.632081],[-41.499898,-13.629018],[-41.499594,-13.626129],[-41.499591,-13.626072],[-41.499501,-13.622892],[-41.499572,-13.619157],[-41.499661,-13.617994],[-41.499947,-13.61601],[-41.500326,-13.614312],[-41.500622,-13.613372],[-41.501076,-13.612273],[-41.501953,-13.610547],[-41.502615,-13.608993],[-41.502941,-13.60804],[-41.503248,-13.607274],[-41.503888,-13.605379],[-41.504071,-13.604725],[-41.504116,-13.604463],[-41.504209,-13.603726],[-41.503223,-13.602235],[-41.502811,-13.60153],[-41.502438,-13.600776],[-41.502127,-13.60002],[-41.501846,-13.599181],[-41.501558,-13.598065],[-41.500839,-13.594134],[-41.500516,-13.593006],[-41.50038,-13.592595],[-41.500209,-13.592131],[-41.500085,-13.59192],[-41.499547,-13.591065],[-41.499166,-13.590563],[-41.497758,-13.588531],[-41.496946,-13.587423],[-41.496537,-13.586893],[-41.494205,-13.584021],[-41.487941,-13.57659],[-41.483536,-13.574758],[-41.480493,-13.573415],[-41.478734,-13.573599],[-41.476109,-13.573873],[-41.471245,-13.56181],[-41.470695,-13.560412],[-41.469746,-13.558262],[-41.468473,-13.554825],[-41.468074,-13.553564],[-41.467667,-13.552673],[-41.464588,-13.545587],[-41.464402,-13.544897],[-41.462514,-13.537265],[-41.462131,-13.535581],[-41.462137,-13.535567],[-41.463002,-13.533844],[-41.464116,-13.53192],[-41.464548,-13.531263],[-41.471384,-13.523404],[-41.472593,-13.522376],[-41.472883,-13.522155],[-41.475235,-13.520702],[-41.481857,-13.516612],[-41.483407,-13.515903],[-41.485156,-13.515174],[-41.487683,-13.514222],[-41.490416,-13.513302],[-41.490421,-13.513301],[-41.490453,-13.513288],[-41.492077,-13.511601],[-41.492865,-13.510834],[-41.493506,-13.510249],[-41.493507,-13.510246],[-41.49423,-13.506553],[-41.494679,-13.504631],[-41.494841,-13.504038],[-41.495455,-13.501954],[-41.495623,-13.501412],[-41.496208,-13.499723],[-41.496709,-13.498417],[-41.49689,-13.49788],[-41.497367,-13.496615],[-41.497398,-13.496541],[-41.498124,-13.494746],[-41.498363,-13.494122],[-41.499008,-13.492631],[-41.499564,-13.491479],[-41.499601,-13.491408],[-41.500605,-13.489405],[-41.501424,-13.487904],[-41.501947,-13.487036],[-41.501955,-13.487018],[-41.502261,-13.486318],[-41.502624,-13.485579],[-41.502833,-13.484842],[-41.502786,-13.48463],[-41.502093,-13.480475],[-41.502048,-13.479903],[-41.50177,-13.476401],[-41.501779,-13.473867],[-41.501888,-13.471976],[-41.502085,-13.470353],[-41.502462,-13.468403],[-41.50287,-13.466922],[-41.502974,-13.466544],[-41.503169,-13.466009],[-41.503607,-13.464811],[-41.504498,-13.462918],[-41.505524,-13.461209],[-41.505578,-13.461138],[-41.505686,-13.460988],[-41.505802,-13.46082],[-41.506329,-13.459861],[-41.506545,-13.459452],[-41.50776,-13.457644],[-41.508561,-13.456689],[-41.508908,-13.456042],[-41.508927,-13.456015],[-41.508972,-13.455948],[-41.509047,-13.455835],[-41.509087,-13.455774],[-41.510117,-13.454223],[-41.511129,-13.453018],[-41.511495,-13.452461],[-41.512699,-13.450997],[-41.513871,-13.449836],[-41.514233,-13.449425],[-41.515574,-13.448192],[-41.515772,-13.448009],[-41.516202,-13.447683],[-41.517878,-13.446854],[-41.519243,-13.446088],[-41.522118,-13.444375],[-41.528065,-13.43866],[-41.528106,-13.43862],[-41.530427,-13.436303],[-41.530454,-13.436283],[-41.532415,-13.435024],[-41.533539,-13.434376],[-41.534219,-13.432988],[-41.535205,-13.431192],[-41.536159,-13.42963],[-41.537352,-13.427858],[-41.538822,-13.425861],[-41.539692,-13.424778],[-41.539552,-13.423604],[-41.539473,-13.422589],[-41.539429,-13.422007],[-41.539392,-13.420996],[-41.539285,-13.420061],[-41.539124,-13.417807],[-41.539063,-13.415447],[-41.539097,-13.413899],[-41.539234,-13.411917],[-41.53954,-13.409391],[-41.539935,-13.40715],[-41.540385,-13.405198],[-41.540976,-13.403132],[-41.54177,-13.400839],[-41.542468,-13.399111],[-41.543218,-13.397472],[-41.544238,-13.395519],[-41.545437,-13.393481],[-41.546562,-13.391751],[-41.547523,-13.390395],[-41.548979,-13.388486],[-41.549613,-13.387715],[-41.550589,-13.386611],[-41.553201,-13.383846],[-41.553528,-13.383524],[-41.553772,-13.383523],[-41.557046,-13.383555],[-41.562196,-13.383696],[-41.563715,-13.383755],[-41.568528,-13.384324],[-41.575234,-13.385057],[-41.5757,-13.385777],[-41.575828,-13.385979],[-41.576012,-13.38642],[-41.57622,-13.386935],[-41.576385,-13.387367],[-41.576897,-13.388682],[-41.577273,-13.389675],[-41.577631,-13.390726],[-41.577685,-13.390898],[-41.5777,-13.390947],[-41.57798,-13.391906],[-41.57932,-13.39363],[-41.579897,-13.394391],[-41.580583,-13.395345],[-41.581298,-13.396368],[-41.585223,-13.402138],[-41.58684,-13.404395],[-41.586897,-13.404439],[-41.587966,-13.40523],[-41.590196,-13.406706],[-41.596012,-13.410362],[-41.59883,-13.409172],[-41.600032,-13.40856],[-41.600137,-13.408496],[-41.60116,-13.407811],[-41.601531,-13.407532],[-41.601945,-13.407183],[-41.602664,-13.406503],[-41.602754,-13.406406],[-41.602776,-13.406375],[-41.603502,-13.405158],[-41.603983,-13.404057],[-41.604354,-13.402633],[-41.604411,-13.402167],[-41.604509,-13.401685],[-41.604639,-13.401242],[-41.604932,-13.400491],[-41.605121,-13.4001],[-41.605274,-13.399836],[-41.605644,-13.399298],[-41.606049,-13.398793],[-41.606509,-13.398295],[-41.606586,-13.398212],[-41.606961,-13.397855],[-41.607567,-13.397342],[-41.608283,-13.396799],[-41.608767,-13.396468],[-41.609025,-13.396307],[-41.609845,-13.395836],[-41.610684,-13.395399],[-41.611153,-13.395179],[-41.612602,-13.394561],[-41.613162,-13.394348],[-41.622573,-13.396348],[-41.622291,-13.403346],[-41.622308,-13.403831],[-41.622976,-13.404354],[-41.624623,-13.405572],[-41.62573,-13.406115],[-41.62733,-13.406855],[-41.629472,-13.407776],[-41.630906,-13.408316],[-41.633393,-13.408052],[-41.6341,-13.408449],[-41.634936,-13.408701],[-41.63884,-13.409875],[-41.639725,-13.409883],[-41.640376,-13.410012],[-41.641322,-13.410346],[-41.641689,-13.410522],[-41.641918,-13.410606],[-41.643147,-13.411],[-41.64402,-13.411337],[-41.644152,-13.412093],[-41.644305,-13.413605],[-41.644352,-13.414997],[-41.644394,-13.415613],[-41.644913,-13.417666],[-41.644883,-13.417955],[-41.644774,-13.418623],[-41.64474,-13.418768],[-41.644223,-13.419888],[-41.64386,-13.420792],[-41.643606,-13.421485],[-41.64197,-13.425726],[-41.641114,-13.428117],[-41.649112,-13.430491],[-41.652193,-13.431929],[-41.653399,-13.433888],[-41.655641,-13.443427],[-41.658312,-13.44594],[-41.661882,-13.449109],[-41.663281,-13.450209],[-41.664073,-13.450758],[-41.66413,-13.450769],[-41.664698,-13.450889],[-41.665006,-13.450984],[-41.704493,-13.458818],[-41.711259,-13.453787],[-41.717358,-13.44543],[-41.718227,-13.443655],[-41.734454,-13.416524],[-41.734718,-13.415841],[-41.759762,-13.414552],[-41.782552,-13.413377],[-41.786439,-13.410899],[-41.788552,-13.408858],[-41.791842,-13.405727],[-41.792791,-13.404823],[-41.802262,-13.396252],[-41.807824,-13.391687],[-41.833567,-13.37156],[-41.835658,-13.371329],[-41.840455,-13.368125],[-41.842329,-13.367163],[-41.847598,-13.364336],[-41.85371,-13.361103],[-41.855192,-13.360261],[-41.865123,-13.354541],[-41.871547,-13.351031],[-41.879069,-13.34692],[-41.884707,-13.338697],[-41.884707,-13.338696],[-41.885899,-13.3362],[-41.894012,-13.329687],[-41.901689,-13.323595],[-41.903347,-13.322536],[-41.906558,-13.313142],[-41.9073,-13.310973],[-41.907333,-13.310959],[-41.908437,-13.310819],[-41.90905,-13.31113],[-41.909136,-13.311448],[-41.911382,-13.319675],[-41.915994,-13.334149],[-41.947585,-13.343387],[-41.949162,-13.402685],[-41.952509,-13.405073],[-41.953722,-13.408071],[-41.953366,-13.411315],[-41.953151,-13.414139],[-41.952866,-13.415281],[-41.953474,-13.417696],[-41.955079,-13.419278],[-41.956292,-13.420206],[-41.95672,-13.422848],[-41.956649,-13.425989],[-41.956078,-13.429272],[-41.956162,-13.431506],[-41.957577,-13.432984],[-41.959433,-13.433912],[-41.963288,-13.436411],[-41.965088,-13.438509],[-41.965371,-13.439974],[-41.965358,-13.441978],[-41.964787,-13.443192],[-41.962788,-13.444406],[-41.960368,-13.4465],[-41.960193,-13.448371],[-41.960538,-13.44934],[-41.961849,-13.450751],[-41.964347,-13.452416],[-41.966489,-13.454915],[-41.968035,-13.45896],[-41.96863,-13.46479],[-41.968201,-13.469801],[-41.966965,-13.47514],[-41.966846,-13.478947],[-41.967349,-13.481317],[-41.967441,-13.482993],[-41.968273,-13.485491],[-41.968832,-13.487218],[-41.967307,-13.488857],[-41.961254,-13.489893],[-41.958518,-13.490845],[-41.958139,-13.490998],[-41.95471,-13.492391],[-41.951736,-13.495128],[-41.951235,-13.497553],[-41.95408,-13.499899],[-41.955371,-13.500296],[-41.957338,-13.502008],[-41.958226,-13.502676],[-41.958671,-13.504074],[-41.959118,-13.505769],[-41.959832,-13.50684],[-41.961688,-13.508369],[-41.962212,-13.508862],[-41.963401,-13.51029],[-41.96352,-13.512253],[-41.964128,-13.51378],[-41.964495,-13.514285],[-41.964948,-13.514909],[-41.965394,-13.515841],[-41.965662,-13.516893],[-41.965386,-13.517549],[-41.965186,-13.518023],[-41.964056,-13.520284],[-41.963282,-13.522366],[-41.963758,-13.52421],[-41.964948,-13.52534],[-41.967792,-13.526513],[-41.968089,-13.527454],[-41.966778,-13.527006],[-41.965998,-13.52674],[-41.964781,-13.526718],[-41.964236,-13.526916],[-41.962882,-13.52803],[-41.962225,-13.52849],[-41.96132,-13.52876],[-41.960374,-13.529304],[-41.958645,-13.530118],[-41.958068,-13.530118],[-41.957451,-13.529953],[-41.957163,-13.529542],[-41.95634,-13.529336],[-41.955764,-13.529336],[-41.955105,-13.529912],[-41.954159,-13.530982],[-41.953624,-13.532052],[-41.953381,-13.532562],[-41.952924,-13.532875],[-41.951937,-13.533451],[-41.950825,-13.533822],[-41.949838,-13.534357],[-41.94848,-13.534974],[-41.947533,-13.535262],[-41.946792,-13.53555],[-41.94634,-13.535797],[-41.946299,-13.536126],[-41.946257,-13.536949],[-41.946175,-13.537937],[-41.945558,-13.539995],[-41.944858,-13.541559],[-41.944282,-13.542217],[-41.943377,-13.542876],[-41.94206,-13.543493],[-41.941442,-13.543904],[-41.94099,-13.543987],[-41.940414,-13.543699],[-41.939714,-13.543246],[-41.939056,-13.543164],[-41.938315,-13.543452],[-41.937862,-13.544028],[-41.936216,-13.546003],[-41.933953,-13.548472],[-41.932636,-13.549995],[-41.931278,-13.55123],[-41.930208,-13.552053],[-41.929138,-13.552794],[-41.92815,-13.553205],[-41.927533,-13.553411],[-41.926912,-13.553525],[-41.925928,-13.553329],[-41.925187,-13.553082],[-41.924405,-13.552876],[-41.923911,-13.552382],[-41.923829,-13.551477],[-41.923335,-13.550777],[-41.922677,-13.550283],[-41.922018,-13.549913],[-41.920742,-13.550119],[-41.919467,-13.550366],[-41.918561,-13.550571],[-41.917615,-13.550859],[-41.916997,-13.550777],[-41.916133,-13.550777],[-41.915598,-13.550571],[-41.915138,-13.550406],[-41.915022,-13.549913],[-41.914775,-13.549337],[-41.914734,-13.548678],[-41.914652,-13.548102],[-41.914322,-13.547608],[-41.913664,-13.547073],[-41.912841,-13.54695],[-41.911771,-13.547526],[-41.91103,-13.547937],[-41.910001,-13.548061],[-41.909219,-13.54802],[-41.90852,-13.548061],[-41.908227,-13.548308],[-41.90745,-13.548184],[-41.906503,-13.548349],[-41.905845,-13.548678],[-41.904281,-13.549049],[-41.902923,-13.549501],[-41.901015,-13.550665],[-41.900117,-13.550916],[-41.899435,-13.551239],[-41.899076,-13.551418],[-41.898394,-13.551418],[-41.897533,-13.551239],[-41.896887,-13.551311],[-41.896439,-13.55145],[-41.895917,-13.551993],[-41.895577,-13.552289],[-41.895441,-13.552756],[-41.895245,-13.553254],[-41.894928,-13.55348],[-41.89425,-13.5536],[-41.893526,-13.553646],[-41.892893,-13.553872],[-41.892335,-13.554188],[-41.891808,-13.554731],[-41.891431,-13.555319],[-41.891159,-13.555802],[-41.890812,-13.556224],[-41.890345,-13.556525],[-41.890012,-13.556632],[-41.889712,-13.556616],[-41.88938,-13.55648],[-41.889139,-13.556209],[-41.888973,-13.555877],[-41.888928,-13.55553],[-41.888807,-13.555304],[-41.888596,-13.555214],[-41.888186,-13.55526],[-41.887492,-13.555853],[-41.887124,-13.556478],[-41.886093,-13.557509],[-41.884142,-13.558981],[-41.882302,-13.559938],[-41.880572,-13.560785],[-41.879321,-13.561411],[-41.878842,-13.561668],[-41.878143,-13.561632],[-41.877554,-13.561043],[-41.876766,-13.560316],[-41.876008,-13.56038],[-41.875198,-13.560675],[-41.874241,-13.561595],[-41.873652,-13.562699],[-41.873026,-13.563914],[-41.87229,-13.565128],[-41.871909,-13.565853],[-41.871075,-13.566858],[-41.870339,-13.567337],[-41.869272,-13.567447],[-41.868278,-13.567742],[-41.867689,-13.568114],[-41.866953,-13.568147],[-41.865922,-13.56822],[-41.865186,-13.568552],[-41.864339,-13.569325],[-41.863603,-13.570024],[-41.863051,-13.57065],[-41.862499,-13.571386],[-41.861652,-13.571864],[-41.861211,-13.571791],[-41.860474,-13.571423],[-41.859738,-13.571496],[-41.859297,-13.572048],[-41.858634,-13.573079],[-41.857971,-13.573926],[-41.857242,-13.574724],[-41.85672,-13.575472],[-41.856205,-13.576171],[-41.855763,-13.577054],[-41.855653,-13.577827],[-41.855211,-13.57838],[-41.854364,-13.578932],[-41.85337,-13.5793],[-41.852671,-13.579631],[-41.852045,-13.579631],[-41.851567,-13.579631],[-41.850573,-13.579447],[-41.850104,-13.579606],[-41.850131,-13.579999],[-41.85061,-13.58033],[-41.851235,-13.580809],[-41.851493,-13.581398],[-41.851346,-13.582097],[-41.850904,-13.583717],[-41.850794,-13.5846],[-41.850561,-13.5854],[-41.850389,-13.586293],[-41.849837,-13.587214],[-41.849358,-13.587803],[-41.848622,-13.588318],[-41.847959,-13.58898],[-41.847076,-13.589827],[-41.846193,-13.590821],[-41.845788,-13.591336],[-41.845077,-13.592016],[-41.844536,-13.592588],[-41.844058,-13.592956],[-41.843174,-13.593361],[-41.842513,-13.59376],[-41.841926,-13.594435],[-41.841512,-13.594957],[-41.840881,-13.595784],[-41.840163,-13.596654],[-41.839728,-13.597437],[-41.839358,-13.597764],[-41.838923,-13.598112],[-41.838357,-13.59846],[-41.837857,-13.598852],[-41.837574,-13.59933],[-41.837335,-13.600005],[-41.837291,-13.600636],[-41.837095,-13.60118],[-41.836791,-13.601571],[-41.836051,-13.60205],[-41.835355,-13.602507],[-41.834724,-13.602833],[-41.833875,-13.603225],[-41.833484,-13.603573],[-41.833114,-13.603965],[-41.832787,-13.604247],[-41.832265,-13.604574],[-41.831547,-13.604965],[-41.829937,-13.605662],[-41.828936,-13.606162],[-41.827453,-13.606871],[-41.826782,-13.607054],[-41.825651,-13.607359],[-41.82491,-13.607534],[-41.824149,-13.607931],[-41.823619,-13.608461],[-41.823355,-13.609057],[-41.823288,-13.60952],[-41.822991,-13.610049],[-41.822329,-13.610645],[-41.821137,-13.611241],[-41.820475,-13.611803],[-41.820238,-13.612043],[-41.819953,-13.612285],[-41.819626,-13.612441],[-41.819004,-13.612582],[-41.818587,-13.61264],[-41.818146,-13.61264],[-41.81752,-13.612327],[-41.816084,-13.611203],[-41.815444,-13.610947],[-41.814732,-13.611004],[-41.814106,-13.610933],[-41.813509,-13.610706],[-41.813068,-13.610806],[-41.810641,-13.611419],[-41.809285,-13.612489],[-41.808428,-13.614916],[-41.807549,-13.61815],[-41.806793,-13.619253],[-41.804504,-13.621265],[-41.804071,-13.622434],[-41.803721,-13.622599],[-41.803697,-13.622664],[-41.803696,-13.622665],[-41.8031,-13.624243],[-41.803043,-13.625442],[-41.802872,-13.62727],[-41.802428,-13.629694],[-41.802015,-13.631724],[-41.80093,-13.633609],[-41.799446,-13.635151],[-41.798802,-13.635649],[-41.797161,-13.636121],[-41.794306,-13.63772],[-41.79305,-13.638805],[-41.791454,-13.639576],[-41.790808,-13.639569],[-41.79008,-13.639091],[-41.789452,-13.638234],[-41.788709,-13.637149],[-41.787796,-13.636236],[-41.786711,-13.636007],[-41.785683,-13.636635],[-41.784255,-13.637777],[-41.783075,-13.638527],[-41.782673,-13.638834],[-41.780611,-13.640625],[-41.779417,-13.641764],[-41.778386,-13.642524],[-41.777789,-13.643392],[-41.776758,-13.644803],[-41.775999,-13.645888],[-41.77551,-13.647028],[-41.774913,-13.64795],[-41.774262,-13.648656],[-41.773774,-13.649253],[-41.772018,-13.650478],[-41.771657,-13.651152],[-41.771115,-13.652183],[-41.770355,-13.65278],[-41.768835,-13.654191],[-41.767533,-13.655548],[-41.766068,-13.657121],[-41.765412,-13.657733],[-41.763463,-13.659509],[-41.762269,-13.66092],[-41.760804,-13.661843],[-41.758688,-13.662385],[-41.756843,-13.662819],[-41.755866,-13.662874],[-41.754859,-13.662787],[-41.753533,-13.662548],[-41.752773,-13.661843],[-41.752447,-13.661517],[-41.751708,-13.660799],[-41.750978,-13.660781],[-41.750415,-13.660739],[-41.750061,-13.660823],[-41.749644,-13.66099],[-41.749435,-13.661261],[-41.749413,-13.661311],[-41.749324,-13.661577],[-41.749095,-13.661743],[-41.748762,-13.661805],[-41.748199,-13.662076],[-41.747823,-13.662598],[-41.747298,-13.663448],[-41.746822,-13.664245],[-41.746614,-13.6651],[-41.74628,-13.665705],[-41.74578,-13.666247],[-41.745467,-13.666872],[-41.7453,-13.667519],[-41.74528,-13.668398],[-41.7453,-13.668957],[-41.744978,-13.669971],[-41.744243,-13.670812],[-41.743398,-13.671394],[-41.742174,-13.67146],[-41.74079,-13.671475],[-41.739512,-13.671437],[-41.737645,-13.671093],[-41.735565,-13.670804],[-41.73461,-13.671075],[-41.73366,-13.671762],[-41.732446,-13.672713],[-41.73187,-13.6735],[-41.730502,-13.67492],[-41.72977,-13.676074],[-41.728461,-13.678014],[-41.727936,-13.678645],[-41.727144,-13.679226],[-41.726191,-13.679653],[-41.72545,-13.680026],[-41.724331,-13.679934],[-41.723478,-13.679839],[-41.722463,-13.679538],[-41.721506,-13.679653],[-41.720183,-13.680344],[-41.718981,-13.681196],[-41.718018,-13.681877],[-41.717498,-13.682976],[-41.716503,-13.684445],[-41.715664,-13.685547],[-41.715086,-13.686178],[-41.714181,-13.68624],[-41.713057,-13.68568],[-41.712094,-13.685274],[-41.711404,-13.68549],[-41.710668,-13.686279],[-41.710353,-13.686647],[-41.709773,-13.687121],[-41.70888,-13.688224],[-41.708202,-13.689429],[-41.707471,-13.690687],[-41.706526,-13.691894],[-41.70521,-13.69321],[-41.703425,-13.695416],[-41.702481,-13.696676],[-41.701379,-13.698093],[-41.700118,-13.699565],[-41.699655,-13.700923],[-41.699672,-13.702433],[-41.700218,-13.703676],[-41.700975,-13.704605],[-41.701409,-13.705329],[-41.701416,-13.705954],[-41.700997,-13.706531],[-41.699674,-13.707326],[-41.698669,-13.707858],[-41.697661,-13.708233],[-41.696815,-13.708711],[-41.696558,-13.709495],[-41.696834,-13.710377],[-41.696629,-13.711108],[-41.696321,-13.7121],[-41.696138,-13.712729],[-41.69542,-13.712475],[-41.69483,-13.712065],[-41.69435,-13.712018],[-41.693339,-13.712081],[-41.692491,-13.712454],[-41.691323,-13.712727],[-41.689673,-13.712745],[-41.688718,-13.713068],[-41.687818,-13.713494],[-41.686867,-13.714234],[-41.685817,-13.715494],[-41.685827,-13.716379],[-41.685999,-13.717471],[-41.686434,-13.718247],[-41.687295,-13.71907],[-41.687995,-13.719688],[-41.689068,-13.720405],[-41.689611,-13.721336],[-41.689991,-13.721956],[-41.689999,-13.722685],[-41.689796,-13.723572],[-41.689171,-13.724777],[-41.688918,-13.725925],[-41.688768,-13.726811],[-41.688036,-13.728017],[-41.687834,-13.729008],[-41.687429,-13.730782],[-41.687438,-13.731563],[-41.687555,-13.732499],[-41.687936,-13.733276],[-41.688688,-13.73384],[-41.689386,-13.734353],[-41.68993,-13.735284],[-41.689885,-13.736013],[-41.689526,-13.737267],[-41.689005,-13.738262],[-41.688477,-13.738632],[-41.687467,-13.738799],[-41.68635,-13.738967],[-41.685184,-13.739449],[-41.684129,-13.740293],[-41.682658,-13.742079],[-41.681399,-13.743759],[-41.679874,-13.745441],[-41.677087,-13.748595],[-41.675085,-13.750491],[-41.673713,-13.751599],[-41.672229,-13.75224],[-41.670637,-13.752778],[-41.668623,-13.75358],[-41.666551,-13.754019],[-41.664209,-13.754201],[-41.662301,-13.755002],[-41.660874,-13.755955],[-41.659556,-13.757166],[-41.658448,-13.758063],[-41.656863,-13.759174],[-41.655918,-13.760381],[-41.654977,-13.761953],[-41.654994,-13.763463],[-41.655333,-13.765177],[-41.655667,-13.766527],[-41.655569,-13.76788],[-41.655165,-13.769187],[-41.653956,-13.770606],[-41.652216,-13.772187],[-41.650478,-13.773923],[-41.648841,-13.775191],[-41.647308,-13.776196],[-41.646039,-13.777043],[-41.645196,-13.777885],[-41.644458,-13.77857],[-41.64372,-13.779254],[-41.642395,-13.779841],[-41.641653,-13.780161],[-41.641127,-13.780792],[-41.640497,-13.78158],[-41.639925,-13.782835],[-41.639937,-13.783876],[-41.640052,-13.784656],[-41.640541,-13.785484],[-41.641078,-13.785894],[-41.641191,-13.786414],[-41.640824,-13.78699],[-41.63987,-13.787417],[-41.638761,-13.78821],[-41.638289,-13.788892],[-41.63819,-13.78957],[-41.638407,-13.789932],[-41.639161,-13.790652],[-41.639646,-13.791168],[-41.640079,-13.791736],[-41.640192,-13.792359],[-41.640206,-13.793609],[-41.640047,-13.794891],[-41.639538,-13.79575],[-41.639118,-13.796275],[-41.63833,-13.797325],[-41.637384,-13.798428],[-41.636909,-13.79885],[-41.636219,-13.799066],[-41.635633,-13.799072],[-41.634839,-13.799445],[-41.63426,-13.800076],[-41.633736,-13.800914],[-41.632943,-13.801444],[-41.631832,-13.802132],[-41.630511,-13.803031],[-41.628608,-13.804405],[-41.627921,-13.804829],[-41.627395,-13.805512],[-41.626667,-13.807029],[-41.625983,-13.807818],[-41.625457,-13.808448],[-41.624715,-13.808716],[-41.624079,-13.809087],[-41.623447,-13.809719],[-41.622549,-13.810353],[-41.621435,-13.810782],[-41.620636,-13.81079],[-41.619305,-13.810908],[-41.618936,-13.811225],[-41.618728,-13.811695],[-41.61833,-13.812682],[-41.61854,-13.813936],[-41.618494,-13.814613],[-41.617972,-13.815504],[-41.617499,-13.816134],[-41.617505,-13.816654],[-41.617353,-13.817385],[-41.616669,-13.818121],[-41.615877,-13.818806],[-41.614982,-13.819753],[-41.614147,-13.821324],[-41.613148,-13.82248],[-41.611627,-13.824578],[-41.609575,-13.826891],[-41.607263,-13.829831],[-41.605684,-13.831514],[-41.604421,-13.832985],[-41.604003,-13.833666],[-41.603586,-13.834503],[-41.603172,-13.835601],[-41.602758,-13.836751],[-41.601957,-13.838059],[-41.601714,-13.838636],[-41.60104,-13.840309],[-41.600304,-13.841254],[-41.59989,-13.842352],[-41.599539,-13.844334],[-41.599447,-13.845637],[-41.599458,-13.846626],[-41.600007,-13.848077],[-41.600018,-13.849067],[-41.599656,-13.85006],[-41.59892,-13.850952],[-41.598024,-13.851847],[-41.596486,-13.852436],[-41.595266,-13.852918],[-41.594697,-13.85316],[-41.594059,-13.854648],[-41.593747,-13.855328],[-41.593117,-13.856168],[-41.592324,-13.856697],[-41.591259,-13.856813],[-41.589821,-13.856828],[-41.588281,-13.857313],[-41.587377,-13.85753],[-41.586637,-13.858059],[-41.586217,-13.858636],[-41.585269,-13.859583],[-41.584475,-13.86006],[-41.583152,-13.860907],[-41.582046,-13.862116],[-41.581046,-13.86322],[-41.579674,-13.86438],[-41.578359,-13.866008],[-41.57747,-13.867527],[-41.577062,-13.869197],[-41.576919,-13.870656],[-41.57693,-13.871646],[-41.576886,-13.872531],[-41.576417,-13.873473],[-41.575627,-13.874314],[-41.574789,-13.875625],[-41.574008,-13.877299],[-41.573073,-13.879496],[-41.572083,-13.881536],[-41.571521,-13.883781],[-41.570855,-13.886183],[-41.570138,-13.888794],[-41.569471,-13.891196],[-41.569064,-13.892918],[-41.568763,-13.894587],[-41.568302,-13.896258],[-41.568058,-13.898291],[-41.568127,-13.8998],[-41.568148,-13.901622],[-41.567896,-13.902978],[-41.567376,-13.904181],[-41.567284,-13.905432],[-41.567027,-13.906319],[-41.566825,-13.907363],[-41.566779,-13.90804],[-41.566366,-13.909242],[-41.566164,-13.910233],[-41.566064,-13.910807],[-41.566076,-13.9119],[-41.565874,-13.912891],[-41.565672,-13.913935],[-41.565097,-13.914982],[-41.564431,-13.917436],[-41.56423,-13.918532],[-41.56363,-13.92213],[-41.563336,-13.924424],[-41.562657,-13.925681],[-41.56187,-13.926834],[-41.561095,-13.929029],[-41.560578,-13.930492],[-41.560539,-13.931846],[-41.560237,-13.933412],[-41.560519,-13.934866],[-41.561066,-13.93611],[-41.561087,-13.937984],[-41.561047,-13.939182],[-41.560482,-13.941114],[-41.559911,-13.942526],[-41.55917,-13.944303],[-41.493891,-13.916491],[-41.49366,-13.916263],[-41.492494,-13.915293],[-41.492167,-13.914923],[-41.492094,-13.914642],[-41.492068,-13.914213],[-41.492084,-13.913626],[-41.492148,-13.913117],[-41.492248,-13.912778],[-41.492475,-13.912369],[-41.492874,-13.911914],[-41.493298,-13.911616],[-41.493771,-13.911476],[-41.494278,-13.911403],[-41.495283,-13.911347],[-41.49609,-13.911226],[-41.496656,-13.91113],[-41.497024,-13.911013],[-41.497404,-13.910806],[-41.497782,-13.910542],[-41.498319,-13.910018],[-41.498753,-13.909494],[-41.499104,-13.908869],[-41.499407,-13.908052],[-41.499492,-13.907318],[-41.499499,-13.906901],[-41.499475,-13.906536],[-41.499402,-13.906187],[-41.499342,-13.905967],[-41.499253,-13.905765],[-41.499053,-13.90544],[-41.498842,-13.905109],[-41.498723,-13.904856],[-41.49863,-13.904179],[-41.49862,-13.903875],[-41.498658,-13.903638],[-41.498737,-13.903434],[-41.498874,-13.903257],[-41.499069,-13.903092],[-41.499442,-13.902912],[-41.500053,-13.902794],[-41.500601,-13.902681],[-41.501595,-13.902837],[-41.502511,-13.903007],[-41.503637,-13.903301],[-41.504474,-13.903395],[-41.505387,-13.903334],[-41.506664,-13.903066],[-41.507368,-13.90288],[-41.50773,-13.902545],[-41.507909,-13.902236],[-41.507879,-13.901879],[-41.507274,-13.901503],[-41.506722,-13.9011],[-41.506324,-13.900594],[-41.505873,-13.899935],[-41.50555,-13.899019],[-41.50506,-13.897212],[-41.504757,-13.89576],[-41.504696,-13.894894],[-41.504817,-13.894024],[-41.505123,-13.893281],[-41.505584,-13.892511],[-41.507237,-13.890707],[-41.50811,-13.889371],[-41.508542,-13.888244],[-41.508691,-13.887528],[-41.50868,-13.886507],[-41.508326,-13.885235],[-41.50777,-13.883977],[-41.507672,-13.883339],[-41.507694,-13.883007],[-41.507823,-13.882751],[-41.508106,-13.882493],[-41.508949,-13.881935],[-41.509829,-13.881199],[-41.510151,-13.880774],[-41.510316,-13.880326],[-41.510375,-13.879751],[-41.510406,-13.877785],[-41.510398,-13.876981],[-41.51051,-13.876534],[-41.51074,-13.876073],[-41.511021,-13.87547],[-41.511055,-13.875022],[-41.511012,-13.874463],[-41.510889,-13.873941],[-41.510438,-13.873307],[-41.509657,-13.872358],[-41.509428,-13.871748],[-41.50934,-13.870792],[-41.5094,-13.870344],[-41.509606,-13.870087],[-41.509866,-13.869931],[-41.51031,-13.869914],[-41.511433,-13.869954],[-41.51356,-13.869843],[-41.515436,-13.869504],[-41.516802,-13.869082],[-41.518113,-13.868341],[-41.518927,-13.867541],[-41.519248,-13.867002],[-41.519425,-13.866477],[-41.519381,-13.866095],[-41.519301,-13.865865],[-41.519051,-13.865753],[-41.518673,-13.865719],[-41.518125,-13.865789],[-41.517162,-13.866105],[-41.516072,-13.86669],[-41.515318,-13.867043],[-41.514901,-13.867098],[-41.514535,-13.867025],[-41.514258,-13.866823],[-41.514099,-13.866545],[-41.514028,-13.86606],[-41.51414,-13.865562],[-41.514396,-13.865061],[-41.514748,-13.864726],[-41.515669,-13.864167],[-41.51646,-13.8637],[-41.517002,-13.863069],[-41.517235,-13.861727],[-41.517312,-13.860335],[-41.517499,-13.859542],[-41.517727,-13.858837],[-41.517787,-13.858301],[-41.517741,-13.857728],[-41.51758,-13.857257],[-41.517316,-13.857018],[-41.516949,-13.856855],[-41.516557,-13.85677],[-41.515578,-13.856792],[-41.514871,-13.85666],[-41.514504,-13.856485],[-41.514095,-13.856093],[-41.513832,-13.855598],[-41.513775,-13.85519],[-41.513772,-13.854858],[-41.513886,-13.854538],[-41.514181,-13.854088],[-41.514555,-13.853701],[-41.515231,-13.85335],[-41.516127,-13.852907],[-41.516502,-13.85261],[-41.516928,-13.852184],[-41.51734,-13.851644],[-41.517817,-13.851065],[-41.51814,-13.850819],[-41.518804,-13.85057],[-41.519598,-13.850332],[-41.520233,-13.84993],[-41.520569,-13.849581],[-41.520812,-13.849184],[-41.520977,-13.848697],[-41.520985,-13.848199],[-41.520784,-13.847755],[-41.520467,-13.847401],[-41.519613,-13.846924],[-41.518132,-13.84634],[-41.516981,-13.845907],[-41.516415,-13.845466],[-41.516215,-13.845162],[-41.515924,-13.844667],[-41.515867,-13.84431],[-41.51589,-13.844055],[-41.516682,-13.842401],[-41.517012,-13.841542],[-41.517184,-13.840507],[-41.517196,-13.837942],[-41.517168,-13.836577],[-41.51721,-13.835683],[-41.517282,-13.835032],[-41.51746,-13.834596],[-41.517714,-13.833955],[-41.518252,-13.833043],[-41.518741,-13.832298],[-41.519735,-13.831344],[-41.520683,-13.830786],[-41.521619,-13.830508],[-41.523002,-13.830442],[-41.52432,-13.830416],[-41.525493,-13.830213],[-41.526406,-13.829872],[-41.526859,-13.829562],[-41.527272,-13.829135],[-41.528032,-13.828133],[-41.528222,-13.827646],[-41.528229,-13.82711],[-41.52808,-13.826652],[-41.527763,-13.826285],[-41.527068,-13.825973],[-41.526388,-13.825852],[-41.525175,-13.825878],[-41.524494,-13.82577],[-41.523903,-13.825444],[-41.523506,-13.824938],[-41.52296,-13.823846],[-41.522715,-13.823044],[-41.522708,-13.822343],[-41.522808,-13.82192],[-41.523014,-13.821626],[-41.523312,-13.821469],[-41.523952,-13.821488],[-41.524751,-13.821722],[-41.525575,-13.821829],[-41.526095,-13.821759],[-41.526471,-13.821449],[-41.526831,-13.820949],[-41.526943,-13.820334],[-41.526895,-13.819557],[-41.526642,-13.81901],[-41.526376,-13.818668],[-41.525457,-13.818129],[-41.524432,-13.817501],[-41.523721,-13.816934],[-41.523376,-13.816415],[-41.522977,-13.815781],[-41.522919,-13.815144],[-41.522978,-13.814659],[-41.523183,-13.814222],[-41.523468,-13.814015],[-41.523859,-13.81396],[-41.524394,-13.813993],[-41.525376,-13.814238],[-41.526435,-13.814367],[-41.527504,-13.814267],[-41.528404,-13.814039],[-41.530002,-13.813322],[-41.531496,-13.81277],[-41.533803,-13.812325],[-41.535012,-13.811929],[-41.535647,-13.811514],[-41.536318,-13.810793],[-41.537139,-13.809521],[-41.538034,-13.807739],[-41.538775,-13.806263],[-41.539329,-13.805581],[-41.540056,-13.804974],[-41.541399,-13.803633],[-41.542001,-13.802568],[-41.54226,-13.801097],[-41.542359,-13.799425],[-41.542242,-13.798214],[-41.542117,-13.797527],[-41.541875,-13.79689],[-41.541464,-13.796321],[-41.541015,-13.795828],[-41.540264,-13.795171],[-41.538908,-13.794139],[-41.538066,-13.793509],[-41.537485,-13.792916],[-41.537153,-13.792447],[-41.536993,-13.792053],[-41.536977,-13.791799],[-41.537012,-13.791441],[-41.537152,-13.791171],[-41.537876,-13.790475],[-41.538535,-13.789843],[-41.539024,-13.789161],[-41.539266,-13.78861],[-41.539337,-13.787971],[-41.539238,-13.787257],[-41.53901,-13.786647],[-41.538586,-13.786128],[-41.538085,-13.785687],[-41.537496,-13.785299],[-41.536762,-13.785025],[-41.536016,-13.784918],[-41.534516,-13.784869],[-41.533823,-13.784813],[-41.533234,-13.784666],[-41.532684,-13.784467],[-41.532119,-13.784129],[-41.531736,-13.783712],[-41.531403,-13.783153],[-41.531295,-13.782798],[-41.531263,-13.782274],[-41.531297,-13.781815],[-41.531464,-13.781469],[-41.531786,-13.781133],[-41.532267,-13.780988],[-41.533195,-13.781043],[-41.534255,-13.781248],[-41.535565,-13.781758],[-41.536388,-13.781877],[-41.537002,-13.781883],[-41.537627,-13.7818],[-41.538056,-13.781643],[-41.538653,-13.781293],[-41.539702,-13.780465],[-41.541335,-13.77944],[-41.542565,-13.778534],[-41.543353,-13.777811],[-41.543544,-13.777387],[-41.543554,-13.77683],[-41.543423,-13.776154],[-41.543094,-13.775631],[-41.542551,-13.775199],[-41.54159,-13.774668],[-41.540492,-13.774183],[-41.539796,-13.773799],[-41.539253,-13.773398],[-41.538878,-13.772965],[-41.538517,-13.772246],[-41.538435,-13.771765],[-41.538488,-13.771103],[-41.538853,-13.770588],[-41.539325,-13.770176],[-41.539907,-13.76984],[-41.541133,-13.769435],[-41.541808,-13.769172],[-41.542297,-13.768866],[-41.542647,-13.768456],[-41.542873,-13.767957],[-41.543051,-13.767383],[-41.543225,-13.766543],[-41.543475,-13.764908],[-41.543821,-13.763714],[-41.544318,-13.762699],[-41.544753,-13.762146],[-41.545156,-13.761807],[-41.545596,-13.761641],[-41.546195,-13.761562],[-41.546927,-13.761616],[-41.550038,-13.762677],[-41.551352,-13.763007],[-41.552599,-13.76312],[-41.554068,-13.763042],[-41.555826,-13.763086],[-41.557424,-13.763132],[-41.558125,-13.762968],[-41.558633,-13.76265],[-41.559265,-13.76205],[-41.559952,-13.761359],[-41.561019,-13.76061],[-41.562205,-13.760199],[-41.564005,-13.760096],[-41.565398,-13.759967],[-41.566353,-13.759703],[-41.567799,-13.759147],[-41.569768,-13.758559],[-41.570952,-13.757951],[-41.571789,-13.757488],[-41.57222,-13.757057],[-41.572849,-13.756113],[-41.573363,-13.755398],[-41.574573,-13.75442],[-41.576559,-13.752866],[-41.577249,-13.752092],[-41.577414,-13.751323],[-41.577204,-13.750701],[-41.576705,-13.750195],[-41.576089,-13.749633],[-41.57524,-13.748989],[-41.574651,-13.748285],[-41.574323,-13.747465],[-41.573904,-13.746362],[-41.57372,-13.745483],[-41.573887,-13.744828],[-41.574287,-13.744171],[-41.574943,-13.74317],[-41.575105,-13.742033],[-41.574832,-13.740899],[-41.574473,-13.739994],[-41.574232,-13.739145],[-41.574224,-13.738407],[-41.574363,-13.737809],[-41.574705,-13.737236],[-41.575623,-13.736176],[-41.577401,-13.73417],[-41.578143,-13.733026],[-41.578768,-13.731713],[-41.579047,-13.730659],[-41.578951,-13.729922],[-41.578742,-13.729385],[-41.578244,-13.728907],[-41.577831,-13.728344],[-41.577593,-13.727835],[-41.577529,-13.72724],[-41.57761,-13.726727],[-41.578097,-13.726182],[-41.579194,-13.725489],[-41.580408,-13.72505],[-41.581713,-13.724867],[-41.586097,-13.724821],[-41.588334,-13.724854],[-41.58932,-13.72473],[-41.589869,-13.724498],[-41.590299,-13.724039],[-41.590438,-13.72344],[-41.59026,-13.723045],[-41.589441,-13.722571],[-41.588679,-13.721869],[-41.588294,-13.721248],[-41.58814,-13.720397],[-41.588247,-13.719544],[-41.588551,-13.718264],[-41.588486,-13.717525],[-41.58816,-13.716961],[-41.587632,-13.716427],[-41.58713,-13.715637],[-41.586888,-13.71476],[-41.58685,-13.713908],[-41.58713,-13.713053],[-41.587239,-13.712256],[-41.587084,-13.711321],[-41.586808,-13.70999],[-41.586769,-13.709138],[-41.586908,-13.708511],[-41.587136,-13.708168],[-41.587453,-13.707881],[-41.587973,-13.707762],[-41.588818,-13.707895],[-41.590481,-13.708673],[-41.591446,-13.709288],[-41.592295,-13.70996],[-41.593943,-13.711931],[-41.594851,-13.712774],[-41.595524,-13.713192],[-41.595988,-13.713216],[-41.596335,-13.712957],[-41.59659,-13.7125],[-41.59664,-13.711618],[-41.596688,-13.710766],[-41.596854,-13.710026],[-41.59711,-13.709512],[-41.597454,-13.709168],[-41.598177,-13.708791],[-41.599333,-13.708352],[-41.599795,-13.708064],[-41.600109,-13.707663],[-41.600307,-13.707206],[-41.600245,-13.706725],[-41.599829,-13.705848],[-41.598999,-13.704381],[-41.598142,-13.703055],[-41.59755,-13.701982],[-41.596933,-13.701279],[-41.596027,-13.700748],[-41.594743,-13.700194],[-41.593749,-13.699664],[-41.593133,-13.699074],[-41.592837,-13.698537],[-41.592336,-13.697833],[-41.592214,-13.697351],[-41.592236,-13.69667],[-41.592375,-13.6961],[-41.592744,-13.695386],[-41.593317,-13.694613],[-41.593572,-13.694043],[-41.593653,-13.693502],[-41.593468,-13.692595],[-41.593138,-13.69152],[-41.593013,-13.690726],[-41.593064,-13.690101],[-41.59323,-13.689389],[-41.593544,-13.688874],[-41.594148,-13.688329],[-41.59455,-13.687956],[-41.595008,-13.687354],[-41.595434,-13.686498],[-41.595778,-13.68604],[-41.596413,-13.685721],[-41.597047,-13.685288],[-41.597506,-13.684801],[-41.597647,-13.68443],[-41.597583,-13.683862],[-41.597401,-13.683183],[-41.597218,-13.682333],[-41.597183,-13.681822],[-41.597208,-13.681452],[-41.597496,-13.681223],[-41.598046,-13.681075],[-41.59883,-13.681038],[-41.599526,-13.680974],[-41.600536,-13.680481],[-41.601053,-13.679936],[-41.601623,-13.678935],[-41.602132,-13.677737],[-41.602384,-13.676826],[-41.602719,-13.675601],[-41.60297,-13.674719],[-41.603282,-13.674005],[-41.603596,-13.673576],[-41.6042,-13.67303],[-41.604863,-13.672568],[-41.605265,-13.672167],[-41.605434,-13.67174],[-41.605686,-13.670885],[-41.605736,-13.670174],[-41.6057,-13.669465],[-41.60546,-13.668785],[-41.605158,-13.667738],[-41.605033,-13.666944],[-41.604995,-13.666064],[-41.605071,-13.665155],[-41.605292,-13.664045],[-41.605572,-13.663133],[-41.605941,-13.662419]]],[[[-41.917526,-13.260871],[-41.917543,-13.260802],[-41.917974,-13.25907],[-41.921853,-13.254884],[-41.928892,-13.247485],[-41.929236,-13.247212],[-41.935406,-13.243703],[-41.940227,-13.241009],[-41.941773,-13.240392],[-41.943468,-13.239806],[-41.943842,-13.239331],[-41.945795,-13.236889],[-41.946093,-13.236504],[-41.946108,-13.236486],[-41.947647,-13.234575],[-41.948757,-13.233665],[-41.94949,-13.23306],[-41.9517,-13.231221],[-41.954832,-13.230724],[-41.981815,-13.226056],[-41.98891,-13.226037],[-41.988993,-13.226037],[-41.988952,-13.226065],[-41.988246,-13.226804],[-41.987721,-13.227706],[-41.987446,-13.228563],[-41.987328,-13.22933],[-41.987044,-13.231167],[-41.9867,-13.232541],[-41.986327,-13.23353],[-41.985769,-13.234203],[-41.985293,-13.234515],[-41.984562,-13.234706],[-41.984181,-13.234691],[-41.983571,-13.234679],[-41.982767,-13.234662],[-41.982143,-13.234843],[-41.981556,-13.235162],[-41.981129,-13.235676],[-41.980195,-13.236799],[-41.979421,-13.237729],[-41.978976,-13.238125],[-41.978189,-13.2386],[-41.977344,-13.23911],[-41.97645,-13.239978],[-41.975464,-13.240936],[-41.974926,-13.241293],[-41.974458,-13.2415],[-41.973727,-13.24157],[-41.97289,-13.241783],[-41.972398,-13.242059],[-41.971378,-13.242337],[-41.97045,-13.242512],[-41.969395,-13.242734],[-41.968953,-13.242666],[-41.968267,-13.242366],[-41.967641,-13.242092],[-41.966985,-13.241564],[-41.966573,-13.241143],[-41.966081,-13.240963],[-41.965543,-13.240984],[-41.965146,-13.241127],[-41.964605,-13.241322],[-41.964212,-13.241876],[-41.963527,-13.242844],[-41.963011,-13.243572],[-41.962637,-13.2441],[-41.962055,-13.244618],[-41.961434,-13.244951],[-41.960847,-13.245113],[-41.960222,-13.245126],[-41.959683,-13.244933],[-41.959223,-13.244769],[-41.958682,-13.244277],[-41.958501,-13.243899],[-41.958032,-13.243498],[-41.957615,-13.243374],[-41.957209,-13.243573],[-41.956893,-13.243899],[-41.956401,-13.244408],[-41.955793,-13.244732],[-41.954924,-13.244989],[-41.954309,-13.245432],[-41.954039,-13.246071],[-41.953624,-13.247053],[-41.953397,-13.247958],[-41.953114,-13.248411],[-41.952545,-13.248736],[-41.951894,-13.248718],[-41.950848,-13.24869],[-41.949834,-13.248906],[-41.948976,-13.249153],[-41.947934,-13.249697],[-41.947487,-13.250306],[-41.946808,-13.250617],[-41.946497,-13.250588],[-41.946088,-13.250215],[-41.945602,-13.250098],[-41.944962,-13.249943],[-41.944335,-13.249791],[-41.943301,-13.250023],[-41.942628,-13.250348],[-41.941728,-13.250783],[-41.94091,-13.251179],[-41.939452,-13.251884],[-41.938701,-13.252248],[-41.93722,-13.252964],[-41.936571,-13.253278],[-41.935977,-13.25343],[-41.935479,-13.253393],[-41.933987,-13.253283],[-41.933222,-13.253226],[-41.932639,-13.252964],[-41.931741,-13.252872],[-41.930914,-13.253134],[-41.930239,-13.253347],[-41.929258,-13.25407],[-41.92834,-13.254746],[-41.927388,-13.255447],[-41.926357,-13.255855],[-41.925325,-13.256367],[-41.924456,-13.256889],[-41.923005,-13.257571],[-41.921579,-13.258114],[-41.920338,-13.258586],[-41.919506,-13.259149],[-41.918674,-13.25988],[-41.917619,-13.260807],[-41.917526,-13.260871]]],[[[-42.022733,-13.187005],[-42.022746,-13.186937],[-42.023035,-13.185442],[-42.024187,-13.185785],[-42.02425,-13.185804],[-42.024033,-13.186085],[-42.023389,-13.186541],[-42.022733,-13.187005]]]]}},
{"type":"Feature","properties":{"cod_conj":14367,"conjunto":"Oliveira Dos Brejinhos","distrib":"Neoenergia Coelba","ano":2025,"dec_h":14.92,"dec_lim":19.0,"fec_n":7.68,"fec_lim":8.0,"dec_pct":78.5,"fec_pct":96.0,"situacao":"Dentro dos limites","num_con":28712,"area_ti_km":113.3,"base_geo":"31/12/2025","fonte":"ANEEL: BDGD Coelba 2025 e Indicadores Coletivos de Continuidade"},"geometry":{"type":"MultiPolygon","coordinates":[[[[-42.624302,-12.614342],[-42.624225,-12.614324],[-42.599357,-12.608357],[-42.59146,-12.584226],[-42.591398,-12.58411],[-42.59118,-12.583716],[-42.589804,-12.581323],[-42.581904,-12.568131],[-42.581004,-12.562535],[-42.580239,-12.562318],[-42.579178,-12.562027],[-42.567336,-12.558833],[-42.559032,-12.558773],[-42.541446,-12.548421],[-42.541022,-12.548164],[-42.535521,-12.54472],[-42.535888,-12.544452],[-42.536465,-12.544163],[-42.536617,-12.543992],[-42.537345,-12.543681],[-42.537946,-12.543467],[-42.538599,-12.543153],[-42.539179,-12.542717],[-42.539682,-12.542281],[-42.540313,-12.541746],[-42.541167,-12.541165],[-42.542099,-12.540537],[-42.542854,-12.53993],[-42.543447,-12.539502],[-42.543723,-12.539356],[-42.544049,-12.539236],[-42.5445,-12.539215],[-42.545274,-12.539221],[-42.545548,-12.539247],[-42.545973,-12.539274],[-42.546894,-12.539527],[-42.546992,-12.539651],[-42.547316,-12.539849],[-42.547591,-12.539899],[-42.547815,-12.53995],[-42.548063,-12.540025],[-42.548813,-12.539981],[-42.549215,-12.539813],[-42.549566,-12.539595],[-42.550121,-12.539158],[-42.550425,-12.538669],[-42.550936,-12.537424],[-42.551294,-12.536594],[-42.551724,-12.535986],[-42.552129,-12.535522],[-42.552584,-12.535036],[-42.553037,-12.534575],[-42.553289,-12.534381],[-42.553667,-12.534089],[-42.554168,-12.533799],[-42.554785,-12.533594],[-42.555061,-12.533449],[-42.555487,-12.533281],[-42.555813,-12.533208],[-42.556137,-12.533261],[-42.556686,-12.533289],[-42.557209,-12.53339],[-42.557607,-12.533466],[-42.558106,-12.533616],[-42.558679,-12.533741],[-42.558978,-12.533841],[-42.559251,-12.533916],[-42.559824,-12.534018],[-42.559974,-12.53402],[-42.560549,-12.533876],[-42.560624,-12.533852],[-42.560825,-12.53378],[-42.561177,-12.533514],[-42.56158,-12.533124],[-42.562059,-12.532639],[-42.562339,-12.532053],[-42.562647,-12.531126],[-42.562851,-12.530687],[-42.563207,-12.529956],[-42.563387,-12.529444],[-42.563599,-12.529041],[-42.563678,-12.5287],[-42.564019,-12.528488],[-42.564393,-12.528484],[-42.564454,-12.528484],[-42.5653,-12.528638],[-42.566097,-12.528766],[-42.56732,-12.528799],[-42.567619,-12.528753],[-42.568293,-12.528708],[-42.568717,-12.528687],[-42.569616,-12.528718],[-42.570014,-12.528819],[-42.570536,-12.52897],[-42.571581,-12.52915],[-42.572354,-12.529131],[-42.572979,-12.529137],[-42.573751,-12.529119],[-42.57505,-12.528887],[-42.575874,-12.528772],[-42.576498,-12.528729],[-42.576672,-12.52873],[-42.577442,-12.528621],[-42.577987,-12.528281],[-42.57834,-12.528128],[-42.578499,-12.528067],[-42.579103,-12.528324],[-42.579228,-12.528512],[-42.579363,-12.528911],[-42.579631,-12.528578],[-42.57987,-12.528221],[-42.580439,-12.527583],[-42.580732,-12.527199],[-42.580919,-12.526918],[-42.581026,-12.526713],[-42.581426,-12.526049],[-42.58148,-12.525869],[-42.581695,-12.525433],[-42.581832,-12.524895],[-42.581968,-12.524151],[-42.582001,-12.523456],[-42.581953,-12.522993],[-42.581961,-12.522146],[-42.581914,-12.521606],[-42.581997,-12.521068],[-42.582026,-12.520862],[-42.582164,-12.520146],[-42.582352,-12.519712],[-42.582591,-12.519356],[-42.582778,-12.51905],[-42.583078,-12.518593],[-42.583316,-12.518365],[-42.583714,-12.517986],[-42.584032,-12.517759],[-42.584696,-12.516998],[-42.585149,-12.516338],[-42.58536,-12.516111],[-42.585946,-12.5153],[-42.586109,-12.514739],[-42.586216,-12.514486],[-42.58646,-12.51362],[-42.586755,-12.513087],[-42.587047,-12.512709],[-42.587446,-12.512152],[-42.587923,-12.511698],[-42.58824,-12.511447],[-42.588479,-12.511169],[-42.588931,-12.510639],[-42.589143,-12.51026],[-42.589436,-12.509856],[-42.589741,-12.509669],[-42.590029,-12.509621],[-42.590319,-12.509624],[-42.590527,-12.509727],[-42.590709,-12.509882],[-42.590865,-12.510037],[-42.591099,-12.510319],[-42.591357,-12.510679],[-42.591512,-12.510909],[-42.591876,-12.51127],[-42.592058,-12.51145],[-42.592241,-12.51158],[-42.592476,-12.511659],[-42.592921,-12.511791],[-42.593157,-12.511793],[-42.593446,-12.51172],[-42.593709,-12.511621],[-42.594393,-12.511347],[-42.595397,-12.510567],[-42.596399,-12.509761],[-42.596689,-12.50956],[-42.597032,-12.509334],[-42.597294,-12.509235],[-42.597661,-12.509238],[-42.597976,-12.509266],[-42.598366,-12.509551],[-42.598626,-12.509782],[-42.598886,-12.510065],[-42.599172,-12.510374],[-42.599352,-12.51063],[-42.599612,-12.510913],[-42.599872,-12.511145],[-42.600054,-12.511351],[-42.60086,-12.51197],[-42.6012,-12.512152],[-42.601382,-12.512307],[-42.601537,-12.512436],[-42.601772,-12.512592],[-42.602112,-12.512645],[-42.602583,-12.512701],[-42.603106,-12.512756],[-42.603578,-12.512761],[-42.603944,-12.512866],[-42.604335,-12.512971],[-42.604727,-12.513077],[-42.604962,-12.513132],[-42.605354,-12.513262],[-42.606113,-12.513243],[-42.606814,-12.513226],[-42.607261,-12.513051],[-42.60776,-12.512876],[-42.608207,-12.512599],[-42.608472,-12.512244],[-42.60858,-12.511811],[-42.608716,-12.511148],[-42.608876,-12.510716],[-42.609063,-12.510334],[-42.609274,-12.510107],[-42.609749,-12.509652],[-42.610258,-12.509108],[-42.610902,-12.50912],[-42.611485,-12.509428],[-42.612149,-12.509419],[-42.612608,-12.509026],[-42.614619,-12.507974],[-42.61608,-12.50711],[-42.61737,-12.507213],[-42.618302,-12.507984],[-42.619348,-12.508211],[-42.619891,-12.507481],[-42.621048,-12.506862],[-42.622212,-12.506665],[-42.623063,-12.506111],[-42.624151,-12.50489],[-42.625429,-12.504089],[-42.62689,-12.503285],[-42.628427,-12.503446],[-42.629114,-12.504281],[-42.629374,-12.505302],[-42.630245,-12.506135],[-42.630978,-12.505944],[-42.632069,-12.504964],[-42.633531,-12.504727],[-42.633789,-12.504201],[-42.633863,-12.504007],[-42.633937,-12.50385],[-42.634047,-12.503727],[-42.634247,-12.50364],[-42.634538,-12.503625],[-42.634683,-12.503679],[-42.634827,-12.503733],[-42.635044,-12.503806],[-42.635189,-12.503789],[-42.635318,-12.503702],[-42.635428,-12.503509],[-42.635557,-12.503229],[-42.635723,-12.503019],[-42.635942,-12.50288],[-42.636178,-12.502812],[-42.63645,-12.502867],[-42.636649,-12.502922],[-42.63683,-12.50294],[-42.637066,-12.502926],[-42.637413,-12.502699],[-42.637523,-12.50249],[-42.637653,-12.502192],[-42.638039,-12.501668],[-42.638461,-12.501163],[-42.638896,-12.500798],[-42.63926,-12.500798],[-42.639243,-12.500896],[-42.639241,-12.500932],[-42.639141,-12.502623],[-42.638797,-12.504909],[-42.638207,-12.507568],[-42.637805,-12.510224],[-42.638004,-12.511023],[-42.638588,-12.512372],[-42.639669,-12.513405],[-42.641185,-12.514124],[-42.644841,-12.515308],[-42.650442,-12.516465],[-42.653024,-12.517108],[-42.654541,-12.517889],[-42.655494,-12.518739],[-42.655754,-12.519413],[-42.655592,-12.521265],[-42.65499,-12.523061],[-42.653517,-12.525424],[-42.652539,-12.527225],[-42.652742,-12.528332],[-42.653572,-12.529307],[-42.654789,-12.531078],[-42.655065,-12.532801],[-42.654711,-12.534408],[-42.653474,-12.53572],[-42.651924,-12.537035],[-42.650808,-12.537975],[-42.650013,-12.539466],[-42.649658,-12.541012],[-42.649117,-12.542684],[-42.648142,-12.544731],[-42.647422,-12.547084],[-42.646278,-12.550552],[-42.645805,-12.552593],[-42.645908,-12.555427],[-42.64594,-12.557708],[-42.645707,-12.559006],[-42.64503,-12.55994],[-42.644103,-12.560939],[-42.64286,-12.561819],[-42.641439,-12.563379],[-42.640768,-12.564806],[-42.640853,-12.566346],[-42.641569,-12.568186],[-42.641718,-12.569849],[-42.641931,-12.571634],[-42.641893,-12.57336],[-42.641343,-12.574416],[-42.640166,-12.575542],[-42.637487,-12.576934],[-42.636431,-12.577689],[-42.635754,-12.578623],[-42.635711,-12.580041],[-42.635862,-12.581827],[-42.637244,-12.586418],[-42.638132,-12.589523],[-42.638414,-12.592439],[-42.638353,-12.593821],[-42.637926,-12.594892],[-42.637371,-12.595373],[-42.636772,-12.595618],[-42.63621,-12.595665],[-42.634718,-12.595291],[-42.63028,-12.593891],[-42.629276,-12.593905],[-42.628197,-12.594314],[-42.627802,-12.594832],[-42.627897,-12.595857],[-42.628404,-12.597626],[-42.628708,-12.599239],[-42.628286,-12.600626],[-42.627098,-12.601905],[-42.625226,-12.602996],[-42.624193,-12.603799],[-42.623245,-12.604956],[-42.623068,-12.606655],[-42.623753,-12.609644],[-42.624307,-12.611965],[-42.6243,-12.614253],[-42.624302,-12.614342]]],[[[-42.469612,-12.523856],[-42.462206,-12.51992],[-42.46246,-12.51989],[-42.462989,-12.519917],[-42.463243,-12.51992],[-42.463634,-12.519991],[-42.464025,-12.52013],[-42.464415,-12.520337],[-42.465219,-12.520685],[-42.465837,-12.52112],[-42.466453,-12.521462],[-42.46698,-12.521694],[-42.467278,-12.5219],[-42.467645,-12.522108],[-42.468013,-12.522269],[-42.468746,-12.522706],[-42.468975,-12.522912],[-42.46918,-12.523095],[-42.469362,-12.523368],[-42.469612,-12.523856]]],[[[-42.460037,-12.518768],[-42.456637,-12.516961],[-42.457024,-12.516874],[-42.45774,-12.516768],[-42.458248,-12.516682],[-42.458663,-12.516641],[-42.458986,-12.516667],[-42.459331,-12.516715],[-42.459676,-12.516876],[-42.459836,-12.517037],[-42.45988,-12.517218],[-42.459923,-12.517557],[-42.459963,-12.518237],[-42.460037,-12.518768]]],[[[-42.452702,-12.516517],[-42.442419,-12.516719],[-42.42435,-12.5167],[-42.408569,-12.516725],[-42.40742,-12.52936],[-42.400796,-12.529178],[-42.393191,-12.524404],[-42.385567,-12.50738],[-42.371516,-12.48979],[-42.338398,-12.487728],[-42.318202,-12.485517],[-42.328342,-12.478704],[-42.328739,-12.478437],[-42.328801,-12.478396],[-42.32887,-12.478735],[-42.329076,-12.479299],[-42.329221,-12.479562],[-42.329271,-12.47978],[-42.329333,-12.479935],[-42.329322,-12.480274],[-42.329338,-12.480496],[-42.329307,-12.480926],[-42.329306,-12.480939],[-42.329357,-12.481327],[-42.329419,-12.481581],[-42.329747,-12.482471],[-42.329816,-12.482624],[-42.330924,-12.482188],[-42.33159,-12.481427],[-42.331899,-12.480547],[-42.332018,-12.479619],[-42.331971,-12.478476],[-42.332074,-12.477782],[-42.332899,-12.47643],[-42.334429,-12.474998],[-42.335375,-12.474033],[-42.337379,-12.472948],[-42.341471,-12.470086],[-42.343561,-12.468571],[-42.34627,-12.466424],[-42.346419,-12.466303],[-42.34723,-12.465478],[-42.347856,-12.463808],[-42.348681,-12.462585],[-42.34942,-12.460721],[-42.350669,-12.459437],[-42.353113,-12.457521],[-42.35312,-12.457549],[-42.353196,-12.457903],[-42.353407,-12.458155],[-42.354133,-12.457993],[-42.354701,-12.457705],[-42.355579,-12.457337],[-42.356382,-12.457123],[-42.357159,-12.456934],[-42.357912,-12.456899],[-42.359264,-12.456959],[-42.360592,-12.457147],[-42.361268,-12.457215],[-42.361632,-12.457236],[-42.362257,-12.45733],[-42.363093,-12.457652],[-42.363877,-12.457974],[-42.364475,-12.458018],[-42.365202,-12.458009],[-42.366058,-12.45787],[-42.366889,-12.457834],[-42.367564,-12.457826],[-42.368189,-12.45792],[-42.368712,-12.458169],[-42.369441,-12.458262],[-42.370027,-12.458079],[-42.370326,-12.48119],[-42.370363,-12.48117],[-42.370904,-12.480788],[-42.371648,-12.480298],[-42.372014,-12.48009],[-42.372232,-12.479946],[-42.373105,-12.479571],[-42.373571,-12.479857],[-42.373951,-12.48013],[-42.374202,-12.480322],[-42.374574,-12.480736],[-42.374805,-12.481094],[-42.375032,-12.481279],[-42.375414,-12.481596],[-42.375829,-12.48174],[-42.37668,-12.481848],[-42.377703,-12.481976],[-42.379432,-12.482278],[-42.380573,-12.48249],[-42.381373,-12.482664],[-42.381937,-12.482654],[-42.382484,-12.482524],[-42.382998,-12.482329],[-42.383614,-12.482184],[-42.38452,-12.481991],[-42.385169,-12.481932],[-42.385903,-12.481904],[-42.38645,-12.481943],[-42.387156,-12.482067],[-42.387478,-12.482406],[-42.388018,-12.483163],[-42.388219,-12.483517],[-42.388535,-12.483869],[-42.388967,-12.483976],[-42.389734,-12.484083],[-42.390485,-12.48414],[-42.39098,-12.484178],[-42.391475,-12.48425],[-42.391832,-12.484371],[-42.392275,-12.484637],[-42.392445,-12.484916],[-42.392872,-12.485586],[-42.392969,-12.486089],[-42.392947,-12.486426],[-42.392814,-12.487377],[-42.392654,-12.488028],[-42.392651,-12.488036],[-42.392489,-12.488329],[-42.392418,-12.488746],[-42.392414,-12.489115],[-42.392445,-12.489466],[-42.392526,-12.489987],[-42.392878,-12.490642],[-42.393227,-12.490951],[-42.393482,-12.491112],[-42.393691,-12.491285],[-42.393853,-12.491415],[-42.394026,-12.491523],[-42.39424,-12.491662],[-42.394446,-12.491753],[-42.394606,-12.491824],[-42.394897,-12.491827],[-42.395256,-12.49178],[-42.395539,-12.491734],[-42.396053,-12.491538],[-42.39628,-12.491338],[-42.396568,-12.491045],[-42.397197,-12.490608],[-42.397975,-12.490404],[-42.398534,-12.490242],[-42.399053,-12.490057],[-42.400415,-12.489522],[-42.400783,-12.489356],[-42.400972,-12.489271],[-42.401492,-12.489025],[-42.40193,-12.488995],[-42.402543,-12.489],[-42.403362,-12.489283],[-42.404529,-12.48979],[-42.405421,-12.490196],[-42.405978,-12.490431],[-42.406975,-12.491097],[-42.407462,-12.491308],[-42.408001,-12.491638],[-42.408542,-12.491815],[-42.40889,-12.492024],[-42.409358,-12.492354],[-42.409828,-12.492753],[-42.409889,-12.49283],[-42.41056,-12.49389],[-42.410887,-12.494561],[-42.411334,-12.495285],[-42.41153,-12.495542],[-42.412709,-12.496874],[-42.412987,-12.497066],[-42.413439,-12.497309],[-42.413822,-12.497536],[-42.414677,-12.497749],[-42.415569,-12.497741],[-42.416358,-12.497595],[-42.417099,-12.4975],[-42.418027,-12.497372],[-42.419044,-12.497159],[-42.419763,-12.496943],[-42.420079,-12.496877],[-42.42041,-12.496881],[-42.420811,-12.497004],[-42.421071,-12.497264],[-42.42121,-12.49742],[-42.421348,-12.497524],[-42.42161,-12.497578],[-42.422083,-12.497531],[-42.422906,-12.497386],[-42.423659,-12.497306],[-42.424666,-12.497257],[-42.425169,-12.497227],[-42.425341,-12.497272],[-42.425559,-12.497335],[-42.425597,-12.497532],[-42.425624,-12.498136],[-42.425697,-12.498601],[-42.425747,-12.499249],[-42.425813,-12.499831],[-42.425867,-12.500261],[-42.426043,-12.500864],[-42.426155,-12.501181],[-42.426268,-12.501362],[-42.426382,-12.501546],[-42.426565,-12.501796],[-42.426701,-12.501979],[-42.426861,-12.502161],[-42.42702,-12.502298],[-42.427204,-12.502436],[-42.427433,-12.502597],[-42.427707,-12.50287],[-42.428142,-12.503124],[-42.428533,-12.503218],[-42.428856,-12.503244],[-42.430284,-12.503348],[-42.430884,-12.503353],[-42.43192,-12.503499],[-42.432955,-12.503668],[-42.433415,-12.503808],[-42.433783,-12.503947],[-42.434289,-12.504064],[-42.435026,-12.504117],[-42.435394,-12.504188],[-42.436497,-12.504606],[-42.437324,-12.504931],[-42.437759,-12.505183],[-42.437847,-12.50523],[-42.438195,-12.505414],[-42.438632,-12.505531],[-42.439621,-12.505789],[-42.440173,-12.505999],[-42.44054,-12.50616],[-42.441137,-12.506318],[-42.441641,-12.506526],[-42.442126,-12.506553],[-42.442494,-12.506579],[-42.442839,-12.506651],[-42.443299,-12.506836],[-42.443689,-12.507043],[-42.443894,-12.507227],[-42.444123,-12.507387],[-42.444421,-12.507593],[-42.444904,-12.507778],[-42.445179,-12.50794],[-42.445546,-12.508124],[-42.445844,-12.508285],[-42.446095,-12.508514],[-42.446346,-12.508743],[-42.446667,-12.50895],[-42.446919,-12.509155],[-42.447237,-12.509543],[-42.447511,-12.50984],[-42.447695,-12.509999],[-42.447877,-12.51016],[-42.448151,-12.510389],[-42.448403,-12.510617],[-42.448586,-12.510755],[-42.448838,-12.510938],[-42.449343,-12.511191],[-42.449779,-12.5114],[-42.450285,-12.51154],[-42.450722,-12.511635],[-42.451181,-12.511797],[-42.451687,-12.512006],[-42.451801,-12.512143],[-42.45196,-12.512416],[-42.45214,-12.512734],[-42.45223,-12.513029],[-42.452297,-12.513301],[-42.452362,-12.513641],[-42.452391,-12.514387],[-42.45234,-12.514862],[-42.452382,-12.51527],[-42.452493,-12.515655],[-42.452513,-12.515972],[-42.452626,-12.516312],[-42.452702,-12.516517]]]]}},
{"type":"Feature","properties":{"cod_conj":14338,"conjunto":"Km 43","distrib":"Neoenergia Coelba","ano":2025,"dec_h":6.19,"dec_lim":15.0,"fec_n":2.72,"fec_lim":8.0,"dec_pct":41.3,"fec_pct":34.0,"situacao":"Dentro dos limites","num_con":33115,"area_ti_km":574.0,"base_geo":"31/12/2025","fonte":"ANEEL: BDGD Coelba 2025 e Indicadores Coletivos de Continuidade"},"geometry":{"type":"MultiPolygon","coordinates":[[[[-40.477238,-13.125675],[-40.478728,-13.126346],[-40.482605,-13.127735],[-40.490013,-13.128575],[-40.507927,-13.138107],[-40.508197,-13.139657],[-40.509644,-13.14855],[-40.507388,-13.16119],[-40.50753,-13.170607],[-40.477238,-13.125675]]],[[[-40.512379,-13.176925],[-40.516791,-13.178397],[-40.517141,-13.178784],[-40.519725,-13.180587],[-40.512379,-13.176925]]],[[[-40.575319,-13.210234],[-40.577582,-13.209465],[-40.578241,-13.20927],[-40.580769,-13.20838],[-40.581565,-13.208047],[-40.582855,-13.207591],[-40.584092,-13.207224],[-40.584664,-13.207083],[-40.585478,-13.206847],[-40.58695,-13.206498],[-40.588202,-13.206264],[-40.588779,-13.206183],[-40.588794,-13.206177],[-40.58888,-13.206144],[-40.589208,-13.206005],[-40.589492,-13.205803],[-40.590276,-13.205297],[-40.590355,-13.204727],[-40.590706,-13.202832],[-40.591117,-13.201117],[-40.593272,-13.193938],[-40.59533,-13.188124],[-40.595507,-13.187898],[-40.59605,-13.18728],[-40.597031,-13.186281],[-40.598081,-13.185322],[-40.598449,-13.185016],[-40.598572,-13.184513],[-40.598881,-13.18346],[-40.599372,-13.182086],[-40.599876,-13.1809],[-40.608407,-13.177458],[-40.620249,-13.178505],[-40.621384,-13.177917],[-40.62214,-13.178299],[-40.622847,-13.178682],[-40.623115,-13.178818],[-40.623224,-13.178877],[-40.627905,-13.181528],[-40.629633,-13.182303],[-40.631116,-13.182932],[-40.631667,-13.183153],[-40.635987,-13.184789],[-40.641513,-13.191279],[-40.627266,-13.182579],[-40.627258,-13.182574],[-40.584796,-13.215326],[-40.575319,-13.210234]]],[[[-40.687638,-13.219445],[-40.687857,-13.219521],[-40.688219,-13.219655],[-40.692537,-13.221838],[-40.692623,-13.222489],[-40.687638,-13.219445]]],[[[-40.708277,-13.232048],[-40.7376,-13.243695],[-40.744487,-13.246372],[-40.742655,-13.250928],[-40.746671,-13.26788],[-40.74706,-13.269716],[-40.747445,-13.271971],[-40.747505,-13.272302],[-40.747815,-13.274422],[-40.747966,-13.275755],[-40.748063,-13.276913],[-40.748123,-13.277912],[-40.748218,-13.280508],[-40.748262,-13.281273],[-40.748326,-13.282773],[-40.748085,-13.283262],[-40.747634,-13.284094],[-40.747478,-13.284372],[-40.747238,-13.284776],[-40.74552,-13.28752],[-40.744151,-13.289827],[-40.741966,-13.293259],[-40.74197,-13.294593],[-40.742505,-13.297081],[-40.742533,-13.297243],[-40.743046,-13.299577],[-40.743104,-13.299901],[-40.744048,-13.306363],[-40.744498,-13.308962],[-40.736129,-13.28884],[-40.733824,-13.282422],[-40.732272,-13.28007],[-40.731231,-13.278232],[-40.730104,-13.277173],[-40.728698,-13.276844],[-40.726437,-13.277296],[-40.724446,-13.276685],[-40.723874,-13.275186],[-40.722969,-13.271115],[-40.721914,-13.268854],[-40.721039,-13.265072],[-40.720557,-13.260109],[-40.720368,-13.255288],[-40.720309,-13.253791],[-40.719349,-13.252227],[-40.719404,-13.250325],[-40.719688,-13.248085],[-40.720231,-13.246184],[-40.720231,-13.242517],[-40.71973,-13.239042],[-40.708277,-13.232048]]],[[[-40.7844,-13.37137],[-40.78681,-13.371696],[-40.788582,-13.371884],[-40.807186,-13.372316],[-40.798189,-13.381713],[-40.797195,-13.382708],[-40.797097,-13.382803],[-40.79628,-13.384006],[-40.795612,-13.384939],[-40.792775,-13.388679],[-40.787219,-13.395601],[-40.785364,-13.397793],[-40.784714,-13.398455],[-40.783789,-13.399348],[-40.780838,-13.40199],[-40.771668,-13.401441],[-40.767006,-13.402707],[-40.765031,-13.403272],[-40.764409,-13.403464],[-40.764292,-13.403091],[-40.764172,-13.40275],[-40.76405,-13.401951],[-40.764047,-13.401551],[-40.764276,-13.40092],[-40.764623,-13.400405],[-40.764914,-13.399987],[-40.765181,-13.399876],[-40.765583,-13.399914],[-40.766198,-13.4002],[-40.766669,-13.400618],[-40.766859,-13.400958],[-40.767023,-13.401122],[-40.767232,-13.401107],[-40.767522,-13.400973],[-40.767719,-13.400497],[-40.767833,-13.399982],[-40.767885,-13.399181],[-40.767939,-13.398496],[-40.768403,-13.398036],[-40.768985,-13.397747],[-40.769453,-13.397743],[-40.770097,-13.397753],[-40.771097,-13.397924],[-40.77145,-13.398169],[-40.771462,-13.397431],[-40.771494,-13.396991],[-40.771698,-13.396481],[-40.771695,-13.396008],[-40.771622,-13.3955],[-40.771618,-13.395026],[-40.77165,-13.394755],[-40.771781,-13.394427],[-40.771791,-13.394261],[-40.771644,-13.39384],[-40.771505,-13.393774],[-40.77103,-13.393547],[-40.770241,-13.393472],[-40.769805,-13.39338],[-40.769457,-13.393144],[-40.769281,-13.392773],[-40.769245,-13.392605],[-40.769242,-13.392164],[-40.769516,-13.391756],[-40.769789,-13.391246],[-40.770236,-13.390701],[-40.770545,-13.390395],[-40.771026,-13.38995],[-40.771405,-13.389643],[-40.772165,-13.389434],[-40.772581,-13.389297],[-40.773163,-13.388547],[-40.77386,-13.387881],[-40.774789,-13.387095],[-40.774927,-13.386959],[-40.775201,-13.386517],[-40.775336,-13.38611],[-40.775402,-13.385635],[-40.775395,-13.384755],[-40.77546,-13.384145],[-40.775562,-13.383738],[-40.775969,-13.382685],[-40.776242,-13.381584],[-40.776375,-13.380905],[-40.776475,-13.380261],[-40.776782,-13.379751],[-40.777127,-13.379478],[-40.777332,-13.379137],[-40.77757,-13.378492],[-40.777773,-13.377848],[-40.777978,-13.377541],[-40.778219,-13.377235],[-40.778632,-13.376859],[-40.778906,-13.376586],[-40.77919,-13.376224],[-40.779601,-13.375679],[-40.78022,-13.375098],[-40.781465,-13.374752],[-40.782433,-13.374541],[-40.782952,-13.374437],[-40.783539,-13.37433],[-40.783954,-13.374158],[-40.784229,-13.37392],[-40.784468,-13.373478],[-40.78457,-13.373206],[-40.784568,-13.372867],[-40.78453,-13.372461],[-40.784423,-13.372089],[-40.7844,-13.37137]]],[[[-40.745914,-13.417086],[-40.745913,-13.417105],[-40.745823,-13.418802],[-40.746276,-13.42268],[-40.746886,-13.428275],[-40.736857,-13.443197],[-40.73765,-13.44817],[-40.739659,-13.454445],[-40.739385,-13.463543],[-40.738995,-13.472113],[-40.739686,-13.474304],[-40.738191,-13.481328],[-40.739487,-13.485182],[-40.73856,-13.488244],[-40.738575,-13.488382],[-40.73867,-13.489117],[-40.738717,-13.489447],[-40.738857,-13.490323],[-40.739004,-13.491143],[-40.739069,-13.49147],[-40.73933,-13.492665],[-40.739531,-13.493491],[-40.743379,-13.500481],[-40.743782,-13.501286],[-40.744097,-13.502038],[-40.744294,-13.502657],[-40.744537,-13.503725],[-40.744171,-13.506551],[-40.744099,-13.506994],[-40.743801,-13.508436],[-40.743648,-13.508607],[-40.742621,-13.509648],[-40.741319,-13.511168],[-40.741672,-13.515098],[-40.74189,-13.517088],[-40.742378,-13.52078],[-40.742827,-13.523629],[-40.742929,-13.524229],[-40.743825,-13.528118],[-40.744521,-13.530807],[-40.745819,-13.532361],[-40.746273,-13.541203],[-40.748727,-13.546951],[-40.747589,-13.550357],[-40.745518,-13.556341],[-40.744079,-13.560366],[-40.7436,-13.561664],[-40.743132,-13.562841],[-40.743654,-13.563483],[-40.743841,-13.56371],[-40.744388,-13.56436],[-40.744712,-13.564728],[-40.745786,-13.56592],[-40.746357,-13.566524],[-40.747177,-13.567353],[-40.747977,-13.568127],[-40.748372,-13.568497],[-40.749033,-13.569102],[-40.750468,-13.570386],[-40.751228,-13.571049],[-40.752422,-13.572079],[-40.752886,-13.572474],[-40.753381,-13.572884],[-40.755136,-13.574301],[-40.756379,-13.57527],[-40.757636,-13.576203],[-40.758598,-13.576884],[-40.759373,-13.577384],[-40.759523,-13.577479],[-40.759705,-13.577847],[-40.760024,-13.578446],[-40.760685,-13.579635],[-40.760771,-13.579795],[-40.761104,-13.580384],[-40.762087,-13.581741],[-40.76372,-13.58442],[-40.764109,-13.585091],[-40.7643,-13.585511],[-40.764547,-13.586102],[-40.765057,-13.586941],[-40.765157,-13.587226],[-40.765267,-13.587483],[-40.765486,-13.588029],[-40.765733,-13.588695],[-40.765806,-13.588867],[-40.766045,-13.589601],[-40.76611,-13.589824],[-40.766218,-13.590153],[-40.766394,-13.590638],[-40.766721,-13.591446],[-40.766731,-13.591468],[-40.76701,-13.592156],[-40.767358,-13.592928],[-40.767541,-13.593384],[-40.767757,-13.593861],[-40.767785,-13.59391],[-40.768198,-13.594711],[-40.768676,-13.595507],[-40.769124,-13.596157],[-40.769372,-13.596471],[-40.770012,-13.597187],[-40.770405,-13.59757],[-40.770509,-13.597658],[-40.77116,-13.598128],[-40.771828,-13.598523],[-40.772984,-13.598986],[-40.774037,-13.599225],[-40.774734,-13.599306],[-40.775461,-13.599331],[-40.776385,-13.599303],[-40.777382,-13.59922],[-40.777674,-13.599181],[-40.778257,-13.599067],[-40.778935,-13.598898],[-40.779375,-13.598769],[-40.780771,-13.598313],[-40.782469,-13.597695],[-40.782979,-13.597491],[-40.783087,-13.597443],[-40.783511,-13.597324],[-40.783666,-13.597275],[-40.784614,-13.596949],[-40.78501,-13.596784],[-40.787152,-13.595952],[-40.787835,-13.595719],[-40.788013,-13.595661],[-40.788663,-13.595464],[-40.789605,-13.595197],[-40.790012,-13.595077],[-40.790028,-13.595071],[-40.790905,-13.594673],[-40.791252,-13.594498],[-40.792231,-13.594026],[-40.79347,-13.593373],[-40.795573,-13.592016],[-40.797117,-13.591057],[-40.79801,-13.59254],[-40.798575,-13.593433],[-40.79924,-13.594427],[-40.799813,-13.595242],[-40.800242,-13.596025],[-40.800931,-13.597195],[-40.801597,-13.598221],[-40.802709,-13.599761],[-40.803591,-13.600873],[-40.80434,-13.601755],[-40.804612,-13.602046],[-40.806039,-13.603454],[-40.806814,-13.604166],[-40.807656,-13.604858],[-40.809434,-13.606136],[-40.809946,-13.606465],[-40.810024,-13.606541],[-40.810355,-13.606833],[-40.811107,-13.607525],[-40.812518,-13.608679],[-40.813476,-13.609355],[-40.814281,-13.609848],[-40.814365,-13.609893],[-40.815038,-13.610268],[-40.815192,-13.610344],[-40.816281,-13.610911],[-40.818584,-13.612053],[-40.820318,-13.61251],[-40.820526,-13.612549],[-40.820535,-13.612551],[-40.821984,-13.612806],[-40.822881,-13.612941],[-40.823125,-13.613017],[-40.824053,-13.613286],[-40.824267,-13.613388],[-40.826577,-13.614242],[-40.826752,-13.614313],[-40.826884,-13.614373],[-40.828162,-13.614864],[-40.829325,-13.615338],[-40.830879,-13.615858],[-40.830954,-13.615879],[-40.832301,-13.616301],[-40.833634,-13.616644],[-40.833975,-13.616718],[-40.834544,-13.616854],[-40.8356,-13.617075],[-40.836942,-13.617312],[-40.838387,-13.617507],[-40.839813,-13.617643],[-40.840866,-13.617709],[-40.841029,-13.617721],[-40.84231,-13.617777],[-40.843902,-13.617794],[-40.844178,-13.617789],[-40.845659,-13.617761],[-40.847385,-13.617673],[-40.848913,-13.61755],[-40.849999,-13.617439],[-40.850778,-13.617349],[-40.852507,-13.61712],[-40.855107,-13.616695],[-40.857309,-13.616268],[-40.857471,-13.616437],[-40.859771,-13.618724],[-40.859825,-13.618772],[-40.864098,-13.622513],[-40.866783,-13.627184],[-40.878155,-13.646513],[-40.878155,-13.646601],[-40.878162,-13.647362],[-40.87816,-13.647423],[-40.875232,-13.653368],[-40.870762,-13.663357],[-40.870022,-13.664045],[-40.869266,-13.66472],[-40.868776,-13.665141],[-40.867543,-13.666157],[-40.866261,-13.667172],[-40.86569,-13.667606],[-40.864498,-13.668478],[-40.862889,-13.669615],[-40.86081,-13.671041],[-40.860529,-13.671228],[-40.859453,-13.671828],[-40.858877,-13.672145],[-40.824932,-13.687753],[-40.829082,-13.762291],[-40.83173,-13.763688],[-40.853435,-13.77169],[-40.854216,-13.771996],[-40.856818,-13.772673],[-40.866129,-13.772847],[-40.876941,-13.773005],[-40.878291,-13.772965],[-40.885647,-13.772698],[-40.88764,-13.772586],[-40.891015,-13.776617],[-40.911071,-13.800388],[-40.919768,-13.809977],[-40.924707,-13.815378],[-40.922029,-13.831774],[-40.922015,-13.831892],[-40.9213,-13.83856],[-40.92126,-13.838966],[-40.92121,-13.839532],[-40.921076,-13.841192],[-40.920636,-13.846284],[-40.918171,-13.854249],[-40.915915,-13.85432],[-40.891275,-13.854793],[-40.890582,-13.854772],[-40.889643,-13.854509],[-40.88903,-13.854297],[-40.888004,-13.853888],[-40.887743,-13.853763],[-40.887327,-13.853528],[-40.886355,-13.852801],[-40.885837,-13.852237],[-40.885549,-13.850415],[-40.88497,-13.84899],[-40.883843,-13.847519],[-40.88249,-13.846083],[-40.880887,-13.844697],[-40.879415,-13.843886],[-40.877825,-13.843696],[-40.875818,-13.843827],[-40.873937,-13.844123],[-40.871886,-13.844925],[-40.871167,-13.845473],[-40.871092,-13.845473],[-40.870913,-13.845475],[-40.870855,-13.845498],[-40.870376,-13.845723],[-40.869945,-13.845876],[-40.869193,-13.846208],[-40.869001,-13.846308],[-40.868777,-13.846404],[-40.868206,-13.846704],[-40.868185,-13.846718],[-40.86783,-13.846919],[-40.867454,-13.847095],[-40.867417,-13.847103],[-40.867341,-13.847128],[-40.866784,-13.847268],[-40.866749,-13.847288],[-40.866703,-13.847311],[-40.866334,-13.847527],[-40.865949,-13.847714],[-40.865861,-13.847749],[-40.865445,-13.847955],[-40.86517,-13.848066],[-40.865074,-13.84808],[-40.864989,-13.848092],[-40.864923,-13.848107],[-40.864158,-13.848182],[-40.861794,-13.848558],[-40.85917,-13.849344],[-40.859088,-13.849354],[-40.858835,-13.849438],[-40.858768,-13.849438],[-40.858172,-13.849444],[-40.857586,-13.84956],[-40.85746,-13.849607],[-40.856759,-13.849591],[-40.856364,-13.849659],[-40.856064,-13.849585],[-40.8556,-13.84957],[-40.855255,-13.849627],[-40.855031,-13.849584],[-40.854466,-13.849587],[-40.854302,-13.849621],[-40.853912,-13.849585],[-40.853866,-13.849589],[-40.853569,-13.849791],[-40.853105,-13.849942],[-40.85277,-13.850149],[-40.852223,-13.850221],[-40.852094,-13.850264],[-40.852079,-13.850269],[-40.850426,-13.850251],[-40.848553,-13.849859],[-40.848121,-13.849664],[-40.847708,-13.849094],[-40.846927,-13.848349],[-40.846383,-13.848013],[-40.846155,-13.847926],[-40.845562,-13.847592],[-40.845145,-13.84746],[-40.844926,-13.847305],[-40.844358,-13.84715],[-40.843833,-13.846914],[-40.843388,-13.846602],[-40.843322,-13.846565],[-40.842856,-13.846255],[-40.842832,-13.846247],[-40.842102,-13.845937],[-40.841987,-13.845876],[-40.84132,-13.845648],[-40.840967,-13.845495],[-40.840752,-13.845422],[-40.840503,-13.845317],[-40.840343,-13.845277],[-40.839736,-13.845085],[-40.839521,-13.845],[-40.839055,-13.844903],[-40.838518,-13.844745],[-40.838388,-13.844695],[-40.838021,-13.844603],[-40.837602,-13.844465],[-40.837392,-13.84438],[-40.837016,-13.844292],[-40.836363,-13.844098],[-40.836332,-13.844095],[-40.836033,-13.84405],[-40.83568,-13.843977],[-40.835253,-13.843867],[-40.834897,-13.843749],[-40.83475,-13.84377],[-40.833823,-13.843819],[-40.833803,-13.843822],[-40.832979,-13.843878],[-40.832685,-13.843781],[-40.831767,-13.843594],[-40.831446,-13.8435],[-40.830528,-13.843336],[-40.830171,-13.843239],[-40.830126,-13.843232],[-40.829306,-13.843021],[-40.828962,-13.842912],[-40.828385,-13.842783],[-40.828043,-13.842739],[-40.827193,-13.842429],[-40.826979,-13.842303],[-40.826478,-13.842067],[-40.826311,-13.842005],[-40.82618,-13.841944],[-40.826011,-13.841879],[-40.825826,-13.841821],[-40.825406,-13.841716],[-40.825341,-13.841693],[-40.825023,-13.841611],[-40.82187,-13.84034],[-40.81979,-13.839796],[-40.819557,-13.839713],[-40.819316,-13.839474],[-40.818966,-13.839167],[-40.818505,-13.838932],[-40.818061,-13.838913],[-40.816448,-13.838936],[-40.816257,-13.839002],[-40.815912,-13.839143],[-40.81591,-13.839144],[-40.814164,-13.839013],[-40.811588,-13.838995],[-40.811579,-13.83899],[-40.811422,-13.838894],[-40.811224,-13.838833],[-40.811119,-13.838806],[-40.810628,-13.838622],[-40.810144,-13.838472],[-40.809315,-13.838514],[-40.808208,-13.838426],[-40.807744,-13.838455],[-40.806719,-13.838323],[-40.806099,-13.838159],[-40.806056,-13.838141],[-40.805523,-13.838026],[-40.805127,-13.837873],[-40.804697,-13.837654],[-40.804523,-13.837603],[-40.803878,-13.837349],[-40.803628,-13.837225],[-40.803506,-13.83715],[-40.803095,-13.836986],[-40.802502,-13.836681],[-40.802368,-13.836628],[-40.801996,-13.836441],[-40.80176,-13.836337],[-40.801325,-13.836068],[-40.800403,-13.835377],[-40.79927,-13.834321],[-40.798203,-13.833011],[-40.797964,-13.833155],[-40.796641,-13.833741],[-40.795395,-13.834137],[-40.794029,-13.83439],[-40.792991,-13.834426],[-40.792548,-13.834387],[-40.792179,-13.834322],[-40.791961,-13.834296],[-40.791718,-13.834249],[-40.791417,-13.834206],[-40.790854,-13.834085],[-40.790255,-13.83391],[-40.789579,-13.833653],[-40.789573,-13.833654],[-40.789417,-13.8337],[-40.788266,-13.833922],[-40.787748,-13.833977],[-40.786924,-13.834154],[-40.786803,-13.834173],[-40.786672,-13.834178],[-40.786293,-13.834227],[-40.785948,-13.834299],[-40.785939,-13.834302],[-40.78539,-13.83436],[-40.785257,-13.834383],[-40.785117,-13.834408],[-40.783347,-13.834573],[-40.783328,-13.834572],[-40.783047,-13.834589],[-40.7826,-13.834615],[-40.782478,-13.834633],[-40.782026,-13.834629],[-40.781396,-13.834675],[-40.780323,-13.834425],[-40.780207,-13.834405],[-40.778791,-13.833899],[-40.777826,-13.833476],[-40.777408,-13.833319],[-40.777059,-13.833215],[-40.776526,-13.833032],[-40.775456,-13.832779],[-40.774849,-13.832802],[-40.774594,-13.83291],[-40.774506,-13.832967],[-40.774228,-13.833166],[-40.773629,-13.83364],[-40.772314,-13.834794],[-40.771496,-13.83563],[-40.771486,-13.83564],[-40.771467,-13.835641],[-40.769206,-13.835731],[-40.767367,-13.835646],[-40.765502,-13.835514],[-40.764283,-13.835329],[-40.76328,-13.835301],[-40.762344,-13.835289],[-40.76137,-13.835278],[-40.75991,-13.835307],[-40.758197,-13.835219],[-40.757392,-13.835216],[-40.756194,-13.835233],[-40.752503,-13.835221],[-40.748999,-13.835149],[-40.746664,-13.835166],[-40.744614,-13.835377],[-40.742721,-13.835596],[-40.741037,-13.835735],[-40.739024,-13.835867],[-40.737049,-13.835862],[-40.736156,-13.83579],[-40.735764,-13.835636],[-40.735394,-13.835407],[-40.735141,-13.835164],[-40.734988,-13.83489],[-40.73458,-13.833884],[-40.734028,-13.832447],[-40.733113,-13.830768],[-40.732021,-13.829366],[-40.731416,-13.828909],[-40.730883,-13.82858],[-40.730451,-13.828456],[-40.73008,-13.828449],[-40.729609,-13.828491],[-40.72864,-13.828997],[-40.727673,-13.82971],[-40.726717,-13.830559],[-40.726141,-13.831288],[-40.725904,-13.83179],[-40.725689,-13.832585],[-40.725261,-13.834411],[-40.724598,-13.836817],[-40.724086,-13.837967],[-40.723413,-13.839128],[-40.722351,-13.840567],[-40.721405,-13.841484],[-40.720158,-13.842192],[-40.719539,-13.842471],[-40.718958,-13.842641],[-40.718167,-13.842784],[-40.717396,-13.842838],[-40.716804,-13.842764],[-40.71621,-13.842445],[-40.715574,-13.84189],[-40.714766,-13.841034],[-40.713624,-13.839778],[-40.712341,-13.838455],[-40.711837,-13.838076],[-40.710536,-13.837746],[-40.709574,-13.837793],[-40.708993,-13.837855],[-40.708392,-13.837918],[-40.707791,-13.837864],[-40.707247,-13.837613],[-40.706683,-13.837244],[-40.705979,-13.836916],[-40.704974,-13.83655],[-40.704171,-13.836477],[-40.702769,-13.836644],[-40.701167,-13.83691],[-40.698423,-13.837262],[-40.695399,-13.837793],[-40.693798,-13.838235],[-40.692899,-13.838613],[-40.691721,-13.839327],[-40.690864,-13.840078],[-40.69005,-13.841122],[-40.688599,-13.842838],[-40.687444,-13.843944],[-40.68559,-13.845407],[-40.683993,-13.846456],[-40.682418,-13.847663],[-40.681541,-13.848434],[-40.680984,-13.849005],[-40.680467,-13.849538],[-40.679928,-13.849894],[-40.679568,-13.850073],[-40.679048,-13.850273],[-40.678508,-13.850434],[-40.677887,-13.850516],[-40.677206,-13.85054],[-40.676302,-13.850429],[-40.675498,-13.85016],[-40.674734,-13.849774],[-40.674028,-13.849289],[-40.672999,-13.848335],[-40.67217,-13.847302],[-40.67146,-13.846268],[-40.670612,-13.845372],[-40.669502,-13.844381],[-40.668455,-13.843721],[-40.66767,-13.843334],[-40.666385,-13.843108],[-40.665684,-13.843112],[-40.664882,-13.843157],[-40.663758,-13.843027],[-40.662532,-13.842722],[-40.660825,-13.842204],[-40.659257,-13.841686],[-40.65803,-13.841106],[-40.65672,-13.840214],[-40.655628,-13.839434],[-40.656393,-13.839046],[-40.656503,-13.838979],[-40.65675,-13.838809],[-40.656933,-13.838651],[-40.657063,-13.838504],[-40.657174,-13.838356],[-40.657285,-13.838143],[-40.657331,-13.83796],[-40.6574,-13.837752],[-40.657422,-13.837568],[-40.657443,-13.837281],[-40.657525,-13.83708],[-40.65764,-13.836958],[-40.657817,-13.836751],[-40.65805,-13.836564],[-40.6582,-13.836465],[-40.660089,-13.835874],[-40.660253,-13.83578],[-40.66099,-13.835358],[-40.661315,-13.835282],[-40.661779,-13.835267],[-40.662268,-13.835457],[-40.662484,-13.835582],[-40.662649,-13.835673],[-40.662869,-13.835813],[-40.663302,-13.836065],[-40.66355,-13.836148],[-40.663847,-13.836276],[-40.664095,-13.836387],[-40.664272,-13.836431],[-40.664474,-13.836461],[-40.665017,-13.83643],[-40.665294,-13.836359],[-40.665826,-13.836157],[-40.66599,-13.836063],[-40.666153,-13.835947],[-40.666317,-13.835831],[-40.666457,-13.835693],[-40.666597,-13.835554],[-40.666737,-13.835416],[-40.666876,-13.835254],[-40.666969,-13.83507],[-40.667038,-13.834885],[-40.667066,-13.834775],[-40.667088,-13.834614],[-40.667111,-13.834453],[-40.667156,-13.834269],[-40.667202,-13.834132],[-40.667272,-13.833993],[-40.667388,-13.833855],[-40.667529,-13.833693],[-40.667645,-13.833577],[-40.667809,-13.833438],[-40.667972,-13.833299],[-40.668066,-13.83324],[-40.668272,-13.83311],[-40.66871,-13.832893],[-40.669343,-13.832644],[-40.669977,-13.832374],[-40.67071,-13.832052],[-40.671275,-13.831701],[-40.671746,-13.831336],[-40.671923,-13.83114],[-40.672017,-13.830993],[-40.672179,-13.830648],[-40.67241,-13.830095],[-40.672663,-13.829358],[-40.672733,-13.829174],[-40.673287,-13.82793],[-40.673392,-13.82775],[-40.673517,-13.827555],[-40.673944,-13.827012],[-40.67406,-13.82692],[-40.674177,-13.826849],[-40.674435,-13.82671],[-40.674599,-13.82664],[-40.675115,-13.826545],[-40.67528,-13.826521],[-40.675497,-13.826487],[-40.675584,-13.826473],[-40.67596,-13.826402],[-40.676265,-13.826353],[-40.676594,-13.826259],[-40.676851,-13.826189],[-40.67704,-13.826119],[-40.67718,-13.826049],[-40.677344,-13.825978],[-40.677508,-13.825886],[-40.677648,-13.825816],[-40.677812,-13.825723],[-40.677999,-13.825629],[-40.678069,-13.825583],[-40.678163,-13.825491],[-40.678256,-13.825398],[-40.678326,-13.825329],[-40.678396,-13.825236],[-40.678489,-13.825098],[-40.678605,-13.824914],[-40.678744,-13.824706],[-40.678866,-13.824544],[-40.678972,-13.824401],[-40.679066,-13.824239],[-40.679182,-13.824067],[-40.679275,-13.823916],[-40.679392,-13.823754],[-40.679508,-13.823593],[-40.679624,-13.823432],[-40.679716,-13.82327],[-40.67981,-13.823109],[-40.679903,-13.822947],[-40.680019,-13.822785],[-40.680159,-13.822625],[-40.680275,-13.822463],[-40.680391,-13.822301],[-40.680764,-13.821839],[-40.681229,-13.821193],[-40.681331,-13.821038],[-40.681944,-13.820072],[-40.682086,-13.819419],[-40.682154,-13.819074],[-40.6822,-13.81889],[-40.682336,-13.818314],[-40.682384,-13.818135],[-40.682428,-13.817923],[-40.682491,-13.817737],[-40.682566,-13.817533],[-40.682619,-13.817337],[-40.68268,-13.817164],[-40.682689,-13.817152],[-40.6827,-13.817124],[-40.682722,-13.817078],[-40.682755,-13.817031],[-40.682872,-13.816915],[-40.683051,-13.816787],[-40.683269,-13.816774],[-40.683576,-13.81675],[-40.683646,-13.81675],[-40.68374,-13.816726],[-40.683787,-13.816703],[-40.683997,-13.816563],[-40.684044,-13.816517],[-40.684645,-13.815727],[-40.684737,-13.815566],[-40.684923,-13.815243],[-40.685341,-13.814574],[-40.685434,-13.814413],[-40.685527,-13.814251],[-40.68562,-13.814066],[-40.685828,-13.813744],[-40.685944,-13.813552],[-40.686038,-13.813398],[-40.686131,-13.813237],[-40.686223,-13.813075],[-40.686409,-13.812752],[-40.686526,-13.81259],[-40.686642,-13.81243],[-40.687596,-13.811108],[-40.688108,-13.810513],[-40.688123,-13.810502],[-40.688319,-13.810351],[-40.688498,-13.810299],[-40.68893,-13.810347],[-40.689118,-13.810392],[-40.689283,-13.810482],[-40.689479,-13.810629],[-40.689944,-13.810935],[-40.690133,-13.811005],[-40.69032,-13.811024],[-40.690509,-13.811016],[-40.690673,-13.810932],[-40.690843,-13.810831],[-40.691,-13.8107],[-40.69114,-13.810561],[-40.69128,-13.810423],[-40.691444,-13.810307],[-40.691608,-13.810214],[-40.691832,-13.810175],[-40.692007,-13.810188],[-40.692242,-13.810255],[-40.692333,-13.810275],[-40.692525,-13.810345],[-40.69275,-13.810405],[-40.692901,-13.810457],[-40.69309,-13.810479],[-40.693273,-13.810491],[-40.69349,-13.810476],[-40.693677,-13.810429],[-40.693864,-13.810335],[-40.694028,-13.810243],[-40.694192,-13.810127],[-40.694356,-13.809988],[-40.694472,-13.809826],[-40.694704,-13.80948],[-40.69496,-13.809157],[-40.695217,-13.808856],[-40.695497,-13.808556],[-40.695776,-13.808232],[-40.695892,-13.808071],[-40.696149,-13.807771],[-40.696288,-13.807609],[-40.696415,-13.807453],[-40.696562,-13.807297],[-40.696684,-13.807147],[-40.696825,-13.806985],[-40.696951,-13.806839],[-40.697313,-13.806362],[-40.697709,-13.805923],[-40.697873,-13.805807],[-40.698134,-13.80566],[-40.698577,-13.80546],[-40.698902,-13.805272],[-40.69937,-13.804832],[-40.699511,-13.804693],[-40.699976,-13.80407],[-40.700074,-13.803941],[-40.700081,-13.803922],[-40.700138,-13.803771],[-40.70023,-13.803586],[-40.70044,-13.80324],[-40.700532,-13.803079],[-40.700625,-13.802894],[-40.700718,-13.802733],[-40.70081,-13.802572],[-40.700903,-13.802387],[-40.701041,-13.802042],[-40.701111,-13.801835],[-40.701156,-13.80165],[-40.701201,-13.801398],[-40.701247,-13.801214],[-40.701243,-13.800663],[-40.701219,-13.800479],[-40.701193,-13.800295],[-40.701158,-13.800132],[-40.701144,-13.799929],[-40.701142,-13.799745],[-40.701079,-13.79938],[-40.701068,-13.799263],[-40.701064,-13.798712],[-40.70104,-13.798528],[-40.70103,-13.798359],[-40.701037,-13.798161],[-40.701058,-13.797816],[-40.701057,-13.797679],[-40.70108,-13.797495],[-40.701149,-13.79731],[-40.701264,-13.797011],[-40.70138,-13.796849],[-40.70152,-13.796711],[-40.701683,-13.796572],[-40.701847,-13.796456],[-40.702175,-13.796293],[-40.702222,-13.79627],[-40.70241,-13.796246],[-40.702622,-13.796289],[-40.702827,-13.796356],[-40.702998,-13.796416],[-40.703187,-13.796516],[-40.703352,-13.79663],[-40.703517,-13.79672],[-40.703716,-13.796787],[-40.703893,-13.796786],[-40.704081,-13.796693],[-40.704245,-13.796554],[-40.704314,-13.79637],[-40.704345,-13.796171],[-40.704303,-13.795976],[-40.70424,-13.795819],[-40.704144,-13.795659],[-40.704026,-13.7955],[-40.703913,-13.795388],[-40.703719,-13.795249],[-40.703553,-13.795158],[-40.703355,-13.795065],[-40.703189,-13.794975],[-40.702934,-13.794922],[-40.702746,-13.794877],[-40.702517,-13.794844],[-40.702329,-13.794822],[-40.702188,-13.7948],[-40.702047,-13.794755],[-40.701858,-13.794734],[-40.70167,-13.794712],[-40.701482,-13.794713],[-40.70127,-13.794669],[-40.701095,-13.79462],[-40.700894,-13.794602],[-40.700619,-13.79459],[-40.700432,-13.794592],[-40.700179,-13.794514],[-40.700019,-13.794414],[-40.699858,-13.794288],[-40.699715,-13.794151],[-40.699597,-13.793991],[-40.699502,-13.793831],[-40.699391,-13.793672],[-40.699312,-13.793488],[-40.699244,-13.793341],[-40.699168,-13.793098],[-40.699115,-13.792892],[-40.699095,-13.792709],[-40.699092,-13.792341],[-40.699121,-13.792164],[-40.699161,-13.791968],[-40.699211,-13.791871],[-40.699253,-13.791789],[-40.699321,-13.791605],[-40.699361,-13.791428],[-40.699481,-13.790892],[-40.699478,-13.790525],[-40.699453,-13.790341],[-40.699452,-13.790157],[-40.699404,-13.789928],[-40.699391,-13.789893],[-40.699355,-13.789722],[-40.699321,-13.789539],[-40.699283,-13.789359],[-40.699209,-13.789148],[-40.699176,-13.788966],[-40.699151,-13.788782],[-40.699112,-13.788598],[-40.699095,-13.788412],[-40.699062,-13.788231],[-40.699037,-13.788047],[-40.699012,-13.787864],[-40.699011,-13.78768],[-40.698987,-13.787496],[-40.698961,-13.78729],[-40.69896,-13.787106],[-40.698935,-13.786923],[-40.698887,-13.78674],[-40.698815,-13.786556],[-40.698767,-13.786373],[-40.698695,-13.786189],[-40.698623,-13.786007],[-40.698523,-13.785763],[-40.698456,-13.785594],[-40.698407,-13.785411],[-40.698336,-13.785228],[-40.698287,-13.785021],[-40.6982,-13.78483],[-40.69813,-13.784672],[-40.698072,-13.784495],[-40.697975,-13.784325],[-40.697904,-13.784152],[-40.697856,-13.783967],[-40.697713,-13.783601],[-40.697637,-13.783425],[-40.69757,-13.783258],[-40.697521,-13.783075],[-40.697466,-13.782886],[-40.697424,-13.782708],[-40.697386,-13.782516],[-40.697375,-13.782456],[-40.697327,-13.782134],[-40.697301,-13.781951],[-40.697277,-13.781767],[-40.697274,-13.781423],[-40.697295,-13.781124],[-40.697341,-13.78094],[-40.697387,-13.780756],[-40.697433,-13.780549],[-40.697514,-13.780363],[-40.697618,-13.780226],[-40.69772,-13.780071],[-40.697883,-13.779905],[-40.69821,-13.779765],[-40.698417,-13.779735],[-40.698602,-13.779754],[-40.698813,-13.779781],[-40.699001,-13.779804],[-40.699179,-13.779861],[-40.699391,-13.779879],[-40.700082,-13.779819],[-40.70027,-13.779749],[-40.700434,-13.779655],[-40.700573,-13.779517],[-40.700693,-13.77937],[-40.70083,-13.779217],[-40.701062,-13.778894],[-40.701164,-13.778737],[-40.701295,-13.77857],[-40.701434,-13.778408],[-40.701528,-13.778247],[-40.701644,-13.778086],[-40.701747,-13.777935],[-40.701873,-13.777794],[-40.702319,-13.777277],[-40.702459,-13.777139],[-40.702571,-13.777],[-40.702692,-13.776839],[-40.702808,-13.776677],[-40.702948,-13.776515],[-40.70309,-13.776352],[-40.703102,-13.776327],[-40.703113,-13.776306],[-40.703194,-13.776159],[-40.703297,-13.775961],[-40.703389,-13.775777],[-40.703482,-13.775616],[-40.70354,-13.775473],[-40.703609,-13.775289],[-40.70369,-13.775086],[-40.703782,-13.774901],[-40.703828,-13.774695],[-40.703897,-13.774511],[-40.703942,-13.774326],[-40.703988,-13.77412],[-40.70402,-13.773931],[-40.704032,-13.773729],[-40.70403,-13.773429],[-40.704034,-13.773344],[-40.704055,-13.773091],[-40.704076,-13.772678],[-40.704049,-13.772219],[-40.704043,-13.772006],[-40.704042,-13.771823],[-40.704064,-13.771639],[-40.704085,-13.77134],[-40.704085,-13.77133],[-40.704085,-13.771317],[-40.704107,-13.771134],[-40.70413,-13.770949],[-40.704151,-13.770766],[-40.704197,-13.770536],[-40.704228,-13.770339],[-40.704265,-13.770168],[-40.70431,-13.769983],[-40.704379,-13.769833],[-40.704444,-13.769636],[-40.704477,-13.769575],[-40.704523,-13.76946],[-40.704569,-13.769321],[-40.704638,-13.769183],[-40.704707,-13.769022],[-40.70473,-13.768929],[-40.704753,-13.768814],[-40.704763,-13.768704],[-40.704774,-13.768562],[-40.704774,-13.768447],[-40.70475,-13.768333],[-40.704701,-13.768172],[-40.704625,-13.767961],[-40.7046,-13.767777],[-40.704549,-13.767634],[-40.704455,-13.767447],[-40.704361,-13.767251],[-40.704266,-13.767044],[-40.70417,-13.766884],[-40.704052,-13.766725],[-40.703933,-13.766565],[-40.703768,-13.766428],[-40.703602,-13.766292],[-40.703461,-13.766154],[-40.703318,-13.765995],[-40.703199,-13.765835],[-40.703105,-13.765675],[-40.703009,-13.765515],[-40.702939,-13.76534],[-40.702912,-13.765171],[-40.702934,-13.764827],[-40.70298,-13.764642],[-40.703049,-13.764458],[-40.7031,-13.764394],[-40.70317,-13.764348],[-40.703253,-13.764315],[-40.703287,-13.764301],[-40.703427,-13.764231],[-40.703521,-13.764208],[-40.703686,-13.764161],[-40.703897,-13.764136],[-40.704414,-13.764132],[-40.704555,-13.764155],[-40.704649,-13.764177],[-40.704813,-13.764222],[-40.704908,-13.764267],[-40.705037,-13.764338],[-40.705187,-13.764443],[-40.705352,-13.764534],[-40.7055,-13.764651],[-40.705682,-13.764739],[-40.705871,-13.764783],[-40.706058,-13.764781],[-40.70627,-13.764735],[-40.706457,-13.76471],[-40.706832,-13.76457],[-40.70702,-13.764499],[-40.707394,-13.764359],[-40.707582,-13.764312],[-40.70777,-13.764242],[-40.707965,-13.764218],[-40.708169,-13.764193],[-40.708356,-13.764169],[-40.708544,-13.76419],[-40.70872,-13.764264],[-40.708925,-13.76432],[-40.70911,-13.76437],[-40.709297,-13.764467],[-40.709463,-13.764506],[-40.709658,-13.764492],[-40.709839,-13.764434],[-40.709996,-13.764323],[-40.710142,-13.764179],[-40.710282,-13.764041],[-40.710398,-13.763879],[-40.710562,-13.763763],[-40.710842,-13.763486],[-40.711169,-13.763254],[-40.711356,-13.763184],[-40.711544,-13.763113],[-40.711732,-13.763043],[-40.711895,-13.76295],[-40.712058,-13.762834],[-40.712206,-13.762711],[-40.712315,-13.762557],[-40.712455,-13.762395],[-40.712687,-13.762072],[-40.71278,-13.76191],[-40.712873,-13.761749],[-40.713003,-13.761592],[-40.713109,-13.761442],[-40.713222,-13.761265],[-40.713333,-13.761117],[-40.713455,-13.760941],[-40.713687,-13.760618],[-40.713827,-13.760479],[-40.713967,-13.760318],[-40.714121,-13.760202],[-40.714318,-13.760132],[-40.7146,-13.760084],[-40.714787,-13.760082],[-40.715046,-13.760104],[-40.715235,-13.760148],[-40.715403,-13.760223],[-40.715588,-13.760284],[-40.715776,-13.760374],[-40.715941,-13.760465],[-40.716107,-13.760601],[-40.716249,-13.760761],[-40.716414,-13.760874],[-40.716556,-13.761012],[-40.716721,-13.761125],[-40.716864,-13.761285],[-40.717029,-13.761399],[-40.717221,-13.761448],[-40.717655,-13.76151],[-40.718087,-13.761483],[-40.718204,-13.761459],[-40.718391,-13.761389],[-40.718579,-13.761342],[-40.718767,-13.761295],[-40.718978,-13.761293],[-40.719424,-13.761221],[-40.719611,-13.761128],[-40.719799,-13.761058],[-40.720384,-13.760824],[-40.720548,-13.760686],[-40.720711,-13.760592],[-40.720875,-13.760499],[-40.721039,-13.760383],[-40.721179,-13.760245],[-40.721342,-13.760129],[-40.72153,-13.760081],[-40.721717,-13.759988],[-40.721992,-13.759876],[-40.722233,-13.759778],[-40.722514,-13.759684],[-40.722702,-13.75966],[-40.722889,-13.759589],[-40.723218,-13.75961],[-40.723406,-13.759586],[-40.723594,-13.759562],[-40.723805,-13.759514],[-40.723992,-13.759444],[-40.724155,-13.759328],[-40.724296,-13.759189],[-40.724412,-13.759028],[-40.724504,-13.758866],[-40.724573,-13.758707],[-40.724618,-13.758523],[-40.724642,-13.758314],[-40.724638,-13.757763],[-40.72466,-13.757579],[-40.724658,-13.757396],[-40.724657,-13.757258],[-40.724662,-13.757217],[-40.724661,-13.757171],[-40.724659,-13.756896],[-40.724636,-13.756826],[-40.724611,-13.756781],[-40.724588,-13.756736],[-40.72454,-13.75669],[-40.724399,-13.756599],[-40.724281,-13.756531],[-40.724186,-13.756485],[-40.724069,-13.75644],[-40.724021,-13.756395],[-40.723974,-13.756326],[-40.72395,-13.756281],[-40.723926,-13.756211],[-40.723902,-13.756143],[-40.723898,-13.756051],[-40.723898,-13.756028],[-40.723896,-13.755954],[-40.723941,-13.755702],[-40.723963,-13.755517],[-40.724,-13.755341],[-40.724078,-13.755149],[-40.724194,-13.754988],[-40.724287,-13.754826],[-40.72452,-13.754503],[-40.72466,-13.754342],[-40.724799,-13.754202],[-40.724963,-13.754064],[-40.725112,-13.753961],[-40.725266,-13.753832],[-40.725413,-13.753711],[-40.725571,-13.7536],[-40.725734,-13.753484],[-40.725897,-13.753391],[-40.726085,-13.753321],[-40.726252,-13.753233],[-40.726437,-13.75318],[-40.7266,-13.753088],[-40.726788,-13.752994],[-40.726975,-13.752924],[-40.727162,-13.752831],[-40.727349,-13.752761],[-40.727537,-13.752667],[-40.727724,-13.752575],[-40.727888,-13.752435],[-40.728027,-13.752274],[-40.728113,-13.752091],[-40.728141,-13.75186],[-40.72814,-13.751676],[-40.728116,-13.751492],[-40.728067,-13.751286],[-40.72798,-13.751099],[-40.727877,-13.750943],[-40.727758,-13.750783],[-40.727616,-13.750623],[-40.72745,-13.750487],[-40.727285,-13.750373],[-40.72712,-13.750282],[-40.72694,-13.750171],[-40.726766,-13.750055],[-40.726482,-13.749782],[-40.726336,-13.749656],[-40.726156,-13.749512],[-40.72601,-13.749417],[-40.72568,-13.749259],[-40.725539,-13.749214],[-40.72535,-13.749147],[-40.725161,-13.749079],[-40.724973,-13.749035],[-40.724763,-13.748959],[-40.72462,-13.748899],[-40.724475,-13.748806],[-40.72431,-13.74867],[-40.724124,-13.748558],[-40.723698,-13.748148],[-40.723546,-13.748003],[-40.723404,-13.747886],[-40.723249,-13.747761],[-40.723031,-13.747636],[-40.722833,-13.747554],[-40.722636,-13.747535],[-40.722448,-13.747537],[-40.722148,-13.747593],[-40.721994,-13.747656],[-40.721797,-13.747744],[-40.721605,-13.747818],[-40.721414,-13.747923],[-40.721254,-13.748027],[-40.721066,-13.74812],[-40.720879,-13.748213],[-40.720692,-13.748306],[-40.720529,-13.748422],[-40.720131,-13.748655],[-40.719944,-13.748748],[-40.719756,-13.748818],[-40.719569,-13.748912],[-40.719405,-13.749004],[-40.719241,-13.749097],[-40.719078,-13.749191],[-40.71889,-13.749261],[-40.718726,-13.749353],[-40.718539,-13.749424],[-40.718358,-13.749477],[-40.718153,-13.749485],[-40.717975,-13.749451],[-40.717808,-13.749375],[-40.717622,-13.749292],[-40.717472,-13.74919],[-40.717307,-13.749076],[-40.717149,-13.748951],[-40.717008,-13.748791],[-40.716865,-13.748655],[-40.7167,-13.748541],[-40.716535,-13.748404],[-40.716393,-13.748268],[-40.716251,-13.748108],[-40.716108,-13.747971],[-40.715967,-13.747811],[-40.715801,-13.747674],[-40.715683,-13.747514],[-40.715587,-13.747331],[-40.715515,-13.747148],[-40.715469,-13.746961],[-40.715442,-13.746781],[-40.715438,-13.746184],[-40.71546,-13.746001],[-40.715506,-13.745816],[-40.715599,-13.745655],[-40.715734,-13.745502],[-40.715879,-13.745378],[-40.716042,-13.745262],[-40.716369,-13.745075],[-40.716533,-13.744959],[-40.716697,-13.744867],[-40.716861,-13.744774],[-40.717048,-13.744704],[-40.717212,-13.74461],[-40.717399,-13.744518],[-40.717585,-13.744445],[-40.717774,-13.744377],[-40.717961,-13.744283],[-40.718148,-13.744191],[-40.718302,-13.74414],[-40.718524,-13.74405],[-40.718687,-13.743957],[-40.719014,-13.743771],[-40.719178,-13.743678],[-40.719552,-13.743377],[-40.719645,-13.743216],[-40.719713,-13.743008],[-40.719736,-13.742801],[-40.719711,-13.742618],[-40.719663,-13.742435],[-40.719607,-13.742237],[-40.719583,-13.74203],[-40.719634,-13.741723],[-40.719722,-13.741545],[-40.719866,-13.7414],[-40.720007,-13.741261],[-40.720426,-13.740753],[-40.720564,-13.740614],[-40.720681,-13.740429],[-40.720774,-13.740245],[-40.720843,-13.740061],[-40.720881,-13.739914],[-40.720935,-13.739693],[-40.721009,-13.739518],[-40.721073,-13.739325],[-40.721104,-13.73918],[-40.721187,-13.738956],[-40.721373,-13.738588],[-40.721479,-13.73845],[-40.721629,-13.738288],[-40.721732,-13.738141],[-40.721824,-13.737998],[-40.72185,-13.737956],[-40.72193,-13.737734],[-40.721975,-13.737575],[-40.722045,-13.737343],[-40.722067,-13.737159],[-40.722093,-13.736934],[-40.722117,-13.736819],[-40.722139,-13.736659],[-40.722138,-13.736589],[-40.722114,-13.736475],[-40.72209,-13.736406],[-40.722018,-13.736292],[-40.721971,-13.736224],[-40.721921,-13.736177],[-40.7219,-13.736155],[-40.721829,-13.736064],[-40.721758,-13.735996],[-40.721687,-13.73595],[-40.721376,-13.735763],[-40.721257,-13.735603],[-40.72118,-13.735412],[-40.721174,-13.735243],[-40.721233,-13.735044],[-40.721369,-13.73489],[-40.721486,-13.734729],[-40.721579,-13.734568],[-40.721629,-13.734342],[-40.721651,-13.734274],[-40.721674,-13.734182],[-40.721686,-13.734118],[-40.721697,-13.734044],[-40.721694,-13.733699],[-40.72167,-13.733631],[-40.721623,-13.733562],[-40.721552,-13.733539],[-40.721458,-13.73354],[-40.721364,-13.733564],[-40.721274,-13.733569],[-40.721125,-13.733583],[-40.720918,-13.73359],[-40.720754,-13.733614],[-40.720636,-13.733638],[-40.720519,-13.733661],[-40.720402,-13.733662],[-40.720308,-13.73364],[-40.720213,-13.733595],[-40.720143,-13.733549],[-40.720029,-13.733434],[-40.72,-13.733389],[-40.719943,-13.733352],[-40.719906,-13.733298],[-40.719835,-13.73323],[-40.71974,-13.733093],[-40.719645,-13.733025],[-40.719574,-13.732957],[-40.719481,-13.732888],[-40.719362,-13.732866],[-40.719316,-13.732866],[-40.719175,-13.73289],[-40.719057,-13.732937],[-40.718941,-13.733006],[-40.718801,-13.733077],[-40.71866,-13.733169],[-40.718537,-13.733249],[-40.718438,-13.733315],[-40.718342,-13.73337],[-40.718254,-13.733418],[-40.718199,-13.73344],[-40.718128,-13.733466],[-40.718047,-13.73349],[-40.717855,-13.733506],[-40.717676,-13.733473],[-40.717498,-13.73335],[-40.717411,-13.733218],[-40.717363,-13.733035],[-40.717313,-13.73276],[-40.717288,-13.732416],[-40.717302,-13.732238],[-40.717331,-13.732025],[-40.717354,-13.731841],[-40.717446,-13.731611],[-40.717491,-13.731426],[-40.717537,-13.731243],[-40.717583,-13.731013],[-40.717674,-13.730645],[-40.717719,-13.730438],[-40.717766,-13.730255],[-40.71781,-13.730047],[-40.717902,-13.729679],[-40.717971,-13.729494],[-40.718015,-13.729323],[-40.718074,-13.729147],[-40.718108,-13.728965],[-40.718154,-13.728782],[-40.718222,-13.728597],[-40.718292,-13.72839],[-40.718337,-13.728206],[-40.718452,-13.72786],[-40.718475,-13.727677],[-40.718567,-13.727515],[-40.71866,-13.727354],[-40.718752,-13.726986],[-40.718758,-13.726956],[-40.718765,-13.726922],[-40.718765,-13.726915],[-40.718771,-13.726869],[-40.718785,-13.726816],[-40.718797,-13.726753],[-40.71882,-13.726671],[-40.718841,-13.726627],[-40.718872,-13.726598],[-40.718921,-13.726578],[-40.71896,-13.726574],[-40.718985,-13.726571],[-40.719059,-13.726577],[-40.71916,-13.726586],[-40.719278,-13.726589],[-40.719379,-13.726605],[-40.719441,-13.726631],[-40.719538,-13.726718],[-40.719613,-13.726784],[-40.719732,-13.726883],[-40.719826,-13.726937],[-40.719891,-13.726973],[-40.719958,-13.726996],[-40.720026,-13.727002],[-40.720072,-13.726996],[-40.720134,-13.726955],[-40.720203,-13.726882],[-40.720256,-13.726799],[-40.720313,-13.726707],[-40.720383,-13.726575],[-40.72043,-13.72644],[-40.72046,-13.726239],[-40.720457,-13.725803],[-40.720431,-13.725344],[-40.72043,-13.725252],[-40.720452,-13.725068],[-40.720498,-13.724884],[-40.720614,-13.724722],[-40.720729,-13.724446],[-40.720752,-13.724262],[-40.720726,-13.724079],[-40.720632,-13.723919],[-40.720559,-13.723712],[-40.720552,-13.723529],[-40.720581,-13.723345],[-40.720649,-13.723138],[-40.720718,-13.722954],[-40.720811,-13.722792],[-40.720951,-13.72263],[-40.721114,-13.722515],[-40.721466,-13.722466],[-40.721655,-13.722465],[-40.721855,-13.722502],[-40.722043,-13.722547],[-40.722219,-13.722668],[-40.722403,-13.722775],[-40.722573,-13.722849],[-40.72278,-13.722897],[-40.722946,-13.72292],[-40.723156,-13.722916],[-40.723336,-13.722875],[-40.723513,-13.72282],[-40.723728,-13.722771],[-40.723888,-13.722747],[-40.724085,-13.722723],[-40.724287,-13.722722],[-40.724496,-13.722749],[-40.724643,-13.722757],[-40.724851,-13.722759],[-40.725039,-13.722763],[-40.725224,-13.722751],[-40.725442,-13.722737],[-40.725619,-13.722718],[-40.725781,-13.722636],[-40.725912,-13.722488],[-40.726002,-13.722298],[-40.726035,-13.722113],[-40.726028,-13.721934],[-40.72599,-13.721766],[-40.725923,-13.721563],[-40.725828,-13.721402],[-40.725732,-13.72122],[-40.725139,-13.720419],[-40.72509,-13.720167],[-40.725112,-13.719799],[-40.72511,-13.719616],[-40.725132,-13.719432],[-40.7252,-13.719156],[-40.72527,-13.718972],[-40.725349,-13.718795],[-40.725362,-13.718771],[-40.725369,-13.718734],[-40.725376,-13.718695],[-40.72537,-13.718648],[-40.725361,-13.718572],[-40.725349,-13.718513],[-40.725335,-13.71848],[-40.725328,-13.718464],[-40.725242,-13.718375],[-40.725123,-13.718215],[-40.724958,-13.718079],[-40.724769,-13.717988],[-40.7246,-13.717901],[-40.724416,-13.717783],[-40.72425,-13.717647],[-40.724131,-13.717487],[-40.724037,-13.717304],[-40.724027,-13.717267],[-40.724022,-13.71723],[-40.724018,-13.717206],[-40.724009,-13.717158],[-40.723995,-13.717094],[-40.723986,-13.717053],[-40.723976,-13.717024],[-40.723953,-13.716989],[-40.723919,-13.716961],[-40.723877,-13.716938],[-40.723829,-13.716933],[-40.723776,-13.716954],[-40.723713,-13.716995],[-40.72366,-13.717037],[-40.7236,-13.717088],[-40.723561,-13.717113],[-40.723516,-13.717136],[-40.723475,-13.717156],[-40.723435,-13.717177],[-40.723385,-13.717192],[-40.723336,-13.7172],[-40.723257,-13.717198],[-40.723189,-13.717193],[-40.723132,-13.717189],[-40.723072,-13.717183],[-40.72299,-13.71717],[-40.722948,-13.717149],[-40.722909,-13.717125],[-40.722879,-13.717095],[-40.722858,-13.717067],[-40.722836,-13.717006],[-40.722765,-13.716822],[-40.722696,-13.71658],[-40.722691,-13.716395],[-40.722711,-13.716222],[-40.722735,-13.716027],[-40.722781,-13.715843],[-40.722803,-13.71566],[-40.722778,-13.715453],[-40.722777,-13.715269],[-40.722728,-13.715085],[-40.722704,-13.714902],[-40.722678,-13.714719],[-40.722654,-13.714535],[-40.722582,-13.714351],[-40.722487,-13.714169],[-40.722391,-13.714008],[-40.722273,-13.713848],[-40.722178,-13.713666],[-40.722082,-13.713505],[-40.721941,-13.713369],[-40.721898,-13.713275],[-40.721783,-13.713127],[-40.721578,-13.712882],[-40.721372,-13.712673],[-40.721142,-13.7125],[-40.720865,-13.712309],[-40.720428,-13.711979],[-40.720178,-13.711742],[-40.719846,-13.711524],[-40.719129,-13.711062],[-40.71881,-13.710883],[-40.718657,-13.710797],[-40.718491,-13.710683],[-40.718326,-13.710546],[-40.718184,-13.710387],[-40.718089,-13.710227],[-40.718087,-13.709997],[-40.718157,-13.709812],[-40.718318,-13.709467],[-40.71848,-13.709099],[-40.718712,-13.708775],[-40.718922,-13.70843],[-40.719154,-13.708106],[-40.719363,-13.707784],[-40.719461,-13.707639],[-40.719531,-13.707542],[-40.719625,-13.707476],[-40.719846,-13.707429],[-40.720078,-13.707442],[-40.720333,-13.707562],[-40.720642,-13.707585],[-40.720735,-13.707562],[-40.720888,-13.707518],[-40.72098,-13.707461],[-40.721006,-13.707435],[-40.721093,-13.707335],[-40.721136,-13.707274],[-40.721195,-13.707128],[-40.721209,-13.707009],[-40.721202,-13.706891],[-40.721165,-13.706806],[-40.72114,-13.706623],[-40.721139,-13.706439],[-40.721113,-13.706256],[-40.721042,-13.706072],[-40.721017,-13.705889],[-40.720992,-13.705705],[-40.720968,-13.705522],[-40.720942,-13.705338],[-40.720895,-13.705155],[-40.720916,-13.704971],[-40.720892,-13.704788],[-40.720937,-13.704603],[-40.72096,-13.704419],[-40.720981,-13.704236],[-40.721027,-13.704029],[-40.721143,-13.703867],[-40.721212,-13.703683],[-40.721305,-13.703499],[-40.72177,-13.702852],[-40.721863,-13.702691],[-40.721955,-13.70253],[-40.722048,-13.702368],[-40.722188,-13.702206],[-40.722281,-13.702045],[-40.722444,-13.701906],[-40.722561,-13.701745],[-40.722654,-13.70156],[-40.72277,-13.701399],[-40.722909,-13.701237],[-40.723025,-13.701075],[-40.723118,-13.700891],[-40.723235,-13.700729],[-40.723327,-13.700568],[-40.723397,-13.700384],[-40.723489,-13.700222],[-40.723582,-13.700061],[-40.723633,-13.699971],[-40.723656,-13.699921],[-40.723681,-13.699883],[-40.723731,-13.699786],[-40.723774,-13.699723],[-40.723871,-13.699618],[-40.723941,-13.699558],[-40.724008,-13.699542],[-40.724085,-13.699543],[-40.724147,-13.699573],[-40.724219,-13.699617],[-40.724301,-13.699682],[-40.724349,-13.699724],[-40.724404,-13.69977],[-40.724449,-13.699823],[-40.724489,-13.699867],[-40.724528,-13.699902],[-40.724555,-13.699926],[-40.724605,-13.699941],[-40.724667,-13.699929],[-40.724702,-13.699917],[-40.724774,-13.699869],[-40.724815,-13.699777],[-40.724847,-13.699671],[-40.724852,-13.699606],[-40.724858,-13.699544],[-40.724825,-13.699439],[-40.724775,-13.699364],[-40.724702,-13.699157],[-40.724655,-13.698974],[-40.724581,-13.698653],[-40.724534,-13.69847],[-40.724508,-13.698286],[-40.724505,-13.697919],[-40.724481,-13.697735],[-40.724456,-13.697552],[-40.72443,-13.69723],[-40.724428,-13.696909],[-40.724472,-13.696541],[-40.724471,-13.696358],[-40.724493,-13.696173],[-40.724515,-13.695921],[-40.72456,-13.695737],[-40.724557,-13.695369],[-40.724603,-13.695186],[-40.724601,-13.694864],[-40.724576,-13.69468],[-40.724551,-13.694474],[-40.724503,-13.694291],[-40.724478,-13.694107],[-40.724453,-13.693924],[-40.724451,-13.693556],[-40.724472,-13.693372],[-40.724495,-13.693211],[-40.724494,-13.693004],[-40.724537,-13.692827],[-40.7246,-13.692703],[-40.724624,-13.692669],[-40.724644,-13.692644],[-40.7247,-13.692583],[-40.724778,-13.692507],[-40.72479,-13.692496],[-40.724862,-13.692421],[-40.724919,-13.69235],[-40.724954,-13.692274],[-40.724981,-13.69222],[-40.725035,-13.692075],[-40.725048,-13.692047],[-40.725049,-13.69202],[-40.72505,-13.691971],[-40.72505,-13.691919],[-40.725043,-13.691851],[-40.725043,-13.691847],[-40.72503,-13.691761],[-40.725008,-13.69168],[-40.724985,-13.691612],[-40.724952,-13.691558],[-40.724834,-13.691418],[-40.724692,-13.691258],[-40.724597,-13.691075],[-40.724502,-13.690915],[-40.72391,-13.69023],[-40.723767,-13.690094],[-40.723626,-13.689956],[-40.723402,-13.689717],[-40.723159,-13.689505],[-40.72287,-13.689255],[-40.722519,-13.689062],[-40.722491,-13.689046],[-40.722094,-13.68884],[-40.7217,-13.688644],[-40.721129,-13.688294],[-40.720957,-13.687985],[-40.720638,-13.687783],[-40.720245,-13.687711],[-40.719758,-13.687621],[-40.719337,-13.687494],[-40.718631,-13.687145],[-40.718036,-13.686758],[-40.717871,-13.686644],[-40.717564,-13.686416],[-40.717422,-13.686279],[-40.717279,-13.686119],[-40.717138,-13.685983],[-40.716995,-13.685823],[-40.716901,-13.685663],[-40.716875,-13.685564],[-40.716873,-13.685537],[-40.716883,-13.685495],[-40.716916,-13.685429],[-40.716952,-13.68537],[-40.717002,-13.68531],[-40.717088,-13.685212],[-40.717155,-13.685133],[-40.717254,-13.685076],[-40.717345,-13.685037],[-40.717438,-13.68502],[-40.717515,-13.685023],[-40.717568,-13.685035],[-40.717649,-13.685055],[-40.717736,-13.685083],[-40.717833,-13.685102],[-40.71789,-13.685114],[-40.717974,-13.685111],[-40.718013,-13.685101],[-40.71807,-13.685052],[-40.71812,-13.684979],[-40.718166,-13.6849],[-40.718202,-13.684819],[-40.718202,-13.68478],[-40.718063,-13.684093],[-40.717992,-13.683887],[-40.717982,-13.683876],[-40.717874,-13.683654],[-40.717636,-13.683579],[-40.717402,-13.683559],[-40.717194,-13.683575],[-40.717033,-13.683568],[-40.716361,-13.683616],[-40.716078,-13.683666],[-40.715675,-13.683837],[-40.715202,-13.683861],[-40.714836,-13.683969],[-40.714653,-13.68404],[-40.714089,-13.684226],[-40.713699,-13.684229],[-40.713553,-13.684214],[-40.713364,-13.684147],[-40.712993,-13.683863],[-40.71251,-13.683495],[-40.712241,-13.683237],[-40.712079,-13.683085],[-40.711877,-13.682918],[-40.711405,-13.6826],[-40.711234,-13.682474],[-40.711028,-13.68244],[-40.710753,-13.682442],[-40.710522,-13.682485],[-40.710151,-13.68258],[-40.709876,-13.682673],[-40.709694,-13.682752],[-40.709472,-13.682823],[-40.709023,-13.682889],[-40.708771,-13.68294],[-40.708335,-13.682922],[-40.70798,-13.682877],[-40.707676,-13.682771],[-40.707253,-13.682635],[-40.707118,-13.682573],[-40.706726,-13.682358],[-40.706642,-13.68219],[-40.706621,-13.681497],[-40.706764,-13.681132],[-40.70702,-13.680819],[-40.707071,-13.680748],[-40.707212,-13.680608],[-40.707328,-13.680448],[-40.707444,-13.680286],[-40.707584,-13.680147],[-40.7077,-13.679985],[-40.707816,-13.679824],[-40.707909,-13.679663],[-40.708002,-13.679501],[-40.708071,-13.679317],[-40.708164,-13.679156],[-40.708257,-13.678994],[-40.708326,-13.67881],[-40.708419,-13.678649],[-40.708511,-13.678465],[-40.708621,-13.678313],[-40.708743,-13.678141],[-40.708884,-13.678002],[-40.709146,-13.677702],[-40.709285,-13.677563],[-40.709575,-13.677308],[-40.709823,-13.677139],[-40.710219,-13.676969],[-40.710383,-13.676926],[-40.710733,-13.676923],[-40.711293,-13.677006],[-40.711405,-13.676978],[-40.71151,-13.676927],[-40.711582,-13.676882],[-40.711645,-13.67681],[-40.711672,-13.676746],[-40.711693,-13.676674],[-40.711691,-13.676513],[-40.711643,-13.67633],[-40.711571,-13.676147],[-40.71138,-13.675826],[-40.711193,-13.675574],[-40.711025,-13.67537],[-40.710788,-13.675049],[-40.710693,-13.674867],[-40.710502,-13.674546],[-40.710359,-13.67418],[-40.710378,-13.673606],[-40.710401,-13.673421],[-40.710447,-13.673238],[-40.710539,-13.673054],[-40.710888,-13.672592],[-40.711611,-13.671852],[-40.712194,-13.671343],[-40.712264,-13.671274],[-40.712659,-13.670788],[-40.712776,-13.670627],[-40.712869,-13.670465],[-40.712985,-13.670303],[-40.713078,-13.670143],[-40.71317,-13.669981],[-40.713263,-13.66982],[-40.713332,-13.669636],[-40.713425,-13.669474],[-40.713423,-13.669106],[-40.713418,-13.668486],[-40.713392,-13.668211],[-40.713035,-13.667548],[-40.712868,-13.667204],[-40.712725,-13.666838],[-40.712535,-13.666517],[-40.71244,-13.666357],[-40.712219,-13.666022],[-40.712083,-13.665837],[-40.711843,-13.665709],[-40.710727,-13.665177],[-40.710545,-13.665067],[-40.710232,-13.664934],[-40.709892,-13.664745],[-40.709755,-13.664651],[-40.70959,-13.66456],[-40.709386,-13.66447],[-40.70882,-13.664203],[-40.708655,-13.664112],[-40.708501,-13.664042],[-40.707983,-13.663793],[-40.707817,-13.663657],[-40.707676,-13.663497],[-40.707533,-13.663337],[-40.707414,-13.663177],[-40.707366,-13.662971],[-40.707318,-13.662787],[-40.707317,-13.662604],[-40.707291,-13.662328],[-40.707314,-13.662144],[-40.707335,-13.661961],[-40.707404,-13.661777],[-40.70745,-13.661547],[-40.707519,-13.661362],[-40.707603,-13.661061],[-40.707657,-13.660856],[-40.707688,-13.660684],[-40.707701,-13.660489],[-40.707698,-13.660121],[-40.707649,-13.6598],[-40.707576,-13.659616],[-40.707362,-13.659067],[-40.707243,-13.658884],[-40.707125,-13.658724],[-40.706982,-13.658565],[-40.706844,-13.658362],[-40.706678,-13.658225],[-40.706512,-13.658061],[-40.706472,-13.658029],[-40.706427,-13.657971],[-40.706395,-13.657932],[-40.706335,-13.657879],[-40.706257,-13.657809],[-40.706181,-13.657739],[-40.706036,-13.657646],[-40.705948,-13.657572],[-40.705839,-13.657482],[-40.705751,-13.657424],[-40.705634,-13.657339],[-40.705446,-13.65722],[-40.705281,-13.657107],[-40.705116,-13.657016],[-40.70495,-13.656902],[-40.704785,-13.656811],[-40.704621,-13.656721],[-40.704432,-13.656652],[-40.704244,-13.656585],[-40.704056,-13.656495],[-40.703867,-13.656427],[-40.703538,-13.65636],[-40.703362,-13.656334],[-40.703171,-13.6563],[-40.702997,-13.656227],[-40.702832,-13.656113],[-40.702501,-13.655886],[-40.70236,-13.655726],[-40.702264,-13.655566],[-40.702169,-13.655383],[-40.702126,-13.655184],[-40.702095,-13.654993],[-40.702117,-13.654808],[-40.70214,-13.654602],[-40.702161,-13.654395],[-40.70223,-13.654187],[-40.702323,-13.654003],[-40.702416,-13.653842],[-40.702508,-13.65368],[-40.702625,-13.653519],[-40.702718,-13.653358],[-40.702932,-13.652999],[-40.703019,-13.652827],[-40.703065,-13.652643],[-40.703134,-13.652459],[-40.703156,-13.652276],[-40.703222,-13.652077],[-40.703248,-13.651999],[-40.703318,-13.651792],[-40.703362,-13.651585],[-40.703385,-13.651401],[-40.703384,-13.651217],[-40.703405,-13.651034],[-40.703429,-13.650845],[-40.70345,-13.650666],[-40.703472,-13.650482],[-40.703494,-13.650298],[-40.703493,-13.650114],[-40.703468,-13.649931],[-40.703419,-13.649564],[-40.703394,-13.64938],[-40.703339,-13.649149],[-40.703297,-13.64899],[-40.703272,-13.648807],[-40.703224,-13.648629],[-40.703176,-13.64844],[-40.703107,-13.648221],[-40.703059,-13.648038],[-40.702984,-13.64789],[-40.702905,-13.647708],[-40.702841,-13.647547],[-40.702738,-13.647361],[-40.702651,-13.647204],[-40.702532,-13.647044],[-40.702295,-13.646724],[-40.702152,-13.646564],[-40.702011,-13.646404],[-40.701863,-13.646273],[-40.701697,-13.646136],[-40.701556,-13.646016],[-40.701396,-13.64588],[-40.701301,-13.64572],[-40.701228,-13.645545],[-40.701159,-13.645373],[-40.701138,-13.645216],[-40.701137,-13.645032],[-40.701175,-13.644865],[-40.701247,-13.644664],[-40.701292,-13.64448],[-40.701361,-13.64425],[-40.70143,-13.644066],[-40.701476,-13.643882],[-40.701568,-13.643697],[-40.701614,-13.643513],[-40.701707,-13.643329],[-40.701799,-13.643168],[-40.701985,-13.642845],[-40.702101,-13.642683],[-40.702194,-13.642522],[-40.702426,-13.642199],[-40.70259,-13.642059],[-40.70273,-13.641899],[-40.702846,-13.641737],[-40.702986,-13.641598],[-40.703079,-13.641413],[-40.703124,-13.64123],[-40.703126,-13.641178],[-40.703129,-13.641003],[-40.703097,-13.640817],[-40.703049,-13.64061],[-40.703001,-13.640427],[-40.702883,-13.640267],[-40.702787,-13.640083],[-40.702716,-13.6399],[-40.70262,-13.639717],[-40.702548,-13.639534],[-40.7025,-13.63935],[-40.702452,-13.639149],[-40.702444,-13.639004],[-40.702496,-13.6388],[-40.702565,-13.638615],[-40.702681,-13.638454],[-40.702821,-13.638292],[-40.702914,-13.638131],[-40.70303,-13.637969],[-40.70317,-13.637807],[-40.703402,-13.637484],[-40.703496,-13.637323],[-40.703565,-13.637138],[-40.70361,-13.636932],[-40.703632,-13.636748],[-40.70363,-13.636427],[-40.703611,-13.636279],[-40.703608,-13.636267],[-40.703601,-13.636196],[-40.703565,-13.636134],[-40.703496,-13.635994],[-40.703423,-13.635853],[-40.703346,-13.635729],[-40.703257,-13.635585],[-40.703188,-13.635456],[-40.703107,-13.635336],[-40.703091,-13.635289],[-40.703086,-13.63525],[-40.70309,-13.635191],[-40.703106,-13.635171],[-40.703174,-13.63512],[-40.703234,-13.635084],[-40.703333,-13.635064],[-40.703445,-13.63504],[-40.703537,-13.635024],[-40.703693,-13.635031],[-40.703905,-13.635064],[-40.704146,-13.635102],[-40.704343,-13.635163],[-40.704395,-13.635181],[-40.704749,-13.635408],[-40.70508,-13.635636],[-40.705222,-13.635772],[-40.705364,-13.635932],[-40.705506,-13.636069],[-40.705694,-13.636159],[-40.705883,-13.63625],[-40.706094,-13.636295],[-40.706282,-13.636294],[-40.706469,-13.636246],[-40.706656,-13.636176],[-40.70682,-13.636083],[-40.707312,-13.635873],[-40.7075,-13.635826],[-40.707687,-13.635801],[-40.707876,-13.635846],[-40.708064,-13.635891],[-40.708252,-13.635958],[-40.70844,-13.635957],[-40.708651,-13.635887],[-40.708791,-13.635725],[-40.708836,-13.635541],[-40.708788,-13.635357],[-40.708763,-13.635174],[-40.708715,-13.635083],[-40.708644,-13.634899],[-40.708525,-13.634739],[-40.70843,-13.63458],[-40.708335,-13.634419],[-40.708287,-13.634235],[-40.708262,-13.634052],[-40.708331,-13.633822],[-40.7084,-13.633638],[-40.708446,-13.633454],[-40.708443,-13.633086],[-40.708418,-13.632903],[-40.708397,-13.632726],[-40.708397,-13.632715],[-40.708395,-13.632708],[-40.708387,-13.632685],[-40.708374,-13.632663],[-40.708357,-13.632637],[-40.70834,-13.632615],[-40.708314,-13.632596],[-40.708278,-13.632577],[-40.708249,-13.63256],[-40.708217,-13.63255],[-40.708187,-13.632541],[-40.708147,-13.632542],[-40.708115,-13.632543],[-40.707836,-13.632531],[-40.70765,-13.63257],[-40.707453,-13.632635],[-40.707358,-13.632668],[-40.707347,-13.632671],[-40.707331,-13.63267],[-40.70729,-13.632669],[-40.707241,-13.632665],[-40.707183,-13.632658],[-40.707136,-13.632652],[-40.707088,-13.632635],[-40.707035,-13.632612],[-40.706989,-13.632573],[-40.706958,-13.632542],[-40.706934,-13.632514],[-40.706908,-13.632478],[-40.706865,-13.632408],[-40.706819,-13.632229],[-40.706791,-13.63195],[-40.706818,-13.631759],[-40.706882,-13.631581],[-40.707031,-13.631379],[-40.707138,-13.631259],[-40.707276,-13.63111],[-40.707406,-13.631005],[-40.707591,-13.630886],[-40.707747,-13.630837],[-40.708065,-13.630812],[-40.708228,-13.630843],[-40.708403,-13.630928],[-40.708569,-13.631019],[-40.708734,-13.631109],[-40.708895,-13.631239],[-40.709051,-13.631348],[-40.709213,-13.631463],[-40.709371,-13.631588],[-40.709558,-13.631639],[-40.709832,-13.631615],[-40.709987,-13.631516],[-40.710132,-13.631365],[-40.71019,-13.631192],[-40.710213,-13.631008],[-40.710209,-13.630457],[-40.710188,-13.630283],[-40.710136,-13.630089],[-40.710063,-13.629906],[-40.709945,-13.629746],[-40.70985,-13.629563],[-40.709659,-13.629243],[-40.709541,-13.629083],[-40.709376,-13.628947],[-40.709201,-13.628762],[-40.709068,-13.628627],[-40.708949,-13.628467],[-40.708808,-13.628307],[-40.708661,-13.628154],[-40.708536,-13.628062],[-40.708274,-13.627869],[-40.7081,-13.627761],[-40.707917,-13.627648],[-40.707722,-13.62758],[-40.707534,-13.627558],[-40.707346,-13.627513],[-40.707087,-13.627469],[-40.706836,-13.627397],[-40.706617,-13.627335],[-40.706452,-13.627244],[-40.706244,-13.627136],[-40.706056,-13.627045],[-40.70591,-13.626995],[-40.705722,-13.626888],[-40.705558,-13.626797],[-40.705405,-13.626719],[-40.705203,-13.626632],[-40.705023,-13.626504],[-40.704858,-13.626413],[-40.704671,-13.626304],[-40.704483,-13.626306],[-40.704226,-13.626349],[-40.704062,-13.626442],[-40.703911,-13.626526],[-40.703864,-13.62655],[-40.703583,-13.626713],[-40.70342,-13.626805],[-40.703303,-13.626898],[-40.703174,-13.626937],[-40.703084,-13.626948],[-40.702928,-13.626924],[-40.702786,-13.626833],[-40.702597,-13.62665],[-40.702502,-13.626513],[-40.702383,-13.626307],[-40.702288,-13.626102],[-40.702214,-13.62597],[-40.70212,-13.625812],[-40.702026,-13.625667],[-40.701919,-13.62546],[-40.701765,-13.625256],[-40.701623,-13.625072],[-40.701516,-13.624908],[-40.701505,-13.62489],[-40.70141,-13.624776],[-40.701285,-13.624581],[-40.701148,-13.624364],[-40.701053,-13.624181],[-40.700957,-13.623906],[-40.700908,-13.6237],[-40.700788,-13.623288],[-40.700717,-13.623127],[-40.700645,-13.622989],[-40.700585,-13.622891],[-40.700527,-13.622752],[-40.700454,-13.622394],[-40.700381,-13.622188],[-40.700333,-13.622004],[-40.700225,-13.621749],[-40.700164,-13.621593],[-40.700065,-13.621372],[-40.699994,-13.621183],[-40.699861,-13.620973],[-40.699752,-13.620776],[-40.699618,-13.620634],[-40.699479,-13.620453],[-40.699299,-13.620288],[-40.699163,-13.620143],[-40.699047,-13.620068],[-40.698873,-13.62004],[-40.698656,-13.620051],[-40.698548,-13.620081],[-40.698432,-13.620143],[-40.698333,-13.620219],[-40.69824,-13.620341],[-40.698133,-13.620462],[-40.698025,-13.620532],[-40.697948,-13.620562],[-40.697847,-13.620563],[-40.697747,-13.620548],[-40.697363,-13.620371],[-40.697197,-13.620281],[-40.697033,-13.620143],[-40.696868,-13.620053],[-40.696702,-13.61994],[-40.696537,-13.619848],[-40.696372,-13.619735],[-40.696207,-13.619644],[-40.696043,-13.619554],[-40.695848,-13.61946],[-40.69581,-13.619437],[-40.695524,-13.619258],[-40.695382,-13.619121],[-40.695216,-13.618985],[-40.695074,-13.618825],[-40.694791,-13.618552],[-40.694695,-13.618391],[-40.694624,-13.618208],[-40.694552,-13.618024],[-40.694527,-13.617841],[-40.694479,-13.617658],[-40.69447,-13.617521],[-40.694471,-13.617022],[-40.694486,-13.616872],[-40.694519,-13.616693],[-40.694541,-13.61651],[-40.69461,-13.616325],[-40.694703,-13.616141],[-40.694819,-13.615979],[-40.694912,-13.615817],[-40.694963,-13.615631],[-40.69498,-13.61545],[-40.695002,-13.615266],[-40.694963,-13.615023],[-40.694905,-13.614877],[-40.69481,-13.614693],[-40.694715,-13.614533],[-40.694596,-13.614373],[-40.694501,-13.614213],[-40.694383,-13.614053],[-40.694218,-13.613917],[-40.694076,-13.613779],[-40.69391,-13.613643],[-40.693745,-13.613506],[-40.69358,-13.61337],[-40.693415,-13.613256],[-40.693131,-13.613028],[-40.692967,-13.613006],[-40.692802,-13.612916],[-40.692471,-13.612734],[-40.692307,-13.61262],[-40.692164,-13.612461],[-40.692033,-13.612293],[-40.691927,-13.612141],[-40.691832,-13.611981],[-40.69176,-13.611798],[-40.691666,-13.611637],[-40.691594,-13.611454],[-40.691475,-13.611294],[-40.691396,-13.611246],[-40.691387,-13.61124],[-40.691377,-13.611231],[-40.691355,-13.611214],[-40.691328,-13.611195],[-40.691291,-13.611174],[-40.69125,-13.61116],[-40.6912,-13.611151],[-40.69115,-13.611147],[-40.691093,-13.611145],[-40.691019,-13.611141],[-40.690911,-13.611137],[-40.690746,-13.611046],[-40.690581,-13.61091],[-40.690438,-13.610773],[-40.690344,-13.610613],[-40.690201,-13.610453],[-40.690106,-13.610224],[-40.690011,-13.610041],[-40.689939,-13.609858],[-40.689891,-13.609674],[-40.689819,-13.609491],[-40.68978,-13.609355],[-40.689746,-13.609124],[-40.689742,-13.608573],[-40.689717,-13.608389],[-40.68974,-13.608206],[-40.689714,-13.608022],[-40.689737,-13.607838],[-40.689734,-13.607425],[-40.689701,-13.607264],[-40.689694,-13.60716],[-40.689692,-13.607115],[-40.689634,-13.606622],[-40.689633,-13.606438],[-40.689609,-13.606254],[-40.689556,-13.606075],[-40.689512,-13.605864],[-40.689487,-13.605635],[-40.689461,-13.605337],[-40.689412,-13.605154],[-40.689409,-13.60474],[-40.689385,-13.604557],[-40.689313,-13.604374],[-40.689288,-13.60419],[-40.689244,-13.603991],[-40.689215,-13.6038],[-40.689213,-13.603456],[-40.689258,-13.603271],[-40.689316,-13.603137],[-40.68948,-13.60281],[-40.689736,-13.602393],[-40.689976,-13.602108],[-40.69008,-13.601892],[-40.690192,-13.601649],[-40.690278,-13.601455],[-40.690374,-13.601177],[-40.690408,-13.600816],[-40.690425,-13.600562],[-40.690441,-13.600244],[-40.690387,-13.599981],[-40.690233,-13.599606],[-40.690084,-13.599354],[-40.68995,-13.599059],[-40.689913,-13.598852],[-40.689914,-13.598845],[-40.689926,-13.598703],[-40.689986,-13.598577],[-40.690187,-13.598304],[-40.690425,-13.597995],[-40.69059,-13.597832],[-40.690719,-13.597686],[-40.690975,-13.597413],[-40.691158,-13.597159],[-40.691268,-13.596977],[-40.691378,-13.596832],[-40.69147,-13.596723],[-40.691561,-13.59656],[-40.691606,-13.596415],[-40.691608,-13.596338],[-40.691586,-13.596162],[-40.691529,-13.596017],[-40.691417,-13.595837],[-40.691286,-13.595712],[-40.691109,-13.595567],[-40.691025,-13.595479],[-40.690953,-13.59535],[-40.690913,-13.595271],[-40.690901,-13.595238],[-40.690896,-13.595185],[-40.6909,-13.595124],[-40.690921,-13.595067],[-40.690949,-13.594995],[-40.690988,-13.594912],[-40.691012,-13.59488],[-40.691097,-13.594796],[-40.691152,-13.594756],[-40.691215,-13.594711],[-40.691287,-13.594677],[-40.691343,-13.594659],[-40.691397,-13.594639],[-40.69147,-13.59462],[-40.691525,-13.594608],[-40.691759,-13.59457],[-40.692092,-13.594567],[-40.692316,-13.594539],[-40.692426,-13.594524],[-40.692452,-13.594522],[-40.692486,-13.594516],[-40.692539,-13.594499],[-40.692608,-13.59447],[-40.692662,-13.594444],[-40.692731,-13.594392],[-40.692783,-13.594343],[-40.692833,-13.594255],[-40.69286,-13.594176],[-40.692876,-13.594084],[-40.692882,-13.593984],[-40.692886,-13.593819],[-40.692847,-13.59362],[-40.692805,-13.593442],[-40.692711,-13.593262],[-40.692582,-13.593009],[-40.692514,-13.592767],[-40.692476,-13.592493],[-40.692473,-13.592306],[-40.692476,-13.592277],[-40.692488,-13.592239],[-40.692512,-13.592192],[-40.692537,-13.592135],[-40.692581,-13.592086],[-40.692648,-13.592042],[-40.69272,-13.592012],[-40.692778,-13.591996],[-40.692856,-13.591982],[-40.692928,-13.591968],[-40.692992,-13.591957],[-40.693019,-13.591949],[-40.693053,-13.591923],[-40.693072,-13.59189],[-40.693079,-13.591849],[-40.693078,-13.591787],[-40.693078,-13.591668],[-40.693077,-13.591433],[-40.693038,-13.591144],[-40.693025,-13.591085],[-40.692998,-13.590935],[-40.692992,-13.590919],[-40.692978,-13.590858],[-40.692968,-13.590819],[-40.692946,-13.590773],[-40.69292,-13.590737],[-40.692892,-13.590715],[-40.69286,-13.590687],[-40.692812,-13.590661],[-40.692778,-13.590654],[-40.692724,-13.590639],[-40.692665,-13.59062],[-40.692581,-13.590604],[-40.692517,-13.590593],[-40.692449,-13.590574],[-40.692371,-13.590557],[-40.691905,-13.590392],[-40.691795,-13.590302],[-40.691654,-13.590165],[-40.691582,-13.589982],[-40.691566,-13.589942],[-40.691552,-13.589849],[-40.691494,-13.589673],[-40.691445,-13.589544],[-40.691367,-13.589354],[-40.691317,-13.589225],[-40.691255,-13.589097],[-40.691191,-13.588921],[-40.691106,-13.58869],[-40.691041,-13.588412],[-40.690934,-13.588059],[-40.690835,-13.587864],[-40.690768,-13.587737],[-40.690671,-13.58737],[-40.690624,-13.587186],[-40.690528,-13.587004],[-40.690457,-13.586821],[-40.690408,-13.586637],[-40.69036,-13.586408],[-40.690288,-13.586224],[-40.690217,-13.586041],[-40.690144,-13.585858],[-40.690109,-13.585665],[-40.690048,-13.585445],[-40.689999,-13.585262],[-40.689857,-13.584941],[-40.689737,-13.584712],[-40.689501,-13.584508],[-40.689263,-13.584357],[-40.68903,-13.584281],[-40.688865,-13.584259],[-40.688654,-13.58426],[-40.688144,-13.584283],[-40.687915,-13.584312],[-40.687728,-13.584346],[-40.687541,-13.584394],[-40.687352,-13.584454],[-40.687165,-13.584477],[-40.686989,-13.584547],[-40.686802,-13.584617],[-40.686568,-13.584665],[-40.686523,-13.584673],[-40.686436,-13.584688],[-40.68636,-13.584689],[-40.686228,-13.584703],[-40.685984,-13.584705],[-40.685838,-13.584692],[-40.685595,-13.584687],[-40.685435,-13.584661],[-40.685261,-13.584581],[-40.684988,-13.584453],[-40.684794,-13.584366],[-40.68464,-13.584272],[-40.684528,-13.584184],[-40.684451,-13.584103],[-40.684387,-13.584023],[-40.684289,-13.583853],[-40.684225,-13.583711],[-40.684155,-13.583541],[-40.68412,-13.58346],[-40.684098,-13.583372],[-40.684069,-13.583208],[-40.684075,-13.583148],[-40.68411,-13.583073],[-40.684214,-13.582956],[-40.68431,-13.582868],[-40.684442,-13.582806],[-40.684532,-13.582757],[-40.684766,-13.582614],[-40.684793,-13.582571],[-40.684815,-13.582536],[-40.684872,-13.582445],[-40.684903,-13.582384],[-40.684924,-13.582306],[-40.684946,-13.582227],[-40.684954,-13.582179],[-40.684953,-13.582123],[-40.684935,-13.582037],[-40.684922,-13.581972],[-40.684895,-13.581916],[-40.684837,-13.581873],[-40.68477,-13.58183],[-40.684623,-13.581774],[-40.684516,-13.581745],[-40.684418,-13.581689],[-40.684356,-13.58165],[-40.684276,-13.581564],[-40.684199,-13.581482],[-40.684128,-13.581387],[-40.684092,-13.581331],[-40.684082,-13.581249],[-40.684101,-13.581122],[-40.684124,-13.581007],[-40.684193,-13.5808],[-40.684239,-13.580616],[-40.684308,-13.580432],[-40.6844,-13.580248],[-40.684517,-13.580086],[-40.684609,-13.579901],[-40.684725,-13.57974],[-40.684818,-13.579579],[-40.68491,-13.579417],[-40.685096,-13.579094],[-40.685165,-13.57891],[-40.685282,-13.578749],[-40.685375,-13.578587],[-40.685467,-13.578426],[-40.685536,-13.578242],[-40.685652,-13.57808],[-40.685745,-13.577896],[-40.685871,-13.577752],[-40.686002,-13.577596],[-40.686118,-13.577434],[-40.686257,-13.577272],[-40.686421,-13.577134],[-40.686584,-13.576994],[-40.686748,-13.576879],[-40.686947,-13.576808],[-40.687155,-13.576724],[-40.687327,-13.576636],[-40.687473,-13.576552],[-40.68766,-13.576482],[-40.687848,-13.576412],[-40.688066,-13.576314],[-40.688274,-13.576252],[-40.68846,-13.576203],[-40.688644,-13.576154],[-40.688828,-13.576092],[-40.688995,-13.576014],[-40.689159,-13.575875],[-40.689269,-13.575763],[-40.689414,-13.575598],[-40.689508,-13.575436],[-40.6896,-13.575275],[-40.689716,-13.575113],[-40.689809,-13.574952],[-40.689902,-13.574767],[-40.689994,-13.574606],[-40.690087,-13.574422],[-40.690179,-13.57426],[-40.690295,-13.574099],[-40.690389,-13.573937],[-40.690529,-13.573799],[-40.690668,-13.573637],[-40.690858,-13.573457],[-40.69096,-13.573378],[-40.691137,-13.573247],[-40.691275,-13.573105],[-40.691333,-13.573055],[-40.691395,-13.573009],[-40.691418,-13.572977],[-40.691439,-13.572946],[-40.691473,-13.572886],[-40.69149,-13.572837],[-40.691491,-13.572812],[-40.691493,-13.572765],[-40.691489,-13.572682],[-40.691482,-13.572611],[-40.691461,-13.572467],[-40.691386,-13.572208],[-40.691375,-13.572166],[-40.691368,-13.572154],[-40.69135,-13.572089],[-40.691323,-13.571983],[-40.691299,-13.571874],[-40.691268,-13.571728],[-40.691227,-13.571574],[-40.691193,-13.571475],[-40.691145,-13.571292],[-40.691097,-13.571108],[-40.691048,-13.570925],[-40.691023,-13.570718],[-40.690995,-13.570533],[-40.690946,-13.570349],[-40.690878,-13.570145],[-40.690783,-13.569984],[-40.690711,-13.569801],[-40.690617,-13.569641],[-40.690522,-13.569481],[-40.69038,-13.569345],[-40.690285,-13.569184],[-40.690213,-13.569001],[-40.690164,-13.568703],[-40.690163,-13.56852],[-40.690163,-13.568499],[-40.690166,-13.568478],[-40.690159,-13.568419],[-40.69015,-13.56836],[-40.690106,-13.568246],[-40.690084,-13.568198],[-40.690049,-13.568141],[-40.690012,-13.568099],[-40.689979,-13.568048],[-40.689936,-13.568019],[-40.689893,-13.567994],[-40.689825,-13.567967],[-40.689741,-13.567955],[-40.689633,-13.56795],[-40.689499,-13.567942],[-40.689311,-13.567944],[-40.689115,-13.567926],[-40.688951,-13.567885],[-40.688773,-13.567817],[-40.688607,-13.567703],[-40.688466,-13.567566],[-40.688347,-13.567406],[-40.688232,-13.56724],[-40.68811,-13.567063],[-40.688012,-13.566926],[-40.68801,-13.566922],[-40.688,-13.56691],[-40.687989,-13.566898],[-40.687972,-13.566882],[-40.687952,-13.56686],[-40.687927,-13.566842],[-40.687901,-13.566829],[-40.687868,-13.566814],[-40.68784,-13.566804],[-40.687806,-13.566793],[-40.687766,-13.566782],[-40.687714,-13.566773],[-40.687615,-13.566768],[-40.687427,-13.566723],[-40.687238,-13.566633],[-40.687074,-13.566542],[-40.686954,-13.566382],[-40.686883,-13.566199],[-40.686811,-13.565947],[-40.68681,-13.565763],[-40.686831,-13.565579],[-40.686877,-13.565396],[-40.6869,-13.565211],[-40.686945,-13.565027],[-40.687015,-13.564843],[-40.687036,-13.564636],[-40.687082,-13.564452],[-40.687128,-13.564245],[-40.687174,-13.564061],[-40.687219,-13.563878],[-40.687241,-13.563694],[-40.687263,-13.563509],[-40.687312,-13.56331],[-40.687331,-13.563142],[-40.687345,-13.562972],[-40.687398,-13.562659],[-40.687442,-13.562292],[-40.687441,-13.562107],[-40.687463,-13.561809],[-40.68746,-13.561396],[-40.687434,-13.561212],[-40.687433,-13.561028],[-40.687409,-13.560845],[-40.687406,-13.560812],[-40.687413,-13.560758],[-40.687389,-13.560667],[-40.687364,-13.560552],[-40.687316,-13.560438],[-40.687269,-13.560322],[-40.687221,-13.560231],[-40.687174,-13.560139],[-40.687122,-13.560089],[-40.68693,-13.559752],[-40.686863,-13.559628],[-40.686697,-13.559354],[-40.686551,-13.559059],[-40.686364,-13.558726],[-40.686363,-13.558722],[-40.686309,-13.558508],[-40.686291,-13.558217],[-40.686397,-13.557602],[-40.686433,-13.557367],[-40.686485,-13.557212],[-40.686676,-13.556839],[-40.686883,-13.556527],[-40.687098,-13.556294],[-40.687367,-13.556063],[-40.687469,-13.555976],[-40.687624,-13.55585],[-40.688372,-13.555578],[-40.688778,-13.555515],[-40.688975,-13.555496],[-40.689155,-13.555482],[-40.689623,-13.555383],[-40.68991,-13.55528],[-40.690139,-13.555177],[-40.690302,-13.555084],[-40.690466,-13.554968],[-40.690522,-13.554912],[-40.690563,-13.554858],[-40.690634,-13.554765],[-40.690668,-13.554696],[-40.690703,-13.554627],[-40.690772,-13.554488],[-40.690859,-13.554338],[-40.690893,-13.554162],[-40.690867,-13.553723],[-40.690819,-13.553609],[-40.690712,-13.553335],[-40.690498,-13.552786],[-40.690377,-13.552373],[-40.690233,-13.551984],[-40.690138,-13.551801],[-40.690043,-13.551641],[-40.689948,-13.55148],[-40.689854,-13.55132],[-40.689692,-13.551139],[-40.689668,-13.551121],[-40.689622,-13.551075],[-40.689574,-13.551052],[-40.689433,-13.55103],[-40.689151,-13.551032],[-40.689058,-13.551055],[-40.688729,-13.551058],[-40.688659,-13.551035],[-40.688588,-13.55099],[-40.688541,-13.550944],[-40.688493,-13.550876],[-40.68825,-13.550367],[-40.688155,-13.550207],[-40.687979,-13.550008],[-40.687784,-13.549825],[-40.687483,-13.549569],[-40.687365,-13.549409],[-40.687048,-13.548976],[-40.686924,-13.548676],[-40.686922,-13.548493],[-40.686945,-13.548309],[-40.68699,-13.548125],[-40.687083,-13.54794],[-40.687199,-13.547779],[-40.687363,-13.54764],[-40.687526,-13.547524],[-40.688016,-13.547153],[-40.68818,-13.547061],[-40.688367,-13.546967],[-40.688912,-13.546758],[-40.689099,-13.546688],[-40.690077,-13.546428],[-40.690245,-13.546382],[-40.690452,-13.546333],[-40.690639,-13.546263],[-40.691014,-13.546168],[-40.691202,-13.546121],[-40.691763,-13.545957],[-40.69191,-13.545906],[-40.692097,-13.545858],[-40.69235,-13.545792],[-40.692537,-13.545745],[-40.692724,-13.545675],[-40.692888,-13.545582],[-40.693051,-13.545466],[-40.693215,-13.545327],[-40.693307,-13.545166],[-40.69333,-13.544982],[-40.693327,-13.544637],[-40.693341,-13.544494],[-40.693371,-13.54427],[-40.693393,-13.544086],[-40.693405,-13.543901],[-40.693438,-13.543695],[-40.69346,-13.543511],[-40.693528,-13.543258],[-40.693574,-13.543074],[-40.693612,-13.542903],[-40.693688,-13.542683],[-40.693757,-13.542499],[-40.693896,-13.542153],[-40.694011,-13.541785],[-40.69408,-13.541601],[-40.694219,-13.541256],[-40.694402,-13.540726],[-40.694473,-13.540576],[-40.69454,-13.540358],[-40.694702,-13.539989],[-40.694771,-13.539805],[-40.694841,-13.539621],[-40.69491,-13.539436],[-40.695093,-13.538884],[-40.695139,-13.538654],[-40.695208,-13.53847],[-40.695285,-13.538235],[-40.695322,-13.53801],[-40.695344,-13.537826],[-40.695365,-13.537686],[-40.695412,-13.537481],[-40.695481,-13.537297],[-40.695543,-13.537136],[-40.695596,-13.536951],[-40.695656,-13.536726],[-40.69571,-13.536515],[-40.695732,-13.536308],[-40.695755,-13.5361],[-40.6958,-13.535894],[-40.695845,-13.535709],[-40.695915,-13.535525],[-40.69596,-13.535342],[-40.696006,-13.535158],[-40.696074,-13.53495],[-40.696144,-13.534743],[-40.69619,-13.534559],[-40.696259,-13.534375],[-40.696327,-13.534053],[-40.696373,-13.533869],[-40.696422,-13.533693],[-40.696487,-13.533524],[-40.696509,-13.53334],[-40.696555,-13.533133],[-40.696574,-13.53295],[-40.696599,-13.532765],[-40.696621,-13.532581],[-40.696616,-13.531893],[-40.696583,-13.531666],[-40.696568,-13.531502],[-40.696565,-13.531295],[-40.696541,-13.531112],[-40.696516,-13.530905],[-40.696491,-13.530722],[-40.696462,-13.530526],[-40.696473,-13.530292],[-40.696486,-13.530102],[-40.696532,-13.529918],[-40.696592,-13.529745],[-40.696689,-13.529583],[-40.696817,-13.529451],[-40.696927,-13.529295],[-40.696996,-13.529111],[-40.697059,-13.528915],[-40.697086,-13.528628],[-40.697085,-13.528445],[-40.697055,-13.528258],[-40.697035,-13.528077],[-40.697002,-13.52784],[-40.696986,-13.527687],[-40.696937,-13.527504],[-40.696889,-13.527252],[-40.696885,-13.526701],[-40.696907,-13.526562],[-40.696907,-13.526471],[-40.696929,-13.526287],[-40.696951,-13.526103],[-40.696973,-13.525919],[-40.696978,-13.525741],[-40.696946,-13.52554],[-40.696915,-13.525379],[-40.696909,-13.525208],[-40.696855,-13.524987],[-40.696792,-13.524827],[-40.696701,-13.524574],[-40.696658,-13.524451],[-40.696574,-13.524258],[-40.696514,-13.524039],[-40.69646,-13.523849],[-40.696417,-13.523626],[-40.696415,-13.523259],[-40.696437,-13.523075],[-40.696482,-13.522891],[-40.696574,-13.522523],[-40.696619,-13.522339],[-40.696656,-13.522177],[-40.696687,-13.521971],[-40.696747,-13.521644],[-40.696753,-13.521373],[-40.696749,-13.520823],[-40.696756,-13.520547],[-40.696719,-13.520365],[-40.696661,-13.52017],[-40.696578,-13.519767],[-40.696529,-13.519584],[-40.696458,-13.5194],[-40.696362,-13.519217],[-40.696268,-13.519057],[-40.696172,-13.518874],[-40.696046,-13.51871],[-40.695935,-13.518531],[-40.695841,-13.518368],[-40.695729,-13.518191],[-40.695627,-13.518028],[-40.695531,-13.517868],[-40.695437,-13.517685],[-40.695341,-13.517525],[-40.69527,-13.517342],[-40.695175,-13.517182],[-40.695079,-13.516999],[-40.695007,-13.516815],[-40.694936,-13.516632],[-40.694887,-13.51638],[-40.694886,-13.516196],[-40.694875,-13.516111],[-40.694892,-13.515641],[-40.694917,-13.515471],[-40.694949,-13.515296],[-40.695025,-13.514956],[-40.695202,-13.514592],[-40.695416,-13.51443],[-40.695659,-13.51434],[-40.696027,-13.514325],[-40.696486,-13.514437],[-40.696757,-13.51444],[-40.696868,-13.514401],[-40.696915,-13.514368],[-40.696961,-13.514322],[-40.697008,-13.514276],[-40.697055,-13.514206],[-40.697093,-13.514143],[-40.69717,-13.513976],[-40.697287,-13.513814],[-40.69742,-13.513681],[-40.697566,-13.513582],[-40.697729,-13.513486],[-40.697917,-13.51342],[-40.698104,-13.513349],[-40.698268,-13.513257],[-40.698429,-13.513117],[-40.698574,-13.512964],[-40.698664,-13.512818],[-40.698771,-13.512662],[-40.698897,-13.512518],[-40.699129,-13.512194],[-40.699262,-13.512041],[-40.699385,-13.51188],[-40.699526,-13.511741],[-40.699661,-13.51156],[-40.699734,-13.511409],[-40.69978,-13.511226],[-40.699801,-13.511042],[-40.699809,-13.510915],[-40.699787,-13.510731],[-40.699637,-13.510562],[-40.699321,-13.510468],[-40.699138,-13.510423],[-40.699013,-13.510334],[-40.698809,-13.510129],[-40.698714,-13.50997],[-40.69862,-13.50981],[-40.698501,-13.50965],[-40.698264,-13.50933],[-40.698122,-13.50917],[-40.698074,-13.509124],[-40.697823,-13.508871],[-40.697662,-13.508731],[-40.697536,-13.508657],[-40.69746,-13.50865],[-40.697172,-13.508678],[-40.697006,-13.508679],[-40.696821,-13.508644],[-40.696752,-13.508587],[-40.696691,-13.508519],[-40.696653,-13.508428],[-40.696614,-13.508308],[-40.696607,-13.508067],[-40.696658,-13.507871],[-40.696727,-13.507687],[-40.696755,-13.507625],[-40.69698,-13.507036],[-40.697031,-13.506896],[-40.697178,-13.506696],[-40.697399,-13.506535],[-40.697776,-13.50644],[-40.698306,-13.506418],[-40.69893,-13.506358],[-40.699321,-13.506229],[-40.699392,-13.506172],[-40.699418,-13.505905],[-40.699695,-13.505283],[-40.700601,-13.503876],[-40.700956,-13.502985],[-40.701312,-13.502561],[-40.70169,-13.502021],[-40.70188,-13.501809],[-40.702498,-13.501314],[-40.702855,-13.501078],[-40.703259,-13.500771],[-40.70365,-13.500338],[-40.703912,-13.499185],[-40.704113,-13.498795],[-40.704524,-13.498429],[-40.704935,-13.498223],[-40.70547,-13.498059],[-40.705924,-13.497894],[-40.70617,-13.497691],[-40.706375,-13.497447],[-40.706455,-13.497124],[-40.706618,-13.4968],[-40.706615,-13.496356],[-40.706653,-13.495831],[-40.706772,-13.495144],[-40.707015,-13.494537],[-40.707177,-13.494092],[-40.707667,-13.493403],[-40.70836,-13.492147],[-40.70897,-13.490771],[-40.709755,-13.48892],[-40.710036,-13.488139],[-40.710119,-13.487907],[-40.710321,-13.48718],[-40.710728,-13.48641],[-40.711138,-13.486004],[-40.71155,-13.48588],[-40.712583,-13.485914],[-40.713698,-13.485906],[-40.714359,-13.486023],[-40.714854,-13.485898],[-40.715389,-13.485733],[-40.715841,-13.485488],[-40.716416,-13.48504],[-40.717113,-13.48439],[-40.717647,-13.48378],[-40.718092,-13.482567],[-40.718663,-13.481675],[-40.71895,-13.481391],[-40.719362,-13.481267],[-40.719651,-13.481265],[-40.720353,-13.481219],[-40.721053,-13.480892],[-40.721586,-13.480485],[-40.721791,-13.48016],[-40.721912,-13.479797],[-40.72191,-13.479555],[-40.721828,-13.479206],[-40.721807,-13.47894],[-40.721844,-13.478573],[-40.721896,-13.47827],[-40.721987,-13.478047],[-40.72216,-13.477915],[-40.722345,-13.477757],[-40.722412,-13.477599],[-40.722463,-13.477402],[-40.722462,-13.477297],[-40.722407,-13.476891],[-40.722242,-13.476368],[-40.722185,-13.47591],[-40.722196,-13.475504],[-40.722261,-13.475254],[-40.722367,-13.47507],[-40.722538,-13.474912],[-40.723494,-13.474054],[-40.724011,-13.473566],[-40.72434,-13.472987],[-40.724592,-13.472657],[-40.724778,-13.472577],[-40.725136,-13.472603],[-40.72559,-13.472479],[-40.726455,-13.472352],[-40.726909,-13.472203],[-40.727564,-13.471537],[-40.727934,-13.471212],[-40.728469,-13.470925],[-40.728799,-13.470923],[-40.729048,-13.471043],[-40.729464,-13.471564],[-40.729713,-13.471724],[-40.729961,-13.471803],[-40.730373,-13.47176],[-40.730703,-13.471555],[-40.730948,-13.471312],[-40.731111,-13.470988],[-40.731191,-13.470543],[-40.731518,-13.470138],[-40.731928,-13.469772],[-40.732186,-13.469662],[-40.73269,-13.469401],[-40.733116,-13.469182],[-40.733323,-13.468917],[-40.733496,-13.4684],[-40.733617,-13.467996],[-40.733739,-13.467632],[-40.734313,-13.467103],[-40.73493,-13.466673],[-40.735338,-13.466127],[-40.736241,-13.465355],[-40.736791,-13.465076],[-40.736905,-13.464566],[-40.737063,-13.464283],[-40.737345,-13.463849],[-40.737508,-13.46357],[-40.737707,-13.4626],[-40.737699,-13.461551],[-40.737655,-13.461147],[-40.737611,-13.460785],[-40.737607,-13.460328],[-40.737769,-13.459902],[-40.737948,-13.459598],[-40.738218,-13.459126],[-40.738341,-13.458924],[-40.738462,-13.458479],[-40.738459,-13.458075],[-40.738417,-13.457954],[-40.738164,-13.457229],[-40.737994,-13.456626],[-40.737699,-13.455821],[-40.737314,-13.454662],[-40.736896,-13.453938],[-40.736309,-13.45265],[-40.73614,-13.452127],[-40.736012,-13.451563],[-40.735996,-13.451159],[-40.736097,-13.450822],[-40.736289,-13.450378],[-40.736373,-13.450027],[-40.736494,-13.449582],[-40.736493,-13.449461],[-40.736407,-13.449139],[-40.736342,-13.448888],[-40.736186,-13.448778],[-40.735997,-13.448843],[-40.735661,-13.449182],[-40.735319,-13.449395],[-40.734952,-13.449513],[-40.734388,-13.449597],[-40.733943,-13.449552],[-40.733503,-13.449349],[-40.732525,-13.448843],[-40.731777,-13.448283],[-40.731526,-13.44772],[-40.731106,-13.446754],[-40.730811,-13.445869],[-40.730591,-13.444632],[-40.730505,-13.444067],[-40.730213,-13.443666],[-40.729425,-13.443147],[-40.729051,-13.442826],[-40.728985,-13.442746],[-40.728679,-13.442512],[-40.728594,-13.442265],[-40.728547,-13.44162],[-40.728499,-13.440732],[-40.728658,-13.439762],[-40.728862,-13.439358],[-40.729009,-13.43871],[-40.728901,-13.438333],[-40.728653,-13.438037],[-40.728291,-13.437653],[-40.728187,-13.437424],[-40.72815,-13.437057],[-40.728224,-13.436859],[-40.728334,-13.436358],[-40.728327,-13.436023],[-40.728133,-13.435569],[-40.727839,-13.434844],[-40.727545,-13.43416],[-40.727438,-13.433809],[-40.727334,-13.433048],[-40.727246,-13.432404],[-40.727324,-13.431929],[-40.727652,-13.431432],[-40.728182,-13.430581],[-40.728263,-13.430298],[-40.728708,-13.429321],[-40.728708,-13.429003],[-40.728867,-13.428195],[-40.729115,-13.427513],[-40.72956,-13.427021],[-40.729696,-13.42685],[-40.729911,-13.426677],[-40.730161,-13.426525],[-40.730238,-13.4265],[-40.730743,-13.426193],[-40.731115,-13.426081],[-40.731453,-13.426119],[-40.731867,-13.426237],[-40.732404,-13.426355],[-40.732859,-13.426473],[-40.733272,-13.426511],[-40.733562,-13.42663],[-40.734264,-13.426625],[-40.734882,-13.426459],[-40.735499,-13.426212],[-40.736239,-13.425723],[-40.736936,-13.425153],[-40.737551,-13.424584],[-40.738919,-13.423174],[-40.739574,-13.422484],[-40.740232,-13.422156],[-40.740932,-13.42199],[-40.741177,-13.421666],[-40.741627,-13.421016],[-40.74199,-13.419803],[-40.742355,-13.418953],[-40.742885,-13.417941],[-40.743374,-13.417089],[-40.743743,-13.416724],[-40.744278,-13.416559],[-40.745229,-13.416795],[-40.745914,-13.417086]]]]}},
{"type":"Feature","properties":{"cod_conj":17135,"conjunto":"Barra Da Estiva","distrib":"Neoenergia Coelba","ano":2025,"dec_h":8.99,"dec_lim":17.0,"fec_n":4.13,"fec_lim":7.0,"dec_pct":52.9,"fec_pct":59.0,"situacao":"Dentro dos limites","num_con":33763,"area_ti_km":4661.0,"base_geo":"31/12/2025","fonte":"ANEEL: BDGD Coelba 2025 e Indicadores Coletivos de Continuidade"},"geometry":{"type":"MultiPolygon","coordinates":[[[[-41.9073,-13.310973],[-41.906558,-13.313142],[-41.903347,-13.322536],[-41.901689,-13.323595],[-41.894012,-13.329687],[-41.885899,-13.3362],[-41.884707,-13.338696],[-41.884707,-13.338697],[-41.879069,-13.34692],[-41.871547,-13.351031],[-41.865123,-13.354541],[-41.855192,-13.360261],[-41.85371,-13.361103],[-41.847598,-13.364336],[-41.842329,-13.367163],[-41.840455,-13.368125],[-41.835658,-13.371329],[-41.833567,-13.37156],[-41.807824,-13.391687],[-41.802262,-13.396252],[-41.792791,-13.404823],[-41.791842,-13.405727],[-41.788552,-13.408858],[-41.786439,-13.410899],[-41.782552,-13.413377],[-41.759762,-13.414552],[-41.734718,-13.415841],[-41.734454,-13.416524],[-41.718227,-13.443655],[-41.717358,-13.44543],[-41.711259,-13.453787],[-41.704493,-13.458818],[-41.665006,-13.450984],[-41.664698,-13.450889],[-41.66413,-13.450769],[-41.664073,-13.450758],[-41.663281,-13.450209],[-41.661882,-13.449109],[-41.658312,-13.44594],[-41.655641,-13.443427],[-41.653399,-13.433888],[-41.652193,-13.431929],[-41.649112,-13.430491],[-41.641114,-13.428117],[-41.64197,-13.425726],[-41.643606,-13.421485],[-41.64386,-13.420792],[-41.644223,-13.419888],[-41.64474,-13.418768],[-41.644774,-13.418623],[-41.644883,-13.417955],[-41.644913,-13.417666],[-41.644394,-13.415613],[-41.644352,-13.414997],[-41.644305,-13.413605],[-41.644152,-13.412093],[-41.64402,-13.411337],[-41.643147,-13.411],[-41.641918,-13.410606],[-41.641689,-13.410522],[-41.641322,-13.410346],[-41.640376,-13.410012],[-41.639725,-13.409883],[-41.63884,-13.409875],[-41.634936,-13.408701],[-41.6341,-13.408449],[-41.633393,-13.408052],[-41.630906,-13.408316],[-41.629472,-13.407776],[-41.62733,-13.406855],[-41.62573,-13.406115],[-41.624623,-13.405572],[-41.622976,-13.404354],[-41.622308,-13.403831],[-41.622291,-13.403346],[-41.622573,-13.396348],[-41.613162,-13.394348],[-41.612602,-13.394561],[-41.611153,-13.395179],[-41.610684,-13.395399],[-41.609845,-13.395836],[-41.609025,-13.396307],[-41.608767,-13.396468],[-41.608283,-13.396799],[-41.607567,-13.397342],[-41.606961,-13.397855],[-41.606586,-13.398212],[-41.606509,-13.398295],[-41.606049,-13.398793],[-41.605644,-13.399298],[-41.605274,-13.399836],[-41.605121,-13.4001],[-41.604932,-13.400491],[-41.604639,-13.401242],[-41.604509,-13.401685],[-41.604411,-13.402167],[-41.604354,-13.402633],[-41.603983,-13.404057],[-41.603502,-13.405158],[-41.602776,-13.406375],[-41.602754,-13.406406],[-41.602664,-13.406503],[-41.601945,-13.407183],[-41.601531,-13.407532],[-41.60116,-13.407811],[-41.600137,-13.408496],[-41.600032,-13.40856],[-41.59883,-13.409172],[-41.596012,-13.410362],[-41.590196,-13.406706],[-41.587966,-13.40523],[-41.586897,-13.404439],[-41.58684,-13.404395],[-41.585223,-13.402138],[-41.581298,-13.396368],[-41.580583,-13.395345],[-41.579897,-13.394391],[-41.57932,-13.39363],[-41.57798,-13.391906],[-41.5777,-13.390947],[-41.577685,-13.390898],[-41.577631,-13.390726],[-41.577273,-13.389675],[-41.576897,-13.388682],[-41.576385,-13.387367],[-41.57622,-13.386935],[-41.576012,-13.38642],[-41.575828,-13.385979],[-41.5757,-13.385777],[-41.575234,-13.385057],[-41.568528,-13.384324],[-41.563715,-13.383755],[-41.562196,-13.383696],[-41.557046,-13.383555],[-41.553772,-13.383523],[-41.553528,-13.383524],[-41.553201,-13.383846],[-41.550589,-13.386611],[-41.549613,-13.387715],[-41.548979,-13.388486],[-41.547523,-13.390395],[-41.546562,-13.391751],[-41.545437,-13.393481],[-41.544238,-13.395519],[-41.543218,-13.397472],[-41.542468,-13.399111],[-41.54177,-13.400839],[-41.540976,-13.403132],[-41.540385,-13.405198],[-41.539935,-13.40715],[-41.53954,-13.409391],[-41.539234,-13.411917],[-41.539097,-13.413899],[-41.539063,-13.415447],[-41.539124,-13.417807],[-41.539285,-13.420061],[-41.539392,-13.420996],[-41.539429,-13.422007],[-41.539473,-13.422589],[-41.539552,-13.423604],[-41.539692,-13.424778],[-41.538822,-13.425861],[-41.537352,-13.427858],[-41.536159,-13.42963],[-41.535205,-13.431192],[-41.534219,-13.432988],[-41.533539,-13.434376],[-41.532415,-13.435024],[-41.530454,-13.436283],[-41.530427,-13.436303],[-41.528106,-13.43862],[-41.528065,-13.43866],[-41.522118,-13.444375],[-41.519243,-13.446088],[-41.517878,-13.446854],[-41.516202,-13.447683],[-41.515772,-13.448009],[-41.515574,-13.448192],[-41.514233,-13.449425],[-41.513871,-13.449836],[-41.512699,-13.450997],[-41.511495,-13.452461],[-41.511129,-13.453018],[-41.510117,-13.454223],[-41.509087,-13.455774],[-41.509047,-13.455835],[-41.508972,-13.455948],[-41.508927,-13.456015],[-41.508908,-13.456042],[-41.508561,-13.456689],[-41.50776,-13.457644],[-41.506545,-13.459452],[-41.506329,-13.459861],[-41.505802,-13.46082],[-41.505686,-13.460988],[-41.505578,-13.461138],[-41.505524,-13.461209],[-41.504498,-13.462918],[-41.503607,-13.464811],[-41.503169,-13.466009],[-41.502974,-13.466544],[-41.50287,-13.466922],[-41.502462,-13.468403],[-41.502085,-13.470353],[-41.501888,-13.471976],[-41.501779,-13.473867],[-41.50177,-13.476401],[-41.502048,-13.479903],[-41.502093,-13.480475],[-41.502786,-13.48463],[-41.502833,-13.484842],[-41.502624,-13.485579],[-41.502261,-13.486318],[-41.501955,-13.487018],[-41.501947,-13.487036],[-41.501424,-13.487904],[-41.500605,-13.489405],[-41.499601,-13.491408],[-41.499564,-13.491479],[-41.499008,-13.492631],[-41.498363,-13.494122],[-41.498124,-13.494746],[-41.497398,-13.496541],[-41.497367,-13.496615],[-41.49689,-13.49788],[-41.496709,-13.498417],[-41.496208,-13.499723],[-41.495623,-13.501412],[-41.495455,-13.501954],[-41.494841,-13.504038],[-41.494679,-13.504631],[-41.49423,-13.506553],[-41.493507,-13.510246],[-41.493506,-13.510249],[-41.492865,-13.510834],[-41.492077,-13.511601],[-41.490453,-13.513288],[-41.490421,-13.513301],[-41.490416,-13.513302],[-41.487683,-13.514222],[-41.485156,-13.515174],[-41.483407,-13.515903],[-41.481857,-13.516612],[-41.475235,-13.520702],[-41.472883,-13.522155],[-41.472593,-13.522376],[-41.471384,-13.523404],[-41.464548,-13.531263],[-41.464116,-13.53192],[-41.463002,-13.533844],[-41.462137,-13.535567],[-41.462131,-13.535581],[-41.462514,-13.537265],[-41.464402,-13.544897],[-41.464588,-13.545587],[-41.467667,-13.552673],[-41.468074,-13.553564],[-41.468473,-13.554825],[-41.469746,-13.558262],[-41.470695,-13.560412],[-41.471245,-13.56181],[-41.476109,-13.573873],[-41.475781,-13.574189],[-41.474483,-13.575457],[-41.473828,-13.576074],[-41.471026,-13.578638],[-41.46945,-13.58003],[-41.469305,-13.580154],[-41.46909,-13.58033],[-41.468367,-13.580901],[-41.466874,-13.582035],[-41.465418,-13.583097],[-41.465204,-13.583247],[-41.464865,-13.583474],[-41.463371,-13.584435],[-41.459888,-13.586569],[-41.447442,-13.592469],[-41.446083,-13.59351],[-41.440484,-13.5979],[-41.440426,-13.597974],[-41.438506,-13.600645],[-41.437978,-13.60143],[-41.437494,-13.603154],[-41.434372,-13.607181],[-41.438137,-13.631197],[-41.438312,-13.632601],[-41.438984,-13.639929],[-41.439245,-13.642402],[-41.438184,-13.645905],[-41.437445,-13.648533],[-41.437459,-13.649588],[-41.435749,-13.653717],[-41.434829,-13.65426],[-41.431975,-13.656065],[-41.429197,-13.657083],[-41.426718,-13.65816],[-41.424141,-13.659495],[-41.421966,-13.660807],[-41.421633,-13.660847],[-41.419444,-13.661245],[-41.419115,-13.661314],[-41.418073,-13.661608],[-41.415661,-13.662557],[-41.414935,-13.662898],[-41.413751,-13.666631],[-41.413761,-13.667655],[-41.413874,-13.669231],[-41.413937,-13.66971],[-41.413209,-13.670848],[-41.412894,-13.671231],[-41.412437,-13.671671],[-41.412054,-13.67207],[-41.412046,-13.671309],[-41.411808,-13.670774],[-41.411445,-13.670283],[-41.410597,-13.669838],[-41.40988,-13.669783],[-41.409353,-13.66987],[-41.408808,-13.670165],[-41.408116,-13.67046],[-41.407611,-13.670485],[-41.406763,-13.670102],[-41.406166,-13.669427],[-41.405889,-13.669141],[-41.405212,-13.668962],[-41.404559,-13.668968],[-41.403822,-13.668996],[-41.403128,-13.669167],[-41.402767,-13.669601],[-41.402555,-13.66986],[-41.402367,-13.670142],[-41.402059,-13.670367],[-41.401762,-13.670486],[-41.401415,-13.670432],[-41.400898,-13.670144],[-41.400599,-13.670066],[-41.400276,-13.670033],[-41.400051,-13.670141],[-41.399849,-13.670318],[-41.399709,-13.670635],[-41.399712,-13.670939],[-41.400086,-13.671308],[-41.400255,-13.671541],[-41.400245,-13.67174],[-41.400105,-13.672021],[-41.399397,-13.672846],[-41.39864,-13.673531],[-41.398219,-13.674352],[-41.397785,-13.675104],[-41.39737,-13.675505],[-41.396801,-13.675837],[-41.3958,-13.676128],[-41.395062,-13.67631],[-41.394516,-13.676584],[-41.394031,-13.676987],[-41.393927,-13.676898],[-41.393749,-13.676859],[-41.393571,-13.676821],[-41.393461,-13.676809],[-41.393161,-13.676812],[-41.392969,-13.676788],[-41.392874,-13.676761],[-41.392805,-13.676722],[-41.392763,-13.676696],[-41.392667,-13.67663],[-41.392558,-13.676565],[-41.392475,-13.676499],[-41.392337,-13.676407],[-41.392213,-13.676314],[-41.391993,-13.67617],[-41.391643,-13.675875],[-41.391506,-13.675783],[-41.391409,-13.675745],[-41.391231,-13.675679],[-41.391122,-13.675667],[-41.391026,-13.675681],[-41.390945,-13.675695],[-41.390849,-13.675723],[-41.390794,-13.675737],[-41.390686,-13.675778],[-41.390645,-13.675805],[-41.39055,-13.675859],[-41.390455,-13.675953],[-41.390265,-13.676142],[-41.389359,-13.677005],[-41.388938,-13.677315],[-41.388857,-13.677357],[-41.388721,-13.677384],[-41.388653,-13.677398],[-41.388543,-13.677413],[-41.388284,-13.677415],[-41.388202,-13.677403],[-41.388093,-13.677404],[-41.387983,-13.677391],[-41.387887,-13.677366],[-41.387791,-13.677326],[-41.387681,-13.677288],[-41.387572,-13.677262],[-41.387462,-13.67721],[-41.387366,-13.67717],[-41.387269,-13.677118],[-41.387174,-13.677079],[-41.386982,-13.676988],[-41.386776,-13.67691],[-41.386679,-13.676883],[-41.386556,-13.676845],[-41.38642,-13.676806],[-41.386255,-13.676781],[-41.386091,-13.676756],[-41.385763,-13.676732],[-41.385126,-13.676644],[-41.384277,-13.676518],[-41.38373,-13.676391],[-41.38277,-13.676066],[-41.38255,-13.676002],[-41.382399,-13.675923],[-41.382248,-13.675817],[-41.382082,-13.675646],[-41.382013,-13.675553],[-41.381943,-13.675434],[-41.381915,-13.675314],[-41.381886,-13.67518],[-41.381844,-13.675021],[-41.381828,-13.674875],[-41.381813,-13.674701],[-41.381757,-13.674594],[-41.381715,-13.674475],[-41.381667,-13.67436],[-41.381584,-13.674294],[-41.381489,-13.674242],[-41.38142,-13.67423],[-41.38131,-13.674204],[-41.381201,-13.674191],[-41.381105,-13.674179],[-41.381037,-13.674167],[-41.380927,-13.674168],[-41.380846,-13.674168],[-41.38079,-13.674182],[-41.380655,-13.674224],[-41.380573,-13.674264],[-41.380478,-13.674318],[-41.380437,-13.674346],[-41.380355,-13.6744],[-41.380287,-13.67444],[-41.380219,-13.674468],[-41.380138,-13.674495],[-41.380057,-13.674549],[-41.379948,-13.674617],[-41.37988,-13.674645],[-41.379812,-13.674685],[-41.379717,-13.674726],[-41.379662,-13.674766],[-41.37954,-13.674821],[-41.379445,-13.674876],[-41.379295,-13.674931],[-41.379187,-13.674958],[-41.379077,-13.674972],[-41.378996,-13.674973],[-41.37894,-13.67496],[-41.378859,-13.674947],[-41.37879,-13.674935],[-41.378707,-13.674883],[-41.37857,-13.674804],[-41.378404,-13.674632],[-41.378362,-13.674565],[-41.378293,-13.674473],[-41.378209,-13.674261],[-41.378195,-13.67418],[-41.378193,-13.673967],[-41.378218,-13.673766],[-41.378218,-13.673699],[-41.378243,-13.673593],[-41.37827,-13.673499],[-41.378296,-13.673432],[-41.378309,-13.673325],[-41.378308,-13.673232],[-41.378307,-13.673166],[-41.378279,-13.673072],[-41.378197,-13.673046],[-41.378115,-13.67302],[-41.378006,-13.673021],[-41.377787,-13.67305],[-41.377665,-13.673091],[-41.377528,-13.673132],[-41.377269,-13.673215],[-41.377065,-13.673271],[-41.376457,-13.673448],[-41.376297,-13.67345],[-41.376181,-13.673436],[-41.376108,-13.673437],[-41.375964,-13.673424],[-41.375862,-13.673411],[-41.375673,-13.673371],[-41.375571,-13.673329],[-41.375456,-13.673301],[-41.375339,-13.673274],[-41.375223,-13.673219],[-41.375106,-13.673178],[-41.37499,-13.673165],[-41.374889,-13.673151],[-41.374816,-13.673152],[-41.374758,-13.673139],[-41.374715,-13.673153],[-41.374556,-13.673197],[-41.374469,-13.67324],[-41.374382,-13.673269],[-41.374209,-13.6733],[-41.374064,-13.673301],[-41.373861,-13.673261],[-41.373774,-13.673247],[-41.373716,-13.673233],[-41.373657,-13.673206],[-41.3736,-13.673178],[-41.373526,-13.673108],[-41.373453,-13.673024],[-41.373394,-13.67294],[-41.373335,-13.672841],[-41.37326,-13.672601],[-41.373127,-13.67232],[-41.372936,-13.672039],[-41.372702,-13.671829],[-41.372543,-13.671773],[-41.372469,-13.671746],[-41.372354,-13.671733],[-41.372267,-13.671734],[-41.372137,-13.671749],[-41.371992,-13.671793],[-41.371804,-13.671851],[-41.371689,-13.671866],[-41.371501,-13.671896],[-41.371327,-13.671927],[-41.370966,-13.672029],[-41.370547,-13.672188],[-41.369731,-13.672557],[-41.369579,-13.672633],[-41.369425,-13.672691],[-41.369252,-13.672731],[-41.369078,-13.672751],[-41.368886,-13.672772],[-41.368674,-13.672774],[-41.368559,-13.672738],[-41.368436,-13.672718],[-41.368435,-13.672718],[-41.368183,-13.672784],[-41.367896,-13.672955],[-41.367456,-13.673279],[-41.367016,-13.673603],[-41.366749,-13.673851],[-41.36608,-13.674497],[-41.365432,-13.675124],[-41.364706,-13.675771],[-41.364018,-13.676323],[-41.363598,-13.676666],[-41.363234,-13.676876],[-41.361794,-13.677801],[-41.3603,-13.678775],[-41.360109,-13.678927],[-41.359956,-13.67906],[-41.359784,-13.679194],[-41.359574,-13.679365],[-41.359345,-13.679518],[-41.359115,-13.67967],[-41.358923,-13.679785],[-41.358674,-13.679957],[-41.358273,-13.680337],[-41.357619,-13.680995],[-41.357068,-13.68164],[-41.356363,-13.68255],[-41.356041,-13.683043],[-41.355908,-13.683251],[-41.355681,-13.683591],[-41.355605,-13.683761],[-41.355568,-13.683837],[-41.355472,-13.68397],[-41.355377,-13.684102],[-41.355282,-13.684234],[-41.355188,-13.684405],[-41.355092,-13.684556],[-41.354978,-13.684708],[-41.354424,-13.685609],[-41.353626,-13.68684],[-41.353171,-13.687559],[-41.352867,-13.688013],[-41.352525,-13.68843],[-41.352333,-13.688545],[-41.352199,-13.688621],[-41.352007,-13.688698],[-41.351892,-13.688737],[-41.351719,-13.688814],[-41.351489,-13.68891],[-41.351374,-13.688949],[-41.351143,-13.689007],[-41.35099,-13.689047],[-41.350893,-13.689067],[-41.35072,-13.689106],[-41.35022,-13.689148],[-41.350008,-13.689169],[-41.349777,-13.689209],[-41.349257,-13.689195],[-41.348515,-13.689191],[-41.34786,-13.689216],[-41.347109,-13.689242],[-41.346839,-13.689282],[-41.34657,-13.689341],[-41.346378,-13.689419],[-41.346032,-13.689553],[-41.345688,-13.689782],[-41.345189,-13.690069],[-41.344501,-13.690509],[-41.343984,-13.690909],[-41.342906,-13.691794],[-41.342352,-13.692232],[-41.342085,-13.692325],[-41.342064,-13.692423],[-41.341354,-13.693114],[-41.341225,-13.69324],[-41.340441,-13.693831],[-41.33931,-13.694462],[-41.337886,-13.695294],[-41.337733,-13.69539],[-41.33758,-13.695504],[-41.337446,-13.695581],[-41.337312,-13.695657],[-41.337182,-13.695701],[-41.337082,-13.695735],[-41.336909,-13.695793],[-41.336716,-13.695814],[-41.336524,-13.695853],[-41.336351,-13.695892],[-41.336024,-13.695952],[-41.335774,-13.695992],[-41.33562,-13.696012],[-41.335485,-13.696014],[-41.335254,-13.696053],[-41.335062,-13.696093],[-41.334812,-13.69617],[-41.334757,-13.696189],[-41.334639,-13.696228],[-41.334467,-13.696324],[-41.334352,-13.696419],[-41.334152,-13.696604],[-41.333949,-13.696717],[-41.333643,-13.696911],[-41.332918,-13.697328],[-41.332251,-13.6978],[-41.331331,-13.698328],[-41.330328,-13.698912],[-41.329716,-13.699328],[-41.329326,-13.699605],[-41.327902,-13.700146],[-41.32786,-13.700162],[-41.327846,-13.700167],[-41.293919,-13.707655],[-41.293919,-13.707655],[-41.294332,-13.706728],[-41.296063,-13.705609],[-41.297179,-13.704977],[-41.298485,-13.703386],[-41.299131,-13.7018],[-41.299805,-13.699724],[-41.300264,-13.697628],[-41.300326,-13.696331],[-41.300384,-13.694822],[-41.300265,-13.693787],[-41.300144,-13.692742],[-41.300134,-13.691736],[-41.300327,-13.689967],[-41.30086,-13.688319],[-41.301553,-13.686839],[-41.30199,-13.686102],[-41.302353,-13.685491],[-41.302352,-13.68549],[-41.302289,-13.684955],[-41.301811,-13.684658],[-41.300831,-13.684174],[-41.299806,-13.683343],[-41.299054,-13.682965],[-41.298503,-13.682702],[-41.297522,-13.682589],[-41.296007,-13.682869],[-41.29498,-13.68295],[-41.293755,-13.682993],[-41.292687,-13.682693],[-41.291776,-13.682333],[-41.290712,-13.681913],[-41.289651,-13.681382],[-41.288575,-13.68107],[-41.287724,-13.681078],[-41.287057,-13.681206],[-41.286032,-13.681618],[-41.284915,-13.682362],[-41.283606,-13.683558],[-41.282741,-13.684644],[-41.281453,-13.686056],[-41.249181,-13.718142],[-41.249181,-13.718142],[-41.249086,-13.718082],[-41.249039,-13.718037],[-41.248992,-13.717976],[-41.248944,-13.7179],[-41.248896,-13.717824],[-41.248848,-13.717717],[-41.248815,-13.717595],[-41.248782,-13.717443],[-41.24875,-13.71732],[-41.248748,-13.717152],[-41.248762,-13.716968],[-41.248792,-13.71683],[-41.248869,-13.71663],[-41.24893,-13.716462],[-41.248991,-13.716293],[-41.249066,-13.716001],[-41.24911,-13.715619],[-41.249139,-13.715404],[-41.249138,-13.715267],[-41.249121,-13.715129],[-41.249104,-13.714992],[-41.249087,-13.714884],[-41.24907,-13.714732],[-41.249053,-13.714595],[-41.248989,-13.714426],[-41.248941,-13.714289],[-41.248829,-13.714122],[-41.248687,-13.714016],[-41.248498,-13.713911],[-41.248324,-13.713775],[-41.248056,-13.713609],[-41.247467,-13.713206],[-41.246491,-13.71271],[-41.244996,-13.712111],[-41.243172,-13.71141],[-41.242523,-13.711148],[-41.242318,-13.711073],[-41.242208,-13.711028],[-41.242098,-13.710968],[-41.241987,-13.710893],[-41.241892,-13.710817],[-41.241798,-13.710711],[-41.241718,-13.710619],[-41.241655,-13.710559],[-41.241498,-13.710438],[-41.241291,-13.710241],[-41.241118,-13.71012],[-41.24096,-13.710015],[-41.240834,-13.709939],[-41.240693,-13.709849],[-41.240409,-13.709667],[-41.240235,-13.709562],[-41.240062,-13.709456],[-41.23981,-13.709352],[-41.23959,-13.709262],[-41.239401,-13.709172],[-41.23926,-13.709127],[-41.238897,-13.708947],[-41.23844,-13.708706],[-41.238188,-13.708525],[-41.237904,-13.708252],[-41.237555,-13.707873],[-41.237128,-13.707418],[-41.236883,-13.707072],[-41.236235,-13.706467],[-41.235366,-13.70577],[-41.234341,-13.705076],[-41.233584,-13.704517],[-41.233189,-13.704214],[-41.232715,-13.703684],[-41.232364,-13.703075],[-41.232041,-13.702655],[-41.231835,-13.702412],[-41.231645,-13.702184],[-41.231556,-13.702078],[-41.231278,-13.701849],[-41.231134,-13.701723],[-41.231108,-13.701701],[-41.231073,-13.701679],[-41.231032,-13.701656],[-41.230982,-13.701636],[-41.230916,-13.701607],[-41.230664,-13.701505],[-41.230259,-13.701294],[-41.229328,-13.70069],[-41.228334,-13.699996],[-41.227584,-13.699257],[-41.227141,-13.698665],[-41.226758,-13.697964],[-41.226215,-13.696914],[-41.225736,-13.695954],[-41.225332,-13.695088],[-41.225174,-13.694906],[-41.224527,-13.694438],[-41.224149,-13.694304],[-41.223694,-13.6942],[-41.22338,-13.694157],[-41.222973,-13.694161],[-41.222706,-13.694163],[-41.222472,-13.69418],[-41.222222,-13.694229],[-41.221909,-13.69437],[-41.221313,-13.694642],[-41.221126,-13.694796],[-41.220956,-13.694996],[-41.220801,-13.695243],[-41.220709,-13.695458],[-41.220633,-13.695657],[-41.220044,-13.696474],[-41.219905,-13.696612],[-41.219733,-13.696737],[-41.219563,-13.696891],[-41.219407,-13.69703],[-41.219143,-13.697277],[-41.218911,-13.697478],[-41.21877,-13.697602],[-41.218614,-13.697741],[-41.218491,-13.697864],[-41.218351,-13.697988],[-41.218226,-13.698127],[-41.218134,-13.698235],[-41.21801,-13.698389],[-41.217917,-13.698558],[-41.217826,-13.698773],[-41.217716,-13.699109],[-41.217687,-13.699323],[-41.217673,-13.699507],[-41.217644,-13.699767],[-41.217631,-13.700119],[-41.217618,-13.700333],[-41.217619,-13.700532],[-41.217637,-13.700761],[-41.217671,-13.700991],[-41.217785,-13.701464],[-41.21785,-13.701678],[-41.21795,-13.702248],[-41.218001,-13.702722],[-41.21802,-13.703028],[-41.218006,-13.703227],[-41.217962,-13.703533],[-41.217919,-13.703992],[-41.217874,-13.704253],[-41.217845,-13.704467],[-41.217663,-13.705081],[-41.217618,-13.705156],[-41.217299,-13.705252],[-41.217151,-13.705253],[-41.216984,-13.705274],[-41.216898,-13.70525],[-41.216662,-13.705277],[-41.216452,-13.705241],[-41.216334,-13.705178],[-41.216176,-13.705078],[-41.215885,-13.704837],[-41.215067,-13.704077],[-41.214246,-13.703215],[-41.214009,-13.703012],[-41.213903,-13.702924],[-41.213758,-13.702836],[-41.21364,-13.702786],[-41.213535,-13.702748],[-41.213338,-13.702725],[-41.213155,-13.702714],[-41.212932,-13.702754],[-41.21271,-13.702832],[-41.21241,-13.70295],[-41.212111,-13.703132],[-41.211759,-13.703288],[-41.211498,-13.703432],[-41.211185,-13.703601],[-41.210912,-13.703769],[-41.210665,-13.703886],[-41.210325,-13.70403],[-41.209986,-13.704161],[-41.20953,-13.704357],[-41.209151,-13.704513],[-41.208682,-13.70471],[-41.208316,-13.704828],[-41.208084,-13.704871],[-41.207836,-13.704911],[-41.207652,-13.704913],[-41.207508,-13.704889],[-41.207402,-13.704787],[-41.207283,-13.704648],[-41.207163,-13.704418],[-41.207096,-13.704253],[-41.207029,-13.704113],[-41.206936,-13.703935],[-41.20598,-13.702511],[-41.205737,-13.70216],[-41.205341,-13.701755],[-41.20509,-13.701552],[-41.204866,-13.701427],[-41.204695,-13.701326],[-41.204498,-13.701225],[-41.204248,-13.701112],[-41.203984,-13.701],[-41.203748,-13.700925],[-41.203473,-13.700864],[-41.203145,-13.700816],[-41.20283,-13.70078],[-41.202555,-13.700782],[-41.202215,-13.700798],[-41.201927,-13.700827],[-41.201626,-13.700855],[-41.201417,-13.700882],[-41.201138,-13.700894],[-41.200993,-13.700883],[-41.20077,-13.700822],[-41.200625,-13.700695],[-41.200479,-13.700492],[-41.200345,-13.700225],[-41.199971,-13.699409],[-41.199491,-13.6985],[-41.198934,-13.697789],[-41.197965,-13.696758],[-41.197133,-13.696023],[-41.196158,-13.695457],[-41.195633,-13.695244],[-41.195226,-13.695146],[-41.194976,-13.695071],[-41.194714,-13.695009],[-41.194466,-13.694986],[-41.19423,-13.694976],[-41.193954,-13.694965],[-41.193666,-13.694942],[-41.193207,-13.694946],[-41.192933,-13.694974],[-41.192632,-13.695002],[-41.191948,-13.695132],[-41.191478,-13.6952],[-41.191125,-13.69519],[-41.190765,-13.694907],[-41.190459,-13.694613],[-41.190282,-13.694382],[-41.190023,-13.693979],[-41.189778,-13.693389],[-41.189644,-13.692736],[-41.189559,-13.69213],[-41.189324,-13.69087],[-41.189029,-13.689725],[-41.188833,-13.689197],[-41.188557,-13.688654],[-41.188008,-13.687958],[-41.187277,-13.686929],[-41.187115,-13.686728],[-41.187003,-13.686635],[-41.186906,-13.686511],[-41.186793,-13.686388],[-41.186712,-13.686264],[-41.186647,-13.68614],[-41.186567,-13.686001],[-41.186501,-13.685845],[-41.186452,-13.685722],[-41.186435,-13.685565],[-41.186434,-13.685425],[-41.186415,-13.685255],[-41.186414,-13.685145],[-41.186382,-13.685036],[-41.186333,-13.684881],[-41.186252,-13.68471],[-41.186138,-13.684556],[-41.18588,-13.684247],[-41.185623,-13.684016],[-41.185477,-13.683845],[-41.185188,-13.68349],[-41.185106,-13.683335],[-41.185057,-13.683149],[-41.185007,-13.682953],[-41.184877,-13.682674],[-41.184828,-13.68255],[-41.184779,-13.682472],[-41.18473,-13.682379],[-41.184666,-13.682302],[-41.184601,-13.682209],[-41.184505,-13.68207],[-41.184407,-13.681962],[-41.184327,-13.6819],[-41.184215,-13.681808],[-41.184166,-13.681731],[-41.184118,-13.681699],[-41.184022,-13.681622],[-41.183925,-13.681514],[-41.183877,-13.681437],[-41.183811,-13.681266],[-41.183793,-13.681095],[-41.183808,-13.680955],[-41.183933,-13.680611],[-41.184152,-13.680173],[-41.184195,-13.680038],[-41.18421,-13.679945],[-41.184208,-13.67968],[-41.18419,-13.67954],[-41.184173,-13.679368],[-41.184123,-13.679198],[-41.18409,-13.679058],[-41.183603,-13.678159],[-41.183054,-13.677386],[-41.182794,-13.676972],[-41.182696,-13.676755],[-41.182615,-13.676569],[-41.182533,-13.676414],[-41.182467,-13.676135],[-41.182401,-13.675917],[-41.182335,-13.675653],[-41.182286,-13.675467],[-41.182252,-13.675358],[-41.182203,-13.675218],[-41.182041,-13.674862],[-41.182007,-13.674675],[-41.181958,-13.674598],[-41.181863,-13.674567],[-41.181783,-13.674568],[-41.181671,-13.674538],[-41.181574,-13.67446],[-41.181494,-13.674368],[-41.181396,-13.674229],[-41.181252,-13.67409],[-41.181156,-13.673981],[-41.181059,-13.673874],[-41.180945,-13.673718],[-41.180849,-13.673641],[-41.180737,-13.673518],[-41.180624,-13.67341],[-41.180238,-13.673024],[-41.180192,-13.672939],[-41.180192,-13.672939],[-41.179816,-13.672554],[-41.17967,-13.672368],[-41.179574,-13.672276],[-41.179445,-13.672136],[-41.179412,-13.67209],[-41.179348,-13.672028],[-41.179284,-13.671982],[-41.179204,-13.67192],[-41.17914,-13.671905],[-41.179059,-13.671891],[-41.178932,-13.671907],[-41.17882,-13.671923],[-41.178677,-13.671972],[-41.178583,-13.672082],[-41.178472,-13.672191],[-41.178362,-13.672332],[-41.178299,-13.672473],[-41.178152,-13.672855],[-41.178044,-13.67323],[-41.177935,-13.673495],[-41.177809,-13.67373],[-41.177684,-13.673949],[-41.177463,-13.674232],[-41.17729,-13.674419],[-41.177084,-13.674593],[-41.176798,-13.674751],[-41.176544,-13.674893],[-41.176274,-13.675005],[-41.175956,-13.675101],[-41.175638,-13.675197],[-41.175271,-13.675216],[-41.174937,-13.675234],[-41.17433,-13.675209],[-41.174011,-13.675196],[-41.173756,-13.675198],[-41.173485,-13.675185],[-41.173181,-13.675157],[-41.172894,-13.675127],[-41.172655,-13.675083],[-41.172446,-13.674991],[-41.17227,-13.6749],[-41.172094,-13.674792],[-41.171949,-13.674669],[-41.17182,-13.674514],[-41.171707,-13.67439],[-41.170898,-13.67309],[-41.170344,-13.672384],[-41.169909,-13.67192],[-41.169732,-13.671766],[-41.169459,-13.671597],[-41.169235,-13.671491],[-41.168772,-13.671417],[-41.168469,-13.671403],[-41.16815,-13.671375],[-41.167926,-13.671362],[-41.16764,-13.671488],[-41.167336,-13.672068],[-41.167226,-13.672303],[-41.167116,-13.672538],[-41.167022,-13.672695],[-41.166912,-13.672819],[-41.166706,-13.67304],[-41.166627,-13.673134],[-41.166485,-13.67326],[-41.166342,-13.67337],[-41.166152,-13.673465],[-41.166024,-13.673513],[-41.165865,-13.673561],[-41.165754,-13.673578],[-41.165579,-13.673625],[-41.165419,-13.673643],[-41.165261,-13.673644],[-41.165132,-13.673614],[-41.165036,-13.673599],[-41.164876,-13.67357],[-41.164781,-13.673539],[-41.164652,-13.673447],[-41.164556,-13.673354],[-41.164459,-13.673277],[-41.164363,-13.673169],[-41.164282,-13.673077],[-41.164218,-13.672984],[-41.164169,-13.672875],[-41.164119,-13.672751],[-41.164071,-13.672674],[-41.163975,-13.672597],[-41.163862,-13.672519],[-41.16375,-13.672427],[-41.163621,-13.67235],[-41.163478,-13.67232],[-41.163334,-13.672306],[-41.163111,-13.672323],[-41.16292,-13.672356],[-41.162713,-13.672436],[-41.162538,-13.672562],[-41.162381,-13.672688],[-41.162222,-13.672845],[-41.162096,-13.673018],[-41.161923,-13.6733],[-41.161829,-13.673456],[-41.161719,-13.673581],[-41.161497,-13.673817],[-41.161371,-13.673959],[-41.161213,-13.674115],[-41.16107,-13.674241],[-41.160881,-13.674399],[-41.160722,-13.674556],[-41.160517,-13.674745],[-41.16028,-13.674996],[-41.160011,-13.675264],[-41.159742,-13.675499],[-41.15941,-13.675798],[-41.159125,-13.676019],[-41.158776,-13.676286],[-41.158137,-13.676716],[-41.157853,-13.676868],[-41.157695,-13.676937],[-41.157581,-13.67696],[-41.157331,-13.67694],[-41.157149,-13.676897],[-41.156784,-13.676833],[-41.156373,-13.676704],[-41.156008,-13.676529],[-41.155887,-13.676431],[-41.15567,-13.676336],[-41.154887,-13.676047],[-41.154726,-13.675986],[-41.154614,-13.675925],[-41.154486,-13.675864],[-41.154422,-13.675817],[-41.154342,-13.675756],[-41.154213,-13.675632],[-41.154149,-13.675555],[-41.1541,-13.675462],[-41.154067,-13.6754],[-41.154035,-13.675322],[-41.153986,-13.675245],[-41.15397,-13.675182],[-41.153937,-13.675137],[-41.153904,-13.675028],[-41.153871,-13.67495],[-41.153822,-13.674826],[-41.15379,-13.674732],[-41.153741,-13.674609],[-41.153725,-13.674562],[-41.153357,-13.673337],[-41.15329,-13.672995],[-41.153206,-13.672513],[-41.153154,-13.672108],[-41.15312,-13.671797],[-41.153071,-13.671658],[-41.15302,-13.671409],[-41.152971,-13.671269],[-41.152923,-13.67116],[-41.152874,-13.671068],[-41.152468,-13.670355],[-41.152094,-13.669741],[-41.152029,-13.669617],[-41.151948,-13.669477],[-41.1519,-13.669384],[-41.151835,-13.669291],[-41.151739,-13.669183],[-41.151626,-13.66906],[-41.151513,-13.668983],[-41.151385,-13.668937],[-41.151273,-13.668923],[-41.15113,-13.668908],[-41.150955,-13.668909],[-41.150811,-13.66888],[-41.150651,-13.668834],[-41.15049,-13.668789],[-41.150331,-13.668759],[-41.150171,-13.66873],[-41.150027,-13.668653],[-41.149931,-13.668607],[-41.149835,-13.668561],[-41.149704,-13.668448],[-41.149494,-13.668185],[-41.149299,-13.667766],[-41.149232,-13.667439],[-41.149166,-13.667098],[-41.149115,-13.666771],[-41.149063,-13.666413],[-41.149061,-13.666132],[-41.149027,-13.6659],[-41.149025,-13.665697],[-41.148669,-13.664986],[-41.148474,-13.664712],[-41.148314,-13.664543],[-41.14811,-13.66439],[-41.14795,-13.664279],[-41.14779,-13.664181],[-41.147587,-13.66407],[-41.147383,-13.663987],[-41.147209,-13.663904],[-41.146992,-13.663807],[-41.146816,-13.663724],[-41.146381,-13.663587],[-41.146061,-13.663378],[-41.145741,-13.663168],[-41.145406,-13.662917],[-41.144909,-13.662299],[-41.144379,-13.661658],[-41.144204,-13.661476],[-41.144131,-13.661351],[-41.144072,-13.661224],[-41.144028,-13.661083],[-41.143997,-13.66097],[-41.143953,-13.660858],[-41.143922,-13.660632],[-41.143892,-13.660534],[-41.143848,-13.660436],[-41.143702,-13.660197],[-41.143319,-13.659791],[-41.143159,-13.659609],[-41.142984,-13.659469],[-41.142882,-13.659399],[-41.142723,-13.65933],[-41.142549,-13.659289],[-41.142375,-13.659249],[-41.142158,-13.659209],[-41.141984,-13.659153],[-41.141839,-13.659141],[-41.141594,-13.659129],[-41.141348,-13.659173],[-41.140945,-13.659332],[-41.140556,-13.659434],[-41.140411,-13.659435],[-41.140295,-13.659422],[-41.140164,-13.659367],[-41.140077,-13.659311],[-41.140019,-13.659255],[-41.139916,-13.659143],[-41.139858,-13.65896],[-41.139827,-13.658791],[-41.139767,-13.65858],[-41.139738,-13.658481],[-41.139707,-13.658354],[-41.139692,-13.65827],[-41.139648,-13.658129],[-41.139587,-13.658035],[-41.139513,-13.657895],[-41.139397,-13.657755],[-41.139207,-13.657616],[-41.139076,-13.657504],[-41.138232,-13.656904],[-41.137678,-13.656344],[-41.136643,-13.655464],[-41.136149,-13.655059],[-41.135595,-13.654583],[-41.135028,-13.654165],[-41.134179,-13.653471],[-41.133406,-13.652787],[-41.132765,-13.652185],[-41.13243,-13.651849],[-41.132298,-13.651709],[-41.132167,-13.651597],[-41.131848,-13.651502],[-41.131444,-13.651561],[-41.131242,-13.651605],[-41.131026,-13.651678],[-41.130781,-13.65175],[-41.130551,-13.651837],[-41.130363,-13.651924],[-41.13022,-13.651995],[-41.130047,-13.652095],[-41.129845,-13.65221],[-41.129716,-13.652311],[-41.129572,-13.652368],[-41.129443,-13.652411],[-41.129342,-13.652427],[-41.129212,-13.652441],[-41.129068,-13.652443],[-41.128965,-13.652388],[-41.128864,-13.652289],[-41.128702,-13.651966],[-41.1284,-13.651127],[-41.128192,-13.65055],[-41.128146,-13.650283],[-41.128101,-13.650085],[-41.128027,-13.649874],[-41.127982,-13.649705],[-41.127952,-13.649536],[-41.127907,-13.649367],[-41.127903,-13.648901],[-41.127915,-13.648746],[-41.127913,-13.648492],[-41.127927,-13.648407],[-41.127941,-13.648251],[-41.127953,-13.648125],[-41.127938,-13.647997],[-41.127894,-13.647871],[-41.127821,-13.647744],[-41.127703,-13.647576],[-41.127557,-13.647422],[-41.12744,-13.647282],[-41.127353,-13.647212],[-41.127178,-13.647143],[-41.127078,-13.64713],[-41.126947,-13.647103],[-41.126745,-13.64709],[-41.126614,-13.647091],[-41.126038,-13.647181],[-41.125893,-13.647224],[-41.125498,-13.64732],[-41.125311,-13.647336],[-41.124776,-13.64734],[-41.124458,-13.647358],[-41.124256,-13.647373],[-41.124025,-13.647403],[-41.123823,-13.647461],[-41.12365,-13.647519],[-41.123492,-13.647563],[-41.123304,-13.647592],[-41.123159,-13.647608],[-41.123015,-13.647624],[-41.122857,-13.647639],[-41.122726,-13.647612],[-41.122653,-13.647542],[-41.122623,-13.647415],[-41.122622,-13.647312],[-41.122664,-13.647184],[-41.122706,-13.647071],[-41.122719,-13.646958],[-41.122733,-13.646859],[-41.122732,-13.646746],[-41.122717,-13.646661],[-41.122702,-13.646535],[-41.122671,-13.646408],[-41.122612,-13.646253],[-41.122538,-13.646027],[-41.122432,-13.645507],[-41.122305,-13.644294],[-41.122313,-13.643447],[-41.122174,-13.642578],[-41.122038,-13.641831],[-41.121978,-13.641676],[-41.12189,-13.641535],[-41.121788,-13.641438],[-41.121716,-13.641353],[-41.121628,-13.641297],[-41.121526,-13.641242],[-41.121381,-13.64113],[-41.121322,-13.641032],[-41.121277,-13.64092],[-41.121262,-13.640807],[-41.121319,-13.640679],[-41.121361,-13.640566],[-41.121462,-13.640452],[-41.121518,-13.640367],[-41.121604,-13.640282],[-41.121977,-13.639925],[-41.122086,-13.63976],[-41.122213,-13.639562],[-41.122255,-13.639406],[-41.122254,-13.639307],[-41.122268,-13.639194],[-41.122282,-13.639095],[-41.12228,-13.638883],[-41.122264,-13.638728],[-41.122248,-13.63863],[-41.122219,-13.638517],[-41.122116,-13.638405],[-41.122029,-13.638293],[-41.121927,-13.638195],[-41.12181,-13.638097],[-41.121665,-13.637985],[-41.12149,-13.637874],[-41.121316,-13.637819],[-41.121172,-13.637792],[-41.120969,-13.637751],[-41.120738,-13.637711],[-41.120578,-13.637642],[-41.120419,-13.637586],[-41.120142,-13.637462],[-41.120012,-13.63735],[-41.119881,-13.637238],[-41.119327,-13.636791],[-41.118934,-13.63647],[-41.11876,-13.636387],[-41.118586,-13.636318],[-41.118484,-13.636263],[-41.118296,-13.636193],[-41.118034,-13.636097],[-41.116564,-13.635592],[-41.11584,-13.63533],[-41.11497,-13.634999],[-41.114854,-13.634972],[-41.114665,-13.634903],[-41.114477,-13.634819],[-41.114332,-13.634736],[-41.114172,-13.634652],[-41.113998,-13.634555],[-41.113867,-13.634471],[-41.113736,-13.634388],[-41.11362,-13.634332],[-41.113224,-13.634019],[-41.112831,-13.633684],[-41.112394,-13.633335],[-41.11203,-13.633014],[-41.111841,-13.63286],[-41.111738,-13.63272],[-41.111548,-13.632481],[-41.111401,-13.63213],[-41.111105,-13.631327],[-41.110913,-13.630835],[-41.110807,-13.630562],[-41.110763,-13.630565],[-41.110379,-13.630529],[-41.109938,-13.63039],[-41.109152,-13.630085],[-41.108446,-13.629805],[-41.108178,-13.629601],[-41.107871,-13.629383],[-41.107589,-13.629035],[-41.107319,-13.628635],[-41.107085,-13.628126],[-41.106759,-13.627233],[-41.106486,-13.626509],[-41.106323,-13.62607],[-41.106108,-13.625786],[-41.105961,-13.625632],[-41.10584,-13.625554],[-41.105747,-13.625503],[-41.105627,-13.625465],[-41.105494,-13.625454],[-41.105401,-13.625441],[-41.105175,-13.625469],[-41.105043,-13.625483],[-41.10466,-13.625681],[-41.104382,-13.625865],[-41.104158,-13.626062],[-41.103987,-13.626257],[-41.103817,-13.626479],[-41.103725,-13.626623],[-41.10362,-13.626805],[-41.103449,-13.627015],[-41.103278,-13.627185],[-41.103093,-13.62733],[-41.102908,-13.627435],[-41.102603,-13.627489],[-41.102364,-13.627465],[-41.10219,-13.62735],[-41.102082,-13.627195],[-41.101988,-13.627001],[-41.10192,-13.62682],[-41.101852,-13.626691],[-41.101757,-13.626523],[-41.101731,-13.626407],[-41.101663,-13.626252],[-41.101647,-13.626044],[-41.10166,-13.625901],[-41.101658,-13.625707],[-41.101603,-13.625526],[-41.101507,-13.625202],[-41.101373,-13.624781],[-41.101293,-13.624626],[-41.101172,-13.624524],[-41.101052,-13.624472],[-41.100561,-13.62449],[-41.100269,-13.624505],[-41.099898,-13.624547],[-41.099565,-13.624589],[-41.0993,-13.624617],[-41.099008,-13.62462],[-41.09841,-13.624625],[-41.098197,-13.6246],[-41.097958,-13.624551],[-41.097079,-13.624273],[-41.096731,-13.624055],[-41.096142,-13.623567],[-41.095391,-13.622704],[-41.094551,-13.621768],[-41.094096,-13.621357],[-41.093279,-13.620689],[-41.092465,-13.620216],[-41.091652,-13.619898],[-41.0902,-13.619418],[-41.089167,-13.61916],[-41.08733,-13.618631],[-41.086903,-13.618453],[-41.086342,-13.618068],[-41.0859,-13.617708],[-41.085459,-13.617322],[-41.085043,-13.616911],[-41.084448,-13.616152],[-41.083951,-13.615547],[-41.08356,-13.614876],[-41.082889,-13.613973],[-41.082312,-13.613381],[-41.081872,-13.613125],[-41.081605,-13.613037],[-41.081339,-13.612948],[-41.081232,-13.61291],[-41.080992,-13.612834],[-41.080819,-13.612797],[-41.080686,-13.612772],[-41.080447,-13.612748],[-41.080275,-13.612762],[-41.080102,-13.612829],[-41.080013,-13.612867],[-41.079943,-13.612894],[-41.079798,-13.612974],[-41.079666,-13.613078],[-41.079548,-13.613209],[-41.07943,-13.613353],[-41.07926,-13.613679],[-41.079195,-13.613874],[-41.079117,-13.614082],[-41.079052,-13.614252],[-41.078988,-13.614498],[-41.078773,-13.615204],[-41.078554,-13.615932],[-41.078472,-13.616258],[-41.07842,-13.616617],[-41.078276,-13.616923],[-41.078043,-13.617247],[-41.077825,-13.617464],[-41.077568,-13.617754],[-41.077428,-13.617823],[-41.076955,-13.617924],[-41.076678,-13.617926],[-41.076383,-13.61789],[-41.075433,-13.617686],[-41.074521,-13.617307],[-41.073849,-13.617217],[-41.073276,-13.61726],[-41.072626,-13.617362],[-41.072055,-13.617501],[-41.071384,-13.617623],[-41.070851,-13.617628],[-41.070337,-13.617535],[-41.07004,-13.617441],[-41.069921,-13.617365],[-41.069822,-13.617289],[-41.069781,-13.617193],[-41.069761,-13.617097],[-41.06974,-13.616981],[-41.069778,-13.616787],[-41.069856,-13.61671],[-41.070012,-13.616574],[-41.071363,-13.615155],[-41.07178,-13.614661],[-41.072013,-13.614254],[-41.072071,-13.614042],[-41.072109,-13.613906],[-41.072108,-13.613809],[-41.072146,-13.613674],[-41.072145,-13.613462],[-41.072124,-13.613385],[-41.072065,-13.613289],[-41.071984,-13.613194],[-41.071845,-13.613117],[-41.071687,-13.61308],[-41.071509,-13.613024],[-41.070936,-13.613009],[-41.069969,-13.613017],[-41.069159,-13.612966],[-41.067972,-13.612726],[-41.066726,-13.612466],[-41.065816,-13.61228],[-41.065162,-13.612193],[-41.064175,-13.612062],[-41.062734,-13.611998],[-41.061173,-13.611934],[-41.060213,-13.61197],[-41.059205,-13.611882],[-41.058316,-13.611754],[-41.057365,-13.611396],[-41.056273,-13.610653],[-41.055677,-13.610252],[-41.055298,-13.60985],[-41.05496,-13.609564],[-41.054761,-13.609392],[-41.054582,-13.609317],[-41.054483,-13.60926],[-41.054305,-13.609203],[-41.054187,-13.609184],[-41.054009,-13.609167],[-41.053831,-13.60913],[-41.053554,-13.609113],[-41.053061,-13.609117],[-41.052883,-13.609176],[-41.052775,-13.609274],[-41.052758,-13.609302],[-41.052697,-13.609409],[-41.052581,-13.60968],[-41.052388,-13.610279],[-41.051982,-13.61117],[-41.051709,-13.611655],[-41.051553,-13.611926],[-41.051417,-13.612081],[-41.051201,-13.612276],[-41.050808,-13.612569],[-41.050337,-13.612804],[-41.049687,-13.612983],[-41.049135,-13.613103],[-41.048523,-13.613205],[-41.04805,-13.613209],[-41.047397,-13.613098],[-41.046586,-13.612893],[-41.045913,-13.612667],[-41.045299,-13.612498],[-41.044924,-13.612463],[-41.044648,-13.612465],[-41.044313,-13.612602],[-41.043763,-13.612974],[-41.043196,-13.61348],[-41.042116,-13.61428],[-41.041713,-13.614603],[-41.04134,-13.614856],[-41.041105,-13.615013],[-41.04081,-13.615208],[-41.040575,-13.615345],[-41.040398,-13.615442],[-41.040006,-13.615812],[-41.039889,-13.615968],[-41.039792,-13.616161],[-41.039756,-13.616624],[-41.039817,-13.616836],[-41.039898,-13.617029],[-41.039959,-13.617317],[-41.039984,-13.617877],[-41.039909,-13.618378],[-41.039813,-13.618649],[-41.039657,-13.61892],[-41.039559,-13.619037],[-41.039325,-13.619232],[-41.038931,-13.619428],[-41.038592,-13.619598],[-41.038141,-13.619891],[-41.038039,-13.619958],[-41.037571,-13.620261],[-41.037317,-13.620573],[-41.037005,-13.620999],[-41.03685,-13.621367],[-41.036852,-13.621579],[-41.036815,-13.621811],[-41.036817,-13.622004],[-41.036879,-13.622389],[-41.03694,-13.622601],[-41.036961,-13.622774],[-41.036962,-13.622967],[-41.036945,-13.62316],[-41.036925,-13.623276],[-41.036808,-13.623431],[-41.036594,-13.623722],[-41.036335,-13.624047],[-41.035866,-13.624495],[-41.035433,-13.624807],[-41.035001,-13.625061],[-41.034726,-13.625237],[-41.034313,-13.625375],[-41.033879,-13.625456],[-41.033544,-13.625536],[-41.033269,-13.625635],[-41.033013,-13.625714],[-41.032796,-13.625755],[-41.032658,-13.625794],[-41.032501,-13.625949],[-41.032463,-13.625989],[-41.032384,-13.626144],[-41.032367,-13.626433],[-41.03237,-13.626761],[-41.032754,-13.627818],[-41.03346,-13.62949],[-41.033585,-13.629816],[-41.033685,-13.630007],[-41.033766,-13.630122],[-41.034024,-13.63039],[-41.03448,-13.630521],[-41.035211,-13.630612],[-41.035863,-13.630665],[-41.036397,-13.630718],[-41.037249,-13.631039],[-41.038439,-13.631647],[-41.039174,-13.632123],[-41.039412,-13.632372],[-41.039631,-13.632562],[-41.039751,-13.632774],[-41.039916,-13.633544],[-41.03994,-13.633949],[-41.039942,-13.634227],[-41.039943,-13.634335],[-41.039852,-13.6353],[-41.039821,-13.636126],[-41.039804,-13.636492],[-41.039788,-13.63682],[-41.039692,-13.637188],[-41.039556,-13.637478],[-41.039501,-13.637941],[-41.039523,-13.638191],[-41.039604,-13.638403],[-41.039764,-13.638633],[-41.040344,-13.639555],[-41.040626,-13.640208],[-41.04071,-13.640805],[-41.040773,-13.641171],[-41.040717,-13.641615],[-41.04066,-13.641924],[-41.040601,-13.642482],[-41.040647,-13.643214],[-41.040651,-13.643754],[-41.040594,-13.644024],[-41.040537,-13.644237],[-41.04046,-13.64445],[-41.040344,-13.644625],[-41.039913,-13.645188],[-41.039266,-13.645694],[-41.038324,-13.646357],[-41.036771,-13.6472],[-41.03508,-13.648081],[-41.034425,-13.648507],[-41.034288,-13.648605],[-41.034013,-13.648877],[-41.033778,-13.649091],[-41.033584,-13.64944],[-41.033507,-13.649653],[-41.033472,-13.650232],[-41.033455,-13.65054],[-41.033418,-13.650849],[-41.033361,-13.651042],[-41.033264,-13.651255],[-41.033206,-13.651429],[-41.033088,-13.651507],[-41.032931,-13.651566],[-41.032773,-13.651606],[-41.032536,-13.651608],[-41.032358,-13.651591],[-41.032219,-13.651534],[-41.032001,-13.651458],[-41.030929,-13.650831],[-41.030018,-13.650452],[-41.028692,-13.650155],[-41.028257,-13.650081],[-41.027606,-13.650086],[-41.027448,-13.650107],[-41.02725,-13.650109],[-41.027113,-13.650168],[-41.026956,-13.650265],[-41.026877,-13.650343],[-41.026741,-13.650557],[-41.026664,-13.650827],[-41.026687,-13.651136],[-41.026747,-13.65129],[-41.027306,-13.652018],[-41.028324,-13.653224],[-41.028864,-13.653886],[-41.029004,-13.654039],[-41.029243,-13.654327],[-41.029422,-13.65448],[-41.029819,-13.654688],[-41.030057,-13.65486],[-41.030277,-13.655148],[-41.030478,-13.655512],[-41.030519,-13.655705],[-41.030522,-13.655975],[-41.030504,-13.656264],[-41.030466,-13.6564],[-41.030409,-13.656613],[-41.030253,-13.656883],[-41.029883,-13.657484],[-41.029648,-13.657945],[-41.02961,-13.658061],[-41.029552,-13.658197],[-41.029514,-13.658408],[-41.029476,-13.658582],[-41.029457,-13.658718],[-41.02946,-13.659046],[-41.029481,-13.65918],[-41.029521,-13.659296],[-41.029601,-13.659392],[-41.029681,-13.659468],[-41.029781,-13.659583],[-41.02986,-13.65964],[-41.02994,-13.659659],[-41.030216,-13.659715],[-41.030335,-13.659733],[-41.031205,-13.65988],[-41.031521,-13.659897],[-41.031977,-13.660009],[-41.032146,-13.660094],[-41.032295,-13.660157],[-41.032427,-13.660252],[-41.032525,-13.660283],[-41.032574,-13.660331],[-41.032591,-13.660379],[-41.032598,-13.660403],[-41.032609,-13.660443],[-41.032609,-13.660522],[-41.032561,-13.660619],[-41.032545,-13.660667],[-41.032383,-13.660796],[-41.032235,-13.660894],[-41.031908,-13.660992],[-41.031777,-13.661041],[-41.031598,-13.661091],[-41.031434,-13.661108],[-41.031221,-13.661126],[-41.031009,-13.661143],[-41.030778,-13.661145],[-41.030435,-13.661133],[-41.030238,-13.661134],[-41.029976,-13.661168],[-41.029796,-13.661201],[-41.029485,-13.661268],[-41.029157,-13.661335],[-41.028863,-13.661401],[-41.028618,-13.661451],[-41.028356,-13.661549],[-41.028144,-13.661631],[-41.027899,-13.661729],[-41.027686,-13.661811],[-41.027458,-13.661909],[-41.027372,-13.661995],[-41.027295,-13.66207],[-41.027182,-13.662264],[-41.027151,-13.66244],[-41.027136,-13.662632],[-41.027154,-13.662808],[-41.027171,-13.66292],[-41.027304,-13.663079],[-41.027601,-13.663252],[-41.027963,-13.663425],[-41.028112,-13.663568],[-41.02831,-13.663775],[-41.028459,-13.66395],[-41.028641,-13.66422],[-41.028708,-13.664379],[-41.028742,-13.664475],[-41.028776,-13.664587],[-41.02881,-13.664715],[-41.028812,-13.664891],[-41.028797,-13.665115],[-41.028716,-13.665308],[-41.028522,-13.665566],[-41.028261,-13.665728],[-41.027886,-13.665891],[-41.027428,-13.666023],[-41.027051,-13.666074],[-41.026593,-13.666126],[-41.026166,-13.666129],[-41.025822,-13.6661],[-41.025198,-13.666009],[-41.024854,-13.665996],[-41.024526,-13.665966],[-41.024067,-13.665955],[-41.023805,-13.666005],[-41.023625,-13.666022],[-41.023431,-13.666143],[-41.02304,-13.666371],[-41.022796,-13.666565],[-41.022552,-13.666775],[-41.022356,-13.666953],[-41.02221,-13.66713],[-41.021968,-13.667532],[-41.021871,-13.667709],[-41.02179,-13.667902],[-41.021727,-13.668158],[-41.021598,-13.668416],[-41.021518,-13.668705],[-41.021472,-13.668977],[-41.021359,-13.669266],[-41.021329,-13.669442],[-41.021232,-13.669667],[-41.021102,-13.669877],[-41.020907,-13.670086],[-41.020714,-13.670376],[-41.020535,-13.670601],[-41.020324,-13.670811],[-41.020063,-13.671037],[-41.01977,-13.671216],[-41.019426,-13.671379],[-41.0191,-13.671477],[-41.018774,-13.671656],[-41.018581,-13.671799],[-41.018451,-13.671928],[-41.018288,-13.672106],[-41.018176,-13.672298],[-41.018095,-13.672523],[-41.018082,-13.672763],[-41.0181,-13.673068],[-41.018151,-13.673163],[-41.018266,-13.673258],[-41.018381,-13.673305],[-41.018545,-13.673336],[-41.018938,-13.6733],[-41.019412,-13.673201],[-41.019887,-13.673085],[-41.020264,-13.672986],[-41.020607,-13.672935],[-41.021098,-13.672915],[-41.021558,-13.672959],[-41.022363,-13.673129],[-41.023234,-13.673426],[-41.024864,-13.674277],[-41.026051,-13.675035],[-41.027526,-13.675963],[-41.027873,-13.676184],[-41.027989,-13.676312],[-41.028121,-13.676454],[-41.028205,-13.676614],[-41.028255,-13.676789],[-41.028224,-13.676998],[-41.028176,-13.677143],[-41.028145,-13.677239],[-41.028031,-13.677335],[-41.027867,-13.677449],[-41.027704,-13.677514],[-41.027508,-13.677564],[-41.027311,-13.677614],[-41.027098,-13.677679],[-41.026919,-13.677777],[-41.026773,-13.677874],[-41.026659,-13.678004],[-41.026595,-13.678132],[-41.026514,-13.678308],[-41.026499,-13.678517],[-41.026469,-13.678725],[-41.026454,-13.678902],[-41.026438,-13.679029],[-41.026325,-13.679223],[-41.02626,-13.679319],[-41.026179,-13.679432],[-41.026068,-13.679801],[-41.026069,-13.679978],[-41.026087,-13.680153],[-41.026154,-13.680328],[-41.026253,-13.680456],[-41.026337,-13.680551],[-41.026936,-13.681423],[-41.027598,-13.682121],[-41.027733,-13.682205],[-41.027828,-13.682263],[-41.027928,-13.682359],[-41.028077,-13.682485],[-41.028208,-13.682629],[-41.028292,-13.68274],[-41.028392,-13.682947],[-41.028426,-13.683107],[-41.02846,-13.683363],[-41.028496,-13.683571],[-41.028515,-13.683859],[-41.02855,-13.684211],[-41.028558,-13.685123],[-41.02861,-13.685343],[-41.02871,-13.685583],[-41.028696,-13.685774],[-41.028582,-13.685968],[-41.028322,-13.686162],[-41.027995,-13.686309],[-41.02757,-13.686456],[-41.027243,-13.686587],[-41.026851,-13.686814],[-41.026509,-13.686993],[-41.02628,-13.687123],[-41.026199,-13.687204],[-41.026086,-13.687349],[-41.026037,-13.687493],[-41.026024,-13.687813],[-41.026025,-13.687942],[-41.026142,-13.688148],[-41.026289,-13.688211],[-41.026486,-13.688242],[-41.027289,-13.688219],[-41.029861,-13.687974],[-41.030369,-13.68789],[-41.030549,-13.687888],[-41.030763,-13.687871],[-41.03109,-13.687868],[-41.031221,-13.687899],[-41.03132,-13.687914],[-41.031435,-13.687961],[-41.031584,-13.688024],[-41.031682,-13.688103],[-41.031749,-13.688183],[-41.031815,-13.688278],[-41.031848,-13.68839],[-41.031834,-13.688518],[-41.031688,-13.688744],[-41.031575,-13.688921],[-41.031396,-13.68913],[-41.031234,-13.689324],[-41.03099,-13.689582],[-41.030793,-13.689742],[-41.030402,-13.68997],[-41.030059,-13.69018],[-41.029765,-13.690311],[-41.029471,-13.690457],[-41.029227,-13.690571],[-41.028917,-13.690766],[-41.028835,-13.690847],[-41.028803,-13.690911],[-41.028689,-13.691072],[-41.02861,-13.691281],[-41.028562,-13.691521],[-41.028565,-13.691921],[-41.028633,-13.692113],[-41.02875,-13.69232],[-41.028882,-13.692495],[-41.029147,-13.692798],[-41.029693,-13.693369],[-41.030025,-13.693789],[-41.030191,-13.694012],[-41.030275,-13.6943],[-41.030327,-13.694603],[-41.030346,-13.694907],[-41.0303,-13.695275],[-41.030138,-13.695598],[-41.029814,-13.695952],[-41.029439,-13.696195],[-41.029031,-13.696487],[-41.028477,-13.696828],[-41.028037,-13.697167],[-41.027549,-13.697572],[-41.026828,-13.698232],[-41.026226,-13.698797],[-41.02577,-13.699169],[-41.025747,-13.699193],[-41.025283,-13.699669],[-41.025039,-13.699975],[-41.024911,-13.700232],[-41.024863,-13.700457],[-41.024833,-13.700714],[-41.024834,-13.700938],[-41.024803,-13.701177],[-41.024805,-13.701337],[-41.024905,-13.701545],[-41.025053,-13.70164],[-41.02525,-13.701655],[-41.025381,-13.701653],[-41.025561,-13.701619],[-41.02566,-13.701651],[-41.025825,-13.701762],[-41.026023,-13.70192],[-41.02642,-13.702269],[-41.027136,-13.702996],[-41.027483,-13.703378],[-41.027766,-13.703808],[-41.027866,-13.704015],[-41.027933,-13.704223],[-41.027937,-13.704623],[-41.027896,-13.705632],[-41.027741,-13.706722],[-41.027438,-13.707733],[-41.027122,-13.709063],[-41.026756,-13.710459],[-41.0266,-13.711309],[-41.026554,-13.711613],[-41.02654,-13.711821],[-41.026529,-13.712039],[-41.026542,-13.712257],[-41.026567,-13.712406],[-41.026603,-13.712509],[-41.026687,-13.71268],[-41.026747,-13.712794],[-41.02683,-13.712944],[-41.026925,-13.71308],[-41.027067,-13.713159],[-41.027173,-13.713193],[-41.027302,-13.713214],[-41.027397,-13.713225],[-41.027502,-13.713224],[-41.027619,-13.713212],[-41.02769,-13.7132],[-41.027902,-13.713163],[-41.028101,-13.713105],[-41.028358,-13.713034],[-41.028517,-13.712969],[-41.02899,-13.712794],[-41.02966,-13.712564],[-41.030249,-13.712383],[-41.030445,-13.712365],[-41.030707,-13.712331],[-41.031167,-13.712328],[-41.031413,-13.712342],[-41.031659,-13.712372],[-41.031889,-13.712434],[-41.032168,-13.712479],[-41.032365,-13.71251],[-41.032612,-13.71262],[-41.033195,-13.713092],[-41.033394,-13.713314],[-41.033527,-13.713506],[-41.033643,-13.713681],[-41.033676,-13.713793],[-41.033694,-13.713953],[-41.033695,-13.714113],[-41.03369,-13.71413],[-41.033631,-13.714305],[-41.033551,-13.714482],[-41.033324,-13.714804],[-41.033146,-13.715045],[-41.032984,-13.715239],[-41.032724,-13.715465],[-41.032414,-13.715676],[-41.03212,-13.715854],[-41.031777,-13.716033],[-41.031484,-13.716179],[-41.031174,-13.716342],[-41.030879,-13.716456],[-41.030618,-13.716571],[-41.030226,-13.716783],[-41.029916,-13.716961],[-41.029656,-13.717171],[-41.029445,-13.717461],[-41.02914,-13.718168],[-41.029041,-13.718469],[-41.029011,-13.718886],[-41.029013,-13.719141],[-41.029164,-13.719493],[-41.02938,-13.719699],[-41.029594,-13.719937],[-41.02993,-13.720846],[-41.030219,-13.721939],[-41.030487,-13.722609],[-41.030654,-13.722961],[-41.030787,-13.723184],[-41.030921,-13.72347],[-41.031005,-13.723742],[-41.030992,-13.72411],[-41.03088,-13.724431],[-41.030735,-13.724768],[-41.030557,-13.725058],[-41.030425,-13.725233],[-41.030263,-13.72541],[-41.030002,-13.725653],[-41.029906,-13.725878],[-41.029875,-13.726198],[-41.029878,-13.726518],[-41.029767,-13.726968],[-41.029543,-13.727545],[-41.028976,-13.728382],[-41.028153,-13.729878],[-41.028006,-13.730181],[-41.027892,-13.730358],[-41.027714,-13.730568],[-41.027617,-13.730681],[-41.027422,-13.730875],[-41.027226,-13.731068],[-41.026998,-13.731198],[-41.026786,-13.731328],[-41.026574,-13.731426],[-41.026378,-13.731523],[-41.026166,-13.731669],[-41.025939,-13.731927],[-41.025728,-13.732249],[-41.025518,-13.732555],[-41.025323,-13.732797],[-41.025128,-13.733038],[-41.024982,-13.733232],[-41.024837,-13.733489],[-41.024757,-13.733698],[-41.024693,-13.733874],[-41.024613,-13.734083],[-41.024599,-13.734236],[-41.024568,-13.734556],[-41.02457,-13.73478],[-41.024621,-13.734941],[-41.02472,-13.735068],[-41.02482,-13.735163],[-41.025001,-13.735258],[-41.025165,-13.735321],[-41.025246,-13.735342],[-41.02556,-13.735429],[-41.026364,-13.735535],[-41.028135,-13.735616],[-41.029351,-13.735814],[-41.029943,-13.735937],[-41.030123,-13.736],[-41.030238,-13.736015],[-41.030402,-13.736077],[-41.030782,-13.736315],[-41.030947,-13.736409],[-41.031063,-13.736553],[-41.031196,-13.736728],[-41.031283,-13.737415],[-41.031171,-13.737768],[-41.030896,-13.738107],[-41.030635,-13.738317],[-41.030392,-13.738592],[-41.030115,-13.738781],[-41.029968,-13.738878],[-41.029839,-13.739023],[-41.029824,-13.739199],[-41.029858,-13.739407],[-41.030108,-13.739853],[-41.030227,-13.740333],[-41.030264,-13.74078],[-41.030234,-13.741069],[-41.030171,-13.741358],[-41.030057,-13.741631],[-41.029962,-13.741904],[-41.029934,-13.742496],[-41.029937,-13.742832],[-41.029972,-13.743152],[-41.029995,-13.743678],[-41.030031,-13.744126],[-41.030164,-13.744397],[-41.030512,-13.744778],[-41.030744,-13.744984],[-41.030876,-13.745111],[-41.031041,-13.745254],[-41.03119,-13.745365],[-41.031322,-13.745508],[-41.031405,-13.745651],[-41.031423,-13.745811],[-41.031408,-13.74602],[-41.031394,-13.746259],[-41.031386,-13.746288],[-41.031362,-13.746372],[-41.031232,-13.746565],[-41.030988,-13.746696],[-41.030807,-13.746712],[-41.030595,-13.746683],[-41.030364,-13.746604],[-41.030166,-13.746478],[-41.029161,-13.745926],[-41.027843,-13.745296],[-41.027679,-13.745266],[-41.027482,-13.745251],[-41.027319,-13.745253],[-41.027154,-13.745254],[-41.026925,-13.745272],[-41.026697,-13.745354],[-41.026468,-13.745468],[-41.026257,-13.745678],[-41.026144,-13.745871],[-41.026031,-13.746112],[-41.025902,-13.746385],[-41.025723,-13.746546],[-41.025479,-13.746708],[-41.025168,-13.746856],[-41.025021,-13.746953],[-41.024891,-13.747082],[-41.024826,-13.747162],[-41.024745,-13.747339],[-41.024665,-13.747484],[-41.024616,-13.747612],[-41.024617,-13.747676],[-41.024586,-13.747853],[-41.02462,-13.74806],[-41.024738,-13.748268],[-41.024936,-13.74849],[-41.025235,-13.748661],[-41.025596,-13.748785],[-41.026023,-13.748862],[-41.026598,-13.748921],[-41.026976,-13.74903],[-41.027272,-13.749124],[-41.02742,-13.749155],[-41.027601,-13.749266],[-41.027767,-13.749472],[-41.028298,-13.75022],[-41.028614,-13.750777],[-41.02878,-13.751016],[-41.028995,-13.751222],[-41.029194,-13.751413],[-41.029343,-13.751588],[-41.029475,-13.751716],[-41.02964,-13.751858],[-41.029757,-13.752033],[-41.029824,-13.752176],[-41.029875,-13.7524],[-41.029893,-13.752592],[-41.029912,-13.752944],[-41.029913,-13.753152],[-41.029949,-13.753373],[-41.029967,-13.753462],[-41.030052,-13.753868],[-41.030202,-13.754267],[-41.030468,-13.754617],[-41.030783,-13.754983],[-41.031162,-13.755284],[-41.031541,-13.755505],[-41.031903,-13.755629],[-41.032167,-13.755836],[-41.032416,-13.75609],[-41.032766,-13.756679],[-41.032967,-13.757302],[-41.033124,-13.757921],[-41.033194,-13.758497],[-41.033297,-13.758912],[-41.033475,-13.759509],[-41.033483,-13.759535],[-41.033848,-13.760125],[-41.034312,-13.760601],[-41.035021,-13.761076],[-41.035926,-13.761484],[-41.036949,-13.761875],[-41.037323,-13.762088],[-41.03749,-13.762221],[-41.037768,-13.762501],[-41.03792,-13.762621],[-41.038143,-13.762861],[-41.038337,-13.763062],[-41.038504,-13.763195],[-41.03874,-13.763367],[-41.03906,-13.763607],[-41.039239,-13.763767],[-41.039504,-13.763994],[-41.039767,-13.764207],[-41.040725,-13.764925],[-41.041577,-13.76575],[-41.0423,-13.766402],[-41.042634,-13.766723],[-41.042774,-13.766937],[-41.042885,-13.767138],[-41.042983,-13.767312],[-41.043026,-13.767487],[-41.043028,-13.767702],[-41.042974,-13.767864],[-41.042811,-13.768094],[-41.042427,-13.768326],[-41.042166,-13.768382],[-41.041917,-13.768411],[-41.041614,-13.768427],[-41.041271,-13.768443],[-41.04105,-13.768445],[-41.040691,-13.768435],[-41.040374,-13.768464],[-41.04014,-13.76848],[-41.039824,-13.768563],[-41.039384,-13.768688],[-41.038986,-13.768839],[-41.038588,-13.769124],[-41.038328,-13.769396],[-41.038174,-13.769608],[-41.038107,-13.76981],[-41.038053,-13.769958],[-41.038054,-13.77008],[-41.038084,-13.770267],[-41.038168,-13.770389],[-41.038279,-13.770482],[-41.03839,-13.770615],[-41.038501,-13.770695],[-41.038667,-13.77076],[-41.03886,-13.770786],[-41.03904,-13.770825],[-41.039345,-13.771051],[-41.039789,-13.771438],[-41.039929,-13.771625],[-41.039971,-13.771706],[-41.040169,-13.772075],[-41.040281,-13.77233],[-41.040324,-13.772572],[-41.040396,-13.772948],[-41.040357,-13.773272],[-41.040086,-13.773745],[-41.039881,-13.773935],[-41.039566,-13.774166],[-41.03915,-13.774392],[-41.039113,-13.774412],[-41.038302,-13.774621],[-41.03782,-13.774692],[-41.037393,-13.774723],[-41.036896,-13.774646],[-41.036508,-13.774434],[-41.036285,-13.774234],[-41.036078,-13.774088],[-41.035884,-13.773982],[-41.035662,-13.77393],[-41.035401,-13.773919],[-41.03507,-13.774002],[-41.034823,-13.774098],[-41.034453,-13.774384],[-41.034172,-13.774623],[-41.03405,-13.774826],[-41.033915,-13.775109],[-41.033876,-13.775366],[-41.033865,-13.775581],[-41.033879,-13.775756],[-41.033978,-13.775943],[-41.034256,-13.77621],[-41.034436,-13.776343],[-41.034616,-13.776449],[-41.034838,-13.776609],[-41.035074,-13.776783],[-41.035242,-13.777077],[-41.035272,-13.777426],[-41.035363,-13.778287],[-41.035268,-13.778611],[-41.035106,-13.778908],[-41.035039,-13.779123],[-41.035024,-13.779296],[-41.034915,-13.779566],[-41.034656,-13.779824],[-41.034327,-13.780069],[-41.034066,-13.780206],[-41.033847,-13.780275],[-41.033612,-13.780304],[-41.033309,-13.780306],[-41.033047,-13.780281],[-41.03284,-13.780243],[-41.03255,-13.780258],[-41.032193,-13.78037],[-41.031877,-13.780547],[-41.031563,-13.780805],[-41.03133,-13.781009],[-41.03107,-13.78124],[-41.030893,-13.78143],[-41.030701,-13.781593],[-41.030468,-13.781783],[-41.03029,-13.781905],[-41.030043,-13.782029],[-41.029837,-13.782098],[-41.029644,-13.782086],[-41.029437,-13.782034],[-41.029243,-13.781982],[-41.029077,-13.781875],[-41.028952,-13.781768],[-41.028786,-13.781676],[-41.028647,-13.781583],[-41.028481,-13.78153],[-41.028274,-13.781492],[-41.028039,-13.781453],[-41.027846,-13.781428],[-41.027584,-13.78143],[-41.027309,-13.781486],[-41.027048,-13.78161],[-41.026845,-13.781737],[-41.026667,-13.781873],[-41.026531,-13.782022],[-41.026436,-13.782158],[-41.02634,-13.782374],[-41.026125,-13.782941],[-41.02603,-13.783157],[-41.025908,-13.7834],[-41.025772,-13.783616],[-41.025664,-13.783793],[-41.025541,-13.783968],[-41.02528,-13.784132],[-41.024992,-13.784255],[-41.024607,-13.784353],[-41.024305,-13.784449],[-41.024061,-13.784571],[-41.023948,-13.784627],[-41.02359,-13.784818],[-41.02333,-13.784982],[-41.023056,-13.785187],[-41.022865,-13.785363],[-41.022682,-13.785536],[-41.02245,-13.785767],[-41.022313,-13.785889],[-41.02219,-13.785984],[-41.021902,-13.786094],[-41.021653,-13.786109],[-41.021378,-13.786085],[-41.021184,-13.78606],[-41.021046,-13.786034],[-41.020866,-13.785995],[-41.0207,-13.785943],[-41.02048,-13.78589],[-41.020092,-13.785706],[-41.019871,-13.78564],[-41.01965,-13.785615],[-41.019444,-13.78559],[-41.019167,-13.785592],[-41.018864,-13.785608],[-41.018272,-13.785748],[-41.018025,-13.785803],[-41.01764,-13.785874],[-41.016733,-13.78615],[-41.016403,-13.786328],[-41.016046,-13.786546],[-41.015594,-13.786873],[-41.015443,-13.786968],[-41.014902,-13.787302],[-41.014559,-13.787547],[-41.014271,-13.787765],[-41.014107,-13.787901],[-41.01393,-13.788051],[-41.013792,-13.788199],[-41.013725,-13.788307],[-41.013631,-13.788537],[-41.013591,-13.788726],[-41.013592,-13.788927],[-41.013635,-13.789089],[-41.013719,-13.789196],[-41.013816,-13.789289],[-41.013954,-13.789409],[-41.01408,-13.789529],[-41.014205,-13.789676],[-41.014358,-13.789836],[-41.014442,-13.790024],[-41.014472,-13.790199],[-41.014379,-13.79059],[-41.014091,-13.790794],[-41.013924,-13.790877],[-41.013843,-13.790917],[-41.013638,-13.791026],[-41.01346,-13.791217],[-41.013324,-13.791419],[-41.013216,-13.79173],[-41.013033,-13.792213],[-41.012859,-13.792685],[-41.012629,-13.793199],[-41.012302,-13.7937],[-41.011974,-13.794093],[-41.011619,-13.794432],[-41.011234,-13.794636],[-41.01085,-13.794761],[-41.010396,-13.794885],[-41.009873,-13.795024],[-41.00946,-13.795096],[-41.008634,-13.795237],[-41.008069,-13.795295],[-41.007656,-13.795352],[-41.007367,-13.795341],[-41.007077,-13.795317],[-41.006814,-13.795265],[-41.006262,-13.795149],[-41.005805,-13.794923],[-41.005513,-13.794603],[-41.005401,-13.794361],[-41.005356,-13.793985],[-41.005409,-13.79297],[-41.005496,-13.791906],[-41.005519,-13.791408],[-41.005518,-13.791246],[-41.005503,-13.791125],[-41.005502,-13.791057],[-41.005417,-13.790816],[-41.005361,-13.790695],[-41.005319,-13.790629],[-41.00525,-13.790562],[-41.005139,-13.790496],[-41.005014,-13.790443],[-41.004849,-13.790431],[-41.004739,-13.790432],[-41.004504,-13.79046],[-41.004271,-13.790597],[-41.003955,-13.790747],[-41.003695,-13.790884],[-41.003447,-13.791007],[-41.003227,-13.79105],[-41.00298,-13.791105],[-41.002732,-13.791134],[-41.002526,-13.791203],[-41.002278,-13.7913],[-41.002045,-13.791369],[-41.001838,-13.791411],[-41.001563,-13.79148],[-41.001384,-13.791495],[-41.00119,-13.791443],[-41.001024,-13.791377],[-41.000747,-13.791205],[-41.000567,-13.791125],[-41.000388,-13.791073],[-41.000209,-13.791061],[-41.00006,-13.791062],[-40.999823,-13.79106],[-40.999539,-13.790942],[-40.999317,-13.790846],[-40.999129,-13.790779],[-40.999057,-13.790757],[-40.99887,-13.790735],[-40.998659,-13.790714],[-40.998399,-13.790692],[-40.998212,-13.790694],[-40.997695,-13.790722],[-40.997507,-13.790723],[-40.997129,-13.790715],[-40.996913,-13.790723],[-40.996779,-13.790729],[-40.996535,-13.79072],[-40.996392,-13.790702],[-40.99623,-13.79067],[-40.996026,-13.790574],[-40.99586,-13.790483],[-40.995484,-13.790349],[-40.995295,-13.790305],[-40.995084,-13.790284],[-40.994895,-13.790285],[-40.994708,-13.790309],[-40.994496,-13.790357],[-40.994309,-13.790381],[-40.994111,-13.79048],[-40.993033,-13.790879],[-40.99289,-13.790931],[-40.9926,-13.791039],[-40.992273,-13.791271],[-40.992086,-13.791364],[-40.991759,-13.791596],[-40.991572,-13.791689],[-40.991408,-13.791829],[-40.991245,-13.791945],[-40.991081,-13.792084],[-40.990942,-13.792222],[-40.990826,-13.792384],[-40.990686,-13.792524],[-40.990546,-13.792686],[-40.99043,-13.792846],[-40.990314,-13.793008],[-40.990222,-13.793193],[-40.99014,-13.793363],[-40.990026,-13.793556],[-40.989968,-13.793723],[-40.989877,-13.794091],[-40.989854,-13.794275],[-40.98986,-13.794918],[-40.989886,-13.795147],[-40.989935,-13.79533],[-40.989959,-13.795514],[-40.989984,-13.795606],[-40.990219,-13.796238],[-40.990319,-13.79643],[-40.990415,-13.79659],[-40.990559,-13.796956],[-40.99063,-13.797139],[-40.990726,-13.797322],[-40.990775,-13.797529],[-40.9908,-13.797712],[-40.990768,-13.797902],[-40.99071,-13.798079],[-40.990617,-13.798241],[-40.990526,-13.798431],[-40.990401,-13.798566],[-40.990257,-13.798666],[-40.990105,-13.798819],[-40.989941,-13.798959],[-40.989782,-13.799115],[-40.989686,-13.799259],[-40.989593,-13.799421],[-40.989541,-13.799629],[-40.989549,-13.799811],[-40.989622,-13.799994],[-40.989741,-13.800154],[-40.990025,-13.800428],[-40.99019,-13.800541],[-40.990355,-13.800654],[-40.99052,-13.800744],[-40.990709,-13.800789],[-40.990898,-13.800833],[-40.991086,-13.800901],[-40.991274,-13.800945],[-40.991462,-13.800967],[-40.991651,-13.800988],[-40.991839,-13.801055],[-40.992027,-13.801077],[-40.992215,-13.801098],[-40.992404,-13.801166],[-40.992592,-13.80121],[-40.99278,-13.801231],[-40.992968,-13.801253],[-40.993157,-13.801274],[-40.993345,-13.801296],[-40.993533,-13.801363],[-40.993721,-13.801454],[-40.99391,-13.801498],[-40.994099,-13.801588],[-40.994264,-13.801679],[-40.994406,-13.801815],[-40.994572,-13.801951],[-40.994715,-13.802111],[-40.994762,-13.802295],[-40.994835,-13.802478],[-40.994838,-13.802484],[-40.994842,-13.802525],[-40.994851,-13.802565],[-40.994888,-13.802663],[-40.994913,-13.802777],[-40.994926,-13.802967],[-40.994908,-13.803106],[-40.994888,-13.803178],[-40.99486,-13.803265],[-40.994828,-13.803325],[-40.994808,-13.803348],[-40.994749,-13.803383],[-40.99474,-13.803387],[-40.994706,-13.803399],[-40.994664,-13.803416],[-40.99454,-13.803426],[-40.994461,-13.803426],[-40.994332,-13.803425],[-40.994201,-13.803421],[-40.993973,-13.803381],[-40.993784,-13.803312],[-40.99361,-13.803236],[-40.993441,-13.803172],[-40.993245,-13.803096],[-40.993054,-13.803044],[-40.992865,-13.802976],[-40.992489,-13.802841],[-40.99229,-13.802788],[-40.992112,-13.802776],[-40.99136,-13.802782],[-40.991172,-13.802806],[-40.990985,-13.802876],[-40.990798,-13.802924],[-40.99061,-13.803017],[-40.9904,-13.803071],[-40.990259,-13.803135],[-40.990079,-13.803252],[-40.989908,-13.803344],[-40.989745,-13.803461],[-40.989557,-13.803531],[-40.989394,-13.80367],[-40.989255,-13.803809],[-40.989091,-13.803948],[-40.988812,-13.804226],[-40.988719,-13.804387],[-40.988627,-13.804549],[-40.988534,-13.804711],[-40.988465,-13.804895],[-40.988419,-13.805078],[-40.988398,-13.805262],[-40.988398,-13.805298],[-40.988403,-13.805336],[-40.988415,-13.805378],[-40.988423,-13.805408],[-40.988439,-13.805439],[-40.98847,-13.805462],[-40.988505,-13.805474],[-40.98855,-13.805491],[-40.988602,-13.805503],[-40.988651,-13.805507],[-40.988694,-13.80551],[-40.988751,-13.80551],[-40.988823,-13.805515],[-40.98886,-13.805517],[-40.988904,-13.805515],[-40.98895,-13.805512],[-40.988956,-13.805512],[-40.98908,-13.80551],[-40.9893,-13.805488],[-40.989307,-13.80549],[-40.989338,-13.805493],[-40.989378,-13.805495],[-40.98942,-13.805502],[-40.989474,-13.805508],[-40.989522,-13.805516],[-40.989579,-13.805529],[-40.989624,-13.805547],[-40.989675,-13.805573],[-40.98973,-13.805616],[-40.989783,-13.805667],[-40.989882,-13.805779],[-40.990005,-13.805941],[-40.990119,-13.806121],[-40.990238,-13.806281],[-40.990381,-13.80644],[-40.990547,-13.806553],[-40.990711,-13.806644],[-40.990876,-13.806735],[-40.991066,-13.806825],[-40.991443,-13.807006],[-40.991631,-13.807096],[-40.991797,-13.807187],[-40.991985,-13.807277],[-40.992151,-13.807413],[-40.99227,-13.807573],[-40.992354,-13.807733],[-40.99239,-13.807917],[-40.992393,-13.808283],[-40.992387,-13.808465],[-40.992348,-13.808653],[-40.992305,-13.808835],[-40.992259,-13.809019],[-40.992237,-13.809204],[-40.992168,-13.809388],[-40.992146,-13.809571],[-40.99213,-13.80978],[-40.992149,-13.809939],[-40.992198,-13.810145],[-40.99228,-13.81031],[-40.992401,-13.810445],[-40.992567,-13.810558],[-40.99272,-13.810715],[-40.992862,-13.810852],[-40.993012,-13.810936],[-40.993073,-13.810977],[-40.993155,-13.811029],[-40.993198,-13.811068],[-40.993256,-13.811155],[-40.9933,-13.811215],[-40.993344,-13.811288],[-40.993369,-13.811344],[-40.993401,-13.811412],[-40.993426,-13.811475],[-40.993433,-13.811526],[-40.99343,-13.811603],[-40.993429,-13.811633],[-40.993425,-13.811663],[-40.993419,-13.811691],[-40.99341,-13.811723],[-40.993396,-13.811765],[-40.993364,-13.811858],[-40.993295,-13.812065],[-40.993203,-13.81225],[-40.993087,-13.812411],[-40.992947,-13.812573],[-40.992807,-13.812735],[-40.992656,-13.812869],[-40.992505,-13.813013],[-40.992317,-13.813152],[-40.992154,-13.813245],[-40.991966,-13.813316],[-40.991802,-13.813409],[-40.99157,-13.813571],[-40.991554,-13.813587],[-40.991511,-13.813617],[-40.991477,-13.813653],[-40.991437,-13.8137],[-40.991392,-13.813747],[-40.991351,-13.813806],[-40.991089,-13.814381],[-40.990942,-13.814723],[-40.990698,-13.815286],[-40.990496,-13.815541],[-40.990347,-13.815729],[-40.990249,-13.815855],[-40.99011,-13.815994],[-40.98997,-13.816133],[-40.98983,-13.816272],[-40.989737,-13.816434],[-40.989645,-13.816618],[-40.989552,-13.81678],[-40.98946,-13.816964],[-40.989391,-13.817148],[-40.989345,-13.817332],[-40.989253,-13.817705],[-40.989209,-13.817884],[-40.989141,-13.818079],[-40.989071,-13.818276],[-40.988999,-13.818591],[-40.98897,-13.818746],[-40.988936,-13.818919],[-40.988884,-13.819126],[-40.98883,-13.819304],[-40.988776,-13.819449],[-40.988707,-13.819633],[-40.988637,-13.81981],[-40.988569,-13.819979],[-40.988477,-13.820163],[-40.988337,-13.820325],[-40.988197,-13.820464],[-40.988057,-13.820626],[-40.987965,-13.820787],[-40.987825,-13.820949],[-40.987686,-13.821111],[-40.987522,-13.821227],[-40.987366,-13.821393],[-40.98722,-13.821528],[-40.987056,-13.821668],[-40.986891,-13.821801],[-40.986729,-13.8219],[-40.986565,-13.822016],[-40.986403,-13.822132],[-40.986239,-13.822225],[-40.986075,-13.822318],[-40.985747,-13.822505],[-40.985584,-13.822598],[-40.985402,-13.822736],[-40.98528,-13.82283],[-40.985117,-13.822969],[-40.98479,-13.823201],[-40.984627,-13.823318],[-40.984463,-13.823456],[-40.984323,-13.823596],[-40.984184,-13.823758],[-40.984015,-13.823905],[-40.983899,-13.824067],[-40.983811,-13.824174],[-40.983695,-13.824335],[-40.983603,-13.824497],[-40.983534,-13.824704],[-40.983465,-13.824889],[-40.983443,-13.825072],[-40.983445,-13.825256],[-40.983429,-13.825446],[-40.983418,-13.82564],[-40.983427,-13.82584],[-40.983427,-13.825991],[-40.983429,-13.826174],[-40.983407,-13.826358],[-40.98341,-13.826725],[-40.983388,-13.826909],[-40.983366,-13.827094],[-40.98332,-13.827277],[-40.983252,-13.827461],[-40.983136,-13.827623],[-40.983044,-13.827785],[-40.982858,-13.828108],[-40.982742,-13.828269],[-40.982673,-13.828454],[-40.982627,-13.82866],[-40.982583,-13.828936],[-40.982547,-13.829115],[-40.982516,-13.829419],[-40.982533,-13.829611],[-40.982544,-13.829786],[-40.982568,-13.829969],[-40.98257,-13.830154],[-40.982594,-13.830337],[-40.982603,-13.831393],[-40.982629,-13.831577],[-40.98263,-13.831691],[-40.982608,-13.83199],[-40.982612,-13.832358],[-40.982638,-13.832656],[-40.982616,-13.832885],[-40.982619,-13.833253],[-40.982633,-13.833415],[-40.982669,-13.83362],[-40.982671,-13.833803],[-40.982693,-13.834056],[-40.982725,-13.834339],[-40.982751,-13.834573],[-40.982773,-13.834744],[-40.982775,-13.834973],[-40.9828,-13.835157],[-40.982826,-13.83541],[-40.982874,-13.835593],[-40.9829,-13.835845],[-40.982902,-13.836051],[-40.982893,-13.836249],[-40.982832,-13.836894],[-40.982741,-13.837439],[-40.982699,-13.837588],[-40.982611,-13.837776],[-40.982495,-13.837938],[-40.982402,-13.8381],[-40.982286,-13.838261],[-40.98217,-13.838422],[-40.98203,-13.838562],[-40.982008,-13.838575],[-40.981984,-13.838592],[-40.98196,-13.838606],[-40.981886,-13.838648],[-40.981829,-13.838673],[-40.981776,-13.838688],[-40.981705,-13.838701],[-40.98162,-13.838709],[-40.981515,-13.838708],[-40.981438,-13.838703],[-40.981376,-13.838691],[-40.981184,-13.838656],[-40.980949,-13.83859],[-40.980784,-13.838526],[-40.980572,-13.83847],[-40.980387,-13.838393],[-40.980219,-13.838323],[-40.98003,-13.838256],[-40.979252,-13.837941],[-40.979063,-13.837874],[-40.978875,-13.837783],[-40.978686,-13.837716],[-40.978496,-13.83766],[-40.978309,-13.83765],[-40.978098,-13.837675],[-40.977888,-13.837746],[-40.977724,-13.837862],[-40.977584,-13.838],[-40.977444,-13.83814],[-40.977281,-13.838278],[-40.976954,-13.838511],[-40.976767,-13.838604],[-40.976579,-13.838675],[-40.976368,-13.838745],[-40.976181,-13.838793],[-40.975791,-13.838869],[-40.975712,-13.838865],[-40.97526,-13.838824],[-40.974772,-13.838752],[-40.974559,-13.838737],[-40.974321,-13.838717],[-40.974089,-13.838717],[-40.973899,-13.838723],[-40.973713,-13.838744],[-40.973408,-13.838769],[-40.973221,-13.838816],[-40.973032,-13.838841],[-40.972845,-13.838888],[-40.97261,-13.838959],[-40.972423,-13.839052],[-40.97226,-13.839146],[-40.972136,-13.839234],[-40.972091,-13.839276],[-40.972048,-13.83933],[-40.972006,-13.839402],[-40.971974,-13.839474],[-40.971971,-13.839524],[-40.971965,-13.839583],[-40.97197,-13.839634],[-40.971982,-13.839681],[-40.972004,-13.839743],[-40.972026,-13.839797],[-40.972059,-13.839859],[-40.972096,-13.839914],[-40.972124,-13.839953],[-40.972167,-13.839994],[-40.972191,-13.840009],[-40.972338,-13.84011],[-40.972503,-13.840199],[-40.972669,-13.84029],[-40.972763,-13.84034],[-40.972781,-13.840349],[-40.972808,-13.840371],[-40.972872,-13.840419],[-40.972933,-13.840476],[-40.972983,-13.840529],[-40.973018,-13.840572],[-40.973072,-13.840677],[-40.973167,-13.840838],[-40.973215,-13.841021],[-40.973269,-13.841207],[-40.973313,-13.841388],[-40.973347,-13.841548],[-40.973358,-13.84174],[-40.973364,-13.841938],[-40.973369,-13.842489],[-40.973349,-13.842685],[-40.973302,-13.84288],[-40.973236,-13.843063],[-40.973163,-13.843225],[-40.973107,-13.843399],[-40.973049,-13.843571],[-40.97298,-13.843755],[-40.972887,-13.843916],[-40.972795,-13.844078],[-40.972655,-13.84424],[-40.972516,-13.844379],[-40.972375,-13.84454],[-40.972245,-13.84467],[-40.972234,-13.844679],[-40.97221,-13.844694],[-40.972169,-13.844716],[-40.972114,-13.844736],[-40.972064,-13.844752],[-40.972006,-13.844764],[-40.971936,-13.844766],[-40.971867,-13.84477],[-40.971821,-13.844772],[-40.971749,-13.844773],[-40.971677,-13.844766],[-40.971608,-13.844759],[-40.971563,-13.844744],[-40.971516,-13.844729],[-40.971478,-13.844708],[-40.971444,-13.844686],[-40.971395,-13.844654],[-40.971365,-13.844627],[-40.971346,-13.844606],[-40.971273,-13.844532],[-40.971223,-13.844481],[-40.97107,-13.844334],[-40.970939,-13.844185],[-40.970655,-13.843865],[-40.970536,-13.843706],[-40.97039,-13.843549],[-40.970275,-13.843409],[-40.970133,-13.843273],[-40.96999,-13.843113],[-40.969752,-13.842794],[-40.969611,-13.842657],[-40.969468,-13.842498],[-40.969326,-13.842338],[-40.969183,-13.842201],[-40.969041,-13.842042],[-40.968899,-13.841905],[-40.968757,-13.841745],[-40.968591,-13.841632],[-40.968408,-13.841529],[-40.96826,-13.841428],[-40.968096,-13.841337],[-40.96793,-13.841247],[-40.967765,-13.841133],[-40.967599,-13.841043],[-40.967434,-13.84093],[-40.967268,-13.840839],[-40.967103,-13.840725],[-40.966938,-13.840635],[-40.966607,-13.840408],[-40.966442,-13.840318],[-40.966276,-13.840181],[-40.966111,-13.840091],[-40.965946,-13.839977],[-40.965757,-13.839887],[-40.965568,-13.83982],[-40.965192,-13.83973],[-40.96498,-13.83971],[-40.964792,-13.839688],[-40.964604,-13.839713],[-40.964416,-13.839737],[-40.964041,-13.839832],[-40.963877,-13.839924],[-40.963714,-13.840041],[-40.963574,-13.840203],[-40.963458,-13.840364],[-40.963389,-13.840548],[-40.96332,-13.840733],[-40.963251,-13.840917],[-40.963158,-13.841079],[-40.963067,-13.841447],[-40.963022,-13.84163],[-40.962954,-13.841837],[-40.962884,-13.842045],[-40.962863,-13.842229],[-40.96284,-13.842413],[-40.962853,-13.843882],[-40.962831,-13.844067],[-40.962809,-13.84425],[-40.962831,-13.844431],[-40.962867,-13.844629],[-40.962907,-13.844801],[-40.962979,-13.845006],[-40.963005,-13.84519],[-40.96303,-13.845374],[-40.963055,-13.845557],[-40.963057,-13.84574],[-40.963105,-13.845924],[-40.963201,-13.846153],[-40.963227,-13.846336],[-40.963251,-13.84652],[-40.963276,-13.846726],[-40.963325,-13.846909],[-40.963397,-13.847092],[-40.963422,-13.847276],[-40.963471,-13.847459],[-40.963566,-13.847642],[-40.963638,-13.847825],[-40.96371,-13.848009],[-40.963805,-13.848192],[-40.963903,-13.848558],[-40.963975,-13.848741],[-40.964,-13.848925],[-40.964048,-13.849154],[-40.964074,-13.849337],[-40.964099,-13.84952],[-40.964102,-13.849888],[-40.964059,-13.850371],[-40.964008,-13.850569],[-40.963991,-13.850739],[-40.96395,-13.850921],[-40.963901,-13.851107],[-40.963759,-13.851519],[-40.96374,-13.851586],[-40.963731,-13.851625],[-40.963712,-13.851701],[-40.96368,-13.851837],[-40.963632,-13.852074],[-40.963566,-13.852243],[-40.963493,-13.852353],[-40.963383,-13.85248],[-40.963239,-13.852661],[-40.963109,-13.852773],[-40.963079,-13.852799],[-40.963015,-13.85284],[-40.962921,-13.852894],[-40.962761,-13.852917],[-40.96262,-13.85291],[-40.962494,-13.852897],[-40.962383,-13.852898],[-40.962246,-13.852923],[-40.962143,-13.852968],[-40.962031,-13.853048],[-40.96193,-13.853131],[-40.961828,-13.853228],[-40.961727,-13.853302],[-40.961614,-13.853396],[-40.960952,-13.854025],[-40.960946,-13.854028],[-40.960932,-13.854036],[-40.960917,-13.854042],[-40.960886,-13.854053],[-40.960848,-13.854064],[-40.960808,-13.854075],[-40.960758,-13.854088],[-40.960699,-13.854102],[-40.960642,-13.854112],[-40.960583,-13.854122],[-40.960543,-13.85413],[-40.960458,-13.854158],[-40.960378,-13.854185],[-40.960311,-13.854217],[-40.960229,-13.854254],[-40.960182,-13.854282],[-40.959653,-13.85463],[-40.959353,-13.854737],[-40.959336,-13.85474],[-40.959298,-13.854743],[-40.959177,-13.854752],[-40.959093,-13.854766],[-40.958984,-13.854783],[-40.95882,-13.854787],[-40.958621,-13.854786],[-40.958472,-13.854801],[-40.958336,-13.854821],[-40.95826,-13.854835],[-40.958166,-13.854878],[-40.958023,-13.854953],[-40.957888,-13.85505],[-40.957737,-13.855182],[-40.957633,-13.855287],[-40.957126,-13.855937],[-40.956615,-13.856744],[-40.95634,-13.857413],[-40.956155,-13.857919],[-40.955948,-13.85838],[-40.95579,-13.858879],[-40.955788,-13.858889],[-40.955781,-13.858905],[-40.955771,-13.858924],[-40.95576,-13.858947],[-40.955744,-13.858974],[-40.95572,-13.859],[-40.955486,-13.859233],[-40.955479,-13.85924],[-40.955463,-13.859253],[-40.955418,-13.859276],[-40.955363,-13.859299],[-40.955304,-13.859327],[-40.955233,-13.859347],[-40.955205,-13.859356],[-40.955145,-13.859368],[-40.95487,-13.859363],[-40.954663,-13.859332],[-40.953933,-13.859039],[-40.953461,-13.85879],[-40.953295,-13.8587],[-40.953106,-13.858632],[-40.952918,-13.858565],[-40.952729,-13.858475],[-40.952541,-13.858407],[-40.952352,-13.858317],[-40.952163,-13.85825],[-40.951998,-13.858159],[-40.951804,-13.85808],[-40.951644,-13.858001],[-40.951463,-13.857939],[-40.951268,-13.85789],[-40.951055,-13.857823],[-40.95086,-13.857797],[-40.95068,-13.857802],[-40.950491,-13.857804],[-40.950303,-13.857829],[-40.950117,-13.857862],[-40.949919,-13.857937],[-40.949725,-13.857999],[-40.949708,-13.858003],[-40.949685,-13.858013],[-40.949647,-13.858034],[-40.94962,-13.858053],[-40.949586,-13.858076],[-40.949548,-13.858116],[-40.949522,-13.858157],[-40.949492,-13.858206],[-40.94948,-13.858247],[-40.949469,-13.858282],[-40.949392,-13.858456],[-40.949323,-13.85864],[-40.949258,-13.85899],[-40.949233,-13.859123],[-40.949262,-13.859697],[-40.949438,-13.860668],[-40.949454,-13.860771],[-40.949479,-13.860853],[-40.949542,-13.860978],[-40.949618,-13.86111],[-40.949712,-13.861211],[-40.949769,-13.861278],[-40.94982,-13.861321],[-40.949855,-13.86135],[-40.949863,-13.861357],[-40.95024,-13.861557],[-40.950429,-13.861616],[-40.950806,-13.861705],[-40.950995,-13.86172],[-40.951182,-13.861725],[-40.951343,-13.861734],[-40.951558,-13.861744],[-40.951746,-13.861743],[-40.951945,-13.861766],[-40.952122,-13.861763],[-40.952498,-13.86176],[-40.952693,-13.861745],[-40.952855,-13.861754],[-40.953079,-13.861759],[-40.95325,-13.861777],[-40.953443,-13.861784],[-40.953627,-13.861797],[-40.953815,-13.861841],[-40.953964,-13.861946],[-40.954099,-13.862092],[-40.954218,-13.862252],[-40.954239,-13.862328],[-40.954268,-13.862618],[-40.954273,-13.86317],[-40.954251,-13.863353],[-40.954229,-13.86356],[-40.95423,-13.863744],[-40.954209,-13.863927],[-40.954165,-13.864119],[-40.954118,-13.864319],[-40.954049,-13.864504],[-40.954003,-13.864687],[-40.953982,-13.864871],[-40.953936,-13.865055],[-40.95389,-13.86524],[-40.953785,-13.865483],[-40.953727,-13.865676],[-40.953684,-13.865861],[-40.953615,-13.866068],[-40.953546,-13.866253],[-40.953478,-13.866437],[-40.953432,-13.86662],[-40.95336,-13.866827],[-40.953294,-13.866989],[-40.953201,-13.86715],[-40.953133,-13.867335],[-40.952918,-13.867799],[-40.952856,-13.867934],[-40.952599,-13.868211],[-40.952446,-13.868343],[-40.952435,-13.868349],[-40.952407,-13.868362],[-40.952361,-13.868379],[-40.952317,-13.868393],[-40.952268,-13.868401],[-40.952201,-13.868408],[-40.952149,-13.868405],[-40.952093,-13.868385],[-40.95204,-13.868367],[-40.951998,-13.868351],[-40.951824,-13.868286],[-40.950892,-13.867896],[-40.950716,-13.86779],[-40.950526,-13.8677],[-40.950338,-13.867609],[-40.950149,-13.867542],[-40.949937,-13.867498],[-40.949706,-13.867438],[-40.949537,-13.867364],[-40.949344,-13.867324],[-40.949161,-13.867321],[-40.948784,-13.867324],[-40.948597,-13.867348],[-40.948353,-13.867416],[-40.948346,-13.867417],[-40.948328,-13.867423],[-40.948291,-13.867437],[-40.948254,-13.867453],[-40.948208,-13.867479],[-40.948167,-13.867507],[-40.948135,-13.867538],[-40.9481,-13.86759],[-40.948075,-13.867647],[-40.948055,-13.867698],[-40.94805,-13.867732],[-40.948029,-13.867862],[-40.948024,-13.868139],[-40.948081,-13.868622],[-40.948312,-13.869247],[-40.948379,-13.869462],[-40.948451,-13.869645],[-40.948547,-13.869805],[-40.948642,-13.869965],[-40.948737,-13.870148],[-40.948809,-13.870331],[-40.948882,-13.870537],[-40.948955,-13.870789],[-40.948979,-13.870973],[-40.948982,-13.87134],[-40.948946,-13.871528],[-40.948884,-13.871691],[-40.948822,-13.87187],[-40.948685,-13.872238],[-40.948639,-13.872422],[-40.94857,-13.872607],[-40.948477,-13.872768],[-40.948385,-13.872953],[-40.948316,-13.873137],[-40.948178,-13.873505],[-40.948109,-13.87369],[-40.948018,-13.874057],[-40.947949,-13.874241],[-40.947881,-13.874426],[-40.947754,-13.875051],[-40.947677,-13.875436],[-40.947632,-13.875645],[-40.947563,-13.875852],[-40.947542,-13.876036],[-40.947472,-13.87622],[-40.947426,-13.876404],[-40.947389,-13.876698],[-40.947337,-13.87691],[-40.947291,-13.877094],[-40.94727,-13.877278],[-40.947271,-13.877461],[-40.947265,-13.877631],[-40.947264,-13.877644],[-40.94726,-13.877668],[-40.947252,-13.877737],[-40.947248,-13.877817],[-40.947241,-13.877903],[-40.947239,-13.877968],[-40.947225,-13.878048],[-40.94721,-13.87808],[-40.947205,-13.878089],[-40.947181,-13.878134],[-40.947149,-13.878165],[-40.947116,-13.878207],[-40.947067,-13.878273],[-40.947054,-13.8783],[-40.947014,-13.878346],[-40.946975,-13.878481],[-40.946935,-13.878612],[-40.9469,-13.878694],[-40.946876,-13.878753],[-40.946836,-13.878819],[-40.946743,-13.878981],[-40.946651,-13.879143],[-40.946581,-13.879327],[-40.946455,-13.879503],[-40.946325,-13.879628],[-40.946162,-13.87972],[-40.945974,-13.879791],[-40.945787,-13.879838],[-40.945599,-13.879863],[-40.945411,-13.879887],[-40.945223,-13.879912],[-40.944974,-13.879916],[-40.9448,-13.879916],[-40.944612,-13.879894],[-40.944424,-13.879872],[-40.944236,-13.87985],[-40.944041,-13.879826],[-40.943859,-13.879808],[-40.943671,-13.879786],[-40.943483,-13.879765],[-40.942877,-13.879653],[-40.942494,-13.879544],[-40.94231,-13.879465],[-40.94214,-13.879408],[-40.941928,-13.879364],[-40.94174,-13.87932],[-40.941551,-13.879275],[-40.941363,-13.879208],[-40.941174,-13.87914],[-40.940986,-13.879073],[-40.940797,-13.879028],[-40.940609,-13.878985],[-40.940421,-13.878963],[-40.940229,-13.878933],[-40.940044,-13.87892],[-40.939856,-13.878898],[-40.939668,-13.878876],[-40.939479,-13.878878],[-40.939105,-13.878973],[-40.938917,-13.879043],[-40.938729,-13.879091],[-40.938542,-13.879161],[-40.938363,-13.879226],[-40.938191,-13.879302],[-40.937995,-13.879383],[-40.937839,-13.879442],[-40.937652,-13.879512],[-40.937464,-13.879606],[-40.937301,-13.8797],[-40.937137,-13.879792],[-40.93695,-13.879886],[-40.935991,-13.880376],[-40.935827,-13.880469],[-40.93564,-13.880562],[-40.93546,-13.880649],[-40.935289,-13.880748],[-40.935125,-13.880842],[-40.934961,-13.880934],[-40.934633,-13.881121],[-40.934469,-13.881214],[-40.934306,-13.881308],[-40.934142,-13.8814],[-40.933951,-13.881487],[-40.933791,-13.881564],[-40.933627,-13.881657],[-40.933439,-13.881751],[-40.933131,-13.881877],[-40.93241,-13.882172],[-40.932222,-13.882242],[-40.932035,-13.882336],[-40.931847,-13.882406],[-40.931657,-13.882491],[-40.931496,-13.882546],[-40.931308,-13.882617],[-40.931095,-13.882701],[-40.930868,-13.882775],[-40.930675,-13.882852],[-40.930488,-13.882922],[-40.930301,-13.883016],[-40.930137,-13.883108],[-40.929973,-13.883202],[-40.929786,-13.883294],[-40.929618,-13.883392],[-40.929459,-13.883504],[-40.929319,-13.883666],[-40.929226,-13.883828],[-40.92911,-13.883989],[-40.929018,-13.88415],[-40.928925,-13.884358],[-40.92888,-13.884542],[-40.928879,-13.884731],[-40.928906,-13.884909],[-40.929003,-13.885275],[-40.929052,-13.885459],[-40.929148,-13.885642],[-40.929243,-13.885802],[-40.929328,-13.885987],[-40.929363,-13.886168],[-40.929393,-13.886366],[-40.929516,-13.886913],[-40.929506,-13.887099],[-40.929443,-13.88727],[-40.929351,-13.887454],[-40.929258,-13.887616],[-40.929166,-13.887777],[-40.929025,-13.887939],[-40.928909,-13.8881],[-40.92877,-13.88824],[-40.928606,-13.888333],[-40.928442,-13.888472],[-40.928326,-13.888634],[-40.928186,-13.888772],[-40.927695,-13.889029],[-40.927505,-13.889127],[-40.927344,-13.889193],[-40.927168,-13.889272],[-40.926891,-13.889342],[-40.926758,-13.889357],[-40.926465,-13.889383],[-40.926311,-13.889384],[-40.92607,-13.889378],[-40.925864,-13.889388],[-40.925677,-13.889412],[-40.925458,-13.889446],[-40.925312,-13.889474],[-40.925278,-13.889461],[-40.924244,-13.889079],[-40.923995,-13.888955],[-40.923708,-13.88871],[-40.922004,-13.886976],[-40.920798,-13.88562],[-40.919762,-13.884342],[-40.919309,-13.883698],[-40.919266,-13.883603],[-40.91871,-13.882275],[-40.917241,-13.878512],[-40.915058,-13.872588],[-40.915089,-13.871765],[-40.91512,-13.871143],[-40.91513,-13.871004],[-40.915358,-13.868511],[-40.91553,-13.867153],[-40.915552,-13.86703],[-40.915629,-13.866628],[-40.916318,-13.863455],[-40.917219,-13.859504],[-40.917201,-13.85821],[-40.917238,-13.858082],[-40.917512,-13.857162],[-40.917752,-13.856457],[-40.91793,-13.855954],[-40.91816,-13.854334],[-40.918171,-13.854249],[-40.920636,-13.846284],[-40.921076,-13.841192],[-40.92121,-13.839532],[-40.92126,-13.838966],[-40.9213,-13.83856],[-40.922015,-13.831892],[-40.922029,-13.831774],[-40.924707,-13.815378],[-40.919768,-13.809977],[-40.911071,-13.800388],[-40.891015,-13.776617],[-40.88764,-13.772586],[-40.885647,-13.772698],[-40.878291,-13.772965],[-40.876941,-13.773005],[-40.866129,-13.772847],[-40.856818,-13.772673],[-40.854216,-13.771996],[-40.853435,-13.77169],[-40.83173,-13.763688],[-40.829082,-13.762291],[-40.824932,-13.687753],[-40.858877,-13.672145],[-40.859453,-13.671828],[-40.860529,-13.671228],[-40.86081,-13.671041],[-40.862889,-13.669615],[-40.864498,-13.668478],[-40.86569,-13.667606],[-40.866261,-13.667172],[-40.867543,-13.666157],[-40.868776,-13.665141],[-40.869266,-13.66472],[-40.870022,-13.664045],[-40.870762,-13.663357],[-40.875232,-13.653368],[-40.87816,-13.647423],[-40.878162,-13.647362],[-40.878155,-13.646601],[-40.878155,-13.646513],[-40.866783,-13.627184],[-40.864098,-13.622513],[-40.859825,-13.618772],[-40.859771,-13.618724],[-40.857471,-13.616437],[-40.857309,-13.616268],[-40.855107,-13.616695],[-40.852507,-13.61712],[-40.850778,-13.617349],[-40.849999,-13.617439],[-40.848913,-13.61755],[-40.847385,-13.617673],[-40.845659,-13.617761],[-40.844178,-13.617789],[-40.843902,-13.617794],[-40.84231,-13.617777],[-40.841029,-13.617721],[-40.840866,-13.617709],[-40.839813,-13.617643],[-40.838387,-13.617507],[-40.836942,-13.617312],[-40.8356,-13.617075],[-40.834544,-13.616854],[-40.833975,-13.616718],[-40.833634,-13.616644],[-40.832301,-13.616301],[-40.830954,-13.615879],[-40.830879,-13.615858],[-40.829325,-13.615338],[-40.828162,-13.614864],[-40.826884,-13.614373],[-40.826752,-13.614313],[-40.826577,-13.614242],[-40.824267,-13.613388],[-40.824053,-13.613286],[-40.823125,-13.613017],[-40.822881,-13.612941],[-40.821984,-13.612806],[-40.820535,-13.612551],[-40.820526,-13.612549],[-40.820318,-13.61251],[-40.818584,-13.612053],[-40.816281,-13.610911],[-40.815192,-13.610344],[-40.815038,-13.610268],[-40.814365,-13.609893],[-40.814281,-13.609848],[-40.813476,-13.609355],[-40.812518,-13.608679],[-40.811107,-13.607525],[-40.810355,-13.606833],[-40.810024,-13.606541],[-40.809946,-13.606465],[-40.809434,-13.606136],[-40.807656,-13.604858],[-40.806814,-13.604166],[-40.806039,-13.603454],[-40.804612,-13.602046],[-40.80434,-13.601755],[-40.803591,-13.600873],[-40.802709,-13.599761],[-40.801597,-13.598221],[-40.800931,-13.597195],[-40.800242,-13.596025],[-40.799813,-13.595242],[-40.79924,-13.594427],[-40.798575,-13.593433],[-40.79801,-13.59254],[-40.797117,-13.591057],[-40.795573,-13.592016],[-40.79347,-13.593373],[-40.792231,-13.594026],[-40.791252,-13.594498],[-40.790905,-13.594673],[-40.790028,-13.595071],[-40.790012,-13.595077],[-40.789605,-13.595197],[-40.788663,-13.595464],[-40.788013,-13.595661],[-40.787835,-13.595719],[-40.787152,-13.595952],[-40.78501,-13.596784],[-40.784614,-13.596949],[-40.783666,-13.597275],[-40.783511,-13.597324],[-40.783087,-13.597443],[-40.782979,-13.597491],[-40.782469,-13.597695],[-40.780771,-13.598313],[-40.779375,-13.598769],[-40.778935,-13.598898],[-40.778257,-13.599067],[-40.777674,-13.599181],[-40.777382,-13.59922],[-40.776385,-13.599303],[-40.775461,-13.599331],[-40.774734,-13.599306],[-40.774037,-13.599225],[-40.772984,-13.598986],[-40.771828,-13.598523],[-40.77116,-13.598128],[-40.770509,-13.597658],[-40.770405,-13.59757],[-40.770012,-13.597187],[-40.769372,-13.596471],[-40.769124,-13.596157],[-40.768676,-13.595507],[-40.768198,-13.594711],[-40.767785,-13.59391],[-40.767757,-13.593861],[-40.767541,-13.593384],[-40.767358,-13.592928],[-40.76701,-13.592156],[-40.766731,-13.591468],[-40.766721,-13.591446],[-40.766394,-13.590638],[-40.766218,-13.590153],[-40.76611,-13.589824],[-40.766045,-13.589601],[-40.765806,-13.588867],[-40.765733,-13.588695],[-40.765486,-13.588029],[-40.765267,-13.587483],[-40.765157,-13.587226],[-40.765057,-13.586941],[-40.764547,-13.586102],[-40.7643,-13.585511],[-40.764109,-13.585091],[-40.76372,-13.58442],[-40.762087,-13.581741],[-40.761104,-13.580384],[-40.760771,-13.579795],[-40.760685,-13.579635],[-40.760024,-13.578446],[-40.759705,-13.577847],[-40.759523,-13.577479],[-40.759373,-13.577384],[-40.758598,-13.576884],[-40.757636,-13.576203],[-40.756379,-13.57527],[-40.755136,-13.574301],[-40.753381,-13.572884],[-40.752886,-13.572474],[-40.752422,-13.572079],[-40.751228,-13.571049],[-40.750468,-13.570386],[-40.749033,-13.569102],[-40.748372,-13.568497],[-40.747977,-13.568127],[-40.747177,-13.567353],[-40.746357,-13.566524],[-40.745786,-13.56592],[-40.744712,-13.564728],[-40.744388,-13.56436],[-40.743841,-13.56371],[-40.743654,-13.563483],[-40.743132,-13.562841],[-40.7436,-13.561664],[-40.744079,-13.560366],[-40.745518,-13.556341],[-40.747589,-13.550357],[-40.748727,-13.546951],[-40.746273,-13.541203],[-40.745819,-13.532361],[-40.744521,-13.530807],[-40.743825,-13.528118],[-40.742929,-13.524229],[-40.742827,-13.523629],[-40.742378,-13.52078],[-40.74189,-13.517088],[-40.741672,-13.515098],[-40.741319,-13.511168],[-40.742621,-13.509648],[-40.743648,-13.508607],[-40.743801,-13.508436],[-40.744099,-13.506994],[-40.744171,-13.506551],[-40.744537,-13.503725],[-40.744294,-13.502657],[-40.744097,-13.502038],[-40.743782,-13.501286],[-40.743379,-13.500481],[-40.739531,-13.493491],[-40.73933,-13.492665],[-40.739069,-13.49147],[-40.739004,-13.491143],[-40.738857,-13.490323],[-40.738717,-13.489447],[-40.73867,-13.489117],[-40.738575,-13.488382],[-40.73856,-13.488244],[-40.739487,-13.485182],[-40.738191,-13.481328],[-40.739686,-13.474304],[-40.738995,-13.472113],[-40.739385,-13.463543],[-40.739659,-13.454445],[-40.73765,-13.44817],[-40.736857,-13.443197],[-40.746886,-13.428275],[-40.746276,-13.42268],[-40.745823,-13.418802],[-40.745913,-13.417105],[-40.745914,-13.417086],[-40.745975,-13.417112],[-40.746429,-13.417109],[-40.746799,-13.417026],[-40.747171,-13.416902],[-40.747622,-13.416576],[-40.747868,-13.416372],[-40.748402,-13.415965],[-40.749183,-13.415516],[-40.750171,-13.415187],[-40.750829,-13.414819],[-40.751281,-13.414573],[-40.751981,-13.414326],[-40.7526,-13.414242],[-40.753136,-13.414197],[-40.753547,-13.413952],[-40.753875,-13.413586],[-40.75416,-13.413101],[-40.754403,-13.412453],[-40.755121,-13.41138],[-40.755699,-13.41052],[-40.7561,-13.409431],[-40.756796,-13.408684],[-40.757321,-13.408567],[-40.757962,-13.408334],[-40.758896,-13.408212],[-40.759245,-13.407982],[-40.759827,-13.407635],[-40.760525,-13.407344],[-40.761689,-13.406765],[-40.762562,-13.406131],[-40.763376,-13.405611],[-40.764129,-13.405127],[-40.764417,-13.404742],[-40.764501,-13.404073],[-40.764471,-13.403661],[-40.764409,-13.403464],[-40.765031,-13.403272],[-40.767006,-13.402707],[-40.771668,-13.401441],[-40.780838,-13.40199],[-40.783789,-13.399348],[-40.784714,-13.398455],[-40.785364,-13.397793],[-40.787219,-13.395601],[-40.792775,-13.388679],[-40.795612,-13.384939],[-40.79628,-13.384006],[-40.797097,-13.382803],[-40.797195,-13.382708],[-40.798189,-13.381713],[-40.807186,-13.372316],[-40.807371,-13.372143],[-40.810318,-13.368269],[-40.810644,-13.36792],[-40.810775,-13.367847],[-40.811677,-13.367364],[-40.813807,-13.36627],[-40.814985,-13.365681],[-40.815185,-13.365587],[-40.816037,-13.365202],[-40.816054,-13.365195],[-40.819044,-13.363971],[-40.8408,-13.3616],[-40.84857,-13.360803],[-40.850623,-13.362536],[-40.851556,-13.363345],[-40.852071,-13.363804],[-40.853817,-13.365396],[-40.85502,-13.366512],[-40.863656,-13.374741],[-40.87629,-13.386875],[-40.884938,-13.389307],[-40.895096,-13.404943],[-40.914929,-13.416711],[-40.919413,-13.419338],[-40.920692,-13.421172],[-40.924949,-13.42428],[-40.935506,-13.431796],[-40.973522,-13.455991],[-40.979516,-13.453364],[-41.006983,-13.44148],[-41.011279,-13.442631],[-41.036214,-13.451427],[-41.038636,-13.452314],[-41.040132,-13.452914],[-41.043357,-13.456051],[-41.058309,-13.475739],[-41.058555,-13.4762],[-41.069206,-13.497904],[-41.072385,-13.504441],[-41.072401,-13.504453],[-41.075964,-13.50457],[-41.117455,-13.511229],[-41.121599,-13.511537],[-41.131623,-13.505977],[-41.138305,-13.503891],[-41.15123,-13.499157],[-41.15242,-13.498762],[-41.153899,-13.49827],[-41.160986,-13.49607],[-41.162552,-13.497556],[-41.199599,-13.532699],[-41.200115,-13.533205],[-41.200059,-13.534462],[-41.200004,-13.535132],[-41.199905,-13.535963],[-41.199257,-13.540214],[-41.198554,-13.547629],[-41.198525,-13.547875],[-41.198643,-13.548529],[-41.198752,-13.549002],[-41.199609,-13.551737],[-41.200668,-13.554353],[-41.201526,-13.556105],[-41.202058,-13.557103],[-41.202565,-13.558014],[-41.202618,-13.558106],[-41.203648,-13.558898],[-41.204714,-13.559758],[-41.205414,-13.560355],[-41.205486,-13.560421],[-41.205718,-13.560622],[-41.207418,-13.562144],[-41.207667,-13.562373],[-41.208649,-13.563335],[-41.20874,-13.56343],[-41.210144,-13.563474],[-41.218409,-13.564009],[-41.224029,-13.564558],[-41.22712,-13.562872],[-41.228429,-13.562225],[-41.228676,-13.562117],[-41.240418,-13.568783],[-41.243977,-13.569559],[-41.244537,-13.569714],[-41.245269,-13.569963],[-41.246144,-13.570316],[-41.247056,-13.570722],[-41.250566,-13.572335],[-41.251075,-13.573784],[-41.25382,-13.574373],[-41.256831,-13.574068],[-41.256961,-13.574118],[-41.263685,-13.577878],[-41.264323,-13.578181],[-41.264618,-13.578299],[-41.265144,-13.578471],[-41.266234,-13.577937],[-41.266319,-13.57789],[-41.270419,-13.575865],[-41.271712,-13.576826],[-41.273208,-13.577824],[-41.274719,-13.577623],[-41.275721,-13.577452],[-41.27703,-13.577566],[-41.277053,-13.57757],[-41.278966,-13.578301],[-41.279084,-13.57834],[-41.280518,-13.579263],[-41.280595,-13.579333],[-41.281594,-13.579967],[-41.28165,-13.579991],[-41.28246,-13.580532],[-41.282855,-13.580904],[-41.283098,-13.581121],[-41.283136,-13.581153],[-41.283517,-13.581602],[-41.283687,-13.58179],[-41.283617,-13.582274],[-41.283576,-13.582692],[-41.28338,-13.585668],[-41.283366,-13.585817],[-41.283374,-13.586081],[-41.283388,-13.586091],[-41.283568,-13.586208],[-41.284592,-13.587239],[-41.284957,-13.58752],[-41.28535,-13.588055],[-41.286271,-13.589003],[-41.286562,-13.589695],[-41.286563,-13.589697],[-41.286623,-13.589859],[-41.286906,-13.590145],[-41.287927,-13.591583],[-41.288282,-13.591503],[-41.288556,-13.591472],[-41.291279,-13.591673],[-41.29321,-13.591591],[-41.293324,-13.591758],[-41.293465,-13.591927],[-41.293557,-13.591971],[-41.29416,-13.592198],[-41.294339,-13.59225],[-41.294709,-13.59244],[-41.295473,-13.592749],[-41.295687,-13.592889],[-41.296089,-13.593097],[-41.29649,-13.593212],[-41.296736,-13.593362],[-41.297754,-13.593753],[-41.297783,-13.593784],[-41.298501,-13.594257],[-41.29906,-13.594422],[-41.299183,-13.594622],[-41.299874,-13.595099],[-41.300275,-13.595099],[-41.300431,-13.595706],[-41.300684,-13.595975],[-41.300834,-13.596325],[-41.30109,-13.596437],[-41.301197,-13.596765],[-41.301149,-13.597454],[-41.300906,-13.598733],[-41.300518,-13.599113],[-41.300276,-13.599446],[-41.300492,-13.600499],[-41.300476,-13.602097],[-41.300271,-13.603517],[-41.300117,-13.604137],[-41.300757,-13.604359],[-41.302032,-13.604958],[-41.303254,-13.605746],[-41.304278,-13.606678],[-41.305087,-13.607727],[-41.305595,-13.608657],[-41.305596,-13.608658],[-41.30574,-13.610204],[-41.305522,-13.612499],[-41.305555,-13.613095],[-41.30553,-13.613503],[-41.30606,-13.614721],[-41.306354,-13.615696],[-41.306584,-13.617037],[-41.306664,-13.618148],[-41.306663,-13.61838],[-41.306643,-13.618878],[-41.312977,-13.616207],[-41.313186,-13.616134],[-41.313242,-13.615732],[-41.31324,-13.615718],[-41.313017,-13.61569],[-41.312955,-13.615678],[-41.312892,-13.615236],[-41.312601,-13.615038],[-41.312606,-13.615027],[-41.312502,-13.61448],[-41.311623,-13.614364],[-41.311926,-13.614072],[-41.312081,-13.613832],[-41.311805,-13.61331],[-41.31147,-13.612639],[-41.311475,-13.612631],[-41.311301,-13.6122],[-41.310977,-13.611404],[-41.310219,-13.61081],[-41.310361,-13.610582],[-41.310101,-13.609834],[-41.310228,-13.608813],[-41.309991,-13.607744],[-41.309928,-13.607375],[-41.309485,-13.606737],[-41.308982,-13.606275],[-41.308953,-13.606276],[-41.308312,-13.605405],[-41.308172,-13.604701],[-41.308026,-13.60462],[-41.307536,-13.603868],[-41.307064,-13.603081],[-41.307003,-13.603079],[-41.306327,-13.601954],[-41.306315,-13.601952],[-41.305651,-13.600967],[-41.305695,-13.600704],[-41.304994,-13.600099],[-41.304945,-13.599763],[-41.30443,-13.599193],[-41.304428,-13.599151],[-41.304136,-13.598558],[-41.30353,-13.598345],[-41.302495,-13.596767],[-41.302419,-13.596632],[-41.301927,-13.596696],[-41.301828,-13.596078],[-41.301683,-13.595574],[-41.301449,-13.595407],[-41.301022,-13.594579],[-41.301275,-13.593395],[-41.301281,-13.593324],[-41.30106,-13.593011],[-41.30102,-13.592849],[-41.300031,-13.592124],[-41.299641,-13.591415],[-41.299198,-13.591178],[-41.298491,-13.590291],[-41.298417,-13.590054],[-41.297652,-13.589544],[-41.297262,-13.588853],[-41.296783,-13.588599],[-41.296313,-13.587804],[-41.295864,-13.587595],[-41.295184,-13.586656],[-41.295059,-13.586621],[-41.29416,-13.585786],[-41.294009,-13.585272],[-41.292914,-13.584729],[-41.292637,-13.583658],[-41.291741,-13.583385],[-41.291725,-13.583358],[-41.291625,-13.582872],[-41.291747,-13.582164],[-41.291879,-13.582033],[-41.292009,-13.582001],[-41.292443,-13.582088],[-41.293035,-13.582714],[-41.292849,-13.58345],[-41.294166,-13.583323],[-41.294973,-13.584341],[-41.29541,-13.58424],[-41.296376,-13.584202],[-41.297579,-13.58437],[-41.299701,-13.583908],[-41.298433,-13.580727],[-41.297768,-13.579997],[-41.296183,-13.578514],[-41.295498,-13.577089],[-41.295095,-13.576375],[-41.293531,-13.576216],[-41.29286,-13.577699],[-41.29227,-13.579293],[-41.292171,-13.579902],[-41.291741,-13.580922],[-41.291,-13.581649],[-41.290081,-13.581881],[-41.287919,-13.579243],[-41.281299,-13.574709],[-41.274923,-13.570683],[-41.266899,-13.565636],[-41.263204,-13.564309],[-41.256819,-13.560871],[-41.256492,-13.560101],[-41.246756,-13.554363],[-41.244244,-13.552251],[-41.242707,-13.551217],[-41.236577,-13.548663],[-41.235967,-13.54823],[-41.233184,-13.547121],[-41.230371,-13.547256],[-41.224575,-13.547765],[-41.222471,-13.548036],[-41.220835,-13.547227],[-41.220111,-13.544425],[-41.228668,-13.544691],[-41.238196,-13.547065],[-41.24737,-13.553384],[-41.250542,-13.555619],[-41.256991,-13.559041],[-41.258032,-13.558139],[-41.258273,-13.557972],[-41.258492,-13.557941],[-41.260376,-13.557811],[-41.260432,-13.557788],[-41.262011,-13.557249],[-41.262069,-13.557273],[-41.26351,-13.557934],[-41.266134,-13.558426],[-41.266379,-13.558419],[-41.267921,-13.55686],[-41.267996,-13.556776],[-41.268226,-13.556491],[-41.26867,-13.555891],[-41.269057,-13.555313],[-41.270613,-13.552725],[-41.27118,-13.5517],[-41.271128,-13.55115],[-41.270943,-13.54998],[-41.271588,-13.548755],[-41.272127,-13.547842],[-41.272473,-13.54578],[-41.272737,-13.544585],[-41.273901,-13.542655],[-41.281696,-13.530691],[-41.281639,-13.530293],[-41.282067,-13.528678],[-41.283121,-13.519146],[-41.268262,-13.503624],[-41.270099,-13.497958],[-41.272504,-13.490783],[-41.262567,-13.48356],[-41.261135,-13.483052],[-41.259654,-13.482019],[-41.255434,-13.479262],[-41.255052,-13.479162],[-41.248229,-13.477389],[-41.248157,-13.477372],[-41.247906,-13.47733],[-41.245707,-13.477116],[-41.244323,-13.476892],[-41.242613,-13.476521],[-41.23979,-13.474861],[-41.236886,-13.473962],[-41.229256,-13.471818],[-41.232478,-13.4653],[-41.232612,-13.465041],[-41.237822,-13.461686],[-41.242381,-13.458749],[-41.243384,-13.454652],[-41.245048,-13.450688],[-41.242734,-13.446289],[-41.242533,-13.445882],[-41.24301,-13.43986],[-41.243179,-13.439683],[-41.249272,-13.433559],[-41.249215,-13.429226],[-41.250414,-13.426418],[-41.250728,-13.425953],[-41.249908,-13.422632],[-41.249669,-13.421536],[-41.249466,-13.42049],[-41.249881,-13.419547],[-41.250606,-13.417733],[-41.250683,-13.417565],[-41.25093,-13.417205],[-41.251836,-13.415747],[-41.252192,-13.415109],[-41.253025,-13.413517],[-41.253041,-13.413481],[-41.253261,-13.412339],[-41.253713,-13.409299],[-41.253913,-13.407423],[-41.254476,-13.399688],[-41.25464,-13.396543],[-41.253825,-13.39313],[-41.250487,-13.386874],[-41.250449,-13.386716],[-41.248553,-13.378515],[-41.246855,-13.375651],[-41.252879,-13.361843],[-41.253004,-13.361559],[-41.254472,-13.35819],[-41.254807,-13.357434],[-41.270817,-13.361992],[-41.271048,-13.362061],[-41.271174,-13.362173],[-41.272091,-13.362962],[-41.272686,-13.36346],[-41.276344,-13.36643],[-41.281145,-13.370702],[-41.282093,-13.371694],[-41.286262,-13.381814],[-41.285985,-13.38264],[-41.285945,-13.38528],[-41.285975,-13.386172],[-41.286007,-13.386584],[-41.286039,-13.386853],[-41.286052,-13.386886],[-41.285661,-13.38788],[-41.285512,-13.388325],[-41.285508,-13.388447],[-41.285863,-13.390079],[-41.286199,-13.391298],[-41.286665,-13.39198],[-41.287898,-13.392923],[-41.288805,-13.393538],[-41.288891,-13.393587],[-41.288905,-13.393597],[-41.288992,-13.393586],[-41.289172,-13.393638],[-41.291399,-13.394409],[-41.295759,-13.396254],[-41.299437,-13.397391],[-41.300857,-13.396181],[-41.300947,-13.396123],[-41.301246,-13.395959],[-41.30128,-13.395943],[-41.301792,-13.395717],[-41.304812,-13.394398],[-41.305376,-13.394167],[-41.306283,-13.393877],[-41.316927,-13.394266],[-41.32716,-13.401256],[-41.341826,-13.389045],[-41.350849,-13.385744],[-41.370221,-13.389686],[-41.375608,-13.390759],[-41.40976,-13.38159],[-41.418177,-13.381925],[-41.421289,-13.380326],[-41.445303,-13.382428],[-41.445435,-13.382439],[-41.445709,-13.382401],[-41.453292,-13.381356],[-41.459513,-13.379534],[-41.46368,-13.378343],[-41.468581,-13.37595],[-41.469379,-13.374991],[-41.470466,-13.37363],[-41.471602,-13.372153],[-41.472961,-13.370322],[-41.473368,-13.369754],[-41.475518,-13.366647],[-41.475899,-13.366075],[-41.476824,-13.365057],[-41.477269,-13.36453],[-41.480319,-13.360758],[-41.482307,-13.358202],[-41.482529,-13.357906],[-41.484292,-13.355442],[-41.485936,-13.35297],[-41.487422,-13.350569],[-41.489047,-13.347738],[-41.490148,-13.345655],[-41.490825,-13.344306],[-41.491788,-13.342252],[-41.49251,-13.341624],[-41.494268,-13.340003],[-41.494881,-13.33941],[-41.495704,-13.33864],[-41.495943,-13.338406],[-41.497406,-13.33711],[-41.497637,-13.336912],[-41.498851,-13.335809],[-41.499463,-13.335222],[-41.500805,-13.333977],[-41.501533,-13.333264],[-41.50254,-13.33231],[-41.502776,-13.332095],[-41.503674,-13.331231],[-41.504132,-13.330807],[-41.504931,-13.330024],[-41.505605,-13.329389],[-41.505999,-13.328993],[-41.507015,-13.328012],[-41.508003,-13.327094],[-41.508313,-13.326786],[-41.509605,-13.325579],[-41.509824,-13.325359],[-41.510928,-13.324313],[-41.511066,-13.324185],[-41.511471,-13.323781],[-41.512566,-13.322725],[-41.513353,-13.322004],[-41.513797,-13.321564],[-41.514471,-13.320931],[-41.514877,-13.32052],[-41.516079,-13.319367],[-41.516327,-13.319142],[-41.517183,-13.318299],[-41.517659,-13.317858],[-41.518464,-13.317049],[-41.519722,-13.31586],[-41.52081,-13.314894],[-41.521976,-13.313922],[-41.522725,-13.313334],[-41.525138,-13.311981],[-41.528577,-13.309834],[-41.530991,-13.310058],[-41.538362,-13.341077],[-41.553797,-13.365812],[-41.593573,-13.3408],[-41.59332,-13.3392],[-41.594254,-13.33855],[-41.594519,-13.338195],[-41.569169,-13.306894],[-41.571142,-13.305913],[-41.57362,-13.305432],[-41.576009,-13.30555],[-41.577645,-13.305855],[-41.579592,-13.306411],[-41.579746,-13.306363],[-41.580133,-13.306289],[-41.58208,-13.305729],[-41.582087,-13.305728],[-41.583961,-13.305298],[-41.584892,-13.305005],[-41.585194,-13.304956],[-41.586279,-13.3047],[-41.586812,-13.303875],[-41.587376,-13.303161],[-41.587538,-13.302699],[-41.588316,-13.300877],[-41.588353,-13.300765],[-41.589619,-13.298226],[-41.589734,-13.298091],[-41.590666,-13.296615],[-41.591232,-13.295284],[-41.592736,-13.29414],[-41.59349,-13.293201],[-41.594235,-13.293007],[-41.594968,-13.292628],[-41.596765,-13.291491],[-41.598167,-13.28906],[-41.608244,-13.285596],[-41.61904,-13.27987],[-41.620155,-13.278566],[-41.623625,-13.277973],[-41.629367,-13.276761],[-41.63699,-13.275145],[-41.639031,-13.274311],[-41.642271,-13.271803],[-41.643789,-13.277726],[-41.64104,-13.280248],[-41.635752,-13.28377],[-41.632149,-13.284333],[-41.628271,-13.284477],[-41.624545,-13.2848],[-41.620086,-13.285451],[-41.619902,-13.28596],[-41.627323,-13.285223],[-41.636514,-13.284668],[-41.642747,-13.279998],[-41.644669,-13.278004],[-41.646315,-13.275385],[-41.645417,-13.274331],[-41.645985,-13.2737],[-41.647117,-13.27418],[-41.648978,-13.271101],[-41.650174,-13.268557],[-41.651349,-13.266606],[-41.653191,-13.26257],[-41.654545,-13.258859],[-41.655232,-13.256602],[-41.655356,-13.256129],[-41.6558,-13.255664],[-41.656295,-13.254935],[-41.656595,-13.254607],[-41.656437,-13.254397],[-41.656281,-13.254334],[-41.656118,-13.254228],[-41.655904,-13.254338],[-41.655914,-13.254907],[-41.655337,-13.255655],[-41.654704,-13.255872],[-41.647907,-13.26049],[-41.63665,-13.273769],[-41.623396,-13.275783],[-41.614779,-13.280196],[-41.603106,-13.2861],[-41.598218,-13.288006],[-41.59403,-13.286127],[-41.592185,-13.284832],[-41.587872,-13.280687],[-41.587761,-13.280554],[-41.583612,-13.278574],[-41.583338,-13.278497],[-41.579073,-13.276822],[-41.576509,-13.275629],[-41.574767,-13.274725],[-41.571934,-13.273173],[-41.570404,-13.272271],[-41.569105,-13.271909],[-41.565869,-13.270843],[-41.564189,-13.270202],[-41.563228,-13.269853],[-41.560098,-13.26558],[-41.557952,-13.262588],[-41.556556,-13.260716],[-41.553881,-13.257262],[-41.554297,-13.25412],[-41.555407,-13.244446],[-41.55547,-13.243803],[-41.555795,-13.239866],[-41.556456,-13.232671],[-41.554898,-13.229166],[-41.552642,-13.224375],[-41.549653,-13.218224],[-41.543869,-13.208236],[-41.537585,-13.199056],[-41.538611,-13.19758],[-41.53893,-13.197111],[-41.541931,-13.19241],[-41.545464,-13.186776],[-41.545871,-13.186096],[-41.546041,-13.185803],[-41.546269,-13.185373],[-41.546917,-13.184128],[-41.547425,-13.183123],[-41.54844,-13.181035],[-41.549831,-13.178076],[-41.550339,-13.176924],[-41.551276,-13.174711],[-41.551485,-13.17417],[-41.551579,-13.173873],[-41.55265,-13.170312],[-41.553027,-13.169022],[-41.553346,-13.167898],[-41.553372,-13.167799],[-41.5534,-13.167689],[-41.553466,-13.167425],[-41.553501,-13.167279],[-41.5553,-13.160097],[-41.555333,-13.159958],[-41.556211,-13.156363],[-41.556517,-13.154645],[-41.5567,-13.153578],[-41.557237,-13.150336],[-41.557771,-13.146967],[-41.557963,-13.141489],[-41.557809,-13.14101],[-41.554291,-13.130158],[-41.552841,-13.125756],[-41.550084,-13.118108],[-41.549456,-13.116389],[-41.547364,-13.111502],[-41.545837,-13.107886],[-41.545188,-13.106333],[-41.544361,-13.101607],[-41.544238,-13.101034],[-41.544684,-13.100671],[-41.560205,-13.087851],[-41.560877,-13.087291],[-41.56144,-13.086415],[-41.561921,-13.085655],[-41.570406,-13.071996],[-41.573513,-13.066863],[-41.574872,-13.064001],[-41.578612,-13.054449],[-41.578743,-13.049953],[-41.573867,-13.042385],[-41.584107,-13.00897],[-41.589059,-12.99583],[-41.589673,-12.991859],[-41.589189,-12.986691],[-41.59248,-12.982732],[-41.606988,-12.972613],[-41.609731,-12.966135],[-41.609881,-12.965577],[-41.618453,-12.960315],[-41.620834,-12.95889],[-41.622274,-12.958173],[-41.648143,-12.949319],[-41.65906,-12.958732],[-41.668285,-12.966787],[-41.66907,-12.971982],[-41.684985,-12.996486],[-41.698443,-12.992985],[-41.701116,-12.992289],[-41.715332,-12.988591],[-41.716402,-12.988302],[-41.719005,-12.987048],[-41.720396,-12.98826],[-41.726249,-12.989338],[-41.732585,-12.990452],[-41.733852,-12.990565],[-41.734885,-12.990637],[-41.736496,-12.990714],[-41.738382,-12.990755],[-41.7388,-12.990749],[-41.739597,-12.99071],[-41.739808,-12.990694],[-41.741185,-12.990507],[-41.742373,-12.990291],[-41.743412,-12.99004],[-41.744203,-12.989795],[-41.744461,-12.989689],[-41.745421,-12.989226],[-41.747614,-12.990406],[-41.757965,-12.995199],[-41.764761,-12.998208],[-41.765245,-12.998305],[-41.762946,-13.00217],[-41.762638,-13.002674],[-41.762478,-13.002929],[-41.762127,-13.003454],[-41.754957,-13.008199],[-41.754777,-13.008367],[-41.753759,-13.009476],[-41.753298,-13.010006],[-41.753021,-13.010372],[-41.752724,-13.010784],[-41.752298,-13.0114],[-41.752191,-13.011564],[-41.751136,-13.013353],[-41.749757,-13.015791],[-41.749373,-13.016505],[-41.748565,-13.01811],[-41.74807,-13.019215],[-41.74746,-13.019326],[-41.745905,-13.019686],[-41.744106,-13.020434],[-41.74168,-13.02183],[-41.740202,-13.022753],[-41.740029,-13.022947],[-41.739693,-13.02335],[-41.738747,-13.024559],[-41.737374,-13.027135],[-41.737144,-13.027615],[-41.73605,-13.031317],[-41.735651,-13.032485],[-41.73531,-13.033372],[-41.734716,-13.034196],[-41.734224,-13.034828],[-41.733404,-13.035775],[-41.734144,-13.038199],[-41.735163,-13.041957],[-41.735333,-13.043432],[-41.735363,-13.043883],[-41.735391,-13.044671],[-41.735574,-13.044829],[-41.73936,-13.047956],[-41.743861,-13.051853],[-41.745842,-13.055431],[-41.747365,-13.058286],[-41.750175,-13.063769],[-41.750511,-13.064447],[-41.750708,-13.06494],[-41.751051,-13.065611],[-41.751252,-13.065974],[-41.751383,-13.066207],[-41.752271,-13.067935],[-41.754355,-13.072117],[-41.755089,-13.076896],[-41.758827,-13.075187],[-41.762851,-13.073249],[-41.765943,-13.07151],[-41.77401,-13.06677],[-41.776426,-13.065646],[-41.780016,-13.064058],[-41.780712,-13.063284],[-41.781648,-13.062117],[-41.782332,-13.061172],[-41.783159,-13.059891],[-41.783215,-13.059788],[-41.78378,-13.058853],[-41.784254,-13.057929],[-41.784846,-13.056563],[-41.785002,-13.056123],[-41.785276,-13.05549],[-41.785367,-13.055231],[-41.785481,-13.055017],[-41.785356,-13.053375],[-41.785265,-13.050304],[-41.785758,-13.045702],[-41.785053,-13.044013],[-41.784459,-13.042727],[-41.784034,-13.041918],[-41.783749,-13.041437],[-41.783423,-13.040935],[-41.783049,-13.040405],[-41.782836,-13.040129],[-41.775458,-13.035247],[-41.778408,-13.02736],[-41.778434,-13.027333],[-41.779513,-13.02635],[-41.779587,-13.026212],[-41.779625,-13.026151],[-41.779781,-13.025889],[-41.779964,-13.02567],[-41.780279,-13.025308],[-41.780834,-13.024696],[-41.780913,-13.024605],[-41.781403,-13.024077],[-41.781765,-13.023666],[-41.78274,-13.022678],[-41.783256,-13.022128],[-41.784615,-13.020804],[-41.785402,-13.019995],[-41.785593,-13.019787],[-41.785599,-13.01978],[-41.785933,-13.019412],[-41.786058,-13.019282],[-41.786234,-13.019072],[-41.786555,-13.018709],[-41.786701,-13.018553],[-41.786833,-13.018422],[-41.786859,-13.018396],[-41.787122,-13.018121],[-41.78729,-13.017953],[-41.787306,-13.017937],[-41.787396,-13.017486],[-41.787587,-13.016656],[-41.788476,-13.013511],[-41.789395,-13.011135],[-41.790209,-13.009581],[-41.791606,-13.007369],[-41.791884,-13.006959],[-41.792001,-13.006795],[-41.7929,-13.005719],[-41.792931,-13.005619],[-41.79296,-13.00551],[-41.793438,-13.004728],[-41.793547,-13.004537],[-41.7945,-13.003173],[-41.794716,-13.002916],[-41.795415,-13.002021],[-41.795529,-13.001804],[-41.796058,-13.000965],[-41.795716,-12.998422],[-41.795592,-12.995422],[-41.800584,-12.988884],[-41.79964,-12.981602],[-41.799488,-12.980119],[-41.799159,-12.977548],[-41.799126,-12.977356],[-41.799083,-12.977063],[-41.798292,-12.976025],[-41.798552,-12.975153],[-41.799351,-12.972775],[-41.80016,-12.970635],[-41.8005,-12.969809],[-41.801333,-12.96786],[-41.801356,-12.967401],[-41.80135,-12.966979],[-41.801274,-12.965001],[-41.800786,-12.959451],[-41.800801,-12.957991],[-41.799984,-12.955981],[-41.799507,-12.95473],[-41.797703,-12.94974],[-41.797609,-12.949386],[-41.796446,-12.944564],[-41.797204,-12.941115],[-41.797673,-12.939178],[-41.800258,-12.935545],[-41.801037,-12.934219],[-41.802338,-12.931937],[-41.803248,-12.928766],[-41.803738,-12.926944],[-41.80383,-12.926576],[-41.804267,-12.925879],[-41.804693,-12.925169],[-41.804976,-12.92477],[-41.810796,-12.91698],[-41.813088,-12.914029],[-41.81745,-12.912197],[-41.818403,-12.911785],[-41.819329,-12.911406],[-41.820175,-12.911231],[-41.821376,-12.912682],[-41.822086,-12.913558],[-41.822805,-12.914463],[-41.822908,-12.914595],[-41.823436,-12.915288],[-41.824326,-12.916479],[-41.824618,-12.916879],[-41.824706,-12.917057],[-41.826503,-12.920835],[-41.827296,-12.922562],[-41.827634,-12.923325],[-41.8286,-12.925597],[-41.829908,-12.928839],[-41.830438,-12.930238],[-41.830745,-12.930987],[-41.83086,-12.931722],[-41.83173,-12.93846],[-41.832107,-12.942698],[-41.832158,-12.943799],[-41.833144,-12.943781],[-41.835102,-12.943827],[-41.835832,-12.943887],[-41.836498,-12.943867],[-41.837306,-12.943903],[-41.837684,-12.943949],[-41.837901,-12.944177],[-41.838192,-12.944541],[-41.838548,-12.94492],[-41.838981,-12.945508],[-41.839154,-12.945778],[-41.83918,-12.945806],[-41.839666,-12.946147],[-41.840556,-12.947726],[-41.842498,-12.950695],[-41.844295,-12.952112],[-41.844538,-12.952888],[-41.843925,-12.955258],[-41.843704,-12.956379],[-41.843567,-12.957274],[-41.843045,-12.961246],[-41.85274,-12.969789],[-41.853563,-12.969495],[-41.860868,-12.972751],[-41.866568,-12.975156],[-41.868149,-12.975863],[-41.868769,-12.976157],[-41.869828,-12.97657],[-41.870476,-12.976842],[-41.871963,-12.97752],[-41.876651,-12.979345],[-41.88781,-12.983946],[-41.889041,-12.996522],[-41.889421,-13.000081],[-41.889554,-13.001458],[-41.889564,-13.00158],[-41.889875,-13.006115],[-41.892865,-13.012481],[-41.903296,-13.022351],[-41.90638,-13.021582],[-41.910876,-13.020409],[-41.921514,-13.017681],[-41.930014,-13.015943],[-41.934038,-13.017026],[-41.983216,-13.016228],[-41.992353,-13.017069],[-41.992751,-13.016658],[-41.994825,-13.013595],[-41.999128,-13.002027],[-41.999046,-13.001372],[-41.997976,-12.993707],[-41.998543,-12.986092],[-41.998844,-12.981666],[-41.999119,-12.977962],[-41.999582,-12.972393],[-41.999627,-12.971807],[-41.999691,-12.971071],[-41.999766,-12.970403],[-41.999887,-12.969587],[-42.000067,-12.96882],[-42.000108,-12.968627],[-42.001232,-12.962108],[-42.002511,-12.955178],[-42.002981,-12.95255],[-42.00292,-12.952351],[-42.002894,-12.952262],[-41.998921,-12.936708],[-42.007768,-12.915395],[-42.012085,-12.908135],[-42.01682,-12.900432],[-42.020794,-12.901096],[-42.024577,-12.901728],[-42.027716,-12.902184],[-42.02904,-12.902364],[-42.040445,-12.903787],[-42.053317,-12.905244],[-42.053678,-12.905476],[-42.053732,-12.905506],[-42.057176,-12.907304],[-42.083085,-12.908792],[-42.083663,-12.908821],[-42.084938,-12.908868],[-42.087118,-12.908912],[-42.093254,-12.915634],[-42.094868,-12.917372],[-42.097412,-12.918886],[-42.098603,-12.91949],[-42.099594,-12.919986],[-42.10042,-12.920415],[-42.102352,-12.921572],[-42.110267,-12.924702],[-42.111683,-12.925246],[-42.116694,-12.926724],[-42.120256,-12.927829],[-42.120672,-12.928009],[-42.121987,-12.92859],[-42.123089,-12.938766],[-42.123139,-12.939299],[-42.123686,-12.956812],[-42.123773,-12.958528],[-42.125113,-12.961422],[-42.125287,-12.961688],[-42.129127,-12.967408],[-42.129153,-12.967446],[-42.12845,-12.970322],[-42.128246,-12.973126],[-42.128038,-12.976625],[-42.12803,-12.976636],[-42.126181,-12.97897],[-42.106854,-13.004083],[-42.106973,-13.004288],[-42.113839,-13.016234],[-42.111091,-13.030494],[-42.111647,-13.039545],[-42.112457,-13.043534],[-42.112481,-13.043651],[-42.112172,-13.044346],[-42.110649,-13.045866],[-42.107832,-13.048959],[-42.106947,-13.051053],[-42.105997,-13.053787],[-42.105835,-13.056998],[-42.105464,-13.057826],[-42.10515,-13.059989],[-42.105079,-13.061745],[-42.104291,-13.064311],[-42.103732,-13.065035],[-42.10357,-13.065378],[-42.103406,-13.065831],[-42.103193,-13.066539],[-42.102998,-13.06734],[-42.102856,-13.067853],[-42.102857,-13.067955],[-42.102872,-13.06836],[-42.102885,-13.06863],[-42.102979,-13.068997],[-42.10345,-13.069805],[-42.103886,-13.070462],[-42.104496,-13.071949],[-42.104823,-13.072968],[-42.105159,-13.073657],[-42.105568,-13.074202],[-42.105795,-13.074406],[-42.106161,-13.074613],[-42.107033,-13.074959],[-42.107785,-13.075334],[-42.108737,-13.075921],[-42.10914,-13.076236],[-42.109419,-13.076538],[-42.109628,-13.076918],[-42.109813,-13.077465],[-42.109865,-13.077876],[-42.109867,-13.079015],[-42.109927,-13.079586],[-42.110015,-13.080604],[-42.110118,-13.081778],[-42.110095,-13.08229],[-42.11005,-13.083182],[-42.109929,-13.083947],[-42.109849,-13.084259],[-42.109755,-13.084836],[-42.109692,-13.085217],[-42.109595,-13.08558],[-42.10928,-13.086227],[-42.10896,-13.086743],[-42.108591,-13.087302],[-42.108358,-13.087638],[-42.108015,-13.087982],[-42.10743,-13.088526],[-42.107065,-13.088753],[-42.106657,-13.088965],[-42.106292,-13.089109],[-42.105928,-13.089246],[-42.105469,-13.089505],[-42.105162,-13.089741],[-42.10494,-13.089912],[-42.104624,-13.090165],[-42.104351,-13.090409],[-42.104049,-13.090742],[-42.103886,-13.090922],[-42.103732,-13.09111],[-42.103628,-13.091283],[-42.103531,-13.091488],[-42.103444,-13.091702],[-42.10338,-13.09199],[-42.10334,-13.09241],[-42.103284,-13.092765],[-42.103196,-13.092979],[-42.103142,-13.093226],[-42.103061,-13.093489],[-42.103012,-13.093892],[-42.103024,-13.094222],[-42.10301,-13.094536],[-42.102981,-13.094766],[-42.10291,-13.094963],[-42.102746,-13.095225],[-42.102469,-13.09566],[-42.102279,-13.09598],[-42.102696,-13.097445],[-42.103261,-13.098427],[-42.104242,-13.099914],[-42.105194,-13.10158],[-42.105037,-13.103738],[-42.104414,-13.105907],[-42.106067,-13.109731],[-42.107681,-13.1155],[-42.107392,-13.116761],[-42.10759,-13.117907],[-42.107963,-13.118807],[-42.107874,-13.119617],[-42.106839,-13.1221],[-42.105826,-13.12482],[-42.104982,-13.12646],[-42.104255,-13.129663],[-42.104116,-13.131477],[-42.103656,-13.132727],[-42.10035,-13.136977],[-42.095659,-13.14063],[-42.093229,-13.142002],[-42.091201,-13.142036],[-42.089828,-13.141999],[-42.0888,-13.141972],[-42.087902,-13.14225],[-42.087558,-13.14258],[-42.08687,-13.143917],[-42.085099,-13.148876],[-42.084601,-13.149464],[-42.084495,-13.149496],[-42.082949,-13.149966],[-42.081971,-13.149797],[-42.080708,-13.149684],[-42.080646,-13.149686],[-42.078705,-13.1501],[-42.078394,-13.150147],[-42.077185,-13.150467],[-42.076646,-13.150552],[-42.07648,-13.150593],[-42.076154,-13.150697],[-42.075977,-13.150798],[-42.075844,-13.150884],[-42.075759,-13.150943],[-42.075537,-13.151098],[-42.075514,-13.151126],[-42.075467,-13.151154],[-42.075146,-13.151196],[-42.075133,-13.151196],[-42.074947,-13.151183],[-42.074638,-13.151214],[-42.074316,-13.151281],[-42.07403,-13.15141],[-42.073565,-13.151674],[-42.073118,-13.152052],[-42.072692,-13.152564],[-42.072379,-13.153004],[-42.072039,-13.153685],[-42.071735,-13.154499],[-42.071402,-13.15549],[-42.071198,-13.156149],[-42.071107,-13.156605],[-42.071088,-13.156808],[-42.071004,-13.156917],[-42.070927,-13.157019],[-42.07085,-13.157135],[-42.070698,-13.15733],[-42.070302,-13.157768],[-42.070294,-13.157782],[-42.070203,-13.157909],[-42.069946,-13.158355],[-42.069685,-13.158719],[-42.069684,-13.15872],[-42.069068,-13.159443],[-42.068964,-13.159591],[-42.068927,-13.159623],[-42.068384,-13.160187],[-42.068044,-13.160609],[-42.067888,-13.160739],[-42.067552,-13.161085],[-42.067385,-13.161327],[-42.067157,-13.161569],[-42.06702,-13.161686],[-42.066772,-13.161963],[-42.066708,-13.162054],[-42.066559,-13.162194],[-42.066126,-13.162704],[-42.066047,-13.162822],[-42.065872,-13.163166],[-42.065859,-13.163202],[-42.065484,-13.163799],[-42.06533,-13.164164],[-42.065305,-13.164257],[-42.065293,-13.164325],[-42.064905,-13.165227],[-42.064744,-13.165369],[-42.063532,-13.166676],[-42.060729,-13.168096],[-42.05923,-13.168648],[-42.058835,-13.168765],[-42.058631,-13.168814],[-42.058609,-13.168818],[-42.055587,-13.16914],[-42.048436,-13.169466],[-42.045347,-13.169162],[-42.028682,-13.167315],[-42.025472,-13.173776],[-42.024456,-13.175276],[-42.023651,-13.177011],[-42.022845,-13.178952],[-42.022888,-13.180478],[-42.022914,-13.18165],[-42.022922,-13.18194],[-42.023007,-13.184441],[-42.023012,-13.18458],[-42.023035,-13.185442],[-42.022746,-13.186937],[-42.022733,-13.187005],[-42.022438,-13.187214],[-42.02165,-13.187772],[-42.020502,-13.188182],[-42.019485,-13.188249],[-42.018385,-13.188117],[-42.017155,-13.187969],[-42.016269,-13.188068],[-42.015449,-13.188363],[-42.014858,-13.188839],[-42.014325,-13.189466],[-42.014038,-13.190135],[-42.013572,-13.191039],[-42.013428,-13.191447],[-42.012961,-13.192238],[-42.012762,-13.192974],[-42.012481,-13.194008],[-42.01216,-13.195191],[-42.011767,-13.196064],[-42.011216,-13.197288],[-42.010773,-13.198273],[-42.010547,-13.199225],[-42.010281,-13.199651],[-42.010002,-13.200717],[-42.009887,-13.201619],[-42.009591,-13.202243],[-42.00916,-13.202811],[-42.008328,-13.203539],[-42.007803,-13.203998],[-42.007542,-13.204392],[-42.007491,-13.204868],[-42.007394,-13.205792],[-42.007491,-13.206689],[-42.007573,-13.207444],[-42.007377,-13.207936],[-42.006638,-13.208395],[-42.006297,-13.208752],[-42.006192,-13.209172],[-42.006069,-13.209661],[-42.005752,-13.210249],[-42.00549,-13.210446],[-42.004923,-13.210535],[-42.004292,-13.21084],[-42.003341,-13.211299],[-42.002651,-13.211775],[-42.002077,-13.212021],[-42.001057,-13.212196],[-42.000397,-13.212497],[-41.999737,-13.213154],[-41.999155,-13.213789],[-41.998472,-13.214195],[-41.997886,-13.214624],[-41.997385,-13.214991],[-41.996893,-13.215417],[-41.99643,-13.21623],[-41.995852,-13.216867],[-41.995431,-13.217486],[-41.995011,-13.218247],[-41.994314,-13.219507],[-41.993886,-13.220448],[-41.993552,-13.221441],[-41.993072,-13.222482],[-41.992634,-13.22318],[-41.99227,-13.223758],[-41.991685,-13.224209],[-41.990825,-13.224793],[-41.989821,-13.225475],[-41.988993,-13.226037],[-41.98891,-13.226037],[-41.981815,-13.226056],[-41.954832,-13.230724],[-41.9517,-13.231221],[-41.94949,-13.23306],[-41.948757,-13.233665],[-41.947647,-13.234575],[-41.946108,-13.236486],[-41.946093,-13.236504],[-41.945795,-13.236889],[-41.943842,-13.239331],[-41.943468,-13.239806],[-41.941773,-13.240392],[-41.940227,-13.241009],[-41.935406,-13.243703],[-41.929236,-13.247212],[-41.928892,-13.247485],[-41.921853,-13.254884],[-41.917974,-13.25907],[-41.917543,-13.260802],[-41.917526,-13.260871],[-41.916552,-13.261541],[-41.91576,-13.261946],[-41.914747,-13.262234],[-41.91385,-13.262762],[-41.913238,-13.263258],[-41.912566,-13.26406],[-41.912584,-13.264136],[-41.912551,-13.265566],[-41.912729,-13.266143],[-41.91319,-13.26634],[-41.913706,-13.266462],[-41.914266,-13.266887],[-41.914331,-13.267192],[-41.914336,-13.267543],[-41.913836,-13.268722],[-41.91325,-13.270519],[-41.912547,-13.271729],[-41.911454,-13.272667],[-41.910165,-13.273916],[-41.909618,-13.274815],[-41.909189,-13.275908],[-41.908828,-13.277152],[-41.908812,-13.277701],[-41.908579,-13.278117],[-41.90808,-13.278632],[-41.907564,-13.27953],[-41.907298,-13.280046],[-41.907198,-13.280628],[-41.907348,-13.281443],[-41.907481,-13.281809],[-41.907614,-13.282075],[-41.907593,-13.282324],[-41.907441,-13.282602],[-41.907151,-13.28286],[-41.906894,-13.283086],[-41.906533,-13.283734],[-41.906417,-13.283985],[-41.905616,-13.285078],[-41.905297,-13.285591],[-41.904856,-13.28684],[-41.904544,-13.287959],[-41.904239,-13.289683],[-41.904343,-13.290224],[-41.904542,-13.290572],[-41.904937,-13.290886],[-41.905459,-13.291072],[-41.906306,-13.291126],[-41.907413,-13.291177],[-41.907936,-13.291331],[-41.908459,-13.291579],[-41.90882,-13.291863],[-41.909019,-13.292147],[-41.909186,-13.292464],[-41.909456,-13.29329],[-41.909496,-13.293958],[-41.909339,-13.294375],[-41.908891,-13.295082],[-41.908316,-13.295916],[-41.90752,-13.296766],[-41.904432,-13.298471],[-41.902261,-13.300407],[-41.901124,-13.302091],[-41.900924,-13.302627],[-41.900416,-13.303961],[-41.900358,-13.304471],[-41.900428,-13.304981],[-41.900629,-13.305425],[-41.900896,-13.305996],[-41.901162,-13.306503],[-41.901364,-13.307075],[-41.901703,-13.308155],[-41.901907,-13.308853],[-41.90211,-13.309616],[-41.902246,-13.310125],[-41.902445,-13.310377],[-41.9031,-13.310753],[-41.903691,-13.311128],[-41.904214,-13.311441],[-41.904999,-13.311751],[-41.90552,-13.311681],[-41.906103,-13.311483],[-41.9073,-13.310973]]]]}}
]
}
