{
"type": "FeatureCollection",
"xy_coordinate_resolution": 1e-06,
"features": [
{"type":"Feature","properties":{"PCP_NU_ISO":700},"geometry":{"type":"MultiLineString","coordinates":[[[-41.983849,-13.234685],[-41.983503,-13.234602],[-41.982458,-13.234344],[-41.98141,-13.234078],[-41.980396,-13.233812],[-41.979411,-13.233546],[-41.978452,-13.233279],[-41.977516,-13.233009],[-41.976602,-13.232737],[-41.975708,-13.232462],[-41.975269,-13.232323],[-41.974833,-13.232183],[-41.974134,-13.231953],[-41.97343,-13.231716],[-41.972722,-13.231471],[-41.97201,-13.231218],[-41.971292,-13.230957],[-41.970569,-13.230688],[-41.96984,-13.230411],[-41.969105,-13.230126],[-41.968364,-13.229833],[-41.967616,-13.229531],[-41.966861,-13.22922],[-41.966098,-13.2289],[-41.965326,-13.228571],[-41.964545,-13.228233],[-41.963755,-13.227884],[-41.962953,-13.227525],[-41.962169,-13.227169],[-41.961372,-13.226803],[-41.960563,-13.226425],[-41.959738,-13.226036],[-41.958898,-13.225635],[-41.958039,-13.22522],[-41.957158,-13.22479],[-41.956253,-13.224344],[-41.955352,-13.223895],[-41.954419,-13.223427],[-41.952425,-13.222415],[-41.950225,-13.221286],[-41.947273,-13.219758],[-41.946432,-13.219319],[-41.945587,-13.218872],[-41.944735,-13.218417],[-41.943878,-13.217953],[-41.943015,-13.21748],[-41.942146,-13.216999],[-41.94127,-13.216508],[-41.940386,-13.216007],[-41.939495,-13.215498],[-41.938595,-13.214978],[-41.937687,-13.214448],[-41.936768,-13.213906],[-41.935839,-13.213354],[-41.934899,-13.21279],[-41.933946,-13.212213],[-41.932979,-13.211623],[-41.93204,-13.211045],[-41.931086,-13.210454],[-41.930115,-13.209848],[-41.929125,-13.209226],[-41.927081,-13.20793],[-41.924926,-13.206547],[-41.922733,-13.205125],[-41.920327,-13.203552],[-41.917697,-13.201823],[-41.913729,-13.199203],[-41.912031,-13.198078],[-41.910347,-13.196955],[-41.908677,-13.195834],[-41.90702,-13.194714],[-41.905375,-13.193595],[-41.903744,-13.192478],[-41.902125,-13.191362],[-41.900518,-13.190246],[-41.898924,-13.189132],[-41.897341,-13.188018],[-41.895771,-13.186905],[-41.894212,-13.185792],[-41.892665,-13.184679],[-41.89113,-13.183567],[-41.889606,-13.182456],[-41.888093,-13.181344],[-41.886591,-13.180232],[-41.8851,-13.17912],[-41.88362,-13.178008],[-41.882151,-13.176895],[-41.880693,-13.175783],[-41.879245,-13.17467],[-41.877808,-13.173557],[-41.876382,-13.172443],[-41.874966,-13.171329],[-41.87356,-13.170214],[-41.872165,-13.169099],[-41.870779,-13.167983],[-41.869404,-13.166866],[-41.868039,-13.165748],[-41.866685,-13.16463],[-41.86534,-13.163511],[-41.862424,-13.161066],[-41.859777,-13.158829],[-41.858522,-13.157761],[-41.857306,-13.156721],[-41.856125,-13.155705],[-41.854974,-13.15471],[-41.853843,-13.153727],[-41.852737,-13.15276],[-41.851655,-13.151807],[-41.850595,-13.150868],[-41.849556,-13.14994],[-41.848535,-13.149024],[-41.847533,-13.148116],[-41.846547,-13.147218],[-41.845565,-13.146316],[-41.844598,-13.145421],[-41.843647,-13.144533],[-41.84271,-13.143652],[-41.841788,-13.142776],[-41.840879,-13.141906],[-41.839983,-13.141041],[-41.8391,-13.14018],[-41.838229,-13.139324],[-41.83737,-13.138471],[-41.836523,-13.137622],[-41.835687,-13.136776],[-41.834862,-13.135933],[-41.834048,-13.135093],[-41.833245,-13.134256],[-41.832453,-13.133421],[-41.831717,-13.132638],[-41.830981,-13.131848],[-41.830245,-13.131051],[-41.829507,-13.130246],[-41.828768,-13.129434],[-41.828029,-13.128613],[-41.827288,-13.127785],[-41.826546,-13.126949],[-41.825803,-13.126105],[-41.825059,-13.125253],[-41.824313,-13.124392],[-41.823566,-13.123523],[-41.822817,-13.122646],[-41.822066,-13.12176],[-41.821313,-13.120864],[-41.820558,-13.11996],[-41.819802,-13.119048],[-41.819043,-13.118127],[-41.818282,-13.117196],[-41.817518,-13.116255],[-41.816751,-13.115304],[-41.815981,-13.114343],[-41.815208,-13.113371],[-41.814431,-13.112388],[-41.81365,-13.111394],[-41.812865,-13.110389],[-41.812076,-13.109372],[-41.811282,-13.108343],[-41.810483,-13.1073],[-41.809678,-13.106245],[-41.808867,-13.105175],[-41.80805,-13.104091],[-41.807304,-13.103095],[-41.80656,-13.102095],[-41.805819,-13.101092],[-41.80508,-13.100085],[-41.804344,-13.099074],[-41.80361,-13.098061],[-41.802879,-13.097043],[-41.80215,-13.096022],[-41.801424,-13.094998],[-41.800701,-13.093971],[-41.79998,-13.09294],[-41.799262,-13.091906],[-41.798547,-13.090868],[-41.797834,-13.089827],[-41.797124,-13.088784],[-41.796418,-13.087737],[-41.795713,-13.086687],[-41.795012,-13.085634],[-41.794314,-13.084577],[-41.793618,-13.083518],[-41.792925,-13.082456],[-41.792236,-13.081391],[-41.791549,-13.080323],[-41.790865,-13.079253],[-41.790184,-13.078179],[-41.789507,-13.077103],[-41.788832,-13.076024],[-41.788161,-13.074943],[-41.787492,-13.073859],[-41.786827,-13.072772],[-41.786165,-13.071683],[-41.785506,-13.070591],[-41.78462,-13.069106],[-41.783727,-13.067588],[-41.782826,-13.066035],[-41.781916,-13.064444],[-41.780995,-13.062813],[-41.780059,-13.061136],[-41.779107,-13.059407],[-41.778133,-13.05762],[-41.777176,-13.055844],[-41.776189,-13.053995],[-41.775164,-13.052057],[-41.774087,-13.050004],[-41.772991,-13.047902],[-41.771793,-13.04559],[-41.768554,-13.039297],[-41.765957,-13.034237],[-41.763823,-13.03005],[-41.761892,-13.026233],[-41.760115,-13.022685],[-41.759254,-13.02095],[-41.758419,-13.019258],[-41.757607,-13.017604],[-41.756818,-13.015984],[-41.756049,-13.014392],[-41.755298,-13.012828],[-41.754565,-13.011289],[-41.753848,-13.009772],[-41.753129,-13.008235],[-41.752424,-13.006719],[-41.751735,-13.005221],[-41.751061,-13.00374],[-41.7504,-13.002275],[-41.749753,-13.000826],[-41.749118,-12.99939],[-41.748497,-12.997968],[-41.747887,-12.996557],[-41.747289,-12.995159],[-41.746703,-12.993771],[-41.746128,-12.992393],[-41.745565,-12.991026],[-41.745012,-12.989668],[-41.744471,-12.988319],[-41.74394,-12.986978],[-41.742621,-12.983624],[-41.7417,-12.981266],[-41.74087,-12.979124],[-41.740121,-12.977166],[-41.739399,-12.975255],[-41.738726,-12.973442],[-41.738092,-12.971704],[-41.737493,-12.970028],[-41.737194,-12.969176],[-41.736902,-12.968337],[-41.736619,-12.967509],[-41.736342,-12.966693],[-41.736073,-12.965886],[-41.735811,-12.965089],[-41.735555,-12.964301],[-41.735306,-12.963521],[-41.735063,-12.962748],[-41.734826,-12.961982],[-41.734595,-12.961224],[-41.73437,-12.960472],[-41.734151,-12.959727],[-41.733938,-12.958987],[-41.733731,-12.958253],[-41.733529,-12.957525],[-41.733362,-12.956905],[-41.733199,-12.956277],[-41.733041,-12.955641],[-41.732886,-12.954997],[-41.732735,-12.954345],[-41.732589,-12.953683],[-41.732445,-12.953012],[-41.732306,-12.952331],[-41.73217,-12.95164],[-41.732037,-12.950938],[-41.731908,-12.950223],[-41.731781,-12.949496],[-41.731658,-12.948756],[-41.731537,-12.948],[-41.731419,-12.947228],[-41.731303,-12.946438],[-41.731212,-12.945794],[-41.731122,-12.945136],[-41.731032,-12.944463],[-41.730944,-12.943773],[-41.730767,-12.942333],[-41.730589,-12.940789],[-41.73044,-12.939439],[-41.73028,-12.937933],[-41.73013,-12.936485],[-41.72977,-12.932952],[-41.729578,-12.931114],[-41.729381,-12.929309],[-41.729194,-12.927683],[-41.729091,-12.926829],[-41.728987,-12.926005],[-41.728884,-12.925206],[-41.728779,-12.92443],[-41.728673,-12.923673],[-41.728565,-12.922934],[-41.728456,-12.922211],[-41.728344,-12.921502],[-41.728228,-12.920792],[-41.728109,-12.920094],[-41.727987,-12.919409],[-41.727862,-12.918735],[-41.727735,-12.918072],[-41.727604,-12.917419],[-41.72747,-12.916776],[-41.727333,-12.916141],[-41.727192,-12.915515],[-41.727048,-12.914896],[-41.726901,-12.914286],[-41.726749,-12.913683],[-41.726594,-12.913088],[-41.726436,-12.9125],[-41.726273,-12.911918],[-41.726106,-12.911343],[-41.72599,-12.910953],[-41.725872,-12.910562],[-41.725751,-12.91017],[-41.725627,-12.909777],[-41.7255,-12.909383],[-41.725371,-12.908987],[-41.725239,-12.90859],[-41.725104,-12.908192],[-41.724827,-12.907391],[-41.724538,-12.906583],[-41.724238,-12.905768],[-41.723926,-12.904946],[-41.723603,-12.904117],[-41.723268,-12.90328],[-41.722921,-12.902432],[-41.722561,-12.901574],[-41.722188,-12.900705],[-41.721801,-12.899824],[-41.7214,-12.898928],[-41.720984,-12.898016],[-41.720619,-12.897229],[-41.720241,-12.896428],[-41.719851,-12.895611],[-41.719446,-12.894776],[-41.719028,-12.893922],[-41.718593,-12.893044],[-41.718139,-12.892139],[-41.717664,-12.891201],[-41.716805,-12.889527],[-41.715841,-12.88767],[-41.71488,-12.885839],[-41.712384,-12.881099],[-41.711659,-12.879712],[-41.711011,-12.878463],[-41.710288,-12.877058],[-41.709618,-12.875741],[-41.70899,-12.874488],[-41.708396,-12.873285],[-41.708047,-12.872569],[-41.707709,-12.871866],[-41.70738,-12.871176],[-41.707061,-12.870497],[-41.70675,-12.869828],[-41.706447,-12.869168],[-41.706152,-12.868516],[-41.705864,-12.867872],[-41.705584,-12.867235],[-41.705311,-12.866604],[-41.705044,-12.865979],[-41.704784,-12.865361],[-41.704531,-12.864747],[-41.704284,-12.864139],[-41.704044,-12.863535],[-41.70381,-12.862936],[-41.703185,-12.861305],[-41.702565,-12.859655],[-41.701949,-12.857985],[-41.701339,-12.856294],[-41.700732,-12.854581],[-41.700129,-12.852846],[-41.69953,-12.851086],[-41.698934,-12.849302],[-41.698341,-12.847493],[-41.697751,-12.845657],[-41.697162,-12.843792],[-41.696574,-12.841895],[-41.695987,-12.839965],[-41.695399,-12.838],[-41.69481,-12.835996],[-41.694219,-12.833951],[-41.693683,-12.832063],[-41.693142,-12.830135],[-41.692597,-12.828161],[-41.692046,-12.826137],[-41.691487,-12.82406],[-41.690918,-12.821917],[-41.690336,-12.8197],[-41.689737,-12.817393],[-41.688722,-12.813432],[-41.687608,-12.80902],[-41.686538,-12.80474],[-41.683889,-12.794095],[-41.682464,-12.788423],[-41.681402,-12.78421],[-41.680404,-12.780213],[-41.679457,-12.776381],[-41.678554,-12.772686],[-41.677688,-12.769097],[-41.676857,-12.765607],[-41.676058,-12.762204],[-41.675288,-12.758876],[-41.674541,-12.755594],[-41.673821,-12.752375],[-41.673125,-12.749211],[-41.672454,-12.746099],[-41.671807,-12.743033],[-41.671181,-12.740012],[-41.670578,-12.73703],[-41.669995,-12.734086],[-41.669363,-12.730819],[-41.668745,-12.727559],[-41.668141,-12.724308],[-41.667551,-12.721066],[-41.666975,-12.717831],[-41.666414,-12.714605],[-41.665867,-12.711388],[-41.665334,-12.708179],[-41.664815,-12.704979],[-41.664311,-12.701787],[-41.66382,-12.698604],[-41.663344,-12.69543],[-41.662882,-12.692265],[-41.662435,-12.689109],[-41.662002,-12.685962],[-41.661583,-12.682823],[-41.661409,-12.681478],[-41.661239,-12.68012],[-41.661073,-12.678747],[-41.66091,-12.677361],[-41.660752,-12.675959],[-41.660597,-12.674541],[-41.660445,-12.673107],[-41.660297,-12.671654],[-41.660152,-12.670185],[-41.660011,-12.668695],[-41.659872,-12.667184],[-41.659737,-12.66565],[-41.659604,-12.664091],[-41.659473,-12.662506],[-41.659346,-12.660892],[-41.65922,-12.659245],[-41.659006,-12.656309],[-41.658797,-12.653245],[-41.658589,-12.650022],[-41.65838,-12.646584],[-41.658197,-12.643421],[-41.658001,-12.639909],[-41.657811,-12.636421],[-41.657323,-12.627315],[-41.657042,-12.622227],[-41.656885,-12.619508],[-41.656734,-12.616965],[-41.656584,-12.614551],[-41.656434,-12.612241],[-41.656249,-12.609506],[-41.65606,-12.606877],[-41.655867,-12.604335],[-41.655669,-12.601868],[-41.655465,-12.599463],[-41.655255,-12.597116],[-41.655037,-12.594821],[-41.654812,-12.592573],[-41.65453,-12.589892],[-41.65423,-12.587165],[-41.653912,-12.584388],[-41.653575,-12.581555],[-41.653218,-12.578661],[-41.652841,-12.575697],[-41.652443,-12.572654],[-41.652021,-12.569519],[-41.651567,-12.566229],[-41.651083,-12.562803],[-41.650566,-12.559212],[-41.650006,-12.555398],[-41.649451,-12.551671],[-41.64883,-12.547547],[-41.64819,-12.543334],[-41.646441,-12.531867],[-41.645445,-12.525261],[-41.644912,-12.521677],[-41.644421,-12.518329],[-41.643962,-12.51515],[-41.64353,-12.512108],[-41.643021,-12.508439],[-41.642545,-12.504912],[-41.642098,-12.5015],[-41.641679,-12.498189],[-41.641284,-12.494958],[-41.640914,-12.491804],[-41.640567,-12.488717],[-41.640243,-12.485691],[-41.639965,-12.482975],[-41.639695,-12.48021],[-41.639432,-12.477391],[-41.639175,-12.474511],[-41.638924,-12.471568],[-41.638678,-12.468549],[-41.638436,-12.465446],[-41.638197,-12.462245],[-41.637961,-12.458935],[-41.637725,-12.455486],[-41.637487,-12.451867],[-41.637243,-12.448021],[-41.636765,-12.440136],[-41.63585,-12.424438],[-41.635456,-12.417841],[-41.635236,-12.414266],[-41.635024,-12.410927],[-41.634817,-12.407758],[-41.634612,-12.404727],[-41.634354,-12.401077],[-41.634095,-12.397569],[-41.633832,-12.394179],[-41.633564,-12.390891],[-41.63329,-12.387687],[-41.633009,-12.38456],[-41.63272,-12.381504],[-41.632424,-12.37851],[-41.631645,-12.370971],[-41.631253,-12.36728],[-41.630861,-12.363636],[-41.630466,-12.360037],[-41.630069,-12.356481],[-41.62967,-12.352965],[-41.629268,-12.349487],[-41.628862,-12.346043],[-41.628454,-12.342635],[-41.628043,-12.339259],[-41.627628,-12.335915],[-41.627209,-12.332601],[-41.626787,-12.329317],[-41.62636,-12.326061],[-41.62593,-12.322832],[-41.625475,-12.319466],[-41.625018,-12.316138],[-41.624559,-12.312846],[-41.6241,-12.309589],[-41.623638,-12.306364],[-41.623174,-12.303171],[-41.622707,-12.300007],[-41.622239,-12.296872],[-41.621767,-12.293764],[-41.621293,-12.290683],[-41.620815,-12.287627],[-41.620335,-12.284596],[-41.619851,-12.281589],[-41.619364,-12.278606],[-41.618874,-12.275644],[-41.61838,-12.272705],[-41.617583,-12.268031],[-41.616808,-12.263544],[-41.616048,-12.259211],[-41.615299,-12.255009],[-41.614557,-12.250917],[-41.613822,-12.246926],[-41.61309,-12.243025],[-41.612361,-12.239207],[-41.61163,-12.235446],[-41.610898,-12.231754],[-41.610165,-12.228126],[-41.609429,-12.224557],[-41.608691,-12.221042],[-41.607948,-12.217579],[-41.607201,-12.214165],[-41.60645,-12.210796],[-41.605515,-12.206669],[-41.604654,-12.202907],[-41.603838,-12.199382],[-41.603055,-12.196042],[-41.60229,-12.192824],[-41.601542,-12.189728],[-41.600807,-12.186732],[-41.600082,-12.183826],[-41.599354,-12.180957],[-41.59863,-12.17816],[-41.597909,-12.175426],[-41.59719,-12.17275],[-41.59647,-12.170126],[-41.595749,-12.167552],[-41.595027,-12.165023],[-41.594301,-12.162536],[-41.593539,-12.159977],[-41.592753,-12.157389],[-41.591942,-12.154769],[-41.591106,-12.152114],[-41.590243,-12.149423],[-41.589353,-12.146691],[-41.588434,-12.143916],[-41.587485,-12.141092],[-41.58651,-12.138231],[-41.585501,-12.13531],[-41.584457,-12.132323],[-41.583373,-12.129261],[-41.582247,-12.126118],[-41.581074,-12.122872],[-41.579844,-12.119507],[-41.578549,-12.11599],[-41.577495,-12.11316],[-41.576413,-12.110295],[-41.575301,-12.10739],[-41.57416,-12.104443],[-41.572986,-12.10145],[-41.571779,-12.098405],[-41.570535,-12.095304],[-41.569253,-12.09214],[-41.567942,-12.088936],[-41.566586,-12.085652],[-41.56518,-12.082276],[-41.563717,-12.078794],[-41.562195,-12.075198],[-41.560596,-12.071446],[-41.558903,-12.067499],[-41.557085,-12.06328],[-41.555862,-12.06046],[-41.554656,-12.057691],[-41.553465,-12.054971],[-41.552287,-12.052295],[-41.551751,-12.051086]],[[-41.398743,-11.798486],[-41.397831,-11.797311],[-41.396148,-11.795155],[-41.39448,-11.793032],[-41.392688,-11.790766],[-41.39093,-11.788553],[-41.389203,-11.786388],[-41.387502,-11.784268],[-41.385826,-11.782189],[-41.384171,-11.780148],[-41.382537,-11.778142],[-41.38092,-11.77617],[-41.379318,-11.774226],[-41.377731,-11.772313],[-41.376158,-11.770428],[-41.374598,-11.768571],[-41.37305,-11.766739],[-41.371513,-11.764932],[-41.369986,-11.763149],[-41.368469,-11.761389],[-41.366854,-11.759527],[-41.365275,-11.757711],[-41.363726,-11.755939],[-41.362205,-11.754206],[-41.360708,-11.752507],[-41.359233,-11.750841],[-41.357779,-11.749206],[-41.356343,-11.747599],[-41.354921,-11.746016],[-41.353514,-11.744458],[-41.352122,-11.742924],[-41.350742,-11.741413],[-41.349375,-11.739924],[-41.348019,-11.738455],[-41.346674,-11.737005],[-41.345338,-11.735575],[-41.344005,-11.734156],[-41.34268,-11.732755],[-41.341363,-11.73137],[-41.340054,-11.730003],[-41.338751,-11.728652],[-41.337455,-11.727316],[-41.336166,-11.725996],[-41.334882,-11.724691],[-41.333603,-11.7234],[-41.332329,-11.722123],[-41.33106,-11.72086],[-41.329796,-11.719611],[-41.328535,-11.718375],[-41.327279,-11.717152],[-41.326026,-11.715941],[-41.324777,-11.714744],[-41.32274,-11.712805],[-41.320823,-11.71099],[-41.318991,-11.709267],[-41.317229,-11.707621],[-41.315516,-11.706035],[-41.31385,-11.704504],[-41.312223,-11.703023],[-41.31063,-11.701586],[-41.309053,-11.700177],[-41.307502,-11.698806],[-41.305975,-11.69747],[-41.304467,-11.696167],[-41.302978,-11.694895],[-41.302239,-11.694269],[-41.301505,-11.693651],[-41.300774,-11.69304],[-41.300046,-11.692435],[-41.299322,-11.691837],[-41.298601,-11.691246],[-41.297089,-11.690015],[-41.295595,-11.68881],[-41.294116,-11.687627],[-41.292652,-11.686468],[-41.291201,-11.685329],[-41.289762,-11.684212],[-41.288335,-11.683115],[-41.286918,-11.682037],[-41.285511,-11.680978],[-41.284113,-11.679937],[-41.282724,-11.678915],[-41.281343,-11.67791],[-41.279969,-11.676922],[-41.278603,-11.675951],[-41.277244,-11.674997],[-41.275891,-11.674059],[-41.274079,-11.672816],[-41.272381,-11.671662],[-41.270765,-11.670573],[-41.269213,-11.669539],[-41.267706,-11.668547],[-41.266243,-11.667595],[-41.264816,-11.66668],[-41.26342,-11.665797],[-41.262725,-11.665363],[-41.262037,-11.664937],[-41.261356,-11.664518],[-41.26068,-11.664105],[-41.260009,-11.6637],[-41.259343,-11.6633],[-41.258682,-11.662908],[-41.258025,-11.662521],[-41.257373,-11.662141],[-41.256724,-11.661766],[-41.25608,-11.661397],[-41.255439,-11.661034],[-41.254801,-11.660677],[-41.254167,-11.660325],[-41.253536,-11.659979],[-41.252907,-11.659638],[-41.251532,-11.6589],[-41.250206,-11.658197],[-41.248921,-11.657525],[-41.247669,-11.65688],[-41.246445,-11.656259],[-41.245247,-11.655661],[-41.244072,-11.655085],[-41.242917,-11.654529],[-41.241775,-11.65399],[-41.24065,-11.653469],[-41.240093,-11.653216],[-41.23954,-11.652967],[-41.23899,-11.652722],[-41.238444,-11.652482],[-41.2379,-11.652246],[-41.23736,-11.652014],[-41.236823,-11.651786],[-41.236288,-11.651562],[-41.235757,-11.651342],[-41.235228,-11.651126],[-41.234701,-11.650915],[-41.234177,-11.650707],[-41.233407,-11.650406],[-41.232639,-11.650109],[-41.231871,-11.649818],[-41.231104,-11.649532],[-41.230339,-11.64925],[-41.229574,-11.648973],[-41.228811,-11.648701],[-41.228049,-11.648434],[-41.227289,-11.648172],[-41.22653,-11.647915],[-41.225772,-11.647663],[-41.225015,-11.647416],[-41.224261,-11.647174],[-41.223507,-11.646937],[-41.222755,-11.646705],[-41.222005,-11.646478],[-41.221256,-11.646255],[-41.22051,-11.646038],[-41.219764,-11.645826],[-41.219021,-11.645619],[-41.218279,-11.645417],[-41.217539,-11.645221],[-41.2168,-11.645029],[-41.216064,-11.644842],[-41.215329,-11.644661],[-41.214597,-11.644484],[-41.213866,-11.644313],[-41.213137,-11.644146],[-41.21241,-11.643985],[-41.211685,-11.643829],[-41.210962,-11.643678],[-41.210241,-11.643532],[-41.209495,-11.643386],[-41.208757,-11.643244],[-41.208025,-11.643107],[-41.207301,-11.642974],[-41.206583,-11.642847],[-41.205871,-11.642723],[-41.205165,-11.642605],[-41.204466,-11.642491],[-41.203771,-11.642381],[-41.203082,-11.642276],[-41.202399,-11.642176],[-41.20172,-11.64208],[-41.201047,-11.641988],[-41.200379,-11.641901],[-41.199715,-11.641818],[-41.199056,-11.64174],[-41.198401,-11.641666],[-41.197751,-11.641596],[-41.197105,-11.64153],[-41.196463,-11.641469],[-41.195826,-11.641413],[-41.195193,-11.64136],[-41.194564,-11.641312],[-41.193939,-11.641269],[-41.193319,-11.641229],[-41.192702,-11.641194],[-41.192089,-11.641164],[-41.19148,-11.641137],[-41.190875,-11.641115],[-41.190274,-11.641098],[-41.189677,-11.641084],[-41.189083,-11.641075],[-41.188344,-11.641069],[-41.1876,-11.64107],[-41.186853,-11.641077],[-41.186103,-11.64109],[-41.185348,-11.641109],[-41.18459,-11.641134],[-41.183829,-11.641165],[-41.183064,-11.641203],[-41.182295,-11.641247],[-41.181524,-11.641296],[-41.180748,-11.641352],[-41.17997,-11.641414],[-41.179188,-11.641483],[-41.178403,-11.641557],[-41.177615,-11.641637],[-41.176823,-11.641724],[-41.176029,-11.641817],[-41.175231,-11.641915],[-41.174431,-11.64202],[-41.173628,-11.642131],[-41.172822,-11.642248],[-41.172013,-11.642372],[-41.171201,-11.642501],[-41.170388,-11.642636],[-41.169571,-11.642777],[-41.168752,-11.642925],[-41.167931,-11.643078],[-41.167108,-11.643237],[-41.166282,-11.643403],[-41.165455,-11.643574],[-41.164625,-11.643751],[-41.163794,-11.643934],[-41.162835,-11.644152],[-41.161898,-11.644371],[-41.160979,-11.644592],[-41.160078,-11.644816],[-41.159194,-11.645043],[-41.158326,-11.645273],[-41.157472,-11.645506],[-41.156633,-11.645742],[-41.155807,-11.645982],[-41.154994,-11.646226],[-41.154193,-11.646474],[-41.153406,-11.646726],[-41.152629,-11.646982],[-41.151865,-11.647242],[-41.151112,-11.647507],[-41.15037,-11.647776],[-41.149586,-11.648067],[-41.14882,-11.648359],[-41.148071,-11.64865],[-41.147336,-11.648942],[-41.146616,-11.649235],[-41.14591,-11.649529],[-41.145217,-11.649824],[-41.144536,-11.650122],[-41.143867,-11.650421],[-41.143209,-11.650722],[-41.142563,-11.651026],[-41.141928,-11.651331],[-41.141304,-11.65164],[-41.14069,-11.651951],[-41.140087,-11.652264],[-41.139493,-11.652581],[-41.13886,-11.652927],[-41.138226,-11.653283],[-41.137592,-11.653647],[-41.136958,-11.654019],[-41.136325,-11.6544],[-41.135691,-11.654789],[-41.135059,-11.655187],[-41.134427,-11.655593],[-41.133796,-11.656006],[-41.133166,-11.656428],[-41.132537,-11.656858],[-41.131909,-11.657295],[-41.131283,-11.65774],[-41.130659,-11.658193],[-41.130036,-11.658653],[-41.129416,-11.65912],[-41.128837,-11.659564],[-41.128261,-11.660015],[-41.127688,-11.660471],[-41.127118,-11.660933],[-41.126553,-11.6614],[-41.125991,-11.661873],[-41.125434,-11.662351],[-41.124881,-11.662833],[-41.124333,-11.66332],[-41.12379,-11.663812],[-41.123252,-11.664307],[-41.12272,-11.664807],[-41.122193,-11.665311],[-41.121672,-11.665818],[-41.121157,-11.666328],[-41.120648,-11.666842],[-41.120204,-11.6673],[-41.119761,-11.667767],[-41.119319,-11.668243],[-41.118879,-11.668727],[-41.11844,-11.669219],[-41.118002,-11.669721],[-41.117565,-11.670232],[-41.117129,-11.670752],[-41.116693,-11.671281],[-41.116259,-11.67182],[-41.115825,-11.672368],[-41.115391,-11.672927],[-41.114958,-11.673495],[-41.114524,-11.674074],[-41.11409,-11.674663],[-41.113656,-11.675264],[-41.113225,-11.67587],[-41.112793,-11.676487],[-41.112359,-11.677117],[-41.111924,-11.677758],[-41.111487,-11.678413],[-41.111048,-11.679081],[-41.110606,-11.679764],[-41.11016,-11.680462],[-41.109712,-11.681173],[-41.109259,-11.681901],[-41.1088,-11.682648],[-41.108334,-11.683416],[-41.107861,-11.684206],[-41.107377,-11.685021],[-41.106881,-11.685867],[-41.10637,-11.686747],[-41.10596,-11.687463],[-41.105551,-11.688193],[-41.105141,-11.68894],[-41.104729,-11.689704],[-41.104316,-11.690486],[-41.1039,-11.691288],[-41.103481,-11.692111],[-41.103057,-11.692958],[-41.102634,-11.693818],[-41.102204,-11.694706],[-41.101764,-11.695628],[-41.101312,-11.696588],[-41.100848,-11.697587],[-41.100362,-11.698644],[-41.099848,-11.699776],[-41.099285,-11.701025],[-41.098815,-11.702083],[-41.098346,-11.703161],[-41.097877,-11.704263],[-41.097407,-11.705389],[-41.096936,-11.706542],[-41.096462,-11.707723],[-41.095984,-11.708937],[-41.0955,-11.710186],[-41.09502,-11.711448],[-41.094531,-11.712754],[-41.09403,-11.714113],[-41.093512,-11.715537],[-41.09298,-11.717018],[-41.092416,-11.718606],[-41.091807,-11.720337],[-41.091103,-11.722353],[-41.090745,-11.72339],[-41.090387,-11.724435],[-41.090032,-11.725487],[-41.089678,-11.726547],[-41.089326,-11.727614],[-41.088976,-11.72869],[-41.088627,-11.729773],[-41.08828,-11.730865],[-41.087934,-11.731965],[-41.087589,-11.733074],[-41.087246,-11.734191],[-41.086904,-11.735318],[-41.086563,-11.736455],[-41.086223,-11.737601],[-41.085884,-11.738757],[-41.085545,-11.739923],[-41.084873,-11.742282],[-41.084202,-11.744687],[-41.083533,-11.747141],[-41.082863,-11.749649],[-41.082193,-11.752214],[-41.081519,-11.754844],[-41.08084,-11.757546],[-41.080153,-11.760333],[-41.079647,-11.762428],[-41.079148,-11.76455],[-41.078653,-11.766702],[-41.078163,-11.768885],[-41.077678,-11.771101],[-41.077196,-11.773351],[-41.076718,-11.775638],[-41.076243,-11.777964],[-41.075772,-11.780326],[-41.075303,-11.782734],[-41.074834,-11.785191],[-41.074365,-11.787704],[-41.073896,-11.790276],[-41.073423,-11.792916],[-41.072947,-11.795634],[-41.072464,-11.798443],[-41.071988,-11.801279],[-41.071523,-11.804149],[-41.071067,-11.807055],[-41.070621,-11.809998],[-41.070185,-11.812979],[-41.069757,-11.816002],[-41.069338,-11.819069],[-41.068927,-11.822182],[-41.068525,-11.825338],[-41.06813,-11.828548],[-41.067742,-11.831815],[-41.06736,-11.835145],[-41.066984,-11.838541],[-41.066612,-11.842013],[-41.066245,-11.845569],[-41.06588,-11.849219],[-41.065602,-11.852112],[-41.065334,-11.85505],[-41.065074,-11.858034],[-41.064824,-11.861071],[-41.064582,-11.864161],[-41.064348,-11.867313],[-41.064122,-11.87053],[-41.063903,-11.873822],[-41.063692,-11.87716],[-41.063487,-11.880589],[-41.063287,-11.884124],[-41.063091,-11.887782],[-41.062898,-11.89157],[-41.062705,-11.89554],[-41.062511,-11.899739],[-41.062311,-11.904268],[-41.062208,-11.906701],[-41.062111,-11.90915],[-41.062019,-11.911616],[-41.061932,-11.914098],[-41.061851,-11.916598],[-41.061774,-11.919116],[-41.061703,-11.921652],[-41.061637,-11.924208],[-41.061576,-11.926783],[-41.06152,-11.929379],[-41.061469,-11.931996],[-41.061424,-11.934636],[-41.061347,-11.939987],[-41.061291,-11.945441],[-41.061255,-11.950975],[-41.061239,-11.956633],[-41.061242,-11.962429],[-41.061265,-11.968382],[-41.061307,-11.974503],[-41.06137,-11.980835],[-41.061452,-11.987417],[-41.061556,-11.994311],[-41.061643,-11.999112],[-41.061754,-12.00411],[-41.061887,-12.009349],[-41.062047,-12.01491],[-41.062221,-12.020483],[-41.062428,-12.026661],[-41.062654,-12.03313],[-41.063085,-12.045154],[-41.063246,-12.049468],[-41.063424,-12.05387],[-41.063619,-12.05837],[-41.063833,-12.062978],[-41.064065,-12.067705],[-41.064316,-12.072573],[-41.064588,-12.077608],[-41.064883,-12.082845],[-41.06541,-12.091786],[-41.066025,-12.101746],[-41.066633,-12.111297],[-41.068126,-12.134411],[-41.068875,-12.146326],[-41.069239,-12.152306],[-41.06957,-12.157925],[-41.069875,-12.163275],[-41.070156,-12.168408],[-41.070437,-12.173787],[-41.070695,-12.178989],[-41.07093,-12.184041],[-41.071143,-12.188961],[-41.071335,-12.19377],[-41.071507,-12.198476],[-41.071659,-12.203089],[-41.071792,-12.207618],[-41.071926,-12.212768],[-41.07205,-12.218005],[-41.072165,-12.223337],[-41.072269,-12.228774],[-41.072365,-12.234322],[-41.072451,-12.24],[-41.072529,-12.245821],[-41.072598,-12.251808],[-41.072657,-12.257811],[-41.072708,-12.264027],[-41.072752,-12.270498],[-41.07279,-12.277289],[-41.072846,-12.291936],[-41.072854,-12.29569]],[[-41.071303,-12.468793],[-41.071062,-12.487838],[-41.070897,-12.500525],[-41.070723,-12.513145],[-41.070555,-12.524528],[-41.070335,-12.538075],[-41.070107,-12.550726],[-41.069865,-12.562729],[-41.069608,-12.574212],[-41.069456,-12.580448],[-41.069298,-12.586564],[-41.069134,-12.592571],[-41.068963,-12.598478],[-41.068785,-12.604294],[-41.068601,-12.610024],[-41.06841,-12.615674],[-41.068211,-12.621249],[-41.068004,-12.626761],[-41.06779,-12.632207],[-41.067568,-12.637591],[-41.067338,-12.642915],[-41.0671,-12.648184],[-41.066854,-12.6534],[-41.0666,-12.658565],[-41.066337,-12.663682],[-41.066151,-12.667099],[-41.06595,-12.670585],[-41.065732,-12.674146],[-41.065497,-12.677793],[-41.065245,-12.681532],[-41.064974,-12.685381],[-41.064683,-12.689359],[-41.06437,-12.693491],[-41.063804,-12.700674],[-41.063149,-12.708664],[-41.062495,-12.71642],[-41.060842,-12.735808],[-41.060383,-12.74128],[-41.059978,-12.746208],[-41.059544,-12.751617],[-41.059149,-12.756687],[-41.058788,-12.761508],[-41.058456,-12.766128],[-41.0581,-12.771356],[-41.057935,-12.773898],[-41.057778,-12.776397],[-41.057629,-12.778858],[-41.057489,-12.781282],[-41.057355,-12.783672],[-41.05723,-12.786031],[-41.057112,-12.788363],[-41.057002,-12.790668],[-41.056899,-12.792946],[-41.056803,-12.795199],[-41.056714,-12.79743],[-41.056633,-12.799637],[-41.056559,-12.801824],[-41.056492,-12.803991],[-41.056441,-12.8059],[-41.056399,-12.807848],[-41.056365,-12.809839],[-41.05634,-12.811878],[-41.056324,-12.813969],[-41.056316,-12.816121],[-41.056317,-12.818345],[-41.056326,-12.820655],[-41.056339,-12.822642],[-41.056359,-12.824716],[-41.056418,-12.829232],[-41.05649,-12.833647],[-41.056634,-12.841698],[-41.056689,-12.844849],[-41.056738,-12.848061],[-41.056776,-12.850951],[-41.056809,-12.854159],[-41.056827,-12.857163],[-41.056832,-12.860017],[-41.056823,-12.86275],[-41.056811,-12.864343],[-41.056795,-12.865905],[-41.056773,-12.867437],[-41.056746,-12.868942],[-41.056715,-12.870424],[-41.056678,-12.871882],[-41.056636,-12.87332],[-41.056589,-12.874737],[-41.056536,-12.876138],[-41.056479,-12.877522],[-41.056416,-12.878889],[-41.056347,-12.880241],[-41.056274,-12.881578],[-41.056195,-12.882901],[-41.05611,-12.884211],[-41.05602,-12.885508],[-41.055862,-12.887742],[-41.055464,-12.893523],[-41.055231,-12.896727],[-41.055096,-12.898472],[-41.054963,-12.900102],[-41.054828,-12.901648],[-41.054691,-12.903127],[-41.054535,-12.904702],[-41.054373,-12.90622],[-41.05429,-12.906961],[-41.054205,-12.907691],[-41.054119,-12.90841],[-41.05403,-12.909119],[-41.05394,-12.90982],[-41.053847,-12.910512],[-41.053753,-12.911195],[-41.053656,-12.911871],[-41.053557,-12.912539],[-41.053456,-12.9132],[-41.053353,-12.913854],[-41.053247,-12.914502],[-41.052975,-12.916123],[-41.052723,-12.917594],[-41.05248,-12.91897],[-41.052244,-12.920271],[-41.052009,-12.921524],[-41.051775,-12.922729],[-41.05154,-12.923892],[-41.051305,-12.925019],[-41.051064,-12.92613],[-41.05082,-12.927212],[-41.050572,-12.928268],[-41.050447,-12.928786],[-41.050321,-12.929299],[-41.050193,-12.929806],[-41.050065,-12.930308],[-41.049935,-12.930805],[-41.049803,-12.931296],[-41.049671,-12.931783],[-41.049537,-12.932265],[-41.049402,-12.932742],[-41.049265,-12.933215],[-41.049018,-12.93405],[-41.048763,-12.934886],[-41.048503,-12.935723],[-41.048235,-12.93656],[-41.047961,-12.937397],[-41.04768,-12.938235],[-41.047393,-12.939072],[-41.047099,-12.939909],[-41.046799,-12.940746],[-41.046492,-12.941583],[-41.046179,-12.942419],[-41.045859,-12.943255],[-41.045534,-12.94409],[-41.045202,-12.944924],[-41.044863,-12.945757],[-41.044519,-12.946588],[-41.044169,-12.947419],[-41.043812,-12.948248],[-41.04345,-12.949076],[-41.043081,-12.949902],[-41.042707,-12.950726],[-41.042327,-12.951548],[-41.041942,-12.952368],[-41.04155,-12.953186],[-41.041153,-12.954002],[-41.040751,-12.954815],[-41.040343,-12.955625],[-41.03993,-12.956432],[-41.039512,-12.957237],[-41.039088,-12.958038],[-41.038659,-12.958836],[-41.038225,-12.959631],[-41.037782,-12.96043],[-41.037332,-12.961228],[-41.036876,-12.962023],[-41.036415,-12.962816],[-41.035947,-12.963606],[-41.035474,-12.964394],[-41.034995,-12.965178],[-41.034511,-12.96596],[-41.034021,-12.966739],[-41.033525,-12.967515],[-41.033025,-12.968288],[-41.032519,-12.969057],[-41.032007,-12.969822],[-41.031491,-12.970584],[-41.03097,-12.971342],[-41.030444,-12.972097],[-41.029913,-12.972847],[-41.029377,-12.973592],[-41.028837,-12.974334],[-41.028292,-12.975071],[-41.027742,-12.975804],[-41.027188,-12.976532],[-41.02663,-12.977255],[-41.026068,-12.977974],[-41.025501,-12.978687],[-41.02493,-12.979396],[-41.024356,-12.980099],[-41.023777,-12.980797],[-41.023195,-12.981489],[-41.022609,-12.982176],[-41.022019,-12.982858],[-41.021426,-12.983533],[-41.02085,-12.98418],[-41.020268,-12.984825],[-41.019678,-12.985469],[-41.019081,-12.986112],[-41.018478,-12.986753],[-41.017868,-12.987393],[-41.017252,-12.98803],[-41.016629,-12.988666],[-41.016,-12.9893],[-41.015365,-12.989932],[-41.014723,-12.990562],[-41.014075,-12.99119],[-41.013422,-12.991815],[-41.012763,-12.992438],[-41.012098,-12.993058],[-41.011428,-12.993675],[-41.010768,-12.994275],[-41.010096,-12.994876],[-41.009412,-12.995478],[-41.008717,-12.996082],[-41.008008,-12.996688],[-41.007287,-12.997297],[-41.006553,-12.997909],[-41.005804,-12.998523],[-41.005043,-12.999141],[-41.004266,-12.999763],[-41.003473,-13.000389],[-41.002664,-13.001021],[-41.001838,-13.00166],[-41.000993,-13.002305],[-41.000127,-13.002958],[-40.99924,-13.003621],[-40.998046,-13.004506],[-40.996966,-13.005299],[-40.995954,-13.006034],[-40.994994,-13.006724],[-40.994065,-13.007382],[-40.993169,-13.008008],[-40.992297,-13.008607],[-40.991447,-13.009181],[-40.991023,-13.009465],[-40.990603,-13.009742],[-40.990187,-13.010014],[-40.989774,-13.010281],[-40.989365,-13.010543],[-40.98896,-13.010801],[-40.988557,-13.011053],[-40.988157,-13.011301],[-40.98776,-13.011545],[-40.987365,-13.011784],[-40.986973,-13.012019],[-40.986582,-13.01225],[-40.986194,-13.012477],[-40.985808,-13.012699],[-40.985424,-13.012918],[-40.985041,-13.013133],[-40.984265,-13.013562],[-40.983505,-13.013976],[-40.98276,-13.014376],[-40.982028,-13.014762],[-40.981306,-13.015136],[-40.980595,-13.015497],[-40.979893,-13.015846],[-40.9792,-13.016184],[-40.978514,-13.016512],[-40.977836,-13.016828],[-40.977164,-13.017134],[-40.976498,-13.01743],[-40.975839,-13.017715],[-40.975186,-13.01799],[-40.974537,-13.018256],[-40.973894,-13.018511],[-40.97306,-13.018834],[-40.972239,-13.019143],[-40.97143,-13.019438],[-40.970634,-13.019721],[-40.969848,-13.019992],[-40.969459,-13.020122],[-40.969072,-13.02025],[-40.968687,-13.020374],[-40.968305,-13.020496],[-40.967925,-13.020615],[-40.967547,-13.02073],[-40.967171,-13.020843],[-40.966797,-13.020953],[-40.966425,-13.02106],[-40.966055,-13.021164],[-40.965687,-13.021266],[-40.965321,-13.021364],[-40.964956,-13.02146],[-40.964593,-13.021552],[-40.964232,-13.021642],[-40.963873,-13.021729],[-40.963516,-13.021813],[-40.96316,-13.021895],[-40.962806,-13.021973],[-40.962453,-13.022049],[-40.962102,-13.022122],[-40.961753,-13.022192],[-40.960955,-13.022347],[-40.960232,-13.022483],[-40.959555,-13.022605],[-40.958914,-13.022715],[-40.958295,-13.022816],[-40.9577,-13.022906],[-40.957123,-13.022987],[-40.956563,-13.023058],[-40.956285,-13.023091],[-40.95601,-13.023122],[-40.955739,-13.023151],[-40.955471,-13.023177],[-40.955205,-13.023201],[-40.954943,-13.023223],[-40.954683,-13.023243],[-40.954426,-13.023261],[-40.954204,-13.023275]],[[-40.76444,-13.039635],[-40.764376,-13.040067],[-40.76428,-13.040741],[-40.764187,-13.041421],[-40.764097,-13.042108],[-40.76401,-13.0428],[-40.763926,-13.0435],[-40.763845,-13.044207],[-40.763768,-13.044921],[-40.763693,-13.045642],[-40.763622,-13.046372],[-40.763553,-13.047109],[-40.763488,-13.047855],[-40.763425,-13.048611],[-40.763366,-13.049375],[-40.763309,-13.05015],[-40.763255,-13.050936],[-40.763203,-13.051733],[-40.763156,-13.052526],[-40.763111,-13.053331],[-40.763068,-13.05415],[-40.763028,-13.054983],[-40.762954,-13.056698],[-40.76289,-13.05849],[-40.762834,-13.060353],[-40.762785,-13.062342],[-40.762742,-13.0645],[-40.762702,-13.066978],[-40.762688,-13.068065],[-40.76268,-13.06916],[-40.762678,-13.070263],[-40.762681,-13.071374],[-40.762689,-13.072494],[-40.762703,-13.073622],[-40.762722,-13.07476],[-40.762746,-13.075906],[-40.762776,-13.077062],[-40.762811,-13.078229],[-40.762852,-13.079405],[-40.762898,-13.080593],[-40.76295,-13.081792],[-40.763007,-13.083003],[-40.763069,-13.084226],[-40.763138,-13.085463],[-40.763211,-13.086704],[-40.76329,-13.087959],[-40.763374,-13.089229],[-40.763464,-13.090516],[-40.76356,-13.09182],[-40.763661,-13.093142],[-40.763769,-13.094483],[-40.763882,-13.095847],[-40.764001,-13.097228],[-40.764127,-13.098635],[-40.764398,-13.101534],[-40.764698,-13.104567],[-40.76503,-13.107776],[-40.765268,-13.109975],[-40.765515,-13.112161],[-40.765772,-13.114336],[-40.766039,-13.116498],[-40.766314,-13.118648],[-40.7666,-13.120787],[-40.766895,-13.122914],[-40.767199,-13.125028],[-40.767513,-13.127131],[-40.767837,-13.129222],[-40.76817,-13.131301],[-40.768513,-13.133368],[-40.768865,-13.135424],[-40.769227,-13.137467],[-40.769598,-13.139499],[-40.769979,-13.141518],[-40.770467,-13.144035],[-40.770944,-13.146444],[-40.771416,-13.148765],[-40.771884,-13.15101],[-40.772351,-13.153193],[-40.772819,-13.155317],[-40.773288,-13.15739],[-40.773761,-13.159415],[-40.773999,-13.160416],[-40.774239,-13.161407],[-40.77448,-13.162388],[-40.774722,-13.163359],[-40.774966,-13.164321],[-40.77521,-13.165274],[-40.775457,-13.166218],[-40.775705,-13.167154],[-40.775954,-13.168081],[-40.776205,-13.169001],[-40.776458,-13.169913],[-40.776713,-13.170817],[-40.77697,-13.171715],[-40.777228,-13.172605],[-40.777489,-13.173488],[-40.777751,-13.174364],[-40.778062,-13.175382],[-40.778384,-13.176417],[-40.778719,-13.177471],[-40.779067,-13.178546],[-40.779428,-13.179645],[-40.779805,-13.180771],[-40.780198,-13.181928],[-40.78061,-13.183123],[-40.781015,-13.184284],[-40.781441,-13.185492],[-40.781893,-13.186759],[-40.782377,-13.188106],[-40.78339,-13.190894],[-40.785146,-13.195686],[-40.785711,-13.197214],[-40.786297,-13.198767],[-40.786905,-13.200346],[-40.787535,-13.201956],[-40.78819,-13.203598],[-40.788871,-13.205279],[-40.789581,-13.207005],[-40.790322,-13.208784],[-40.791067,-13.210546],[-40.79185,-13.21238],[-40.792679,-13.214301],[-40.793568,-13.216342],[-40.794427,-13.218298],[-40.795382,-13.220462],[-40.796354,-13.222654],[-40.798976,-13.228555],[-40.800468,-13.231932],[-40.80127,-13.23376],[-40.802015,-13.235469],[-40.802718,-13.237094],[-40.803386,-13.23865],[-40.804181,-13.240523],[-40.804938,-13.242327],[-40.805661,-13.244074],[-40.806353,-13.245773],[-40.80702,-13.247432],[-40.80766,-13.249056],[-40.808278,-13.250647],[-40.808873,-13.25221],[-40.809316,-13.253394],[-40.809757,-13.254591],[-40.810197,-13.255803],[-40.810637,-13.257029],[-40.811075,-13.258271],[-40.811513,-13.25953],[-40.811951,-13.260806],[-40.812389,-13.2621],[-40.812828,-13.263411],[-40.813267,-13.264744],[-40.813707,-13.266098],[-40.81415,-13.267476],[-40.814595,-13.268878],[-40.815043,-13.270309],[-40.815495,-13.271769],[-40.815953,-13.273263],[-40.816696,-13.275726],[-40.817461,-13.278303],[-40.818256,-13.281022],[-40.819097,-13.283935],[-40.819825,-13.286486],[-40.82063,-13.289329],[-40.823279,-13.298758],[-40.824266,-13.302252],[-40.825246,-13.305694],[-40.82614,-13.308796],[-40.827083,-13.312017],[-40.827538,-13.313551],[-40.827985,-13.315041],[-40.828425,-13.316496],[-40.82886,-13.317917],[-40.82929,-13.319308],[-40.829716,-13.320671],[-40.830155,-13.322058],[-40.830591,-13.323419],[-40.831025,-13.324758],[-40.831457,-13.326074],[-40.831889,-13.327371],[-40.832319,-13.328648],[-40.83275,-13.329907],[-40.83318,-13.33115],[-40.833611,-13.332377],[-40.834043,-13.333589],[-40.834476,-13.334786],[-40.834909,-13.335969],[-40.835344,-13.337139],[-40.835781,-13.338296],[-40.836219,-13.33944],[-40.836659,-13.340572],[-40.837379,-13.342399],[-40.838118,-13.344254],[-40.838877,-13.346139],[-40.839659,-13.348056],[-40.840463,-13.35001],[-40.841292,-13.352004],[-40.842148,-13.354045],[-40.843034,-13.356139],[-40.843932,-13.358244],[-40.844866,-13.360417],[-40.845842,-13.362672],[-40.846869,-13.365029],[-40.849094,-13.370095],[-40.851838,-13.376292],[-40.853128,-13.379183],[-40.854445,-13.382108],[-40.85579,-13.385071],[-40.857166,-13.388076],[-40.858573,-13.391123],[-40.860013,-13.39422],[-40.861489,-13.397369],[-40.863003,-13.400578],[-40.864548,-13.40383],[-40.866138,-13.407154],[-40.867778,-13.410562],[-40.869473,-13.414065],[-40.871227,-13.41767],[-40.873055,-13.421408],[-40.874971,-13.425307],[-40.876998,-13.429416],[-40.881214,-13.43793],[-40.882943,-13.441404],[-40.884549,-13.444617],[-40.886104,-13.447712],[-40.887591,-13.450658],[-40.889027,-13.453484],[-40.890421,-13.45621],[-40.891818,-13.458924],[-40.893185,-13.46156],[-40.894526,-13.464125],[-40.895845,-13.466628],[-40.897146,-13.469076],[-40.898431,-13.471472],[-40.899701,-13.473821],[-40.90096,-13.476125],[-40.902292,-13.478546],[-40.903627,-13.480954],[-40.904963,-13.48335],[-40.906301,-13.485733],[-40.907641,-13.488104],[-40.908983,-13.490462],[-40.910328,-13.492808],[-40.911674,-13.495141],[-40.913022,-13.497463],[-40.914372,-13.499772],[-40.915724,-13.502069],[-40.917079,-13.504354],[-40.918435,-13.506627],[-40.919794,-13.508889],[-40.921156,-13.511138],[-40.922519,-13.513376],[-40.923942,-13.515693],[-40.925385,-13.518026],[-40.92685,-13.520375],[-40.928336,-13.522741],[-40.929845,-13.525124],[-40.931376,-13.527527],[-40.932931,-13.52995],[-40.934511,-13.532395],[-40.936115,-13.53486],[-40.937745,-13.537349],[-40.939403,-13.539865],[-40.941089,-13.542409],[-40.942806,-13.544982],[-40.944554,-13.547588],[-40.946336,-13.550229],[-40.948154,-13.552909],[-40.949916,-13.55549],[-40.9517,-13.558086],[-40.953506,-13.560696],[-40.955335,-13.563321],[-40.957188,-13.565962],[-40.959065,-13.56862],[-40.960966,-13.571296],[-40.962893,-13.573991],[-40.964846,-13.576705],[-40.966825,-13.579439],[-40.968832,-13.582196],[-40.970868,-13.584976],[-40.972934,-13.587782],[-40.975031,-13.590614],[-40.977161,-13.593475],[-40.979326,-13.596367],[-40.981553,-13.599331],[-40.983671,-13.602139],[-40.985706,-13.604824],[-40.987673,-13.607406],[-40.989587,-13.609909],[-40.991454,-13.612336],[-40.99328,-13.614696],[-40.99507,-13.616997],[-40.996841,-13.619259],[-40.998584,-13.621471],[-41.000303,-13.623638],[-41.001999,-13.625761],[-41.003676,-13.627846],[-41.005334,-13.629893],[-41.006977,-13.631905],[-41.008605,-13.633884],[-41.010286,-13.635912],[-41.011973,-13.637935],[-41.013666,-13.639952],[-41.015365,-13.641964],[-41.01707,-13.643971],[-41.01878,-13.645972],[-41.020497,-13.647967],[-41.022219,-13.649957],[-41.023946,-13.651941],[-41.02568,-13.653918],[-41.027418,-13.65589],[-41.029162,-13.657856],[-41.029538,-13.658276]],[[-41.030928,-13.659833],[-41.031956,-13.660978]],[[-41.24026,-13.709577],[-41.240628,-13.709339],[-41.241017,-13.70909],[-41.241806,-13.708592],[-41.24261,-13.708095],[-41.243429,-13.707598],[-41.244264,-13.7071],[-41.245117,-13.706602],[-41.245987,-13.706102],[-41.246876,-13.7056],[-41.247743,-13.705119],[-41.24863,-13.704634],[-41.249538,-13.704146],[-41.250469,-13.703652],[-41.251424,-13.703153],[-41.252408,-13.702646],[-41.253423,-13.70213],[-41.254474,-13.701602],[-41.255506,-13.701089],[-41.256584,-13.700559],[-41.257715,-13.700008],[-41.258918,-13.699427],[-41.26146,-13.698212],[-41.265492,-13.696302],[-41.266852,-13.695663],[-41.268225,-13.695029],[-41.26961,-13.694399],[-41.271008,-13.693774],[-41.272418,-13.693153],[-41.273841,-13.692536],[-41.275278,-13.691924],[-41.27575,-13.691726]],[[-41.299215,-13.683046],[-41.300742,-13.682561],[-41.302338,-13.682064],[-41.303962,-13.681566],[-41.305617,-13.681068],[-41.307305,-13.680569],[-41.309028,-13.680068],[-41.31079,-13.679563],[-41.312594,-13.679055],[-41.314447,-13.67854],[-41.316825,-13.677888],[-41.318893,-13.677327],[-41.3208,-13.676816],[-41.322587,-13.676346],[-41.324309,-13.675901],[-41.32596,-13.675483],[-41.327552,-13.67509],[-41.329096,-13.674718],[-41.330629,-13.67436],[-41.332125,-13.67402],[-41.333587,-13.6737],[-41.33502,-13.673397],[-41.335726,-13.673252],[-41.336426,-13.673111],[-41.337121,-13.672974],[-41.337809,-13.672842],[-41.338492,-13.672713],[-41.33917,-13.672589],[-41.339842,-13.672468],[-41.34051,-13.672352],[-41.341839,-13.672127],[-41.343166,-13.671911],[-41.344491,-13.671703],[-41.345814,-13.671504],[-41.347134,-13.671314],[-41.348452,-13.671132],[-41.349767,-13.670959],[-41.35108,-13.670795],[-41.352389,-13.67064],[-41.353695,-13.670493],[-41.354997,-13.670355],[-41.356297,-13.670226],[-41.357592,-13.670106],[-41.358884,-13.669994],[-41.360171,-13.669892],[-41.361455,-13.669798],[-41.363618,-13.669651],[-41.36545,-13.669533],[-41.367127,-13.669435],[-41.368688,-13.669353],[-41.370192,-13.669285],[-41.370918,-13.669256],[-41.371628,-13.669231],[-41.372326,-13.66921],[-41.37301,-13.669192],[-41.373683,-13.669178],[-41.374345,-13.669167],[-41.375013,-13.669159],[-41.375672,-13.669155],[-41.376321,-13.669155],[-41.376962,-13.669158],[-41.377594,-13.669165],[-41.378219,-13.669175],[-41.378836,-13.669189],[-41.379447,-13.669207],[-41.380051,-13.669228],[-41.380649,-13.669253],[-41.381241,-13.669282],[-41.381827,-13.669314],[-41.382407,-13.66935],[-41.382982,-13.66939],[-41.383552,-13.669434],[-41.384116,-13.669481],[-41.38618,-13.66966],[-41.387353,-13.669766],[-41.388459,-13.669871],[-41.389458,-13.669974],[-41.389961,-13.67003],[-41.390448,-13.670086],[-41.39092,-13.670143],[-41.391379,-13.670201],[-41.391827,-13.670261],[-41.392265,-13.670322],[-41.392694,-13.670384],[-41.393114,-13.670448],[-41.393548,-13.670518],[-41.393973,-13.67059],[-41.394391,-13.670664],[-41.394801,-13.67074],[-41.395205,-13.670819],[-41.395602,-13.6709],[-41.395993,-13.670983],[-41.396379,-13.671069],[-41.396758,-13.671158],[-41.397133,-13.67125],[-41.397502,-13.671344],[-41.397867,-13.671441],[-41.398226,-13.671541],[-41.398581,-13.671643],[-41.398931,-13.671749],[-41.399277,-13.671857],[-41.399693,-13.671994],[-41.40003,-13.672109]],[[-41.6026,-13.676035],[-41.603319,-13.675589],[-41.604126,-13.675083],[-41.604934,-13.674572],[-41.605742,-13.674055],[-41.606551,-13.673532],[-41.607361,-13.673003],[-41.608171,-13.67247],[-41.608982,-13.67193],[-41.609793,-13.671385],[-41.610605,-13.670834],[-41.611417,-13.670278],[-41.61223,-13.669717],[-41.613043,-13.66915],[-41.613856,-13.668577],[-41.61467,-13.667999],[-41.615484,-13.667416],[-41.615809,-13.66718],[-41.616136,-13.66694],[-41.616464,-13.666696],[-41.616794,-13.666447],[-41.617127,-13.666192],[-41.617462,-13.665933],[-41.617799,-13.665669],[-41.618139,-13.665399],[-41.618482,-13.665124],[-41.618829,-13.664843],[-41.619179,-13.664556],[-41.619534,-13.664263],[-41.619893,-13.663962],[-41.620257,-13.663655],[-41.620627,-13.663339],[-41.621004,-13.663015],[-41.621626,-13.662475],[-41.622272,-13.661906],[-41.62295,-13.661302],[-41.623672,-13.660653],[-41.625008,-13.659438],[-41.627357,-13.657285],[-41.628242,-13.656477],[-41.629125,-13.655676],[-41.629925,-13.654957],[-41.630779,-13.654199],[-41.631188,-13.65384],[-41.631586,-13.653493],[-41.631976,-13.653156],[-41.632359,-13.652829],[-41.632735,-13.65251],[-41.633106,-13.652199],[-41.633508,-13.651865],[-41.633904,-13.651539],[-41.634295,-13.651222],[-41.634682,-13.650912],[-41.635065,-13.650609],[-41.635444,-13.650313],[-41.635821,-13.650023],[-41.636194,-13.64974],[-41.636565,-13.649463],[-41.636934,-13.649192],[-41.6373,-13.648926],[-41.637665,-13.648666],[-41.638027,-13.648411],[-41.638389,-13.648162],[-41.638749,-13.647918],[-41.639107,-13.647679],[-41.639862,-13.647183],[-41.640615,-13.646695],[-41.641365,-13.646214],[-41.642113,-13.645741],[-41.642858,-13.645275],[-41.643601,-13.644816],[-41.644342,-13.644365],[-41.645081,-13.643921],[-41.645817,-13.643484],[-41.646552,-13.643055],[-41.647284,-13.642632],[-41.648014,-13.642217],[-41.648743,-13.641809],[-41.649469,-13.641409],[-41.650193,-13.641015],[-41.650915,-13.640629],[-41.651636,-13.640249],[-41.652355,-13.639877],[-41.653071,-13.639512],[-41.653786,-13.639154],[-41.654499,-13.638803],[-41.65521,-13.638459],[-41.65592,-13.638122],[-41.656627,-13.637792],[-41.657333,-13.63747],[-41.658037,-13.637154],[-41.658739,-13.636845],[-41.659439,-13.636544],[-41.660138,-13.636249],[-41.660835,-13.635962],[-41.66153,-13.635682],[-41.662224,-13.635408],[-41.663064,-13.635085],[-41.66391,-13.634767],[-41.66476,-13.634456],[-41.665614,-13.634151],[-41.666472,-13.633852],[-41.667333,-13.63356],[-41.668198,-13.633275],[-41.669066,-13.632996],[-41.669937,-13.632724],[-41.670811,-13.632459],[-41.671686,-13.6322],[-41.672564,-13.631949],[-41.673444,-13.631705],[-41.674325,-13.631467],[-41.675207,-13.631237],[-41.67609,-13.631015],[-41.676972,-13.6308],[-41.677855,-13.630592],[-41.678742,-13.630391],[-41.67963,-13.630197],[-41.680519,-13.63001],[-41.681411,-13.629831],[-41.682303,-13.629658],[-41.683197,-13.629492],[-41.684091,-13.629334],[-41.684986,-13.629183],[-41.685881,-13.629039],[-41.686777,-13.628902],[-41.687672,-13.628773],[-41.688567,-13.628651],[-41.689462,-13.628537],[-41.690356,-13.62843],[-41.691263,-13.628329],[-41.692171,-13.628235],[-41.693078,-13.628148],[-41.693985,-13.628069],[-41.69489,-13.627997],[-41.695795,-13.627932],[-41.696698,-13.627875],[-41.6976,-13.627825],[-41.6985,-13.627782],[-41.699399,-13.627747],[-41.700295,-13.62772],[-41.701189,-13.627699],[-41.70208,-13.627687],[-41.702968,-13.627681],[-41.703854,-13.627683],[-41.704737,-13.627693],[-41.705691,-13.62771],[-41.70663,-13.627734],[-41.707554,-13.627765],[-41.708464,-13.627802],[-41.709361,-13.627846],[-41.710245,-13.627896],[-41.711117,-13.627953],[-41.711977,-13.628017],[-41.712827,-13.628087],[-41.713665,-13.628165],[-41.714493,-13.628248],[-41.71531,-13.628339],[-41.716117,-13.628437],[-41.716914,-13.628541],[-41.717702,-13.628652],[-41.718479,-13.62877],[-41.718963,-13.628848],[-41.719449,-13.62893],[-41.719939,-13.629016],[-41.720431,-13.629107],[-41.720927,-13.629201],[-41.721427,-13.6293],[-41.72193,-13.629403],[-41.722437,-13.629511],[-41.722948,-13.629622],[-41.723462,-13.629738],[-41.723981,-13.629858],[-41.724504,-13.629983],[-41.725032,-13.630112],[-41.725564,-13.630246],[-41.726102,-13.630385],[-41.726645,-13.630528],[-41.727189,-13.630674],[-41.727739,-13.630826],[-41.728295,-13.630982],[-41.728858,-13.631143],[-41.729428,-13.631309],[-41.730005,-13.63148],[-41.73059,-13.631657],[-41.731184,-13.63184],[-41.731785,-13.632027],[-41.732397,-13.632221],[-41.733655,-13.632627],[-41.734968,-13.633063],[-41.736354,-13.633533],[-41.737041,-13.63377],[-41.737728,-13.634012],[-41.738416,-13.634259],[-41.739104,-13.634511],[-41.739793,-13.634768],[-41.740483,-13.635029],[-41.741172,-13.635295],[-41.741862,-13.635565],[-41.742553,-13.63584],[-41.743243,-13.63612],[-41.743934,-13.636404],[-41.744625,-13.636693],[-41.745316,-13.636987],[-41.746007,-13.637285],[-41.746699,-13.637588],[-41.74739,-13.637895],[-41.748081,-13.638206],[-41.748772,-13.638523],[-41.749462,-13.638843],[-41.750153,-13.639168],[-41.750843,-13.639497],[-41.751533,-13.639831],[-41.752222,-13.640169],[-41.752911,-13.640511],[-41.753599,-13.640858],[-41.754286,-13.641208],[-41.754973,-13.641563],[-41.755659,-13.641922],[-41.756345,-13.642286],[-41.757029,-13.642653],[-41.757712,-13.643024],[-41.758395,-13.6434],[-41.759299,-13.643905],[-41.760206,-13.644421],[-41.761115,-13.644948],[-41.762027,-13.645486],[-41.762941,-13.646035],[-41.763857,-13.646595],[-41.764776,-13.647166],[-41.765698,-13.647748],[-41.766622,-13.64834],[-41.767548,-13.648944],[-41.768477,-13.649559],[-41.769409,-13.650184],[-41.770343,-13.650821],[-41.77128,-13.651469],[-41.771434,-13.651577]]]}},
{"type":"Feature","properties":{"PCP_NU_ISO":600},"geometry":{"type":"MultiLineString","coordinates":[[[-41.375038,-11.694178],[-41.374384,-11.69391],[-41.372888,-11.693288],[-41.371493,-11.692701],[-41.370173,-11.692136],[-41.368913,-11.691588],[-41.368154,-11.691253],[-41.367412,-11.690922],[-41.366686,-11.690593],[-41.365975,-11.690268],[-41.365277,-11.689944],[-41.364592,-11.689623],[-41.36392,-11.689302],[-41.363258,-11.688983],[-41.362607,-11.688664],[-41.361965,-11.688345],[-41.361333,-11.688026],[-41.360711,-11.687708],[-41.360097,-11.687389],[-41.359491,-11.68707],[-41.358894,-11.68675],[-41.358305,-11.686429],[-41.354994,-11.684613],[-41.353862,-11.683988],[-41.352842,-11.68342],[-41.351831,-11.682854],[-41.35088,-11.682316],[-41.349975,-11.681798],[-41.349108,-11.681297],[-41.34823,-11.680782],[-41.347382,-11.680279],[-41.346562,-11.679785],[-41.345766,-11.679298],[-41.344991,-11.678816],[-41.344236,-11.678339],[-41.3435,-11.677866],[-41.342781,-11.677395],[-41.342015,-11.676885],[-41.341248,-11.676364],[-41.340477,-11.675833],[-41.339704,-11.67529],[-41.338929,-11.674736],[-41.33815,-11.674171],[-41.337368,-11.673594],[-41.336581,-11.673005],[-41.335792,-11.672404],[-41.334997,-11.671791],[-41.334198,-11.671166],[-41.333393,-11.670527],[-41.332582,-11.669875],[-41.331765,-11.669208],[-41.330941,-11.668528],[-41.330108,-11.667831],[-41.329286,-11.667136],[-41.328455,-11.666425],[-41.327613,-11.665696],[-41.32676,-11.66495],[-41.325894,-11.664186],[-41.325013,-11.6634],[-41.324116,-11.662593],[-41.3232,-11.661761],[-41.322278,-11.660916],[-41.321331,-11.660042],[-41.320354,-11.659133],[-41.31934,-11.658185],[-41.318291,-11.657196],[-41.317182,-11.656146],[-41.314667,-11.653747],[-41.314243,-11.653339],[-41.313818,-11.652925],[-41.31339,-11.652505],[-41.312961,-11.652078],[-41.31253,-11.651645],[-41.312097,-11.651205],[-41.311661,-11.650759],[-41.311222,-11.650304],[-41.310781,-11.649843],[-41.310336,-11.649374],[-41.309888,-11.648897],[-41.309435,-11.648411],[-41.308978,-11.647915],[-41.308516,-11.64741],[-41.308048,-11.646895],[-41.307574,-11.646369],[-41.306667,-11.645351],[-41.305727,-11.644283],[-41.304748,-11.643156],[-41.303711,-11.641951],[-41.302729,-11.640799],[-41.301646,-11.639519],[-41.300554,-11.638224],[-41.297634,-11.634749],[-41.295964,-11.632774],[-41.295058,-11.631712],[-41.294209,-11.630723],[-41.293398,-11.629787],[-41.292619,-11.628896],[-41.291679,-11.627832],[-41.29122,-11.627319],[-41.290768,-11.626817],[-41.290322,-11.626324],[-41.289881,-11.625842],[-41.289444,-11.625368],[-41.289012,-11.624902],[-41.288584,-11.624444],[-41.288159,-11.623994],[-41.287737,-11.623551],[-41.287318,-11.623114],[-41.286901,-11.622685],[-41.286488,-11.622262],[-41.286076,-11.621845],[-41.285666,-11.621435],[-41.284713,-11.620487],[-41.283763,-11.619547],[-41.282816,-11.618616],[-41.281871,-11.617693],[-41.280929,-11.616778],[-41.279989,-11.615872],[-41.279052,-11.614973],[-41.278118,-11.614082],[-41.277185,-11.613198],[-41.276254,-11.612322],[-41.275326,-11.611454],[-41.274399,-11.610593],[-41.273475,-11.60974],[-41.272552,-11.608894],[-41.27163,-11.608055],[-41.270711,-11.607223],[-41.269793,-11.606398],[-41.268876,-11.605581],[-41.267961,-11.60477],[-41.267047,-11.603966],[-41.266135,-11.60317],[-41.265224,-11.60238],[-41.264314,-11.601597],[-41.263405,-11.600821],[-41.262498,-11.600051],[-41.261591,-11.599289],[-41.260686,-11.598533],[-41.259782,-11.597783],[-41.258878,-11.597041],[-41.257976,-11.596305],[-41.257074,-11.595575],[-41.256174,-11.594852],[-41.25382,-11.592978],[-41.252718,-11.592107],[-41.251654,-11.59127],[-41.250617,-11.590459],[-41.249608,-11.589674],[-41.248621,-11.588912],[-41.247655,-11.588171],[-41.2467,-11.587443],[-41.245761,-11.586733],[-41.244837,-11.586039],[-41.243926,-11.585361],[-41.243026,-11.584697],[-41.242138,-11.584046],[-41.24126,-11.583408],[-41.24039,-11.582783],[-41.239519,-11.582162],[-41.238655,-11.581552],[-41.237799,-11.580954],[-41.236949,-11.580367],[-41.236106,-11.57979],[-41.23527,-11.579223],[-41.234438,-11.578667],[-41.233612,-11.57812],[-41.232791,-11.577583],[-41.231974,-11.577055],[-41.231162,-11.576536],[-41.230354,-11.576027],[-41.229549,-11.575526],[-41.228749,-11.575034],[-41.227951,-11.57455],[-41.227157,-11.574075],[-41.225608,-11.573159],[-41.224214,-11.572342],[-41.222912,-11.571587],[-41.221678,-11.570881],[-41.220486,-11.570209],[-41.219337,-11.569572],[-41.218222,-11.568964],[-41.217675,-11.568671],[-41.217136,-11.568384],[-41.216594,-11.568098],[-41.216057,-11.567819],[-41.215527,-11.567545],[-41.215001,-11.567277],[-41.214481,-11.567015],[-41.213964,-11.566759],[-41.213453,-11.566507],[-41.212945,-11.566261],[-41.21244,-11.566019],[-41.211939,-11.565783],[-41.211442,-11.565551],[-41.210948,-11.565324],[-41.210457,-11.565102],[-41.209968,-11.564885],[-41.209483,-11.564672],[-41.209,-11.564463],[-41.207912,-11.564001],[-41.206879,-11.563569],[-41.205889,-11.563162],[-41.204933,-11.562778],[-41.204004,-11.562412],[-41.203099,-11.562065],[-41.202215,-11.561734],[-41.20135,-11.561419],[-41.200921,-11.561266],[-41.200496,-11.561117],[-41.200074,-11.560972],[-41.199656,-11.56083],[-41.199242,-11.560692],[-41.198831,-11.560557],[-41.198423,-11.560426],[-41.198018,-11.560298],[-41.197616,-11.560174],[-41.197217,-11.560053],[-41.19682,-11.559935],[-41.196426,-11.55982],[-41.196034,-11.559709],[-41.195645,-11.559601],[-41.195258,-11.559497],[-41.194873,-11.559395],[-41.194409,-11.559276],[-41.193941,-11.559159],[-41.193468,-11.559046],[-41.192991,-11.558934],[-41.19251,-11.558826],[-41.192024,-11.55872],[-41.191533,-11.558616],[-41.191038,-11.558515],[-41.190538,-11.558416],[-41.190033,-11.55832],[-41.189523,-11.558226],[-41.189007,-11.558135],[-41.188487,-11.558046],[-41.18796,-11.557959],[-41.187428,-11.557875],[-41.18689,-11.557793],[-41.186349,-11.557713],[-41.185801,-11.557636],[-41.185247,-11.557561],[-41.184686,-11.557488],[-41.184118,-11.557417],[-41.183542,-11.557348],[-41.182958,-11.557281],[-41.182366,-11.557217],[-41.181767,-11.557154],[-41.181158,-11.557093],[-41.180539,-11.557033],[-41.179909,-11.556976],[-41.178614,-11.556865],[-41.177263,-11.55676],[-41.176701,-11.55672],[-41.176136,-11.556683],[-41.175568,-11.556649],[-41.174996,-11.556618],[-41.17442,-11.556591],[-41.17384,-11.556566],[-41.173257,-11.556544],[-41.17267,-11.556525],[-41.172079,-11.556509],[-41.171485,-11.556496],[-41.170886,-11.556486],[-41.170283,-11.556479],[-41.169675,-11.556475],[-41.169064,-11.556474],[-41.168448,-11.556476],[-41.167827,-11.556481],[-41.167203,-11.556489],[-41.166574,-11.556499],[-41.16594,-11.556513],[-41.165301,-11.55653],[-41.164657,-11.55655],[-41.164008,-11.556573],[-41.163353,-11.556599],[-41.162692,-11.556627],[-41.161353,-11.556694],[-41.159989,-11.556773],[-41.158597,-11.556864],[-41.157174,-11.556967],[-41.155711,-11.557083],[-41.154313,-11.557203],[-41.152968,-11.557328],[-41.151667,-11.557458],[-41.150403,-11.557594],[-41.149784,-11.557665],[-41.149173,-11.557738],[-41.14857,-11.557812],[-41.147974,-11.557888],[-41.147385,-11.557966],[-41.146803,-11.558046],[-41.146224,-11.558129],[-41.145652,-11.558213],[-41.145086,-11.558299],[-41.144525,-11.558388],[-41.143971,-11.558478],[-41.143421,-11.558571],[-41.142877,-11.558666],[-41.142338,-11.558763],[-41.141804,-11.558862],[-41.141275,-11.558963],[-41.14075,-11.559067],[-41.14023,-11.559173],[-41.139715,-11.559281],[-41.139204,-11.559392],[-41.138697,-11.559505],[-41.138195,-11.55962],[-41.137612,-11.559757],[-41.137035,-11.559896],[-41.136465,-11.560035],[-41.135902,-11.560175],[-41.135344,-11.560317],[-41.134792,-11.56046],[-41.134246,-11.560604],[-41.133705,-11.56075],[-41.13317,-11.560897],[-41.13264,-11.561045],[-41.132115,-11.561195],[-41.131595,-11.561347],[-41.13108,-11.561499],[-41.13057,-11.561654],[-41.130065,-11.56181],[-41.129564,-11.561967],[-41.129068,-11.562127],[-41.128576,-11.562288],[-41.128089,-11.562451],[-41.127606,-11.562615],[-41.127127,-11.562781],[-41.126653,-11.562949],[-41.126183,-11.563118],[-41.125717,-11.56329],[-41.125256,-11.563463],[-41.124798,-11.563638],[-41.124345,-11.563814],[-41.123896,-11.563993],[-41.123451,-11.564173],[-41.123009,-11.564355],[-41.122572,-11.564539],[-41.122139,-11.564725],[-41.121716,-11.56491],[-41.121291,-11.5651],[-41.120864,-11.565293],[-41.120436,-11.565491],[-41.120006,-11.565694],[-41.119574,-11.5659],[-41.119141,-11.566111],[-41.118705,-11.566326],[-41.118268,-11.566546],[-41.117828,-11.56677],[-41.117387,-11.566999],[-41.116943,-11.567232],[-41.116497,-11.56747],[-41.116049,-11.567712],[-41.115598,-11.56796],[-41.115145,-11.568212],[-41.11469,-11.568468],[-41.114232,-11.568729],[-41.113771,-11.568994],[-41.113307,-11.569265],[-41.11284,-11.569541],[-41.112369,-11.569823],[-41.111894,-11.570109],[-41.111416,-11.570402],[-41.110934,-11.570699],[-41.110447,-11.571003],[-41.109956,-11.571312],[-41.109459,-11.571628],[-41.108957,-11.57195],[-41.108449,-11.572279],[-41.107413,-11.572959],[-41.106927,-11.573283],[-41.106442,-11.573609],[-41.105958,-11.573938],[-41.105476,-11.574269],[-41.104996,-11.574603],[-41.104517,-11.57494],[-41.10404,-11.575279],[-41.103565,-11.57562],[-41.103092,-11.575964],[-41.10262,-11.57631],[-41.102151,-11.576659],[-41.101683,-11.57701],[-41.101218,-11.577363],[-41.100754,-11.577718],[-41.100293,-11.578075],[-41.099833,-11.578435],[-41.099376,-11.578796],[-41.098921,-11.57916],[-41.098469,-11.579526],[-41.098019,-11.579894],[-41.097571,-11.580263],[-41.097125,-11.580635],[-41.096682,-11.581009],[-41.096242,-11.581384],[-41.095804,-11.581761],[-41.095368,-11.58214],[-41.094935,-11.582521],[-41.094505,-11.582904],[-41.094078,-11.583288],[-41.093653,-11.583674],[-41.093231,-11.584061],[-41.092812,-11.58445],[-41.092527,-11.584717],[-41.092242,-11.584988],[-41.091955,-11.585263],[-41.091667,-11.585541],[-41.091377,-11.585824],[-41.091086,-11.586111],[-41.090794,-11.586402],[-41.0905,-11.586697],[-41.090204,-11.586997],[-41.089906,-11.587302],[-41.089303,-11.587926],[-41.088689,-11.588572],[-41.088062,-11.589242],[-41.087439,-11.589918],[-41.086798,-11.590622],[-41.086135,-11.591361],[-41.085441,-11.59214],[-41.084727,-11.592952],[-41.083957,-11.593834],[-41.083111,-11.59481],[-41.082057,-11.596033],[-41.081634,-11.596526],[-41.081209,-11.597025],[-41.080784,-11.597529],[-41.080358,-11.598038],[-41.079931,-11.598552],[-41.079503,-11.599071],[-41.079073,-11.599597],[-41.078642,-11.600128],[-41.077775,-11.601207],[-41.0769,-11.602311],[-41.076018,-11.603441],[-41.075125,-11.6046],[-41.074226,-11.605782],[-41.073313,-11.606996],[-41.072384,-11.608246],[-41.071436,-11.609537],[-41.070467,-11.61087],[-41.06947,-11.612256],[-41.068438,-11.613703],[-41.06736,-11.615227],[-41.066493,-11.616464],[-41.065631,-11.61771],[-41.064771,-11.618964],[-41.063916,-11.620227],[-41.063064,-11.621498],[-41.062216,-11.622777],[-41.061372,-11.624064],[-41.060531,-11.62536],[-41.059695,-11.626663],[-41.058863,-11.627975],[-41.058034,-11.629295],[-41.05721,-11.630622],[-41.05639,-11.631957],[-41.055573,-11.6333],[-41.054762,-11.634651],[-41.053954,-11.636009],[-41.053153,-11.637373],[-41.052352,-11.638753],[-41.051553,-11.640149],[-41.050754,-11.641561],[-41.049956,-11.642991],[-41.049157,-11.644438],[-41.048359,-11.645904],[-41.04756,-11.647388],[-41.046761,-11.64889],[-41.04596,-11.650413],[-41.045158,-11.651956],[-41.044354,-11.65352],[-41.043548,-11.655107],[-41.042739,-11.656717],[-41.041926,-11.658351],[-41.041109,-11.660012],[-41.040368,-11.661534],[-41.039636,-11.663055],[-41.038912,-11.664574],[-41.038198,-11.666091],[-41.037492,-11.667607],[-41.036796,-11.66912],[-41.036108,-11.670632],[-41.03543,-11.672142],[-41.034761,-11.67365],[-41.0341,-11.675156],[-41.033449,-11.67666],[-41.032807,-11.678162],[-41.032173,-11.679662],[-41.031549,-11.681159],[-41.030934,-11.682655],[-41.030329,-11.684148],[-41.029763,-11.685563],[-41.029197,-11.686998],[-41.028633,-11.688454],[-41.028068,-11.689931],[-41.027503,-11.691431],[-41.026937,-11.692955],[-41.026369,-11.694505],[-41.025799,-11.696082],[-41.025228,-11.697684],[-41.024653,-11.699317],[-41.024074,-11.700985],[-41.023488,-11.70269],[-41.022896,-11.704435],[-41.022296,-11.706227],[-41.021684,-11.708071],[-41.021059,-11.709976],[-41.020476,-11.711772],[-41.019901,-11.713569],[-41.019334,-11.715365],[-41.018774,-11.717161],[-41.018223,-11.718957],[-41.017679,-11.720753],[-41.017143,-11.722548],[-41.016615,-11.724342],[-41.016095,-11.726136],[-41.015583,-11.727929],[-41.015079,-11.729721],[-41.014583,-11.731512],[-41.014095,-11.733303],[-41.013615,-11.735092],[-41.013143,-11.73688],[-41.012679,-11.738667],[-41.012237,-11.740401],[-41.011799,-11.742148],[-41.011366,-11.743909],[-41.010937,-11.745682],[-41.010513,-11.747469],[-41.010093,-11.74927],[-41.009677,-11.751085],[-41.009265,-11.752914],[-41.008858,-11.754759],[-41.008455,-11.756618],[-41.008055,-11.758493],[-41.00766,-11.760384],[-41.007268,-11.762291],[-41.00688,-11.764216],[-41.006496,-11.766158],[-41.006115,-11.768118],[-41.005743,-11.770067],[-41.005378,-11.772024],[-41.00502,-11.773989],[-41.004668,-11.775962],[-41.004323,-11.777943],[-41.003985,-11.779932],[-41.003653,-11.781929],[-41.003327,-11.783934],[-41.003008,-11.785948],[-41.002696,-11.787969],[-41.00239,-11.789998],[-41.002091,-11.792036],[-41.001798,-11.794081],[-41.001512,-11.796135],[-41.001232,-11.798196],[-41.000959,-11.800266],[-41.000734,-11.802025],[-41.000513,-11.803801],[-41.000296,-11.805593],[-41.000084,-11.807402],[-40.999876,-11.80923],[-40.999673,-11.811076],[-40.999474,-11.812942],[-40.999279,-11.814828],[-40.999088,-11.816734],[-40.998901,-11.818663],[-40.998717,-11.820616],[-40.998538,-11.822594],[-40.998361,-11.824598],[-40.998188,-11.826631],[-40.998019,-11.828694],[-40.997852,-11.83079],[-40.997724,-11.832459],[-40.997601,-11.834137],[-40.997482,-11.835827],[-40.997368,-11.837528],[-40.997258,-11.83924],[-40.997153,-11.840965],[-40.997052,-11.842701],[-40.996956,-11.84445],[-40.996864,-11.846212],[-40.996777,-11.847987],[-40.996694,-11.849777],[-40.996615,-11.85158],[-40.996541,-11.853399],[-40.996471,-11.855233],[-40.996405,-11.857084],[-40.996344,-11.858951],[-40.996287,-11.860828],[-40.996234,-11.862724],[-40.996141,-11.866573],[-40.996064,-11.870507],[-40.996004,-11.874536],[-40.995959,-11.878666],[-40.995931,-11.882917],[-40.995918,-11.887309],[-40.995921,-11.89187],[-40.995933,-11.894701],[-40.995959,-11.89758],[-40.995997,-11.900511],[-40.996049,-11.903497],[-40.996113,-11.906544],[-40.99619,-11.909661],[-40.996281,-11.912854],[-40.996385,-11.916136],[-40.996501,-11.919434],[-40.99663,-11.922846],[-40.996774,-11.926392],[-40.996934,-11.930107],[-40.997109,-11.933964],[-40.997305,-11.93811],[-40.997799,-11.948049],[-40.998037,-11.952585],[-40.998297,-11.957193],[-40.998579,-11.96188],[-40.998882,-11.966652],[-40.999208,-11.971515],[-40.999558,-11.976482],[-40.999931,-11.981565],[-41.00033,-11.98678],[-41.000747,-11.99204],[-41.001192,-11.997468],[-41.001666,-12.003094],[-41.002175,-12.008962],[-41.002715,-12.015057],[-41.003303,-12.021549],[-41.003949,-12.028572],[-41.004694,-12.036553],[-41.00499,-12.039627],[-41.005304,-12.042762],[-41.005638,-12.045965],[-41.005992,-12.049245],[-41.006368,-12.052606],[-41.006767,-12.056067],[-41.007191,-12.059645],[-41.007642,-12.063362],[-41.008032,-12.066499],[-41.008445,-12.069774],[-41.009364,-12.076908],[-41.010271,-12.083799],[-41.01253,-12.100816],[-41.013151,-12.105553],[-41.013704,-12.109822],[-41.014293,-12.114454],[-41.014833,-12.1188],[-41.015335,-12.122936],[-41.015802,-12.126901],[-41.016302,-12.131292],[-41.016538,-12.133429],[-41.016766,-12.135531],[-41.016984,-12.137602],[-41.017195,-12.139643],[-41.017397,-12.141656],[-41.017591,-12.143643],[-41.017778,-12.145609],[-41.017957,-12.147551],[-41.018013,-12.148167]],[[-41.022147,-12.228547],[-41.022254,-12.232313],[-41.022426,-12.238765],[-41.022521,-12.242662],[-41.022603,-12.246579],[-41.022674,-12.250514],[-41.022733,-12.254468],[-41.02278,-12.258443],[-41.022815,-12.262437],[-41.022824,-12.263976]],[[-41.012656,-12.467788],[-41.012222,-12.472853],[-41.011378,-12.48256],[-41.009789,-12.500547],[-41.006969,-12.532114],[-41.005921,-12.543903],[-41.004892,-12.555585],[-41.003976,-12.566124],[-41.003028,-12.577216],[-41.002157,-12.587639],[-41.001347,-12.597567],[-41.000592,-12.60709],[-41.000491,-12.608371]],[[-40.995868,-12.659343],[-40.995058,-12.667511],[-40.992658,-12.691549],[-40.99134,-12.704978],[-40.990653,-12.712155],[-40.990025,-12.718868],[-40.989443,-12.725245],[-40.988902,-12.731352],[-40.988587,-12.735003],[-40.988285,-12.738579],[-40.987995,-12.742088],[-40.987718,-12.745535],[-40.987452,-12.748926],[-40.987197,-12.752265],[-40.986953,-12.755555],[-40.98672,-12.758801],[-40.986497,-12.762009],[-40.986284,-12.765177],[-40.986082,-12.768308],[-40.985889,-12.771405],[-40.985707,-12.774468],[-40.985534,-12.7775],[-40.985371,-12.780503],[-40.985217,-12.783477],[-40.98519,-12.784053],[-40.985165,-12.784635],[-40.985143,-12.785222],[-40.985123,-12.785816],[-40.985106,-12.786417],[-40.985092,-12.787024],[-40.985081,-12.787639],[-40.985072,-12.78826],[-40.985066,-12.78889],[-40.985062,-12.789527],[-40.985063,-12.790829],[-40.985074,-12.79217],[-40.985096,-12.793557],[-40.985127,-12.794942],[-40.985168,-12.796387],[-40.98522,-12.797906],[-40.985282,-12.799522],[-40.985349,-12.801076],[-40.985429,-12.802799],[-40.985513,-12.804547],[-40.985747,-12.809254],[-40.985872,-12.811945],[-40.985935,-12.8134],[-40.985988,-12.814757],[-40.986033,-12.816044],[-40.986071,-12.817274],[-40.986108,-12.818752],[-40.986134,-12.820169],[-40.98615,-12.821537],[-40.986155,-12.822862],[-40.986153,-12.823511],[-40.986149,-12.824152],[-40.986142,-12.824784],[-40.986132,-12.825408],[-40.98612,-12.826024],[-40.986105,-12.826633],[-40.986087,-12.827236],[-40.986067,-12.827832],[-40.986037,-12.828575],[-40.986003,-12.829309],[-40.985965,-12.830034],[-40.985922,-12.83075],[-40.985874,-12.831458],[-40.985823,-12.832158],[-40.985766,-12.83285],[-40.985706,-12.833535],[-40.985641,-12.834213],[-40.985571,-12.834885],[-40.985522,-12.83532]],[[-40.695138,-13.024534],[-40.694954,-13.025037],[-40.694288,-13.026893],[-40.693623,-13.028782],[-40.692957,-13.030703],[-40.69229,-13.032661],[-40.691621,-13.034658],[-40.690952,-13.036688],[-40.690278,-13.038763],[-40.689598,-13.040889],[-40.68891,-13.043071],[-40.688213,-13.045313],[-40.687503,-13.047627],[-40.686776,-13.050025],[-40.686028,-13.052525],[-40.685349,-13.054818],[-40.684691,-13.057073],[-40.684052,-13.059292],[-40.683431,-13.061478],[-40.682828,-13.063635],[-40.682242,-13.065763],[-40.681672,-13.067865],[-40.681119,-13.069943],[-40.680581,-13.072],[-40.680059,-13.074034],[-40.679551,-13.076049],[-40.679058,-13.078044],[-40.67858,-13.080021],[-40.678117,-13.08198],[-40.677667,-13.083922],[-40.677232,-13.085848],[-40.676806,-13.087772],[-40.676393,-13.089673],[-40.675992,-13.091553],[-40.675603,-13.093413],[-40.675225,-13.095254],[-40.674859,-13.097078],[-40.674505,-13.098884],[-40.674161,-13.100674],[-40.673829,-13.102449],[-40.673508,-13.10421],[-40.673197,-13.105955],[-40.672898,-13.107687],[-40.672609,-13.109406],[-40.67233,-13.111112],[-40.672062,-13.112805],[-40.671805,-13.114486],[-40.671503,-13.11653],[-40.671212,-13.118575],[-40.670932,-13.12062],[-40.670663,-13.122666],[-40.670405,-13.124713],[-40.670158,-13.12676],[-40.669922,-13.128807],[-40.669698,-13.130853],[-40.669484,-13.132899],[-40.669282,-13.134945],[-40.669091,-13.13699],[-40.668911,-13.139033],[-40.668743,-13.141075],[-40.668585,-13.143116],[-40.668439,-13.145155],[-40.668305,-13.147192],[-40.668188,-13.149109],[-40.66808,-13.151019],[-40.667983,-13.152921],[-40.667894,-13.154814],[-40.667816,-13.1567],[-40.667747,-13.158578],[-40.667688,-13.160448],[-40.667638,-13.16231],[-40.667598,-13.164164],[-40.667567,-13.166009],[-40.667546,-13.167847],[-40.667535,-13.169676],[-40.667534,-13.171498],[-40.667542,-13.173311],[-40.667559,-13.175115],[-40.667586,-13.176912],[-40.667614,-13.178317],[-40.667646,-13.179716],[-40.667684,-13.181109],[-40.667726,-13.182496],[-40.667772,-13.183877],[-40.667824,-13.185251],[-40.66788,-13.186619],[-40.667941,-13.187982],[-40.668007,-13.189338],[-40.668078,-13.190688],[-40.668153,-13.192033],[-40.668234,-13.193371],[-40.668319,-13.194704],[-40.668409,-13.196031],[-40.668503,-13.197352],[-40.668603,-13.198667],[-40.668707,-13.199977],[-40.668817,-13.201281],[-40.668931,-13.202579],[-40.669049,-13.203872],[-40.669173,-13.205159],[-40.669301,-13.20644],[-40.669435,-13.207716],[-40.669506,-13.208373]],[[-40.694886,-13.516241],[-40.694962,-13.516436],[-40.695086,-13.516746],[-40.695214,-13.517058],[-40.695346,-13.517372],[-40.695483,-13.517686],[-40.695623,-13.518003],[-40.695657,-13.518076]],[[-40.69665,-13.520117],[-40.696727,-13.520265],[-40.696902,-13.520597],[-40.697082,-13.52093],[-40.697266,-13.521266],[-40.697456,-13.521605],[-40.697648,-13.521944],[-40.697846,-13.522286],[-40.698048,-13.522631],[-40.698255,-13.522979],[-40.698468,-13.523332],[-40.698686,-13.523688],[-40.69891,-13.524048],[-40.69914,-13.524413],[-40.699375,-13.524782],[-40.699617,-13.525156],[-40.699865,-13.525537],[-40.700121,-13.525924],[-40.700385,-13.52632],[-40.700657,-13.526724],[-40.701232,-13.527565],[-40.701476,-13.527918],[-40.701726,-13.52827],[-40.701979,-13.528624],[-40.702238,-13.528978],[-40.7025,-13.529333],[-40.702768,-13.529688],[-40.70304,-13.530045],[-40.703317,-13.530402],[-40.703599,-13.53076],[-40.703885,-13.53112],[-40.704176,-13.53148],[-40.704473,-13.531841],[-40.704774,-13.532204],[-40.70508,-13.532569],[-40.705392,-13.532934],[-40.705709,-13.533302],[-40.70603,-13.533669],[-40.706357,-13.534039],[-40.706689,-13.53441],[-40.707027,-13.534784],[-40.707371,-13.53516],[-40.707721,-13.535539],[-40.708078,-13.53592],[-40.708441,-13.536304],[-40.70881,-13.536691],[-40.709186,-13.537082],[-40.70957,-13.537476],[-40.709961,-13.537875],[-40.71036,-13.538278],[-40.710768,-13.538686],[-40.711186,-13.539101],[-40.711613,-13.539521],[-40.711949,-13.53985],[-40.712286,-13.540175],[-40.712623,-13.540499],[-40.71296,-13.54082],[-40.713298,-13.541139],[-40.713637,-13.541455],[-40.713976,-13.541769],[-40.714316,-13.542081],[-40.714656,-13.54239],[-40.714996,-13.542697],[-40.715337,-13.543001],[-40.715678,-13.543303],[-40.71602,-13.543603],[-40.716362,-13.5439],[-40.716704,-13.544194],[-40.717047,-13.544486],[-40.717389,-13.544775],[-40.717733,-13.545062],[-40.718076,-13.545346],[-40.71842,-13.545628],[-40.718764,-13.545907],[-40.719108,-13.546183],[-40.719452,-13.546457],[-40.719797,-13.546728],[-40.720141,-13.546997],[-40.720486,-13.547262],[-40.720832,-13.547526],[-40.721177,-13.547786],[-40.721522,-13.548044],[-40.721868,-13.5483],[-40.722213,-13.548552],[-40.722559,-13.548802],[-40.722954,-13.549084],[-40.723347,-13.549363],[-40.72374,-13.549638],[-40.724131,-13.54991],[-40.724521,-13.550178],[-40.72491,-13.550443],[-40.725298,-13.550704],[-40.725685,-13.550962],[-40.726071,-13.551217],[-40.726456,-13.551468],[-40.72684,-13.551715],[-40.727223,-13.55196],[-40.727605,-13.552201],[-40.727987,-13.552438],[-40.728367,-13.552672],[-40.728747,-13.552903],[-40.729125,-13.553131],[-40.729503,-13.553355],[-40.72988,-13.553576],[-40.730257,-13.553794],[-40.730632,-13.554008],[-40.731007,-13.554219],[-40.73138,-13.554427],[-40.731754,-13.554632],[-40.732126,-13.554833],[-40.732497,-13.555031],[-40.732868,-13.555225],[-40.733238,-13.555417],[-40.733607,-13.555605],[-40.733976,-13.55579],[-40.734344,-13.555971],[-40.734711,-13.55615],[-40.735022,-13.556298],[-40.735336,-13.556447],[-40.735654,-13.556594],[-40.735975,-13.55674],[-40.7363,-13.556886],[-40.736628,-13.557031],[-40.73696,-13.557176],[-40.737295,-13.55732],[-40.737634,-13.557463],[-40.737977,-13.557606],[-40.738675,-13.55789],[-40.73939,-13.558172],[-40.740123,-13.558454],[-40.74087,-13.558734],[-40.741638,-13.559013],[-40.742431,-13.559294],[-40.743249,-13.559577],[-40.744096,-13.559863],[-40.744978,-13.560154],[-40.745903,-13.560452],[-40.746883,-13.560763],[-40.747384,-13.560918],[-40.747887,-13.561072],[-40.748394,-13.561223],[-40.748904,-13.561373],[-40.749417,-13.561521],[-40.749934,-13.561666],[-40.750454,-13.56181],[-40.750977,-13.561952],[-40.751504,-13.562091],[-40.752033,-13.562229],[-40.752567,-13.562365],[-40.753103,-13.562499],[-40.753643,-13.562631],[-40.754187,-13.562761],[-40.754734,-13.562889],[-40.755284,-13.563015],[-40.755838,-13.563139],[-40.756395,-13.563262],[-40.756956,-13.563382],[-40.75752,-13.563501],[-40.758088,-13.563617],[-40.75866,-13.563732],[-40.759815,-13.563956],[-40.760985,-13.564173],[-40.76217,-13.564382],[-40.763372,-13.564584],[-40.76459,-13.564778],[-40.764924,-13.564829],[-40.765262,-13.564878],[-40.765603,-13.564925],[-40.765948,-13.56497],[-40.766296,-13.565013],[-40.766648,-13.565054],[-40.767004,-13.565093],[-40.767364,-13.56513],[-40.767728,-13.565165],[-40.768097,-13.565199],[-40.768471,-13.56523],[-40.768849,-13.56526],[-40.769234,-13.565288],[-40.769624,-13.565314],[-40.770424,-13.565361],[-40.771249,-13.565402],[-40.772108,-13.565436],[-40.773011,-13.565464],[-40.773971,-13.565487],[-40.774905,-13.565504],[-40.77594,-13.565517],[-40.776994,-13.565526],[-40.779858,-13.565547],[-40.781504,-13.565566],[-40.782395,-13.565582],[-40.783227,-13.565602],[-40.784016,-13.565626],[-40.78477,-13.565654],[-40.785229,-13.565674],[-40.785677,-13.565696],[-40.786117,-13.565719],[-40.786548,-13.565745],[-40.786972,-13.565773],[-40.787389,-13.565803],[-40.787799,-13.565834],[-40.788204,-13.565868],[-40.788603,-13.565904],[-40.788997,-13.565943],[-40.789386,-13.565983],[-40.789769,-13.566026],[-40.790149,-13.566071],[-40.790524,-13.566118],[-40.790895,-13.566167],[-40.791262,-13.566219],[-40.793565,-13.566551],[-40.794811,-13.566737],[-40.795424,-13.566832],[-40.795997,-13.566925],[-40.796542,-13.567016],[-40.797064,-13.567108],[-40.797603,-13.567207],[-40.798122,-13.567307],[-40.798626,-13.567408],[-40.799114,-13.567512],[-40.79959,-13.567618],[-40.800054,-13.567727],[-40.800507,-13.567839],[-40.80095,-13.567954],[-40.801304,-13.568051],[-40.801661,-13.568151],[-40.802021,-13.568256],[-40.802383,-13.568365],[-40.802747,-13.568479],[-40.803115,-13.568597],[-40.803486,-13.56872],[-40.80386,-13.568847],[-40.804237,-13.568979],[-40.804618,-13.569115],[-40.805003,-13.569257],[-40.805392,-13.569403],[-40.805786,-13.569555],[-40.806185,-13.569711],[-40.806589,-13.569873],[-40.807,-13.570041],[-40.807396,-13.570206],[-40.807799,-13.570376],[-40.80821,-13.570553],[-40.808628,-13.570735],[-40.809055,-13.570924],[-40.809493,-13.57112],[-40.810407,-13.571537],[-40.811326,-13.571966],[-40.812339,-13.572446],[-40.813416,-13.572963],[-40.815275,-13.573861],[-40.815768,-13.574101],[-40.816265,-13.574347],[-40.816764,-13.574597],[-40.817267,-13.574853],[-40.817773,-13.575114],[-40.818282,-13.575381],[-40.818795,-13.575653],[-40.819312,-13.575931],[-40.819833,-13.576214],[-40.820358,-13.576504],[-40.820888,-13.5768],[-40.821423,-13.577102],[-40.821964,-13.57741],[-40.822511,-13.577726],[-40.823065,-13.578049],[-40.823626,-13.578379],[-40.824177,-13.578707],[-40.824736,-13.579042],[-40.825881,-13.579739],[-40.827071,-13.580474],[-40.828317,-13.581255],[-40.829602,-13.582071],[-40.830992,-13.582963],[-40.832524,-13.583955],[-40.834466,-13.585221],[-40.835594,-13.585961],[-40.836726,-13.586715],[-40.837863,-13.587482],[-40.839005,-13.588262],[-40.840154,-13.589055],[-40.841308,-13.589863],[-40.842469,-13.590684],[-40.843636,-13.59152],[-40.84481,-13.592369],[-40.845992,-13.593234],[-40.847182,-13.594114],[-40.84838,-13.595009],[-40.849588,-13.595921],[-40.850806,-13.596849],[-40.852035,-13.597795],[-40.853275,-13.598758],[-40.853887,-13.599237],[-40.854502,-13.599723],[-40.85512,-13.600215],[-40.855742,-13.600713],[-40.856368,-13.601218],[-40.856998,-13.60173],[-40.857632,-13.602248],[-40.85827,-13.602775],[-40.859562,-13.603849],[-40.860876,-13.604956],[-40.862216,-13.606099],[-40.863587,-13.607282],[-40.864959,-13.608478],[-40.866373,-13.609722],[-40.867836,-13.611022],[-40.869363,-13.61239],[-40.870943,-13.613816],[-40.872635,-13.615353],[-40.87448,-13.617039],[-40.876654,-13.619034],[-40.881035,-13.623049],[-40.883107,-13.62496],[-40.884165,-13.625944],[-40.885151,-13.626868],[-40.886084,-13.627751],[-40.886974,-13.6286],[-40.887901,-13.629496],[-40.888792,-13.630367],[-40.889651,-13.631217],[-40.89048,-13.63205],[-40.890886,-13.632461],[-40.891285,-13.632869],[-40.891678,-13.633274],[-40.892065,-13.633676],[-40.892446,-13.634076],[-40.892823,-13.634473],[-40.893194,-13.634868],[-40.89356,-13.635261],[-40.894468,-13.636246],[-40.895343,-13.637203],[-40.896189,-13.638137],[-40.897007,-13.639051],[-40.897801,-13.639948],[-40.898574,-13.640831],[-40.899325,-13.641701],[-40.900056,-13.642559],[-40.900772,-13.64341],[-40.901469,-13.644252],[-40.90215,-13.645085],[-40.902814,-13.64591],[-40.903463,-13.646729],[-40.904097,-13.647542],[-40.904716,-13.648349],[-40.905321,-13.649151],[-40.905954,-13.650006],[-40.906586,-13.650874],[-40.907216,-13.651754],[-40.907846,-13.652647],[-40.908474,-13.653553],[-40.909101,-13.654473],[-40.909727,-13.655406],[-40.910353,-13.656353],[-40.910978,-13.657314],[-40.911603,-13.658289],[-40.912228,-13.659279],[-40.912853,-13.660284],[-40.913479,-13.661304],[-40.914106,-13.662341],[-40.914733,-13.663394],[-40.915362,-13.664464],[-40.915867,-13.665335],[-40.916371,-13.666218],[-40.916874,-13.667113],[-40.917376,-13.668021],[-40.917878,-13.668941],[-40.91838,-13.669875],[-40.918882,-13.670822],[-40.919384,-13.671784],[-40.919886,-13.672759],[-40.920389,-13.673749],[-40.920894,-13.674756],[-40.9214,-13.675779],[-40.921909,-13.67682],[-40.92242,-13.67788],[-40.922934,-13.67896],[-40.923453,-13.680061],[-40.924309,-13.681896],[-40.925011,-13.683416],[-40.925645,-13.684803],[-40.926226,-13.686092],[-40.926778,-13.687338],[-40.927296,-13.688529],[-40.927785,-13.689677],[-40.928019,-13.690237],[-40.928247,-13.69079],[-40.928476,-13.691349],[-40.928698,-13.691901],[-40.928914,-13.692446],[-40.929125,-13.692985],[-40.929331,-13.693519],[-40.929532,-13.694047],[-40.929727,-13.694569],[-40.929917,-13.695087],[-40.930103,-13.695601],[-40.930283,-13.69611],[-40.930459,-13.696616],[-40.93063,-13.697117],[-40.930797,-13.697615],[-40.930959,-13.69811],[-40.931117,-13.698601],[-40.93127,-13.699089],[-40.931633,-13.700269],[-40.931961,-13.701355],[-40.932262,-13.702379],[-40.932542,-13.703355],[-40.932804,-13.704298],[-40.933049,-13.705209],[-40.933277,-13.706093],[-40.933386,-13.706526],[-40.933491,-13.706954],[-40.933593,-13.707382],[-40.933692,-13.707805],[-40.933787,-13.708223],[-40.933879,-13.708637],[-40.933967,-13.709047],[-40.934052,-13.709453],[-40.934134,-13.709855],[-40.934212,-13.710253],[-40.934287,-13.710648],[-40.934359,-13.71104],[-40.934427,-13.711428],[-40.934492,-13.711814],[-40.934554,-13.712196],[-40.934613,-13.712576],[-40.934669,-13.712953],[-40.934721,-13.713327],[-40.934783,-13.713796],[-40.934841,-13.71427],[-40.934895,-13.714747],[-40.934946,-13.71523],[-40.934993,-13.715717],[-40.935036,-13.716208],[-40.935076,-13.716704],[-40.935112,-13.717205],[-40.935144,-13.717711],[-40.935173,-13.718222],[-40.935198,-13.718739],[-40.935219,-13.719261],[-40.935237,-13.719788],[-40.935251,-13.720322],[-40.935262,-13.720861],[-40.935269,-13.721407],[-40.935272,-13.721956],[-40.935272,-13.722511],[-40.935269,-13.723073],[-40.935261,-13.723643],[-40.935251,-13.724221],[-40.935237,-13.724808],[-40.935219,-13.725403],[-40.935197,-13.726008],[-40.935172,-13.726622],[-40.935144,-13.727247],[-40.935112,-13.727884],[-40.935076,-13.728534],[-40.935036,-13.729199],[-40.934993,-13.72988],[-40.934893,-13.731304],[-40.93482,-13.732276],[-40.934747,-13.733188],[-40.934675,-13.734057],[-40.934601,-13.73489],[-40.934526,-13.735697],[-40.934449,-13.736479],[-40.934369,-13.737239],[-40.934288,-13.737979],[-40.934202,-13.738708],[-40.934114,-13.739421],[-40.934022,-13.740119],[-40.933928,-13.740803],[-40.933829,-13.741475],[-40.933728,-13.742135],[-40.933622,-13.742783],[-40.933513,-13.743421],[-40.933399,-13.744059],[-40.93328,-13.744686],[-40.933158,-13.745304],[-40.933031,-13.745912],[-40.9329,-13.746512],[-40.932764,-13.747104],[-40.932624,-13.747687],[-40.93248,-13.748262],[-40.932331,-13.74883],[-40.932178,-13.74939],[-40.93202,-13.749943],[-40.931857,-13.750489],[-40.93169,-13.751027],[-40.931518,-13.751559],[-40.931341,-13.752084],[-40.93116,-13.752603],[-40.930984,-13.753084],[-40.9308,-13.753572],[-40.930605,-13.754069],[-40.930401,-13.754575],[-40.930186,-13.75509],[-40.92996,-13.755618],[-40.929722,-13.756159],[-40.92947,-13.756716],[-40.92922,-13.75726],[-40.928954,-13.757826],[-40.928671,-13.758418],[-40.928368,-13.759044],[-40.92806,-13.75967],[-40.927717,-13.760362],[-40.926672,-13.762446],[-40.926518,-13.76275],[-40.92636,-13.763055],[-40.926197,-13.763362],[-40.926029,-13.763671],[-40.925857,-13.763982],[-40.92568,-13.764296],[-40.925498,-13.764612],[-40.925312,-13.76493],[-40.92512,-13.765251],[-40.924923,-13.765575],[-40.924721,-13.765903],[-40.924513,-13.766234],[-40.924299,-13.76657],[-40.924079,-13.766911],[-40.923852,-13.767257],[-40.923618,-13.767609],[-40.923221,-13.768196],[-40.922801,-13.768806],[-40.922353,-13.769446],[-40.921869,-13.770127],[-40.921436,-13.770729],[-40.920952,-13.771396],[-40.919299,-13.773656],[-40.918669,-13.774522],[-40.91804,-13.775396],[-40.91748,-13.776185],[-40.917173,-13.776624],[-40.91688,-13.777049],[-40.916599,-13.777461],[-40.916329,-13.777863],[-40.916068,-13.778257],[-40.915816,-13.778643],[-40.915572,-13.779023],[-40.915336,-13.779396],[-40.915072,-13.779822],[-40.914818,-13.780242],[-40.914572,-13.780657],[-40.914335,-13.781066],[-40.914107,-13.781472],[-40.913886,-13.781874],[-40.913674,-13.782272],[-40.913468,-13.782668],[-40.91327,-13.783061],[-40.91308,-13.783451],[-40.912896,-13.78384],[-40.91272,-13.784227],[-40.912551,-13.784612],[-40.912388,-13.784996],[-40.912232,-13.785378],[-40.912083,-13.78576],[-40.911493,-13.787304],[-40.911125,-13.78828],[-40.910791,-13.789184],[-40.91064,-13.789604],[-40.910497,-13.790008],[-40.910354,-13.790421],[-40.910218,-13.790821],[-40.910089,-13.791211],[-40.909966,-13.791592],[-40.909849,-13.791964],[-40.909737,-13.792329],[-40.909631,-13.792688],[-40.90953,-13.79304],[-40.90943,-13.793403],[-40.909336,-13.79376],[-40.909247,-13.794112],[-40.909163,-13.794458],[-40.909085,-13.7948],[-40.909012,-13.795138],[-40.908944,-13.795472],[-40.90888,-13.795801],[-40.908822,-13.796128],[-40.908769,-13.79645],[-40.908722,-13.796769],[-40.908679,-13.797085],[-40.90864,-13.797398],[-40.908607,-13.797708],[-40.908579,-13.798014],[-40.908556,-13.798318],[-40.908536,-13.798638],[-40.908521,-13.798962],[-40.908511,-13.799289],[-40.908504,-13.79962],[-40.908502,-13.799954],[-40.908505,-13.800292],[-40.908512,-13.800633],[-40.908524,-13.800978],[-40.908539,-13.801327],[-40.90856,-13.80168],[-40.908585,-13.802037],[-40.908614,-13.802398],[-40.908647,-13.802763],[-40.908686,-13.803132],[-40.908728,-13.803506],[-40.908775,-13.803885],[-40.908827,-13.804265],[-40.908883,-13.804651],[-40.908943,-13.805041],[-40.909008,-13.805437],[-40.909077,-13.805839],[-40.909151,-13.806246],[-40.90923,-13.80666],[-40.909314,-13.80708],[-40.909402,-13.807506],[-40.909495,-13.80794],[-40.909593,-13.808383],[-40.909697,-13.808835],[-40.909806,-13.809296],[-40.909921,-13.80977],[-40.910042,-13.810258],[-40.910171,-13.810761],[-40.910284,-13.811198],[-40.910396,-13.81162],[-40.910508,-13.812031],[-40.910618,-13.812431],[-40.910729,-13.812821],[-40.91084,-13.813202],[-40.91095,-13.813576],[-40.911062,-13.813941],[-40.911174,-13.814301],[-40.911286,-13.814654],[-40.9114,-13.815001],[-40.911514,-13.815341],[-40.91163,-13.815676],[-40.911746,-13.816005],[-40.911864,-13.816329],[-40.911983,-13.816648],[-40.912103,-13.816964],[-40.912226,-13.817274],[-40.912349,-13.81758],[-40.912474,-13.817882],[-40.9126,-13.818178],[-40.912728,-13.81847],[-40.912858,-13.818758],[-40.912989,-13.819041],[-40.913121,-13.81932],[-40.913255,-13.819595],[-40.913391,-13.819866],[-40.913529,-13.820133],[-40.913668,-13.820395],[-40.913809,-13.820654],[-40.913952,-13.820908],[-40.914096,-13.821159],[-40.914214,-13.821357],[-40.914334,-13.821556],[-40.914458,-13.821756],[-40.914585,-13.821956],[-40.914715,-13.822157],[-40.914848,-13.822359],[-40.914984,-13.822562],[-40.915124,-13.822766],[-40.915267,-13.822971],[-40.915414,-13.823177],[-40.915564,-13.823385],[-40.915718,-13.823594],[-40.915875,-13.823804],[-40.916036,-13.824016],[-40.916201,-13.824229],[-40.91637,-13.824445],[-40.91654,-13.824659],[-40.916715,-13.824875],[-40.917076,-13.825315],[-40.917457,-13.825766],[-40.91786,-13.826233],[-40.918283,-13.826714],[-40.918738,-13.827222],[-40.919233,-13.827766],[-40.919797,-13.828376],[-40.920032,-13.828628],[-40.920272,-13.82888],[-40.920516,-13.829132],[-40.920765,-13.829384],[-40.921019,-13.829637],[-40.921277,-13.82989],[-40.92154,-13.830144],[-40.921808,-13.830399],[-40.922081,-13.830654],[-40.922359,-13.830911],[-40.922643,-13.831169],[-40.922932,-13.831428],[-40.923228,-13.831688],[-40.923529,-13.831951],[-40.923837,-13.832216],[-40.924152,-13.832483],[-40.924462,-13.832742],[-40.924779,-13.833005],[-40.925103,-13.833271],[-40.925436,-13.83354],[-40.925778,-13.833814],[-40.926129,-13.834093],[-40.926866,-13.83467],[-40.927628,-13.835258],[-40.928466,-13.835895],[-40.929395,-13.836593],[-40.930685,-13.837556],[-40.931256,-13.837978],[-40.931832,-13.838399],[-40.932413,-13.838817],[-40.933,-13.839233],[-40.933591,-13.839647],[-40.934187,-13.840058],[-40.934789,-13.840468],[-40.935395,-13.840875],[-40.936006,-13.84128],[-40.936622,-13.841682],[-40.937243,-13.842082],[-40.937869,-13.84248],[-40.938499,-13.842876],[-40.939135,-13.843269],[-40.939775,-13.843659],[-40.940419,-13.844048],[-40.941069,-13.844433],[-40.941723,-13.844817],[-40.942381,-13.845198],[-40.943045,-13.845576],[-40.943712,-13.845952],[-40.944384,-13.846325],[-40.945061,-13.846695],[-40.945741,-13.847063],[-40.946426,-13.847428],[-40.947116,-13.847791],[-40.947809,-13.848151],[-40.948507,-13.848508],[-40.949208,-13.848862],[-40.949914,-13.849213],[-40.950623,-13.849562],[-40.951337,-13.849908],[-40.952068,-13.850257],[-40.952797,-13.850601],[-40.953522,-13.850939],[-40.954245,-13.851271],[-40.954965,-13.851597],[-40.955682,-13.851918],[-40.956396,-13.852232],[-40.957107,-13.85254],[-40.957816,-13.852843],[-40.958521,-13.85314],[-40.959225,-13.853431],[-40.959925,-13.853716],[-40.960623,-13.853995],[-40.960819,-13.854072]],[[-41.575625,-13.749281],[-41.577404,-13.748669],[-41.579451,-13.747957],[-41.580081,-13.747734],[-41.580715,-13.747506],[-41.581353,-13.747272],[-41.581997,-13.747033],[-41.582645,-13.746787],[-41.583299,-13.746535],[-41.583958,-13.746277],[-41.584624,-13.746013],[-41.585296,-13.745742],[-41.585974,-13.745464],[-41.586661,-13.74518],[-41.587355,-13.744888],[-41.588059,-13.744589],[-41.588772,-13.744282],[-41.589495,-13.743967],[-41.590231,-13.743643],[-41.591645,-13.74301],[-41.593115,-13.74234],[-41.594654,-13.741627],[-41.596289,-13.740859],[-41.597842,-13.74012],[-41.599561,-13.739295],[-41.601295,-13.738456],[-41.60594,-13.736204],[-41.608591,-13.734928],[-41.610026,-13.734246],[-41.611368,-13.733614],[-41.612644,-13.73302],[-41.613868,-13.732457],[-41.61534,-13.731792],[-41.616055,-13.731473],[-41.616759,-13.731162],[-41.617452,-13.73086],[-41.618135,-13.730565],[-41.618809,-13.730277],[-41.619475,-13.729996],[-41.620134,-13.729722],[-41.620786,-13.729454],[-41.621431,-13.729192],[-41.62207,-13.728936],[-41.622703,-13.728686],[-41.62333,-13.728442],[-41.623953,-13.728204],[-41.624571,-13.727971],[-41.62871,-13.726426],[-41.63179,-13.725286],[-41.63458,-13.724267],[-41.635884,-13.723797],[-41.637142,-13.723347],[-41.638405,-13.7229],[-41.639633,-13.72247],[-41.64083,-13.722056],[-41.642001,-13.721656],[-41.643148,-13.721269],[-41.644275,-13.720895],[-41.645381,-13.720532],[-41.64647,-13.720181],[-41.647583,-13.719828],[-41.64868,-13.719485],[-41.649762,-13.719154],[-41.65083,-13.718833],[-41.651885,-13.718522],[-41.652929,-13.718221],[-41.653962,-13.71793],[-41.654984,-13.717648],[-41.655998,-13.717375],[-41.657002,-13.717111],[-41.657997,-13.716856],[-41.658984,-13.71661],[-41.659963,-13.716373],[-41.660935,-13.716145],[-41.6619,-13.715925],[-41.662858,-13.715714],[-41.664432,-13.715375],[-41.665858,-13.715073],[-41.667192,-13.714798],[-41.668456,-13.714544],[-41.669674,-13.714306],[-41.670848,-13.714084],[-41.671984,-13.713877],[-41.673089,-13.713685],[-41.674181,-13.713503],[-41.675248,-13.713334],[-41.676292,-13.713177],[-41.677316,-13.713033],[-41.677822,-13.712966],[-41.678322,-13.712901],[-41.678819,-13.71284],[-41.679311,-13.712781],[-41.6798,-13.712725],[-41.680284,-13.712673],[-41.680766,-13.712623],[-41.681243,-13.712576],[-41.682369,-13.712471],[-41.683427,-13.712377],[-41.684433,-13.712295],[-41.685399,-13.712222],[-41.686334,-13.712158],[-41.68724,-13.712103],[-41.68812,-13.712056],[-41.688979,-13.712018],[-41.689824,-13.711988],[-41.690652,-13.711966],[-41.691462,-13.711953],[-41.692257,-13.711948],[-41.69265,-13.711949],[-41.693038,-13.711952],[-41.693424,-13.711957],[-41.693806,-13.711964],[-41.694185,-13.711973],[-41.694561,-13.711984],[-41.694935,-13.711997],[-41.695305,-13.712013],[-41.695712,-13.712032],[-41.696123,-13.712055],[-41.696331,-13.712067]]]}},
{"type":"Feature","properties":{"PCP_NU_ISO":500},"geometry":{"type":"MultiLineString","coordinates":[[[-41.366092,-11.214984],[-41.365244,-11.215368],[-41.363455,-11.216174],[-41.361663,-11.216976],[-41.35987,-11.217773],[-41.358074,-11.218565],[-41.356276,-11.219352],[-41.354477,-11.220135],[-41.352675,-11.220913],[-41.350871,-11.221686],[-41.349066,-11.222455],[-41.347259,-11.223219],[-41.34545,-11.223978],[-41.343639,-11.224732],[-41.341826,-11.225482],[-41.340012,-11.226226],[-41.338197,-11.226966],[-41.33638,-11.227701],[-41.334561,-11.22843],[-41.332741,-11.229155],[-41.33092,-11.229875],[-41.329097,-11.23059],[-41.327272,-11.231301],[-41.325445,-11.232006],[-41.323616,-11.232707],[-41.321785,-11.233404],[-41.319951,-11.234096],[-41.318115,-11.234783],[-41.316276,-11.235466],[-41.314436,-11.236144],[-41.312594,-11.236817],[-41.310749,-11.237485],[-41.308903,-11.238149],[-41.307055,-11.238808],[-41.305205,-11.239463],[-41.303353,-11.240112],[-41.301499,-11.240757],[-41.299644,-11.241397],[-41.297787,-11.242032],[-41.295928,-11.242663],[-41.294068,-11.243288],[-41.292206,-11.243909],[-41.290343,-11.244524],[-41.288479,-11.245135],[-41.286613,-11.245741],[-41.284746,-11.246342],[-41.282877,-11.246938],[-41.281007,-11.247529],[-41.279137,-11.248115],[-41.277265,-11.248696],[-41.275392,-11.249272],[-41.273518,-11.249843],[-41.271643,-11.250409],[-41.269767,-11.25097],[-41.26789,-11.251526],[-41.266011,-11.252077],[-41.264129,-11.252623],[-41.262246,-11.253165],[-41.260361,-11.253702],[-41.258474,-11.254234],[-41.256586,-11.254761],[-41.254695,-11.255284],[-41.252803,-11.255801],[-41.25091,-11.256314],[-41.249014,-11.256822],[-41.247118,-11.257325],[-41.24522,-11.257823],[-41.24332,-11.258317],[-41.241419,-11.258805],[-41.239517,-11.259288],[-41.237614,-11.259767],[-41.235709,-11.26024],[-41.233803,-11.260709],[-41.231896,-11.261172],[-41.229988,-11.261631],[-41.228079,-11.262084],[-41.22617,-11.262533],[-41.224259,-11.262976],[-41.222347,-11.263415],[-41.220435,-11.263848],[-41.218522,-11.264277],[-41.216608,-11.2647],[-41.214694,-11.265118],[-41.212779,-11.265531],[-41.210863,-11.265939],[-41.208947,-11.266342],[-41.20703,-11.26674],[-41.205111,-11.267133],[-41.203191,-11.267521],[-41.201269,-11.267904],[-41.199346,-11.268282],[-41.197421,-11.268655],[-41.195495,-11.269024],[-41.193568,-11.269387],[-41.191639,-11.269745],[-41.18971,-11.270099],[-41.187779,-11.270447],[-41.185847,-11.270791],[-41.183914,-11.271129],[-41.18198,-11.271463],[-41.180046,-11.271791],[-41.17811,-11.272114],[-41.176174,-11.272433],[-41.174236,-11.272746],[-41.172298,-11.273055],[-41.170359,-11.273358],[-41.16842,-11.273656],[-41.16648,-11.273949],[-41.16454,-11.274237],[-41.162599,-11.27452],[-41.160657,-11.274798],[-41.158715,-11.275071],[-41.156773,-11.275338],[-41.154831,-11.275601],[-41.152888,-11.275858],[-41.150945,-11.276111],[-41.149002,-11.276358],[-41.147059,-11.2766],[-41.144177,-11.276949],[-41.141294,-11.277287],[-41.138408,-11.277615],[-41.13552,-11.277931],[-41.13263,-11.278236],[-41.129739,-11.278531],[-41.126846,-11.278814],[-41.123952,-11.279085],[-41.121057,-11.279346],[-41.118161,-11.279596],[-41.115265,-11.279834],[-41.112368,-11.280061],[-41.109471,-11.280277],[-41.106574,-11.280482],[-41.103677,-11.280676],[-41.10078,-11.280858],[-41.097737,-11.281037],[-41.094693,-11.281204],[-41.091647,-11.281359],[-41.0886,-11.281501],[-41.085552,-11.281631],[-41.082503,-11.281749],[-41.079453,-11.281855],[-41.076403,-11.281948],[-41.073352,-11.282029],[-41.070301,-11.282097],[-41.06725,-11.282153],[-41.064199,-11.282197],[-41.061149,-11.282228],[-41.058099,-11.282247],[-41.05505,-11.282254],[-41.052002,-11.282248],[-41.0491,-11.282231],[-41.046196,-11.282203],[-41.043292,-11.282164],[-41.040387,-11.282113],[-41.037482,-11.282052],[-41.034577,-11.281979],[-41.031672,-11.281894],[-41.028767,-11.281799],[-41.025862,-11.281692],[-41.022958,-11.281575],[-41.020055,-11.281446],[-41.017153,-11.281306],[-41.014251,-11.281154],[-41.011351,-11.280992],[-41.008453,-11.280818],[-41.005556,-11.280634],[-41.002515,-11.280428],[-40.999474,-11.280209],[-40.996433,-11.279978],[-40.993392,-11.279735],[-40.990352,-11.27948],[-40.987312,-11.279212],[-40.984273,-11.278932],[-40.981235,-11.278639],[-40.978199,-11.278335],[-40.975163,-11.278018],[-40.97213,-11.277688],[-40.969098,-11.277347],[-40.966068,-11.276993],[-40.96304,-11.276627],[-40.960015,-11.276249],[-40.958945,-11.276111]]]}},
{"type":"Feature","properties":{"PCP_NU_ISO":600},"geometry":{"type":"MultiLineString","coordinates":[[[-40.749957,-11.497258],[-40.749958,-11.500557],[-40.749941,-11.504439],[-40.749908,-11.508421],[-40.749858,-11.512523],[-40.74979,-11.516766],[-40.749705,-11.521178],[-40.749623,-11.524869],[-40.749529,-11.528725],[-40.749421,-11.532787],[-40.749298,-11.537132],[-40.749052,-11.545203],[-40.748597,-11.559448],[-40.748429,-11.564809],[-40.748269,-11.570148],[-40.748132,-11.574963],[-40.747999,-11.580084],[-40.747887,-11.584893],[-40.747795,-11.589472],[-40.747722,-11.593863],[-40.747663,-11.598519],[-40.747641,-11.600787],[-40.747625,-11.60302],[-40.747614,-11.605219],[-40.747612,-11.606012]]]}},
{"type":"Feature","properties":{"PCP_NU_ISO":800},"geometry":{"type":"MultiLineString","coordinates":[[[-41.173093,-12.495145],[-41.173099,-12.495301],[-41.173417,-12.503256],[-41.173711,-12.511212],[-41.173981,-12.519168],[-41.174228,-12.527124],[-41.174452,-12.535079],[-41.174659,-12.543311],[-41.174841,-12.551544],[-41.174997,-12.559779],[-41.175129,-12.568014],[-41.175235,-12.57625],[-41.175317,-12.584486],[-41.175373,-12.592721],[-41.175404,-12.600956],[-41.17541,-12.609191],[-41.175392,-12.617427],[-41.175348,-12.625663],[-41.175279,-12.633899],[-41.175184,-12.642135],[-41.175065,-12.65037],[-41.174921,-12.658604],[-41.174752,-12.666837],[-41.174645,-12.671502],[-41.174529,-12.676167],[-41.174406,-12.680832],[-41.174275,-12.685497],[-41.174136,-12.690162],[-41.173988,-12.694826],[-41.173833,-12.699491],[-41.173669,-12.704156],[-41.173498,-12.70882],[-41.173318,-12.713484],[-41.173131,-12.718147],[-41.172935,-12.72281],[-41.172731,-12.727473],[-41.17252,-12.732135],[-41.1723,-12.736796],[-41.172072,-12.741457],[-41.171836,-12.746118],[-41.171592,-12.750778],[-41.17134,-12.755438],[-41.17108,-12.760098],[-41.170812,-12.764758],[-41.170536,-12.769417],[-41.170252,-12.774076],[-41.16996,-12.778734],[-41.16966,-12.783391],[-41.169352,-12.788048],[-41.169035,-12.792705],[-41.168711,-12.79736],[-41.168379,-12.802015],[-41.168038,-12.806669],[-41.16769,-12.811322],[-41.167334,-12.815975],[-41.166991,-12.820352],[-41.166641,-12.82473],[-41.166284,-12.829107],[-41.16592,-12.833484],[-41.165549,-12.83786],[-41.165171,-12.842236],[-41.164785,-12.846612],[-41.164393,-12.850987],[-41.163993,-12.855362],[-41.163586,-12.859736],[-41.163172,-12.864109],[-41.162751,-12.868482],[-41.162323,-12.872854],[-41.161888,-12.877225],[-41.161446,-12.881595],[-41.160996,-12.885964],[-41.160511,-12.890606],[-41.160018,-12.895247],[-41.159517,-12.899887],[-41.159007,-12.904527],[-41.15849,-12.909165],[-41.157965,-12.913803],[-41.157432,-12.91844],[-41.15689,-12.923076],[-41.156341,-12.927711],[-41.155784,-12.932345],[-41.155219,-12.936977],[-41.154645,-12.941609],[-41.154064,-12.946239],[-41.153475,-12.950868],[-41.152878,-12.955495],[-41.152273,-12.960121],[-41.15166,-12.964747],[-41.151039,-12.969372],[-41.15041,-12.973996],[-41.149773,-12.978619],[-41.149128,-12.983241],[-41.148475,-12.987863],[-41.147814,-12.992483],[-41.147145,-12.997102],[-41.146468,-13.00172],[-41.145783,-13.006337],[-41.14509,-13.010952],[-41.144389,-13.015566],[-41.14368,-13.020179],[-41.142963,-13.024791],[-41.142239,-13.029401],[-41.141506,-13.034009],[-41.140766,-13.038615],[-41.140017,-13.043221],[-41.139261,-13.047825],[-41.138496,-13.052429],[-41.137724,-13.057031],[-41.136943,-13.061632],[-41.136155,-13.066232],[-41.135359,-13.070831],[-41.134555,-13.075429],[-41.133742,-13.080025],[-41.132922,-13.08462],[-41.132094,-13.089213],[-41.131258,-13.093805],[-41.130414,-13.098396],[-41.129563,-13.102984],[-41.128703,-13.107571],[-41.127835,-13.112157],[-41.12696,-13.116741],[-41.126076,-13.121324],[-41.125185,-13.125906],[-41.124286,-13.130486],[-41.123378,-13.135065],[-41.122463,-13.139642],[-41.12154,-13.144217],[-41.12061,-13.14879],[-41.119671,-13.153362],[-41.118724,-13.157932],[-41.11777,-13.1625],[-41.116808,-13.167066],[-41.115838,-13.17163],[-41.11486,-13.176192],[-41.113875,-13.180752],[-41.113733,-13.181413],[-41.113594,-13.182082],[-41.113457,-13.182759],[-41.113322,-13.183446],[-41.11319,-13.184142],[-41.113059,-13.184848],[-41.11293,-13.185565],[-41.112803,-13.186292],[-41.112678,-13.18703],[-41.112554,-13.18778],[-41.112432,-13.188543],[-41.11231,-13.18932],[-41.11219,-13.190112],[-41.112071,-13.190921],[-41.111953,-13.191747],[-41.111835,-13.192592],[-41.111647,-13.193986],[-41.111458,-13.195446],[-41.111265,-13.196988],[-41.111066,-13.198642],[-41.11071,-13.201705],[-41.110106,-13.207066],[-41.10988,-13.209053],[-41.109652,-13.211008],[-41.109439,-13.212771],[-41.109211,-13.214596],[-41.108987,-13.216309],[-41.108763,-13.217937],[-41.108538,-13.219494],[-41.108421,-13.220273],[-41.108303,-13.221038],[-41.108183,-13.221789],[-41.108063,-13.222528],[-41.107941,-13.223254],[-41.107817,-13.22397],[-41.107692,-13.224675],[-41.107565,-13.22537],[-41.107436,-13.226056],[-41.107305,-13.226733],[-41.107172,-13.227401],[-41.107037,-13.228061],[-41.1069,-13.228713],[-41.106761,-13.229357],[-41.10662,-13.229993],[-41.106476,-13.230622],[-41.10627,-13.231496],[-41.106059,-13.232356],[-41.105843,-13.233203],[-41.105622,-13.234038],[-41.105396,-13.234861],[-41.105165,-13.235673],[-41.104928,-13.236473],[-41.104686,-13.237262],[-41.104563,-13.237653],[-41.104438,-13.238041],[-41.104312,-13.238427],[-41.104185,-13.23881],[-41.104056,-13.239191],[-41.103926,-13.239569],[-41.103794,-13.239944],[-41.103661,-13.240317],[-41.103526,-13.240688],[-41.10339,-13.241057],[-41.103252,-13.241423],[-41.103113,-13.241787],[-41.102972,-13.242148],[-41.10283,-13.242507],[-41.102687,-13.242864],[-41.102541,-13.243219],[-41.102394,-13.243572],[-41.102246,-13.243922],[-41.102096,-13.244271],[-41.101944,-13.244617],[-41.101791,-13.244962],[-41.101636,-13.245304],[-41.10148,-13.245644],[-41.101322,-13.245982],[-41.101162,-13.246317],[-41.101001,-13.246651],[-41.100838,-13.246983],[-41.100673,-13.247312],[-41.100507,-13.24764],[-41.100339,-13.247966],[-41.10017,-13.248289],[-41.099999,-13.248611],[-41.099826,-13.24893],[-41.099652,-13.249248],[-41.099476,-13.249564],[-41.099298,-13.249878],[-41.099118,-13.25019],[-41.098937,-13.2505],[-41.098754,-13.250808],[-41.09857,-13.251114],[-41.098384,-13.251418],[-41.098196,-13.25172],[-41.098006,-13.252021],[-41.097814,-13.25232],[-41.097621,-13.252616],[-41.097426,-13.252911],[-41.09723,-13.253204],[-41.097031,-13.253496],[-41.096868,-13.253732],[-41.096701,-13.253969],[-41.096531,-13.254207],[-41.096358,-13.254446],[-41.096181,-13.254687],[-41.096,-13.25493],[-41.095815,-13.255174],[-41.095626,-13.25542],[-41.095434,-13.255667],[-41.095237,-13.255917],[-41.095036,-13.25617],[-41.09483,-13.256425],[-41.09462,-13.256683],[-41.094404,-13.256944],[-41.093957,-13.257478],[-41.093532,-13.257974],[-41.093085,-13.25849],[-41.092609,-13.259029],[-41.092099,-13.259601],[-41.091616,-13.260135],[-41.091077,-13.260727],[-41.089086,-13.262896],[-41.088269,-13.263793],[-41.087831,-13.264277],[-41.087424,-13.264731],[-41.08704,-13.265164],[-41.086675,-13.26558],[-41.086244,-13.266079],[-41.085833,-13.266561],[-41.08544,-13.267031],[-41.085063,-13.267489],[-41.0847,-13.26794],[-41.084351,-13.268382],[-41.084015,-13.268818],[-41.08369,-13.269249],[-41.083287,-13.269793],[-41.082886,-13.270339],[-41.082487,-13.270887],[-41.082089,-13.271437],[-41.081694,-13.271988],[-41.081301,-13.272542],[-41.08091,-13.273098],[-41.080521,-13.273655],[-41.080135,-13.274215],[-41.07975,-13.274776],[-41.079368,-13.275339],[-41.078988,-13.275903],[-41.07861,-13.276469],[-41.078235,-13.277037],[-41.077861,-13.277607],[-41.07749,-13.278178],[-41.077122,-13.27875],[-41.076756,-13.279324],[-41.076392,-13.2799],[-41.07603,-13.280477],[-41.075671,-13.281055],[-41.075315,-13.281634],[-41.074961,-13.282215],[-41.074609,-13.282797],[-41.07426,-13.283381],[-41.073914,-13.283965],[-41.07357,-13.284551],[-41.073229,-13.285138],[-41.07289,-13.285725],[-41.072554,-13.286314],[-41.072221,-13.286904],[-41.071891,-13.287495],[-41.071579,-13.288057],[-41.071269,-13.288622],[-41.070961,-13.289187],[-41.070655,-13.289755],[-41.07005,-13.290894],[-41.069453,-13.292039],[-41.068865,-13.293189],[-41.068285,-13.294345],[-41.067714,-13.295505],[-41.067152,-13.29667],[-41.0666,-13.29784],[-41.066056,-13.299014],[-41.065522,-13.300191],[-41.064997,-13.301372],[-41.064482,-13.302556],[-41.063977,-13.303743],[-41.063482,-13.304932],[-41.062996,-13.306124],[-41.062521,-13.30732],[-41.062053,-13.308521],[-41.061595,-13.309727],[-41.061146,-13.310937],[-41.060706,-13.312152],[-41.060275,-13.313371],[-41.059854,-13.314594],[-41.059442,-13.31582],[-41.05904,-13.31705],[-41.058648,-13.318282],[-41.058265,-13.319517],[-41.057892,-13.320754],[-41.057529,-13.321993],[-41.057176,-13.323234],[-41.056833,-13.324476],[-41.056501,-13.325719],[-41.056178,-13.326965],[-41.055864,-13.328215],[-41.055561,-13.329469],[-41.055266,-13.330726],[-41.054982,-13.331986],[-41.054707,-13.33325],[-41.054442,-13.334515],[-41.054186,-13.335784],[-41.053941,-13.337054],[-41.053705,-13.338325],[-41.05348,-13.339598],[-41.053265,-13.340872],[-41.053059,-13.342147],[-41.052864,-13.343422],[-41.05268,-13.344697],[-41.052505,-13.345972],[-41.05234,-13.347249],[-41.052186,-13.348528],[-41.052041,-13.349809],[-41.051906,-13.351093],[-41.051781,-13.35238],[-41.051667,-13.353667],[-41.051562,-13.354956],[-41.051467,-13.356246],[-41.051382,-13.357537],[-41.051308,-13.358828],[-41.051243,-13.36012],[-41.051189,-13.361411],[-41.051144,-13.362701],[-41.05111,-13.363991],[-41.051086,-13.365279],[-41.051073,-13.366566],[-41.051069,-13.367853],[-41.051075,-13.369142],[-41.051092,-13.370432],[-41.051119,-13.371723],[-41.051156,-13.373014],[-41.051203,-13.374306],[-41.05126,-13.375598],[-41.051327,-13.37689],[-41.051404,-13.378181],[-41.051491,-13.379472],[-41.051589,-13.380761],[-41.051696,-13.382049],[-41.051814,-13.383334],[-41.051941,-13.384618],[-41.052078,-13.385899],[-41.052225,-13.387177],[-41.052382,-13.388455],[-41.05255,-13.389732],[-41.052728,-13.39101],[-41.052916,-13.392287],[-41.053114,-13.393564],[-41.053322,-13.39484],[-41.05354,-13.396115],[-41.053768,-13.397388],[-41.054006,-13.39866],[-41.054254,-13.399929],[-41.054512,-13.401196],[-41.054779,-13.40246],[-41.055057,-13.403721],[-41.055343,-13.404979],[-41.05564,-13.406233],[-41.055945,-13.407483],[-41.05611,-13.40814],[-41.056278,-13.408796],[-41.056448,-13.409452],[-41.056622,-13.410108],[-41.056798,-13.410763],[-41.056977,-13.411418],[-41.057159,-13.412073],[-41.057343,-13.412727],[-41.05753,-13.413381],[-41.05772,-13.414034],[-41.057913,-13.414686],[-41.058109,-13.415338],[-41.058307,-13.415989],[-41.058508,-13.41664],[-41.058711,-13.41729],[-41.058918,-13.417939],[-41.059127,-13.418587],[-41.059338,-13.419234],[-41.059552,-13.41988],[-41.059769,-13.420525],[-41.059989,-13.42117],[-41.060211,-13.421813],[-41.060435,-13.422455],[-41.060663,-13.423096],[-41.060892,-13.423736],[-41.061125,-13.424374],[-41.061359,-13.425011],[-41.061597,-13.425647],[-41.061836,-13.426282],[-41.062079,-13.426915],[-41.062323,-13.427547],[-41.062571,-13.428177],[-41.063048,-13.429372],[-41.063535,-13.430565],[-41.064032,-13.431756],[-41.064538,-13.432943],[-41.065055,-13.434128],[-41.065581,-13.435309],[-41.066116,-13.436486],[-41.066661,-13.43766],[-41.067214,-13.438829],[-41.067777,-13.439993],[-41.068349,-13.441153],[-41.068929,-13.442307],[-41.069518,-13.443456],[-41.070115,-13.4446],[-41.070417,-13.445169],[-41.070721,-13.445737],[-41.071027,-13.446303],[-41.071334,-13.446868],[-41.071645,-13.447431],[-41.071957,-13.447994],[-41.072272,-13.448556],[-41.072589,-13.449117],[-41.072909,-13.449677],[-41.073231,-13.450236],[-41.073556,-13.450794],[-41.073882,-13.451351],[-41.074211,-13.451907],[-41.074543,-13.452461],[-41.074876,-13.453015],[-41.075212,-13.453567],[-41.07555,-13.454119],[-41.07589,-13.454668],[-41.076233,-13.455217],[-41.076577,-13.455765],[-41.076924,-13.456311],[-41.077273,-13.456855],[-41.077624,-13.457398],[-41.077977,-13.45794],[-41.078332,-13.458481],[-41.078689,-13.459019],[-41.079048,-13.459557],[-41.079409,-13.460092],[-41.079772,-13.460626],[-41.080137,-13.461159],[-41.080504,-13.461689],[-41.080872,-13.462218],[-41.081243,-13.462746],[-41.081616,-13.463271],[-41.08199,-13.463795],[-41.082366,-13.464317],[-41.082744,-13.464837],[-41.083124,-13.465356],[-41.083507,-13.465874],[-41.083892,-13.466391],[-41.084279,-13.466907],[-41.084669,-13.467421],[-41.085061,-13.467934],[-41.085454,-13.468446],[-41.08585,-13.468956],[-41.086248,-13.469465],[-41.086649,-13.469973],[-41.087051,-13.470479],[-41.087455,-13.470984],[-41.087861,-13.471487],[-41.08827,-13.471989],[-41.08868,-13.472489],[-41.089092,-13.472987],[-41.089506,-13.473484],[-41.089923,-13.473979],[-41.09034,-13.474472],[-41.09076,-13.474964],[-41.091182,-13.475454],[-41.091605,-13.475942],[-41.09203,-13.476428],[-41.092457,-13.476913],[-41.092886,-13.477395],[-41.093316,-13.477876],[-41.093748,-13.478355],[-41.094182,-13.478832],[-41.094617,-13.479306],[-41.095054,-13.479779],[-41.095492,-13.48025],[-41.095955,-13.480743],[-41.096421,-13.481235],[-41.096889,-13.481726],[-41.097359,-13.482214],[-41.097832,-13.482701],[-41.098307,-13.483187],[-41.098784,-13.48367],[-41.099263,-13.484152],[-41.099745,-13.484632],[-41.100229,-13.485111],[-41.100714,-13.485587],[-41.101202,-13.486062],[-41.101692,-13.486534],[-41.102184,-13.487005],[-41.102678,-13.487474],[-41.103174,-13.48794],[-41.103672,-13.488405],[-41.104171,-13.488868],[-41.104673,-13.489328],[-41.105176,-13.489786],[-41.105681,-13.490243],[-41.106188,-13.490697],[-41.106696,-13.491148],[-41.107207,-13.491598],[-41.107718,-13.492045],[-41.108232,-13.49249],[-41.108747,-13.492933],[-41.109264,-13.493373],[-41.109782,-13.493811],[-41.110301,-13.494246],[-41.110822,-13.494679],[-41.111345,-13.49511],[-41.111843,-13.495517],[-41.112343,-13.495922],[-41.112845,-13.496326],[-41.113349,-13.496727],[-41.113854,-13.497128],[-41.114362,-13.497526],[-41.114871,-13.497922],[-41.115382,-13.498317],[-41.115895,-13.49871],[-41.116409,-13.499101],[-41.116926,-13.49949],[-41.117443,-13.499877],[-41.117963,-13.500262],[-41.118484,-13.500646],[-41.119006,-13.501027],[-41.11953,-13.501406],[-41.120056,-13.501783],[-41.120583,-13.502158],[-41.121111,-13.502531],[-41.121641,-13.502902],[-41.122172,-13.503271],[-41.122704,-13.503637],[-41.123238,-13.504002],[-41.123773,-13.504364],[-41.124309,-13.504724],[-41.124846,-13.505081],[-41.125385,-13.505437],[-41.125924,-13.50579],[-41.126465,-13.506141],[-41.127006,-13.506489],[-41.127549,-13.506835],[-41.128093,-13.507179],[-41.128638,-13.50752],[-41.129184,-13.50786],[-41.129733,-13.508198],[-41.130283,-13.508534],[-41.130835,-13.508867],[-41.131388,-13.509199],[-41.131943,-13.509529],[-41.132499,-13.509857],[-41.133057,-13.510182],[-41.133616,-13.510506],[-41.134177,-13.510827],[-41.134739,-13.511147],[-41.135303,-13.511464],[-41.135867,-13.511779],[-41.137001,-13.512402],[-41.138139,-13.513017],[-41.139282,-13.513623],[-41.140429,-13.514219],[-41.14158,-13.514807],[-41.142734,-13.515385],[-41.143893,-13.515953],[-41.145054,-13.516511],[-41.146218,-13.51706],[-41.147386,-13.517599],[-41.14856,-13.51813],[-41.14974,-13.518652],[-41.150924,-13.519166],[-41.152114,-13.51967],[-41.153308,-13.520166],[-41.154507,-13.520652],[-41.155709,-13.521129],[-41.156916,-13.521597],[-41.158125,-13.522055],[-41.159338,-13.522504],[-41.160553,-13.522943],[-41.161771,-13.523371],[-41.162991,-13.52379],[-41.164213,-13.524199],[-41.165436,-13.524598],[-41.166177,-13.524834],[-41.166919,-13.525067],[-41.167664,-13.525297],[-41.16841,-13.525523],[-41.169158,-13.525746],[-41.169907,-13.525965],[-41.170658,-13.526181],[-41.17141,-13.526394],[-41.172164,-13.526603],[-41.172919,-13.526809],[-41.173675,-13.527011],[-41.174432,-13.52721],[-41.175191,-13.527405],[-41.175951,-13.527596],[-41.176711,-13.527784],[-41.177473,-13.527969],[-41.178235,-13.52815],[-41.178998,-13.528327],[-41.179762,-13.528501],[-41.180527,-13.528671],[-41.181292,-13.528837],[-41.182057,-13.529],[-41.182824,-13.529158],[-41.18359,-13.529314],[-41.184357,-13.529465],[-41.185124,-13.529613],[-41.185892,-13.529757],[-41.186659,-13.529898],[-41.187427,-13.530034],[-41.188195,-13.530167],[-41.188962,-13.530296],[-41.18973,-13.530422],[-41.190296,-13.530511],[-41.190867,-13.530598],[-41.191444,-13.530683],[-41.192028,-13.530766],[-41.192617,-13.530847],[-41.193213,-13.530926],[-41.193816,-13.531003],[-41.194426,-13.531077],[-41.195043,-13.53115],[-41.195668,-13.531221],[-41.196301,-13.53129],[-41.196943,-13.531357],[-41.198255,-13.531487],[-41.199611,-13.53161],[-41.200952,-13.531722],[-41.202348,-13.53183],[-41.203809,-13.531934],[-41.205358,-13.532036],[-41.206932,-13.532133],[-41.208668,-13.532233],[-41.213537,-13.532495],[-41.214342,-13.532536],[-41.215151,-13.532572],[-41.215964,-13.532605],[-41.216781,-13.532635],[-41.217602,-13.53266],[-41.218427,-13.532681],[-41.219256,-13.532699],[-41.22009,-13.532713],[-41.220929,-13.532723],[-41.221772,-13.532729],[-41.22262,-13.532731],[-41.223473,-13.53273],[-41.224331,-13.532725],[-41.225194,-13.532715],[-41.226063,-13.532702],[-41.226937,-13.532686],[-41.227816,-13.532665],[-41.228701,-13.53264],[-41.229592,-13.532612],[-41.23049,-13.53258],[-41.231394,-13.532544],[-41.232306,-13.532504],[-41.233224,-13.532461],[-41.23415,-13.532413],[-41.235084,-13.532362],[-41.236025,-13.532306],[-41.236975,-13.532247],[-41.237935,-13.532183],[-41.238903,-13.532116],[-41.239881,-13.532045],[-41.24187,-13.53189],[-41.243503,-13.531753],[-41.245169,-13.531606],[-41.246872,-13.531447],[-41.248617,-13.531276],[-41.250405,-13.531093],[-41.252247,-13.530897],[-41.254151,-13.530687],[-41.25613,-13.530462],[-41.259551,-13.530059],[-41.263359,-13.529593],[-41.267042,-13.52913],[-41.276176,-13.527971],[-41.281031,-13.527368],[-41.283536,-13.527067],[-41.285885,-13.526792],[-41.28812,-13.526539],[-41.290263,-13.526306],[-41.29265,-13.526057],[-41.294953,-13.525829],[-41.297185,-13.525622],[-41.298278,-13.525526],[-41.299357,-13.525435],[-41.300423,-13.525348],[-41.301477,-13.525265],[-41.302519,-13.525188],[-41.303549,-13.525114],[-41.304569,-13.525046],[-41.305579,-13.524981],[-41.306579,-13.524921],[-41.30757,-13.524866],[-41.312527,-13.524603],[-41.317305,-13.524359],[-41.321935,-13.524132],[-41.326437,-13.523922],[-41.33083,-13.523727],[-41.335124,-13.523548],[-41.339328,-13.523384],[-41.343451,-13.523234],[-41.347516,-13.523098],[-41.351512,-13.522976],[-41.355445,-13.522868],[-41.35932,-13.522774],[-41.363142,-13.522694],[-41.366912,-13.522627],[-41.370634,-13.522574],[-41.374312,-13.522535],[-41.378863,-13.522503],[-41.383415,-13.522486],[-41.387968,-13.522486],[-41.392522,-13.522502],[-41.397076,-13.522535],[-41.401631,-13.522583],[-41.406186,-13.522648],[-41.410741,-13.522728],[-41.415296,-13.522825],[-41.41985,-13.522938],[-41.424403,-13.523067],[-41.428955,-13.523213],[-41.433506,-13.523374],[-41.438056,-13.523552],[-41.442604,-13.523745],[-41.44715,-13.523955],[-41.451695,-13.524181],[-41.456241,-13.524423],[-41.460787,-13.524681],[-41.465332,-13.524955],[-41.469878,-13.525246],[-41.474422,-13.525553],[-41.478966,-13.525876],[-41.483509,-13.526215],[-41.488051,-13.52657],[-41.492591,-13.526941],[-41.49713,-13.527328],[-41.501667,-13.527732],[-41.506201,-13.528151],[-41.510733,-13.528586],[-41.515263,-13.529038],[-41.51979,-13.529505],[-41.523938,-13.529947],[-41.528086,-13.530404],[-41.532234,-13.530873],[-41.53638,-13.531356],[-41.540525,-13.531853],[-41.544669,-13.532364],[-41.548812,-13.532887],[-41.552953,-13.533425],[-41.557092,-13.533976],[-41.56123,-13.53454],[-41.565365,-13.535117],[-41.569498,-13.535708],[-41.573628,-13.536313],[-41.577756,-13.53693],[-41.581881,-13.537561],[-41.586003,-13.538206],[-41.59031,-13.538893],[-41.594615,-13.539596],[-41.598919,-13.540314],[-41.603221,-13.541046],[-41.607522,-13.541793],[-41.61182,-13.542555],[-41.616116,-13.543331],[-41.62041,-13.544122],[-41.6247,-13.544927],[-41.628988,-13.545747],[-41.633273,-13.546582],[-41.637554,-13.547431],[-41.641832,-13.548294],[-41.646107,-13.549172],[-41.650377,-13.550065],[-41.654643,-13.550971],[-41.659276,-13.551973],[-41.663907,-13.552992],[-41.668535,-13.554028],[-41.673161,-13.555082],[-41.677783,-13.556153],[-41.682401,-13.557242],[-41.687016,-13.558347],[-41.691627,-13.55947],[-41.696234,-13.560609],[-41.700836,-13.561765],[-41.705434,-13.562939],[-41.710027,-13.564129],[-41.714614,-13.565336],[-41.719196,-13.56656],[-41.723773,-13.5678],[-41.728343,-13.569057],[-41.729101,-13.569269],[-41.729864,-13.569487],[-41.730635,-13.569711],[-41.731412,-13.569942],[-41.732196,-13.57018],[-41.732988,-13.570424],[-41.733788,-13.570674],[-41.734596,-13.570932],[-41.735413,-13.571196],[-41.736239,-13.571468],[-41.737077,-13.571747],[-41.737925,-13.572034],[-41.738786,-13.572329],[-41.73966,-13.572632],[-41.740548,-13.572945],[-41.741453,-13.573267],[-41.743108,-13.573864],[-41.744831,-13.574499],[-41.74664,-13.575175],[-41.748565,-13.575905],[-41.750357,-13.576593],[-41.752343,-13.577362],[-41.754327,-13.578135],[-41.759554,-13.580178],[-41.7625,-13.581321],[-41.764083,-13.581929],[-41.765563,-13.582493],[-41.76697,-13.583023],[-41.768317,-13.583525],[-41.769924,-13.584115],[-41.771471,-13.584673],[-41.772969,-13.585204],[-41.774424,-13.585709],[-41.775846,-13.586192],[-41.777235,-13.586653],[-41.778596,-13.587093],[-41.779267,-13.587306],[-41.779932,-13.587514],[-41.780758,-13.587768],[-41.781575,-13.588014],[-41.782385,-13.588254],[-41.783187,-13.588487],[-41.783982,-13.588713],[-41.784771,-13.588932],[-41.785553,-13.589144],[-41.786329,-13.58935],[-41.7871,-13.58955],[-41.787865,-13.589743],[-41.788625,-13.589929],[-41.78938,-13.59011],[-41.79013,-13.590284],[-41.790876,-13.590452],[-41.791618,-13.590614],[-41.792355,-13.590769],[-41.793089,-13.590919],[-41.79382,-13.591063],[-41.794547,-13.591201],[-41.79527,-13.591332],[-41.79599,-13.591458],[-41.796706,-13.591578],[-41.79742,-13.591692],[-41.79813,-13.5918],[-41.798838,-13.591902],[-41.799543,-13.591998],[-41.800244,-13.592088],[-41.800944,-13.592172],[-41.801641,-13.592251],[-41.802335,-13.592324],[-41.803027,-13.59239],[-41.803717,-13.592451],[-41.805915,-13.592631],[-41.806888,-13.592705],[-41.807808,-13.592771],[-41.808695,-13.592831],[-41.809548,-13.592884],[-41.810372,-13.592931],[-41.811173,-13.592971],[-41.811964,-13.593007],[-41.812736,-13.593036],[-41.813491,-13.593059],[-41.81423,-13.593077],[-41.814955,-13.593089],[-41.815666,-13.593094],[-41.816366,-13.593094],[-41.817054,-13.593089],[-41.81758,-13.593081],[-41.818106,-13.59307],[-41.818633,-13.593057],[-41.819161,-13.593042],[-41.819689,-13.593023],[-41.820217,-13.593003],[-41.820745,-13.59298],[-41.821273,-13.592954],[-41.821802,-13.592925],[-41.822331,-13.592895],[-41.822859,-13.592861],[-41.823388,-13.592825],[-41.823917,-13.592787],[-41.824445,-13.592746],[-41.824974,-13.592702],[-41.825502,-13.592656],[-41.82603,-13.592608],[-41.826558,-13.592557],[-41.827085,-13.592503],[-41.827612,-13.592447],[-41.828139,-13.592389],[-41.828665,-13.592328],[-41.829191,-13.592264],[-41.829716,-13.592198],[-41.830241,-13.59213],[-41.830765,-13.592059],[-41.831288,-13.591985],[-41.831811,-13.591909],[-41.832333,-13.591831],[-41.832854,-13.59175],[-41.833374,-13.591667],[-41.833893,-13.591581],[-41.834411,-13.591493],[-41.83493,-13.591403],[-41.835449,-13.591309],[-41.835968,-13.591214],[-41.836486,-13.591115],[-41.837005,-13.591014],[-41.837523,-13.590911],[-41.838042,-13.590804],[-41.83856,-13.590696],[-41.839078,-13.590585],[-41.839595,-13.590471],[-41.840112,-13.590355],[-41.840629,-13.590236],[-41.841145,-13.590115],[-41.841661,-13.589991],[-41.842176,-13.589865],[-41.842691,-13.589737],[-41.843205,-13.589606],[-41.843718,-13.589472],[-41.84423,-13.589336],[-41.844742,-13.589198],[-41.845253,-13.589058],[-41.845763,-13.588915],[-41.846272,-13.588769],[-41.84678,-13.588622],[-41.847287,-13.588471],[-41.847793,-13.588319],[-41.848298,-13.588164],[-41.848801,-13.588008],[-41.849284,-13.587855]],[[-41.903822,-13.549202],[-41.903823,-13.5492],[-41.90414,-13.548778],[-41.904455,-13.548355],[-41.904768,-13.547931],[-41.905078,-13.547506],[-41.905386,-13.547079],[-41.905708,-13.546629],[-41.906028,-13.546176],[-41.906346,-13.545722],[-41.906662,-13.545265],[-41.906976,-13.544807],[-41.907288,-13.544346],[-41.907598,-13.543884],[-41.907905,-13.543419],[-41.908211,-13.542953],[-41.908514,-13.542485],[-41.908815,-13.542016],[-41.909114,-13.541544],[-41.90941,-13.541071],[-41.909704,-13.540597],[-41.909996,-13.540121],[-41.910286,-13.539643],[-41.910573,-13.539164],[-41.910858,-13.538684],[-41.91114,-13.538202],[-41.91142,-13.537719],[-41.911697,-13.537235],[-41.911971,-13.53675],[-41.912244,-13.536263],[-41.912513,-13.535775],[-41.91278,-13.535287],[-41.913044,-13.534797],[-41.913306,-13.534306],[-41.913565,-13.533814],[-41.913821,-13.533322],[-41.914075,-13.532828],[-41.914325,-13.532334],[-41.914573,-13.531839],[-41.914806,-13.531368],[-41.915037,-13.530895],[-41.915267,-13.530421],[-41.915494,-13.529945],[-41.915718,-13.529467],[-41.915941,-13.528988],[-41.916162,-13.528508],[-41.91638,-13.528026],[-41.916597,-13.527543],[-41.916811,-13.527058],[-41.917023,-13.526573],[-41.917233,-13.526086],[-41.91744,-13.525598],[-41.917645,-13.525109],[-41.917848,-13.524619],[-41.918049,-13.524128],[-41.918247,-13.523635],[-41.918443,-13.523142],[-41.918636,-13.522649],[-41.918827,-13.522154],[-41.919016,-13.521658],[-41.919202,-13.521162],[-41.919386,-13.520666],[-41.919567,-13.520168],[-41.919746,-13.51967],[-41.919923,-13.519172],[-41.920096,-13.518673],[-41.920268,-13.518173],[-41.920436,-13.517674],[-41.920603,-13.517174],[-41.920766,-13.516673],[-41.920927,-13.516173],[-41.921119,-13.515567],[-41.921307,-13.514959],[-41.921491,-13.514349],[-41.921673,-13.513737],[-41.921851,-13.513123],[-41.922025,-13.512508],[-41.922196,-13.511892],[-41.922364,-13.511273],[-41.922528,-13.510654],[-41.922689,-13.510033],[-41.922847,-13.509411],[-41.923001,-13.508787],[-41.923151,-13.508163],[-41.923298,-13.507537],[-41.923441,-13.506911],[-41.92358,-13.506283],[-41.923716,-13.505655],[-41.923849,-13.505026],[-41.923977,-13.504396],[-41.924102,-13.503766],[-41.924224,-13.503136],[-41.924341,-13.502505],[-41.924455,-13.501874],[-41.924566,-13.501242],[-41.924672,-13.50061],[-41.924775,-13.499979],[-41.924874,-13.499347],[-41.924969,-13.498716],[-41.925061,-13.498084],[-41.925148,-13.497453],[-41.925232,-13.496822],[-41.925312,-13.496192],[-41.925389,-13.495561],[-41.925461,-13.494929],[-41.92553,-13.494296],[-41.925596,-13.493661],[-41.925658,-13.493025],[-41.925716,-13.492389],[-41.925771,-13.491751],[-41.925822,-13.491112],[-41.925869,-13.490473],[-41.925912,-13.489833],[-41.925952,-13.489192],[-41.925989,-13.488551],[-41.926021,-13.487909],[-41.92605,-13.487267],[-41.926076,-13.486625],[-41.926097,-13.485982],[-41.926115,-13.48534],[-41.926129,-13.484697],[-41.92614,-13.484054],[-41.926146,-13.483412],[-41.926149,-13.48277],[-41.926149,-13.482128],[-41.926144,-13.481486],[-41.926136,-13.480845],[-41.926125,-13.480205],[-41.926109,-13.479565],[-41.92609,-13.478926],[-41.926067,-13.478288],[-41.926041,-13.47765],[-41.926011,-13.477014],[-41.925977,-13.476379],[-41.925939,-13.475745],[-41.925898,-13.475111],[-41.925853,-13.474476],[-41.925804,-13.473841],[-41.925752,-13.473205],[-41.925695,-13.472569],[-41.925635,-13.471933],[-41.925571,-13.471296],[-41.925504,-13.470659],[-41.925432,-13.470022],[-41.925357,-13.469385],[-41.925278,-13.468748],[-41.925196,-13.468111],[-41.92511,-13.467474],[-41.92502,-13.466838],[-41.924926,-13.466202],[-41.924829,-13.465566],[-41.924728,-13.464932],[-41.924623,-13.464297],[-41.924515,-13.463664],[-41.924403,-13.463031],[-41.924288,-13.462399],[-41.924169,-13.461768],[-41.924047,-13.461139],[-41.923921,-13.46051],[-41.923791,-13.459883],[-41.923658,-13.459257],[-41.923521,-13.458632],[-41.923381,-13.458009],[-41.923238,-13.457387],[-41.923091,-13.456767],[-41.92294,-13.456149],[-41.922787,-13.455533],[-41.922636,-13.454944],[-41.922482,-13.454354],[-41.922324,-13.453766],[-41.922163,-13.453177],[-41.921999,-13.452588],[-41.921831,-13.452],[-41.921659,-13.451412],[-41.921485,-13.450825],[-41.921306,-13.450238],[-41.921125,-13.449652],[-41.92094,-13.449067],[-41.920752,-13.448482],[-41.920561,-13.447899],[-41.920366,-13.447316],[-41.920168,-13.446734],[-41.919967,-13.446153],[-41.919763,-13.445573],[-41.919555,-13.444995],[-41.919345,-13.444418],[-41.919131,-13.443842],[-41.918914,-13.443267],[-41.918694,-13.442694],[-41.918471,-13.442123],[-41.918245,-13.441553],[-41.918016,-13.440984],[-41.917784,-13.440418],[-41.91755,-13.439853],[-41.917312,-13.43929],[-41.917071,-13.438729],[-41.916828,-13.43817],[-41.916582,-13.437613],[-41.916333,-13.437058],[-41.916172,-13.436706],[-41.916008,-13.436352],[-41.915841,-13.435995],[-41.91567,-13.435636],[-41.915495,-13.435273],[-41.915316,-13.434908],[-41.915134,-13.434539],[-41.914947,-13.434167],[-41.914562,-13.433411],[-41.914158,-13.432638],[-41.913736,-13.431844],[-41.913291,-13.431026],[-41.912861,-13.430247],[-41.912407,-13.429437],[-41.911924,-13.428587],[-41.911403,-13.427681],[-41.910917,-13.426845],[-41.910373,-13.425914],[-41.908207,-13.422232],[-41.907764,-13.421481],[-41.907312,-13.420725],[-41.90685,-13.419965],[-41.906379,-13.419199],[-41.905899,-13.418428],[-41.905408,-13.41765],[-41.904907,-13.416866],[-41.904395,-13.416075],[-41.903873,-13.415277],[-41.903339,-13.41447],[-41.902793,-13.413653],[-41.902234,-13.412826],[-41.901662,-13.411988],[-41.901075,-13.411136],[-41.900472,-13.41027],[-41.899853,-13.409388],[-41.898826,-13.407941],[-41.897743,-13.406434],[-41.896594,-13.404852],[-41.895355,-13.403164],[-41.894266,-13.401691],[-41.893048,-13.400053],[-41.888993,-13.394629],[-41.88749,-13.392612],[-41.886014,-13.390619],[-41.884689,-13.388814],[-41.883991,-13.387855],[-41.883319,-13.386927],[-41.882671,-13.386024],[-41.882043,-13.385144],[-41.881433,-13.384282],[-41.88084,-13.383437],[-41.880262,-13.382607],[-41.879699,-13.381791],[-41.876845,-13.37762],[-41.873955,-13.373364],[-41.871026,-13.369019],[-41.868052,-13.364574],[-41.865028,-13.360023],[-41.861944,-13.355352],[-41.858791,-13.350545],[-41.855555,-13.345582],[-41.852351,-13.340642],[-41.849035,-13.335505],[-41.845583,-13.33013],[-41.84195,-13.32445],[-41.838227,-13.318608],[-41.83416,-13.312207],[-41.823432,-13.295264],[-41.821156,-13.29168],[-41.818767,-13.287946],[-41.816241,-13.284024],[-41.813534,-13.279843],[-41.811068,-13.276053],[-41.808321,-13.271847],[-41.805609,-13.267703],[-41.79861,-13.257024],[-41.794747,-13.251114],[-41.790792,-13.245032],[-41.788983,-13.242235],[-41.787255,-13.239553],[-41.785238,-13.236407],[-41.783305,-13.233374],[-41.781442,-13.230435],[-41.779643,-13.227576],[-41.777897,-13.224782],[-41.776201,-13.222049],[-41.774552,-13.219369],[-41.772944,-13.216737],[-41.771966,-13.215123],[-41.771002,-13.213524],[-41.770052,-13.211941],[-41.769116,-13.210371],[-41.768193,-13.208814],[-41.767283,-13.207269],[-41.766385,-13.205736],[-41.765499,-13.204214],[-41.764624,-13.202702],[-41.763761,-13.201201],[-41.762909,-13.199708],[-41.762068,-13.198225],[-41.761237,-13.196751],[-41.760417,-13.195284],[-41.759607,-13.193826],[-41.758808,-13.192375],[-41.758016,-13.19093],[-41.757235,-13.189491],[-41.756463,-13.188059],[-41.755701,-13.186634],[-41.754947,-13.185214],[-41.754203,-13.183801],[-41.753468,-13.182393],[-41.752742,-13.18099],[-41.752024,-13.179593],[-41.751315,-13.178201],[-41.750615,-13.176813],[-41.749923,-13.17543],[-41.74924,-13.174052],[-41.748564,-13.172677],[-41.747898,-13.171307],[-41.747239,-13.169941],[-41.746625,-13.168657],[-41.746009,-13.16736],[-41.745391,-13.166048],[-41.744771,-13.164721],[-41.744149,-13.16338],[-41.743524,-13.162022],[-41.742895,-13.160648],[-41.742263,-13.159256],[-41.740987,-13.156418],[-41.739692,-13.153498],[-41.738371,-13.150484],[-41.73702,-13.147362],[-41.73572,-13.144328],[-41.734376,-13.141159],[-41.732974,-13.137825],[-41.731492,-13.134271],[-41.730056,-13.130806],[-41.728463,-13.12694],[-41.723162,-13.114017],[-41.721636,-13.110288],[-41.720118,-13.106556],[-41.718609,-13.10282],[-41.717108,-13.09908],[-41.715615,-13.095337],[-41.714131,-13.091591],[-41.712655,-13.08784],[-41.711187,-13.084087],[-41.709728,-13.08033],[-41.708278,-13.076571],[-41.706835,-13.072808],[-41.705402,-13.069042],[-41.703977,-13.065273],[-41.70256,-13.061501],[-41.701152,-13.057726],[-41.699753,-13.053949],[-41.69844,-13.050378],[-41.697133,-13.046805],[-41.695835,-13.043228],[-41.694543,-13.039649],[-41.69326,-13.036066],[-41.691983,-13.03248],[-41.690715,-13.028892],[-41.689454,-13.025301],[-41.6882,-13.021707],[-41.686954,-13.01811],[-41.685716,-13.014511],[-41.684486,-13.01091],[-41.683263,-13.007306],[-41.682048,-13.003699],[-41.68084,-13.00009],[-41.679641,-12.99648],[-41.678379,-12.992654],[-41.677126,-12.988824],[-41.675881,-12.984992],[-41.674645,-12.981157],[-41.673417,-12.977319],[-41.672198,-12.973478],[-41.670988,-12.969634],[-41.669786,-12.965787],[-41.668593,-12.961937],[-41.667408,-12.958085],[-41.666232,-12.954231],[-41.665065,-12.950374],[-41.663907,-12.946515],[-41.662757,-12.942653],[-41.661616,-12.938789],[-41.660484,-12.934923],[-41.659361,-12.931054],[-41.658246,-12.927183],[-41.65714,-12.923308],[-41.656042,-12.919431],[-41.654953,-12.915551],[-41.653873,-12.911669],[-41.652801,-12.907784],[-41.651738,-12.903896],[-41.650684,-12.900006],[-41.649639,-12.896114],[-41.648602,-12.89222],[-41.647575,-12.888324],[-41.646556,-12.884425],[-41.645546,-12.880525],[-41.644544,-12.876622],[-41.643552,-12.872718],[-41.642623,-12.869029],[-41.641701,-12.865337],[-41.640788,-12.861643],[-41.639882,-12.857947],[-41.638983,-12.854249],[-41.638093,-12.850548],[-41.637211,-12.846846],[-41.636336,-12.843142],[-41.635469,-12.839436],[-41.63461,-12.835728],[-41.633759,-12.832018],[-41.632916,-12.828306],[-41.632081,-12.824594],[-41.631253,-12.820879],[-41.630434,-12.817163],[-41.629623,-12.813446],[-41.628772,-12.809508],[-41.627931,-12.805568],[-41.627098,-12.801626],[-41.626273,-12.797681],[-41.625458,-12.793735],[-41.624652,-12.789787],[-41.623854,-12.785836],[-41.623065,-12.781884],[-41.622285,-12.77793],[-41.621514,-12.773975],[-41.620752,-12.770017],[-41.619999,-12.766059],[-41.619255,-12.762099],[-41.61852,-12.758137],[-41.617793,-12.754174],[-41.617076,-12.75021],[-41.616368,-12.746245],[-41.615668,-12.742277],[-41.614977,-12.738308],[-41.614296,-12.734337],[-41.613623,-12.730364],[-41.612959,-12.726389],[-41.612303,-12.722412],[-41.611657,-12.718434],[-41.61102,-12.714455],[-41.610391,-12.710474],[-41.609772,-12.706491],[-41.609162,-12.702508],[-41.60856,-12.698524],[-41.607968,-12.694538],[-41.607384,-12.690552],[-41.60681,-12.686565],[-41.605919,-12.680268],[-41.605061,-12.674062],[-41.604233,-12.667939],[-41.603435,-12.661894],[-41.602666,-12.655921],[-41.601926,-12.650018],[-41.601215,-12.64418],[-41.600532,-12.638404],[-41.599875,-12.632683],[-41.599247,-12.627019],[-41.598645,-12.621407],[-41.59807,-12.615847],[-41.597521,-12.610335],[-41.596999,-12.604871],[-41.596503,-12.599451],[-41.596265,-12.596758],[-41.596033,-12.594075],[-41.59579,-12.591131],[-41.595557,-12.58813],[-41.595335,-12.585068],[-41.595122,-12.581938],[-41.59492,-12.578735],[-41.594725,-12.575446],[-41.594539,-12.572059],[-41.59436,-12.568557],[-41.594198,-12.565169],[-41.59404,-12.561636],[-41.593885,-12.557926],[-41.593729,-12.553977],[-41.59344,-12.546065],[-41.592913,-12.530634],[-41.592686,-12.524236],[-41.592431,-12.517557],[-41.592306,-12.514495],[-41.592179,-12.511564],[-41.592018,-12.508051],[-41.591852,-12.504675],[-41.591681,-12.501411],[-41.591503,-12.498244],[-41.591318,-12.495157],[-41.591125,-12.492145],[-41.590923,-12.4892],[-41.590713,-12.486314],[-41.590481,-12.48333],[-41.59023,-12.480287],[-41.58996,-12.477176],[-41.589669,-12.473991],[-41.589358,-12.470726],[-41.589024,-12.467362],[-41.588666,-12.463885],[-41.588281,-12.460269],[-41.587952,-12.457251],[-41.587601,-12.454098],[-41.587224,-12.450778],[-41.586814,-12.447226],[-41.586041,-12.44064],[-41.584665,-12.429058],[-41.584152,-12.42472],[-41.583647,-12.420413],[-41.583199,-12.416526],[-41.582735,-12.412421],[-41.582309,-12.408562],[-41.581914,-12.404887],[-41.581547,-12.40136],[-41.581178,-12.39768],[-41.580836,-12.394121],[-41.580518,-12.390662],[-41.580225,-12.387293],[-41.579954,-12.383998],[-41.579705,-12.380773],[-41.579589,-12.379184],[-41.579478,-12.37761],[-41.579373,-12.37605],[-41.579272,-12.374504],[-41.579217,-12.373587],[-41.579163,-12.37263],[-41.579111,-12.371625],[-41.57906,-12.370556],[-41.578967,-12.368408],[-41.578801,-12.364211],[-41.578729,-12.362468],[-41.578645,-12.360648],[-41.57856,-12.359016],[-41.578505,-12.35806],[-41.578447,-12.35714],[-41.578386,-12.356252],[-41.578322,-12.35539],[-41.578254,-12.35455],[-41.578183,-12.353731],[-41.578108,-12.35293],[-41.578029,-12.352146],[-41.577918,-12.351121],[-41.577797,-12.350077],[-41.577667,-12.349012],[-41.577527,-12.347924],[-41.577376,-12.34681],[-41.577215,-12.345665],[-41.577042,-12.344486],[-41.576856,-12.343265],[-41.576675,-12.342113],[-41.576482,-12.340911],[-41.576274,-12.339646],[-41.576047,-12.338293],[-41.575611,-12.335752],[-41.574848,-12.331376],[-41.574573,-12.329788],[-41.574325,-12.328366],[-41.574071,-12.326932],[-41.573809,-12.325486],[-41.573539,-12.324027],[-41.573262,-12.322555],[-41.572978,-12.321068],[-41.572686,-12.319565],[-41.572386,-12.318046],[-41.572078,-12.316512],[-41.571761,-12.314959],[-41.571436,-12.313387],[-41.571103,-12.311794],[-41.57076,-12.310178],[-41.570407,-12.308539],[-41.569671,-12.305178],[-41.568941,-12.301913],[-41.568166,-12.298513],[-41.567339,-12.294946],[-41.566446,-12.291152],[-41.565561,-12.287436],[-41.564566,-12.2833],[-41.563599,-12.279307],[-41.561289,-12.269796],[-41.559855,-12.263905],[-41.55852,-12.25847],[-41.557248,-12.253349],[-41.556024,-12.248475],[-41.554828,-12.243772],[-41.553659,-12.239237],[-41.552509,-12.234843],[-41.551376,-12.230573],[-41.55024,-12.226363],[-41.549113,-12.222253],[-41.547993,-12.218233],[-41.546876,-12.214295],[-41.546318,-12.212354],[-41.545761,-12.210432],[-41.545203,-12.208526],[-41.544646,-12.206638],[-41.544088,-12.204766],[-41.543529,-12.202909],[-41.54297,-12.201068],[-41.542411,-12.199241],[-41.541772,-12.197175],[-41.541127,-12.195104],[-41.540474,-12.193028],[-41.539816,-12.190947],[-41.53915,-12.188861],[-41.538477,-12.186769],[-41.537798,-12.184673],[-41.537112,-12.182571],[-41.535719,-12.178352],[-41.534298,-12.174111],[-41.53285,-12.169847],[-41.531373,-12.165561],[-41.530344,-12.16261],[-41.5293,-12.159647],[-41.528242,-12.156672],[-41.527168,-12.153685],[-41.526079,-12.150686],[-41.524975,-12.147674],[-41.523856,-12.14465],[-41.522721,-12.141612],[-41.521571,-12.138561],[-41.520405,-12.135496],[-41.519223,-12.132417],[-41.518026,-12.129323],[-41.516812,-12.126213],[-41.515581,-12.123088],[-41.514334,-12.119947],[-41.513071,-12.116789],[-41.511475,-12.11284],[-41.509866,-12.108897],[-41.508242,-12.104962],[-41.506604,-12.101035],[-41.504951,-12.097115],[-41.503285,-12.093202],[-41.501605,-12.089298],[-41.499911,-12.085402],[-41.498203,-12.081515],[-41.496677,-12.078077]],[[-41.446117,-11.978536],[-41.445863,-11.978098],[-41.444885,-11.976427],[-41.443921,-11.97479],[-41.442969,-11.973184],[-41.442026,-11.971606],[-41.441092,-11.970055],[-41.440167,-11.968529],[-41.439249,-11.967027],[-41.438308,-11.9655],[-41.43735,-11.963957],[-41.436375,-11.962399],[-41.435383,-11.960824],[-41.434372,-11.959231],[-41.433342,-11.957618],[-41.432291,-11.955984],[-41.431218,-11.954326],[-41.430126,-11.952649],[-41.429009,-11.950943],[-41.427866,-11.949207],[-41.426693,-11.947436],[-41.42549,-11.945628],[-41.424251,-11.943776],[-41.422972,-11.941873],[-41.421648,-11.939911],[-41.418954,-11.935943],[-41.417641,-11.934021],[-41.416347,-11.932136],[-41.415071,-11.930285],[-41.413811,-11.928465],[-41.412565,-11.926675],[-41.411333,-11.924912],[-41.410112,-11.923174],[-41.408901,-11.92146],[-41.407701,-11.919769],[-41.40651,-11.918102],[-41.405328,-11.916455],[-41.404155,-11.914829],[-41.402989,-11.913223],[-41.401829,-11.911635],[-41.400672,-11.91006],[-41.39952,-11.908501],[-41.398375,-11.906961],[-41.397234,-11.905436],[-41.396098,-11.903928],[-41.394967,-11.902435],[-41.39384,-11.900958],[-41.392717,-11.899495],[-41.391597,-11.898047],[-41.390481,-11.896613],[-41.389368,-11.895192],[-41.388258,-11.893785],[-41.38715,-11.892392],[-41.386044,-11.891011],[-41.384941,-11.889642],[-41.38384,-11.888286],[-41.382552,-11.88671],[-41.381271,-11.885151],[-41.379997,-11.88361],[-41.37873,-11.882085],[-41.377468,-11.880575],[-41.376213,-11.879082],[-41.374963,-11.877603],[-41.373719,-11.876139],[-41.372478,-11.87469],[-41.371243,-11.873254],[-41.370012,-11.871833],[-41.368785,-11.870425],[-41.367561,-11.86903],[-41.366342,-11.867648],[-41.365125,-11.866279],[-41.363912,-11.864922],[-41.362701,-11.863576],[-41.361492,-11.862243],[-41.360287,-11.860921],[-41.359083,-11.859612],[-41.357882,-11.858314],[-41.356684,-11.857027],[-41.355487,-11.855752],[-41.354292,-11.854487],[-41.353099,-11.853234],[-41.351908,-11.851992],[-41.350718,-11.85076],[-41.34953,-11.849539],[-41.348343,-11.848329],[-41.347157,-11.847129],[-41.345973,-11.845939],[-41.344789,-11.84476],[-41.343088,-11.843077],[-41.341473,-11.841487],[-41.339921,-11.83997],[-41.338421,-11.838514],[-41.33696,-11.837108],[-41.335536,-11.835747],[-41.334143,-11.834427],[-41.332776,-11.833145],[-41.331424,-11.831888],[-41.330093,-11.830662],[-41.32878,-11.829466],[-41.327483,-11.828298],[-41.326201,-11.827156],[-41.324933,-11.826039],[-41.323676,-11.824945],[-41.32243,-11.823874],[-41.32077,-11.822461],[-41.319179,-11.821118],[-41.317642,-11.819833],[-41.316151,-11.818599],[-41.314695,-11.817406],[-41.313271,-11.816253],[-41.311875,-11.815135],[-41.310503,-11.814051],[-41.309822,-11.813517],[-41.309145,-11.812991],[-41.308473,-11.812472],[-41.307806,-11.811961],[-41.307143,-11.811456],[-41.306484,-11.810958],[-41.305829,-11.810466],[-41.305177,-11.809981],[-41.304529,-11.809502],[-41.303884,-11.809029],[-41.303242,-11.808562],[-41.302603,-11.808101],[-41.301966,-11.807646],[-41.301332,-11.807196],[-41.300701,-11.806752],[-41.300072,-11.806313],[-41.298502,-11.80523],[-41.296969,-11.804185],[-41.29547,-11.803177],[-41.294731,-11.802686],[-41.293999,-11.802202],[-41.293273,-11.801726],[-41.292553,-11.801257],[-41.291838,-11.800796],[-41.291129,-11.800342],[-41.290425,-11.799894],[-41.289725,-11.799454],[-41.28903,-11.79902],[-41.288339,-11.798592],[-41.287651,-11.798169],[-41.286967,-11.797753],[-41.286286,-11.797343],[-41.285609,-11.796939],[-41.284935,-11.796541],[-41.284265,-11.796149],[-41.283597,-11.795762],[-41.282933,-11.795381],[-41.282272,-11.795006],[-41.281613,-11.794636],[-41.280957,-11.794272],[-41.280304,-11.793913],[-41.279653,-11.793559],[-41.279004,-11.793211],[-41.278358,-11.792868],[-41.277714,-11.792531],[-41.275964,-11.791625],[-41.27513,-11.791199],[-41.274318,-11.790787],[-41.273524,-11.790388],[-41.272747,-11.790001],[-41.271985,-11.789625],[-41.271236,-11.789259],[-41.270497,-11.788902],[-41.269768,-11.788554],[-41.26905,-11.788215],[-41.268341,-11.787885],[-41.267641,-11.787562],[-41.266949,-11.787248],[-41.266264,-11.786941],[-41.265586,-11.786642],[-41.264909,-11.786347],[-41.264239,-11.786059],[-41.263574,-11.785779],[-41.262915,-11.785505],[-41.262261,-11.785238],[-41.261612,-11.784978],[-41.260969,-11.784725],[-41.260329,-11.784477],[-41.259694,-11.784237],[-41.259063,-11.784002],[-41.258436,-11.783774],[-41.257813,-11.783552],[-41.257194,-11.783336],[-41.256578,-11.783126],[-41.255965,-11.782922],[-41.255356,-11.782724],[-41.252491,-11.781805],[-41.250774,-11.781262],[-41.249948,-11.781006],[-41.249169,-11.780769],[-41.248425,-11.780546],[-41.24771,-11.780337],[-41.246976,-11.780128],[-41.246265,-11.77993],[-41.245573,-11.779744],[-41.244898,-11.779568],[-41.244238,-11.779401],[-41.243591,-11.779244],[-41.242957,-11.779097],[-41.242333,-11.778958],[-41.24169,-11.778822],[-41.241057,-11.778695],[-41.240434,-11.778578],[-41.240126,-11.778523],[-41.23982,-11.77847],[-41.239516,-11.778419],[-41.239214,-11.778371],[-41.238914,-11.778325],[-41.238616,-11.778281],[-41.23832,-11.77824],[-41.238026,-11.7782],[-41.237734,-11.778163],[-41.237443,-11.778128],[-41.237154,-11.778095],[-41.236866,-11.778065],[-41.236581,-11.778037],[-41.236296,-11.778011],[-41.236013,-11.777987],[-41.235732,-11.777965],[-41.235453,-11.777945],[-41.235174,-11.777928],[-41.234897,-11.777913],[-41.234622,-11.7779],[-41.234348,-11.77789],[-41.234075,-11.777881],[-41.233804,-11.777875],[-41.233534,-11.777871],[-41.233265,-11.777869],[-41.232997,-11.777869],[-41.232521,-11.777873],[-41.232047,-11.777881],[-41.231577,-11.777892],[-41.23111,-11.777906],[-41.230646,-11.777924],[-41.230186,-11.777945],[-41.229729,-11.77797],[-41.229275,-11.777999],[-41.228825,-11.77803],[-41.228379,-11.778065],[-41.227936,-11.778104],[-41.227496,-11.778146],[-41.22706,-11.778191],[-41.226628,-11.77824],[-41.2262,-11.778292],[-41.225775,-11.778348],[-41.225354,-11.778407],[-41.224937,-11.778469],[-41.224524,-11.778535],[-41.224114,-11.778604],[-41.223709,-11.778676],[-41.223307,-11.778752],[-41.222909,-11.778832],[-41.222515,-11.778914],[-41.222125,-11.779],[-41.221739,-11.77909],[-41.221357,-11.779183],[-41.220979,-11.779279],[-41.220605,-11.779378],[-41.220234,-11.779481],[-41.219868,-11.779587],[-41.219506,-11.779697],[-41.218428,-11.780031],[-41.217664,-11.780274],[-41.217307,-11.780389],[-41.216971,-11.780501],[-41.216649,-11.78061],[-41.21634,-11.780717],[-41.21603,-11.780828],[-41.21573,-11.780937],[-41.21544,-11.781046],[-41.215158,-11.781155],[-41.214884,-11.781264],[-41.214617,-11.781373],[-41.214356,-11.781483],[-41.214102,-11.781594],[-41.213845,-11.78171],[-41.213594,-11.781826],[-41.213349,-11.781944],[-41.21311,-11.782064],[-41.212876,-11.782184],[-41.212648,-11.782307],[-41.212425,-11.78243],[-41.212207,-11.782555],[-41.211994,-11.782682],[-41.211786,-11.782811],[-41.211583,-11.782941],[-41.211385,-11.783074],[-41.211192,-11.783208],[-41.211003,-11.783344],[-41.210819,-11.783482],[-41.210639,-11.783622],[-41.210483,-11.783749],[-41.210328,-11.783883],[-41.210172,-11.784024],[-41.210015,-11.784172],[-41.209858,-11.784328],[-41.209699,-11.784492],[-41.209538,-11.784666],[-41.209374,-11.784849],[-41.209229,-11.785016],[-41.20908,-11.785192],[-41.208925,-11.78538],[-41.208761,-11.785583],[-41.208448,-11.785981],[-41.207863,-11.786738],[-41.207626,-11.787042],[-41.207378,-11.787353],[-41.207152,-11.787629],[-41.20702,-11.787786],[-41.206891,-11.787935],[-41.206766,-11.788077],[-41.206642,-11.788214],[-41.20652,-11.788345],[-41.206399,-11.788471],[-41.206279,-11.788592],[-41.206159,-11.788708],[-41.205915,-11.788939],[-41.205663,-11.789166],[-41.205406,-11.789391],[-41.205142,-11.789614],[-41.204871,-11.789834],[-41.204593,-11.790051],[-41.204308,-11.790267],[-41.204015,-11.79048],[-41.203716,-11.790691],[-41.203409,-11.790901],[-41.203093,-11.791109],[-41.20277,-11.791316],[-41.202437,-11.791522],[-41.202095,-11.791727],[-41.201743,-11.791933],[-41.20138,-11.792138],[-41.201076,-11.792306],[-41.200764,-11.792474],[-41.200443,-11.792644],[-41.200112,-11.792815],[-41.199771,-11.792987],[-41.199418,-11.793163],[-41.199051,-11.793342],[-41.198668,-11.793526],[-41.197996,-11.793842],[-41.197244,-11.794189],[-41.196508,-11.794522],[-41.194652,-11.795357],[-41.193652,-11.795814],[-41.193132,-11.796057],[-41.192647,-11.796287],[-41.192188,-11.796509],[-41.191751,-11.796725],[-41.191256,-11.796975],[-41.190783,-11.797222],[-41.190328,-11.797467],[-41.189891,-11.79771],[-41.189468,-11.797952],[-41.189262,-11.798074],[-41.189059,-11.798195],[-41.18886,-11.798317],[-41.188664,-11.798439],[-41.188471,-11.798561],[-41.18828,-11.798684],[-41.18694,-11.799552],[-41.183898,-11.801511],[-41.182549,-11.802386],[-41.181732,-11.802922],[-41.18097,-11.803426],[-41.180251,-11.803908],[-41.179565,-11.804372],[-41.178819,-11.804885],[-41.178104,-11.805383],[-41.177417,-11.805872],[-41.176754,-11.806351],[-41.176112,-11.806824],[-41.175798,-11.807058],[-41.17549,-11.807291],[-41.175186,-11.807523],[-41.174887,-11.807753],[-41.174593,-11.807983],[-41.174302,-11.808212],[-41.173994,-11.808458],[-41.17369,-11.808703],[-41.173391,-11.808948],[-41.173097,-11.809191],[-41.172807,-11.809435],[-41.172521,-11.809678],[-41.172239,-11.80992],[-41.171962,-11.810163],[-41.171688,-11.810405],[-41.171419,-11.810647],[-41.171153,-11.810889],[-41.170892,-11.811131],[-41.170634,-11.811373],[-41.17038,-11.811615],[-41.170129,-11.811857],[-41.169883,-11.812099],[-41.169639,-11.812342],[-41.169399,-11.812584],[-41.169163,-11.812828],[-41.168931,-11.813071],[-41.168701,-11.813315],[-41.168476,-11.813559],[-41.168253,-11.813803],[-41.168035,-11.814048],[-41.167819,-11.814294],[-41.167607,-11.81454],[-41.167398,-11.814786],[-41.167193,-11.815033],[-41.16699,-11.815281],[-41.166791,-11.815529],[-41.166596,-11.815777],[-41.166403,-11.816027],[-41.166189,-11.816311],[-41.165975,-11.8166],[-41.165762,-11.816894],[-41.16555,-11.817195],[-41.165338,-11.817501],[-41.165127,-11.817813],[-41.164916,-11.818131],[-41.164705,-11.818455],[-41.164494,-11.818786],[-41.164283,-11.819124],[-41.164072,-11.819468],[-41.16386,-11.819821],[-41.163648,-11.820181],[-41.163434,-11.820549],[-41.163218,-11.820927],[-41.163001,-11.821314],[-41.162808,-11.821663],[-41.162614,-11.822021],[-41.162416,-11.822388],[-41.162215,-11.822766],[-41.161803,-11.823557],[-41.161368,-11.824409],[-41.161028,-11.825084],[-41.160659,-11.825829],[-41.160258,-11.826644],[-41.159103,-11.829],[-41.158739,-11.829736],[-41.158411,-11.830393],[-41.158043,-11.831128],[-41.157679,-11.831866],[-41.157317,-11.832605],[-41.156958,-11.833347],[-41.156602,-11.834091],[-41.156249,-11.834837],[-41.155898,-11.835585],[-41.155551,-11.836335],[-41.155207,-11.837087],[-41.154866,-11.837841],[-41.154528,-11.838596],[-41.154192,-11.839354],[-41.15386,-11.840113],[-41.153531,-11.840874],[-41.153205,-11.841637],[-41.152882,-11.842401],[-41.152562,-11.843167],[-41.152246,-11.843935],[-41.151932,-11.844704],[-41.151622,-11.845475],[-41.151315,-11.846247],[-41.15101,-11.847021],[-41.15071,-11.847796],[-41.150412,-11.848573],[-41.150118,-11.849351],[-41.149826,-11.85013],[-41.149538,-11.850911],[-41.149254,-11.851692],[-41.148972,-11.852475],[-41.148694,-11.853259],[-41.148419,-11.854045],[-41.148148,-11.854831],[-41.14788,-11.855618],[-41.147615,-11.856407],[-41.147354,-11.857196],[-41.147096,-11.857986],[-41.146841,-11.858778],[-41.14659,-11.85957],[-41.146342,-11.860362],[-41.146097,-11.861156],[-41.145856,-11.861951],[-41.145619,-11.862746],[-41.145385,-11.863541],[-41.145154,-11.864338],[-41.144927,-11.865135],[-41.144703,-11.865932],[-41.144483,-11.86673],[-41.144266,-11.867529],[-41.144053,-11.868328],[-41.143843,-11.869127],[-41.143637,-11.869927],[-41.143435,-11.870727],[-41.143236,-11.871528],[-41.14304,-11.872328],[-41.142849,-11.873129],[-41.14266,-11.87393],[-41.142476,-11.874732],[-41.142295,-11.875533],[-41.142117,-11.876334],[-41.141943,-11.877136],[-41.141773,-11.877937],[-41.141606,-11.878739],[-41.141443,-11.87954],[-41.141284,-11.880341],[-41.141183,-11.880867],[-41.141083,-11.881404],[-41.140986,-11.881952],[-41.14089,-11.882513],[-41.140795,-11.883088],[-41.140702,-11.883679],[-41.140609,-11.884288],[-41.140517,-11.884918],[-41.14043,-11.885531],[-41.140342,-11.88617],[-41.140159,-11.887558],[-41.139978,-11.888996],[-41.139634,-11.89181],[-41.139489,-11.892978],[-41.139333,-11.894197],[-41.139187,-11.89529],[-41.139098,-11.89593],[-41.139009,-11.896545],[-41.138921,-11.89714],[-41.138832,-11.897716],[-41.138742,-11.898276],[-41.138651,-11.898823],[-41.138559,-11.899358],[-41.138465,-11.899881],[-41.138322,-11.900648],[-41.13817,-11.901428],[-41.13801,-11.902224],[-41.13784,-11.903035],[-41.13766,-11.903864],[-41.137471,-11.904715],[-41.13727,-11.90559],[-41.137057,-11.906493],[-41.136849,-11.907359],[-41.136627,-11.908261],[-41.136391,-11.909207],[-41.136135,-11.910213],[-41.135617,-11.912221],[-41.134596,-11.916119],[-41.134176,-11.917733],[-41.133746,-11.919417],[-41.133368,-11.92093],[-41.133151,-11.921818],[-41.132947,-11.922672],[-41.132754,-11.923499],[-41.13257,-11.924302],[-41.132396,-11.925085],[-41.132231,-11.925851],[-41.132073,-11.926602],[-41.131924,-11.927337],[-41.131581,-11.92909],[-41.131246,-11.930857],[-41.130919,-11.932638],[-41.130601,-11.934436],[-41.130291,-11.936249],[-41.129989,-11.938078],[-41.129696,-11.939925],[-41.12941,-11.941788],[-41.129133,-11.943669],[-41.128863,-11.945569],[-41.128601,-11.947488],[-41.128347,-11.949427],[-41.1281,-11.951387],[-41.127861,-11.953369],[-41.127629,-11.955374],[-41.127404,-11.957402],[-41.127188,-11.959438],[-41.126979,-11.9615],[-41.126777,-11.96359],[-41.126581,-11.965709],[-41.126391,-11.967858],[-41.126207,-11.97004],[-41.12603,-11.972258],[-41.125858,-11.974514],[-41.125692,-11.976803],[-41.125531,-11.979137],[-41.125375,-11.98152],[-41.125224,-11.983959],[-41.125077,-11.986456],[-41.124933,-11.989023],[-41.124792,-11.99167],[-41.124654,-11.994412],[-41.12458,-11.995941],[-41.124511,-11.997474],[-41.124446,-11.999013],[-41.124385,-12.000558],[-41.124328,-12.002108],[-41.124275,-12.003664],[-41.124181,-12.006792],[-41.124103,-12.009943],[-41.124041,-12.013116],[-41.123995,-12.016312],[-41.123966,-12.019531],[-41.123958,-12.021092],[-41.123957,-12.022666],[-41.123961,-12.024255],[-41.123972,-12.025858],[-41.123988,-12.027476],[-41.12401,-12.029111],[-41.124039,-12.030762],[-41.124073,-12.032431],[-41.124113,-12.034118],[-41.124159,-12.035824],[-41.124212,-12.037551],[-41.12427,-12.039301],[-41.124335,-12.041074],[-41.124405,-12.042873],[-41.124483,-12.0447],[-41.124566,-12.046556],[-41.124744,-12.050207],[-41.124948,-12.054001],[-41.125178,-12.057966],[-41.125437,-12.062156],[-41.125718,-12.066445],[-41.126039,-12.071151],[-41.126404,-12.076329],[-41.126944,-12.083846],[-41.127054,-12.085343],[-41.127169,-12.086847],[-41.127412,-12.089875],[-41.127674,-12.092932],[-41.127955,-12.096019],[-41.128255,-12.099137],[-41.128575,-12.102289],[-41.128914,-12.105477],[-41.129272,-12.108703],[-41.12965,-12.111965],[-41.130049,-12.11527],[-41.130468,-12.118623],[-41.130908,-12.122025],[-41.13137,-12.125482],[-41.131854,-12.128999],[-41.132362,-12.13258],[-41.132893,-12.136235],[-41.133351,-12.139314],[-41.133827,-12.142454],[-41.134323,-12.145661],[-41.134839,-12.148944],[-41.135376,-12.152308],[-41.135937,-12.15577],[-41.136524,-12.159346],[-41.137142,-12.163059],[-41.138246,-12.169591],[-41.139492,-12.176851],[-41.140724,-12.183954],[-41.143872,-12.202007],[-41.145572,-12.211863],[-41.146454,-12.217053],[-41.147269,-12.221915],[-41.148032,-12.226537],[-41.14875,-12.230966],[-41.149564,-12.236089],[-41.150328,-12.241026],[-41.150693,-12.243435],[-41.151048,-12.245808],[-41.151392,-12.248147],[-41.151726,-12.250455],[-41.152051,-12.252737],[-41.152367,-12.254992],[-41.152673,-12.257222],[-41.15297,-12.259427],[-41.153258,-12.261609],[-41.153538,-12.263769],[-41.153809,-12.265909],[-41.154072,-12.26803],[-41.155338,-12.278439],[-41.15649,-12.288075],[-41.157557,-12.297177],[-41.158551,-12.305857],[-41.159488,-12.314242],[-41.160368,-12.322344],[-41.161197,-12.330206],[-41.161592,-12.334058],[-41.161976,-12.33786],[-41.16241,-12.34223],[-41.162836,-12.346601],[-41.163256,-12.350972],[-41.163668,-12.355345],[-41.164074,-12.359719],[-41.164472,-12.364093],[-41.164863,-12.368469],[-41.165247,-12.372845],[-41.165624,-12.377221],[-41.165994,-12.381599],[-41.166356,-12.385976],[-41.166712,-12.390355],[-41.167061,-12.394733],[-41.167402,-12.399113],[-41.167736,-12.403492],[-41.168063,-12.407872],[-41.168638,-12.41581],[-41.169189,-12.423751],[-41.169717,-12.431694],[-41.170222,-12.439639],[-41.170703,-12.447586],[-41.170758,-12.448542]]]}},
{"type":"Feature","properties":{"PCP_NU_ISO":900},"geometry":{"type":"MultiLineString","coordinates":[[[-41.459764,-12.114577],[-41.460683,-12.116576],[-41.461759,-12.118938],[-41.462836,-12.121318],[-41.463913,-12.123715],[-41.46499,-12.126129],[-41.466068,-12.128563],[-41.467277,-12.131315],[-41.468478,-12.134074],[-41.469671,-12.136839],[-41.470855,-12.139609],[-41.472032,-12.142386],[-41.4732,-12.145168],[-41.474359,-12.147956],[-41.475511,-12.150749],[-41.476653,-12.153548],[-41.477788,-12.156352],[-41.478913,-12.159161],[-41.480031,-12.161975],[-41.481139,-12.164794],[-41.482239,-12.167617],[-41.48333,-12.170446],[-41.484412,-12.173279],[-41.485605,-12.176428],[-41.48676,-12.179506],[-41.487882,-12.182521],[-41.488972,-12.185479],[-41.490034,-12.188388],[-41.491067,-12.19125],[-41.492074,-12.194069],[-41.493057,-12.196848],[-41.494016,-12.199596],[-41.494953,-12.20231],[-41.495866,-12.204993],[-41.496758,-12.207646],[-41.497629,-12.210271],[-41.49848,-12.21287],[-41.49931,-12.215445],[-41.50012,-12.217996],[-41.50066,-12.21972],[-41.501204,-12.221476],[-41.501751,-12.223268],[-41.502304,-12.2251],[-41.502863,-12.226973],[-41.50343,-12.228894],[-41.504006,-12.23087],[-41.504595,-12.232908],[-41.505174,-12.234931],[-41.505771,-12.237034],[-41.507041,-12.24156],[-41.508425,-12.246559],[-41.51037,-12.25364],[-41.511788,-12.258823],[-41.512995,-12.263275],[-41.514091,-12.267363],[-41.515102,-12.271183],[-41.516061,-12.274864],[-41.516964,-12.278386],[-41.517819,-12.281782],[-41.518629,-12.285071],[-41.519549,-12.288859],[-41.52038,-12.292312],[-41.52115,-12.29555],[-41.521871,-12.298622],[-41.522556,-12.301585],[-41.523207,-12.304442],[-41.523826,-12.307209],[-41.524416,-12.309899],[-41.524989,-12.312559],[-41.525536,-12.315158],[-41.526059,-12.317704],[-41.526559,-12.3202],[-41.527038,-12.322654],[-41.527496,-12.325068],[-41.527933,-12.327445],[-41.52835,-12.329788],[-41.528624,-12.331372],[-41.528893,-12.332972],[-41.529158,-12.334588],[-41.529419,-12.33622],[-41.529676,-12.33787],[-41.529928,-12.339537],[-41.530176,-12.341223],[-41.530421,-12.342929],[-41.530662,-12.344655],[-41.530899,-12.346402],[-41.531133,-12.348173],[-41.531364,-12.349969],[-41.531592,-12.351791],[-41.531817,-12.353641],[-41.53204,-12.355522],[-41.532261,-12.357436],[-41.532469,-12.359285],[-41.532675,-12.361168],[-41.532881,-12.36309],[-41.533086,-12.365055],[-41.533497,-12.369132],[-41.533915,-12.373459],[-41.534319,-12.377813],[-41.534752,-12.382635],[-41.535198,-12.387738],[-41.535986,-12.396863],[-41.536616,-12.40418],[-41.537053,-12.409415],[-41.537249,-12.411851],[-41.53743,-12.414157],[-41.537597,-12.416365],[-41.537752,-12.41849],[-41.537901,-12.420631],[-41.53804,-12.422709],[-41.538167,-12.424732],[-41.538284,-12.426707],[-41.538392,-12.42864],[-41.538489,-12.430534],[-41.538577,-12.432393],[-41.538655,-12.434221],[-41.538748,-12.436559],[-41.53883,-12.438768],[-41.538903,-12.440879],[-41.538968,-12.44291],[-41.539024,-12.44488],[-41.539073,-12.446792],[-41.539114,-12.448653],[-41.539147,-12.450471],[-41.539173,-12.452262],[-41.539191,-12.454016],[-41.539201,-12.455738],[-41.539204,-12.457429],[-41.5392,-12.459094],[-41.539188,-12.460732],[-41.539168,-12.462346],[-41.539141,-12.463937],[-41.539113,-12.465271],[-41.539079,-12.466609],[-41.539041,-12.467951],[-41.538998,-12.469297],[-41.53895,-12.470647],[-41.538898,-12.472001],[-41.53884,-12.473359],[-41.538778,-12.47472],[-41.538711,-12.476086],[-41.538639,-12.477456],[-41.538562,-12.47883],[-41.538481,-12.480208],[-41.538394,-12.48159],[-41.538303,-12.482976],[-41.538207,-12.484367],[-41.538106,-12.485761],[-41.538001,-12.48716],[-41.53789,-12.488563],[-41.537775,-12.48997],[-41.537654,-12.491381],[-41.537529,-12.492796],[-41.5374,-12.494216],[-41.537265,-12.49564],[-41.537125,-12.497069],[-41.536981,-12.498501],[-41.536832,-12.499938],[-41.536678,-12.50138],[-41.536519,-12.502826],[-41.536355,-12.504276],[-41.536186,-12.505731],[-41.536013,-12.50719],[-41.535834,-12.508654],[-41.534999,-12.515471],[-41.534605,-12.518644],[-41.534198,-12.521812],[-41.534006,-12.523267],[-41.533817,-12.524659],[-41.533614,-12.526122],[-41.533413,-12.527534],[-41.533212,-12.528902],[-41.533011,-12.530233],[-41.532808,-12.531531],[-41.532604,-12.5328],[-41.532398,-12.534041],[-41.53219,-12.535258],[-41.531966,-12.536525],[-41.531738,-12.537769],[-41.531507,-12.538991],[-41.531271,-12.540193],[-41.531031,-12.541375],[-41.530787,-12.54254],[-41.530538,-12.543687],[-41.530284,-12.544818],[-41.530025,-12.545935],[-41.529761,-12.547037],[-41.529491,-12.548124],[-41.529215,-12.549199],[-41.528934,-12.55026],[-41.528647,-12.551309],[-41.528354,-12.552346],[-41.528055,-12.553371],[-41.527779,-12.554297],[-41.527504,-12.555204],[-41.527231,-12.556095],[-41.526958,-12.556969],[-41.526685,-12.557829],[-41.526413,-12.558675],[-41.526141,-12.559508],[-41.525869,-12.560328],[-41.525595,-12.561137],[-41.525321,-12.561934],[-41.525047,-12.562721],[-41.524771,-12.563497],[-41.524494,-12.564262],[-41.524216,-12.565018],[-41.523937,-12.565765],[-41.523656,-12.566502],[-41.523471,-12.566978],[-41.523282,-12.567458],[-41.523088,-12.567942],[-41.52289,-12.56843],[-41.522687,-12.568922],[-41.522479,-12.569419],[-41.522267,-12.56992],[-41.522049,-12.570427],[-41.521826,-12.570939],[-41.521597,-12.571456],[-41.521363,-12.571981],[-41.521123,-12.572512],[-41.520624,-12.5736],[-41.520097,-12.574725],[-41.519622,-12.575721],[-41.519119,-12.576761],[-41.518584,-12.577854],[-41.518004,-12.579023],[-41.516937,-12.581152],[-41.515146,-12.58469],[-41.514543,-12.585886],[-41.513513,-12.587945],[-41.513185,-12.588601],[-41.51285,-12.589261],[-41.512508,-12.589926],[-41.512159,-12.590597],[-41.511802,-12.591273],[-41.511438,-12.591955],[-41.511067,-12.592643],[-41.510687,-12.593338],[-41.510299,-12.59404],[-41.509902,-12.59475],[-41.509496,-12.595469],[-41.509081,-12.596197],[-41.508656,-12.596935],[-41.50822,-12.597685],[-41.507772,-12.598448],[-41.507313,-12.599225],[-41.506523,-12.600545],[-41.505691,-12.60192],[-41.504808,-12.603363],[-41.503857,-12.6049],[-41.502999,-12.606276],[-41.502042,-12.607804],[-41.498714,-12.613084],[-41.497416,-12.61515],[-41.496102,-12.617261],[-41.494929,-12.619164],[-41.494271,-12.620243],[-41.493642,-12.621284],[-41.493038,-12.622294],[-41.492455,-12.623278],[-41.491892,-12.624239],[-41.491346,-12.625181],[-41.490818,-12.626105],[-41.490304,-12.627013],[-41.489707,-12.628087],[-41.489129,-12.629143],[-41.488569,-12.630182],[-41.488028,-12.631208],[-41.487503,-12.632221],[-41.486995,-12.633222],[-41.486747,-12.633719],[-41.486503,-12.634213],[-41.486263,-12.634705],[-41.486026,-12.635195],[-41.485793,-12.635683],[-41.485564,-12.636169],[-41.485338,-12.636653],[-41.485116,-12.637136],[-41.484897,-12.637616],[-41.484682,-12.638095],[-41.484471,-12.638572],[-41.484262,-12.639047],[-41.484058,-12.639522],[-41.483857,-12.639994],[-41.483659,-12.640466],[-41.483464,-12.640936],[-41.483273,-12.641405],[-41.483085,-12.641872],[-41.482901,-12.642339],[-41.482719,-12.642804],[-41.482094,-12.64443],[-41.481527,-12.645924],[-41.481001,-12.647331],[-41.480508,-12.648671],[-41.48004,-12.649966],[-41.479597,-12.651217],[-41.479177,-12.652431],[-41.478777,-12.653614],[-41.478392,-12.654785],[-41.478206,-12.65536],[-41.478025,-12.65593],[-41.477849,-12.656494],[-41.477676,-12.657053],[-41.477509,-12.657607],[-41.477345,-12.658156],[-41.477185,-12.658701],[-41.47703,-12.659242],[-41.476878,-12.659778],[-41.476731,-12.660311],[-41.476587,-12.660839],[-41.476448,-12.661364],[-41.476312,-12.661886],[-41.47618,-12.662404],[-41.475995,-12.663147],[-41.475815,-12.663893],[-41.475638,-12.664642],[-41.475465,-12.665395],[-41.475296,-12.666151],[-41.475131,-12.66691],[-41.47497,-12.667672],[-41.474813,-12.668437],[-41.474661,-12.669205],[-41.474512,-12.669976],[-41.474367,-12.67075],[-41.474226,-12.671527],[-41.47409,-12.672306],[-41.473957,-12.673088],[-41.473829,-12.673872],[-41.473705,-12.674659],[-41.473584,-12.675448],[-41.473468,-12.676239],[-41.473356,-12.677033],[-41.473249,-12.677829],[-41.473145,-12.678627],[-41.473046,-12.679427],[-41.47295,-12.68023],[-41.472859,-12.681033],[-41.472773,-12.681839],[-41.47269,-12.682646],[-41.472612,-12.683455],[-41.472537,-12.684266],[-41.472468,-12.685078],[-41.472402,-12.685891],[-41.47234,-12.686705],[-41.472283,-12.687521],[-41.472249,-12.688059],[-41.472216,-12.688602],[-41.472187,-12.68915],[-41.47216,-12.689704],[-41.472136,-12.690263],[-41.472115,-12.690829],[-41.472096,-12.6914],[-41.47208,-12.691978],[-41.472066,-12.692562],[-41.472055,-12.693153],[-41.472047,-12.693752],[-41.472041,-12.694359],[-41.472037,-12.695598],[-41.472044,-12.696877],[-41.472059,-12.698146],[-41.472085,-12.699464],[-41.47212,-12.700843],[-41.472165,-12.702301],[-41.472219,-12.703792],[-41.472285,-12.70543],[-41.472482,-12.709879],[-41.472541,-12.711113],[-41.472607,-12.712355],[-41.472679,-12.713604],[-41.472759,-12.714861],[-41.472844,-12.716125],[-41.472937,-12.717398],[-41.473036,-12.71868],[-41.473142,-12.71997],[-41.473255,-12.721269],[-41.473374,-12.722577],[-41.4735,-12.723895],[-41.473633,-12.725222],[-41.473773,-12.72656],[-41.47392,-12.727908],[-41.474074,-12.729268],[-41.474235,-12.730638],[-41.474402,-12.732016],[-41.474576,-12.733406],[-41.474758,-12.734809],[-41.474946,-12.736226],[-41.475142,-12.737657],[-41.475346,-12.739102],[-41.475557,-12.740564],[-41.475775,-12.742041],[-41.476001,-12.743535],[-41.476235,-12.745048],[-41.476478,-12.74658],[-41.476728,-12.748134],[-41.476987,-12.74971],[-41.477255,-12.751311],[-41.477532,-12.752939],[-41.477819,-12.754596],[-41.47805,-12.755898],[-41.478289,-12.75721],[-41.478537,-12.758533],[-41.478793,-12.759869],[-41.479059,-12.761216],[-41.479333,-12.762576],[-41.479617,-12.763951],[-41.479909,-12.76534],[-41.480211,-12.766743],[-41.480523,-12.768162],[-41.480845,-12.769599],[-41.481177,-12.771055],[-41.48152,-12.772531],[-41.481873,-12.774029],[-41.482238,-12.775551],[-41.482615,-12.777099],[-41.482979,-12.778576],[-41.483355,-12.78008],[-41.483744,-12.781615],[-41.484146,-12.783184],[-41.484993,-12.786439],[-41.485911,-12.789899],[-41.486824,-12.793288],[-41.487853,-12.797059],[-41.488855,-12.800699],[-41.491248,-12.809362],[-41.49199,-12.812034],[-41.492754,-12.814745],[-41.49354,-12.817499],[-41.494351,-12.8203],[-41.495187,-12.823151],[-41.496049,-12.826059],[-41.496941,-12.82903],[-41.497864,-12.832074],[-41.498806,-12.835147],[-41.499785,-12.838312],[-41.500806,-12.841586],[-41.501876,-12.84499],[-41.502995,-12.848523],[-41.504189,-12.852265],[-41.50692,-12.860764],[-41.507392,-12.86221],[-41.50788,-12.863682],[-41.508388,-12.865183],[-41.508915,-12.866717],[-41.509462,-12.868286],[-41.510033,-12.869897],[-41.51063,-12.871558],[-41.511255,-12.873279],[-41.511816,-12.874804],[-41.512406,-12.876395],[-41.513031,-12.878066],[-41.513702,-12.879847],[-41.515005,-12.883278],[-41.517453,-12.889684],[-41.518432,-12.892253],[-41.519435,-12.894903],[-41.52033,-12.897287],[-41.521329,-12.899987],[-41.521798,-12.901269],[-41.52225,-12.902515],[-41.522687,-12.903731],[-41.52311,-12.90492],[-41.52352,-12.906084],[-41.523918,-12.907226],[-41.524395,-12.908611],[-41.524855,-12.909969],[-41.525299,-12.911303],[-41.52573,-12.912615],[-41.526146,-12.913907],[-41.526549,-12.915182],[-41.52694,-12.916439],[-41.527317,-12.917681],[-41.527684,-12.918911],[-41.528038,-12.920127],[-41.528381,-12.921331],[-41.528712,-12.922523],[-41.529033,-12.923704],[-41.529342,-12.924875],[-41.52964,-12.926037],[-41.529928,-12.92719],[-41.530108,-12.927928],[-41.530287,-12.928681],[-41.530465,-12.92945],[-41.530643,-12.930236],[-41.530821,-12.931041],[-41.531,-12.931867],[-41.531181,-12.932717],[-41.531363,-12.933596],[-41.531545,-12.934485],[-41.531731,-12.935413],[-41.532124,-12.937422],[-41.532526,-12.939533],[-41.533311,-12.943709],[-41.533642,-12.945457],[-41.533995,-12.947286],[-41.534319,-12.948924],[-41.534514,-12.949887],[-41.534705,-12.950812],[-41.534893,-12.951704],[-41.53508,-12.95257],[-41.535266,-12.953412],[-41.535451,-12.954234],[-41.535637,-12.955036],[-41.535823,-12.955821],[-41.536164,-12.95722],[-41.536519,-12.958628],[-41.536889,-12.960048],[-41.537273,-12.961478],[-41.537671,-12.962921],[-41.538084,-12.964377],[-41.538512,-12.965846],[-41.538955,-12.967331],[-41.539414,-12.968829],[-41.539888,-12.970345],[-41.540379,-12.971879],[-41.540887,-12.973434],[-41.541413,-12.97501],[-41.541956,-12.976611],[-41.542519,-12.978238],[-41.543101,-12.979894],[-41.543618,-12.98134],[-41.544151,-12.982813],[-41.544702,-12.984316],[-41.545271,-12.985853],[-41.545861,-12.987425],[-41.546474,-12.989041],[-41.547111,-12.990708],[-41.547779,-12.992436],[-41.548991,-12.99554],[-41.550351,-12.998982],[-41.551708,-13.002388],[-41.555251,-13.011245],[-41.556284,-13.013845],[-41.557208,-13.016184],[-41.558241,-13.018823],[-41.559198,-13.021294],[-41.560096,-13.023644],[-41.560945,-13.025897],[-41.561446,-13.027243],[-41.561932,-13.028562],[-41.562404,-13.029857],[-41.562863,-13.031131],[-41.56331,-13.032385],[-41.563745,-13.033622],[-41.564169,-13.034842],[-41.564583,-13.036046],[-41.564986,-13.037239],[-41.565379,-13.038417],[-41.565763,-13.039584],[-41.566137,-13.040738],[-41.566502,-13.041882],[-41.566857,-13.043016],[-41.567204,-13.044139],[-41.567542,-13.045254],[-41.567829,-13.046223],[-41.568123,-13.047235],[-41.568426,-13.0483],[-41.568743,-13.049438],[-41.569033,-13.050493],[-41.56935,-13.051665],[-41.570485,-13.0559],[-41.570951,-13.05762],[-41.571442,-13.059401],[-41.571671,-13.060217],[-41.571893,-13.060997],[-41.572162,-13.061922],[-41.572425,-13.062811],[-41.572685,-13.063668],[-41.572942,-13.064499],[-41.573198,-13.065307],[-41.573454,-13.066094],[-41.57371,-13.066862],[-41.573967,-13.067612],[-41.574177,-13.068208],[-41.574397,-13.068813],[-41.574628,-13.06943],[-41.574871,-13.07006],[-41.575125,-13.070704],[-41.575393,-13.071366],[-41.575675,-13.072049],[-41.575974,-13.072757],[-41.576228,-13.073348],[-41.576496,-13.073966],[-41.576781,-13.074614],[-41.57709,-13.075308],[-41.577668,-13.076594],[-41.579084,-13.079719],[-41.579467,-13.080573],[-41.579809,-13.081343],[-41.58017,-13.082166],[-41.580504,-13.082939],[-41.580816,-13.083678],[-41.581111,-13.084387],[-41.581418,-13.085146],[-41.581708,-13.085881],[-41.581983,-13.086597],[-41.582114,-13.086949],[-41.582242,-13.087296],[-41.582366,-13.087641],[-41.582487,-13.087982],[-41.582605,-13.08832],[-41.58272,-13.088656],[-41.582831,-13.088988],[-41.582939,-13.089318],[-41.583044,-13.089646],[-41.583146,-13.089971],[-41.583247,-13.090302],[-41.583347,-13.090638],[-41.583445,-13.090977],[-41.583541,-13.091322],[-41.583636,-13.09167],[-41.583729,-13.092024],[-41.583821,-13.092383],[-41.583912,-13.092747],[-41.584001,-13.093116],[-41.58409,-13.093491],[-41.584177,-13.093873],[-41.584263,-13.094261],[-41.584348,-13.094657],[-41.584433,-13.095061],[-41.584517,-13.095473],[-41.5846,-13.095895],[-41.584734,-13.096591],[-41.584867,-13.097319],[-41.585003,-13.098088],[-41.585144,-13.098913],[-41.585394,-13.100439],[-41.585818,-13.103103],[-41.585977,-13.104087],[-41.586136,-13.105054],[-41.586285,-13.105926],[-41.586444,-13.106826],[-41.586601,-13.107671],[-41.586757,-13.108474],[-41.586915,-13.109243],[-41.586996,-13.109625],[-41.587078,-13.11],[-41.587161,-13.110368],[-41.587245,-13.11073],[-41.58733,-13.111087],[-41.587416,-13.111438],[-41.587503,-13.111785],[-41.587592,-13.112126],[-41.587682,-13.112463],[-41.587773,-13.112796],[-41.587865,-13.113124],[-41.587959,-13.113448],[-41.588055,-13.113769],[-41.588152,-13.114086],[-41.588251,-13.114399],[-41.588351,-13.114709],[-41.588447,-13.114998],[-41.588547,-13.11529],[-41.58865,-13.115584],[-41.588756,-13.115881],[-41.588866,-13.11618],[-41.588979,-13.116481],[-41.589096,-13.116786],[-41.589217,-13.117094],[-41.589341,-13.117405],[-41.589469,-13.11772],[-41.589601,-13.118039],[-41.589737,-13.118362],[-41.589878,-13.118691],[-41.590023,-13.119024],[-41.590173,-13.119364],[-41.590328,-13.11971],[-41.590587,-13.120278],[-41.590861,-13.12087],[-41.591155,-13.121492],[-41.591474,-13.122156],[-41.592071,-13.123379],[-41.593116,-13.125496],[-41.593498,-13.126274],[-41.593869,-13.127035],[-41.5942,-13.127724],[-41.594534,-13.12843],[-41.594842,-13.129096],[-41.595131,-13.129732],[-41.595402,-13.130345],[-41.595654,-13.130929],[-41.595891,-13.131498],[-41.596116,-13.132053],[-41.596329,-13.132597],[-41.596431,-13.132866],[-41.596531,-13.133132],[-41.596628,-13.133396],[-41.596721,-13.133658],[-41.596813,-13.133918],[-41.596902,-13.134176],[-41.596988,-13.134433],[-41.597071,-13.134687],[-41.597206,-13.135111],[-41.597337,-13.13554],[-41.597464,-13.135974],[-41.597588,-13.136413],[-41.597709,-13.136858],[-41.597826,-13.137309],[-41.59794,-13.137766],[-41.598051,-13.138229],[-41.598159,-13.138699],[-41.598264,-13.139176],[-41.598365,-13.13966],[-41.598464,-13.140152],[-41.59856,-13.140652],[-41.598654,-13.141161],[-41.598744,-13.141679],[-41.598833,-13.142208],[-41.598914,-13.142718],[-41.598994,-13.143239],[-41.599072,-13.143772],[-41.599148,-13.144318],[-41.599223,-13.144878],[-41.599297,-13.145455],[-41.59937,-13.14605],[-41.599443,-13.146667],[-41.599572,-13.147829],[-41.599707,-13.149118],[-41.599838,-13.150426],[-41.60008,-13.152924],[-41.60018,-13.153945],[-41.600287,-13.155003],[-41.600388,-13.155953],[-41.600508,-13.157036],[-41.600629,-13.158046],[-41.600751,-13.159003],[-41.600877,-13.159917],[-41.600957,-13.16047],[-41.60104,-13.16101],[-41.601124,-13.161539],[-41.601211,-13.162058],[-41.6013,-13.162567],[-41.601391,-13.163066],[-41.601485,-13.163558],[-41.601582,-13.164041],[-41.601681,-13.164518],[-41.601784,-13.164987],[-41.601889,-13.16545],[-41.601997,-13.165907],[-41.602108,-13.166357],[-41.602223,-13.166802],[-41.60234,-13.167241],[-41.602461,-13.167674],[-41.602538,-13.167939],[-41.602619,-13.168209],[-41.602704,-13.168484],[-41.602795,-13.168766],[-41.60289,-13.169054],[-41.602991,-13.169349],[-41.603098,-13.169655],[-41.603211,-13.169971],[-41.603418,-13.170536],[-41.603655,-13.171162],[-41.603893,-13.171779],[-41.604512,-13.17337],[-41.60469,-13.173833],[-41.604847,-13.174251],[-41.605021,-13.17472],[-41.605179,-13.175159],[-41.605325,-13.175576],[-41.605459,-13.175977],[-41.605537,-13.176215],[-41.605611,-13.176449],[-41.605682,-13.176678],[-41.60575,-13.176904],[-41.605815,-13.177126],[-41.605876,-13.177345],[-41.605935,-13.177561],[-41.60599,-13.177774],[-41.606043,-13.177985],[-41.606093,-13.178194],[-41.606141,-13.1784],[-41.606185,-13.178605],[-41.606227,-13.178807],[-41.606266,-13.179008],[-41.606302,-13.179207],[-41.606336,-13.179404],[-41.606375,-13.179648],[-41.606411,-13.179894],[-41.606445,-13.180141],[-41.606476,-13.18039],[-41.606505,-13.18064],[-41.606532,-13.180892],[-41.606556,-13.181146],[-41.606577,-13.181402],[-41.606596,-13.181659],[-41.606613,-13.181918],[-41.606627,-13.182178],[-41.606638,-13.182441],[-41.606648,-13.182705],[-41.606654,-13.182972],[-41.606659,-13.18324],[-41.606661,-13.18351],[-41.60666,-13.183782],[-41.606657,-13.184056],[-41.606652,-13.184332],[-41.606644,-13.184611],[-41.606633,-13.184891],[-41.60662,-13.185174],[-41.606605,-13.18546],[-41.606588,-13.185747],[-41.606567,-13.186038],[-41.606545,-13.186331],[-41.60652,-13.186626],[-41.606492,-13.186924],[-41.606462,-13.187226],[-41.606429,-13.18753],[-41.606394,-13.187837],[-41.606357,-13.188148],[-41.606282,-13.18872],[-41.606198,-13.189305],[-41.606106,-13.189903],[-41.606006,-13.190516],[-41.605896,-13.191145],[-41.605776,-13.191793],[-41.605646,-13.192463],[-41.605506,-13.193159],[-41.605382,-13.193749],[-41.60525,-13.194366],[-41.605107,-13.195014],[-41.604951,-13.195707],[-41.604653,-13.197001],[-41.604118,-13.199283],[-41.603919,-13.200138],[-41.603723,-13.200994],[-41.603551,-13.201762],[-41.603355,-13.202638],[-41.603174,-13.203434],[-41.603002,-13.204178],[-41.602835,-13.204882],[-41.60267,-13.20556],[-41.602507,-13.206211],[-41.602346,-13.20684],[-41.602185,-13.20745],[-41.602022,-13.20805],[-41.601858,-13.208635],[-41.601693,-13.209205],[-41.601526,-13.209762],[-41.601358,-13.210306],[-41.601188,-13.21084],[-41.601016,-13.211362],[-41.600842,-13.211874],[-41.60069,-13.212307],[-41.600534,-13.212741],[-41.600373,-13.213178],[-41.600207,-13.213616],[-41.600037,-13.214056],[-41.599863,-13.214497],[-41.599684,-13.214941],[-41.5995,-13.215387],[-41.599312,-13.215835],[-41.599119,-13.216285],[-41.598921,-13.216737],[-41.598718,-13.217192],[-41.598511,-13.217649],[-41.598299,-13.218108],[-41.598082,-13.21857],[-41.59786,-13.219035],[-41.597634,-13.219502],[-41.597403,-13.219972],[-41.597166,-13.220444],[-41.596925,-13.22092],[-41.596678,-13.2214],[-41.596426,-13.221883],[-41.596168,-13.222369],[-41.595905,-13.22286],[-41.595636,-13.223355],[-41.595361,-13.223855],[-41.595081,-13.224359],[-41.594794,-13.224869],[-41.5945,-13.225384],[-41.5942,-13.225906],[-41.593893,-13.226434],[-41.593579,-13.226969],[-41.593303,-13.227434],[-41.593027,-13.227895],[-41.592749,-13.228352],[-41.592471,-13.228806],[-41.592192,-13.229257],[-41.591912,-13.229704],[-41.591631,-13.230147],[-41.591349,-13.230587],[-41.591066,-13.231024],[-41.590783,-13.231457],[-41.590498,-13.231886],[-41.590213,-13.232312],[-41.589927,-13.232734],[-41.58964,-13.233153],[-41.589352,-13.233568],[-41.589063,-13.23398],[-41.588774,-13.234388],[-41.588483,-13.234792],[-41.588192,-13.235193],[-41.5879,-13.23559],[-41.587607,-13.235984],[-41.587313,-13.236374],[-41.587019,-13.236761],[-41.586723,-13.237144],[-41.586427,-13.237523],[-41.58613,-13.237899],[-41.585832,-13.238272],[-41.585534,-13.23864],[-41.585234,-13.239005],[-41.584934,-13.239367],[-41.584632,-13.239725],[-41.58433,-13.240079],[-41.583997,-13.240465],[-41.583662,-13.240849],[-41.583325,-13.241231],[-41.582985,-13.241611],[-41.582644,-13.241988],[-41.582302,-13.242363],[-41.581957,-13.242736],[-41.581611,-13.243106],[-41.581263,-13.243473],[-41.580914,-13.243837],[-41.580563,-13.244199],[-41.580211,-13.244558],[-41.579858,-13.244915],[-41.579503,-13.245268],[-41.579147,-13.245618],[-41.57879,-13.245965],[-41.578432,-13.246309],[-41.578073,-13.24665],[-41.577713,-13.246988],[-41.577352,-13.247323],[-41.57699,-13.247654],[-41.576627,-13.247982],[-41.576263,-13.248306],[-41.575899,-13.248627],[-41.575534,-13.248945],[-41.575168,-13.249259],[-41.574801,-13.24957],[-41.574434,-13.249877],[-41.574067,-13.25018],[-41.573699,-13.25048],[-41.57333,-13.250776],[-41.572962,-13.251068],[-41.572816,-13.251182],[-41.572669,-13.251294],[-41.57252,-13.251405],[-41.572369,-13.251516],[-41.572216,-13.251626],[-41.572061,-13.251735],[-41.571746,-13.25195],[-41.571422,-13.252163],[-41.571091,-13.252372],[-41.57075,-13.252579],[-41.570401,-13.252782],[-41.570044,-13.252983],[-41.569677,-13.253182],[-41.569301,-13.253378],[-41.568915,-13.253573],[-41.568518,-13.253766],[-41.56811,-13.253957],[-41.567691,-13.254148],[-41.567258,-13.254337],[-41.566896,-13.254492],[-41.566524,-13.254646],[-41.566141,-13.254801],[-41.565747,-13.254957],[-41.565341,-13.255113],[-41.564921,-13.255272],[-41.564484,-13.255433],[-41.564029,-13.255598],[-41.563232,-13.25588],[-41.56234,-13.256188],[-41.561472,-13.256481],[-41.559308,-13.257207],[-41.558158,-13.2576],[-41.557564,-13.257808],[-41.557009,-13.258005],[-41.556485,-13.258196],[-41.555987,-13.258383],[-41.555425,-13.258598],[-41.554888,-13.258812],[-41.554374,-13.259023],[-41.554124,-13.259129],[-41.553878,-13.259235],[-41.553637,-13.259341],[-41.5534,-13.259447],[-41.553167,-13.259553],[-41.552938,-13.259659],[-41.552713,-13.259766],[-41.552492,-13.259873],[-41.552274,-13.259981],[-41.552059,-13.260089],[-41.551812,-13.260217],[-41.55157,-13.260345],[-41.551332,-13.260474],[-41.551099,-13.260605],[-41.550869,-13.260736],[-41.550644,-13.260868],[-41.550422,-13.261001],[-41.550205,-13.261136],[-41.549991,-13.261272],[-41.54978,-13.261409],[-41.549574,-13.261548],[-41.549371,-13.261687],[-41.549172,-13.261829],[-41.548976,-13.261971],[-41.548784,-13.262115],[-41.548595,-13.262261],[-41.54841,-13.262408],[-41.548227,-13.262557],[-41.548048,-13.262707],[-41.547873,-13.262859],[-41.547701,-13.263013],[-41.547531,-13.263168],[-41.547366,-13.263325],[-41.547203,-13.263483],[-41.547043,-13.263644],[-41.546887,-13.263806],[-41.546734,-13.26397],[-41.546584,-13.264136],[-41.546437,-13.264303],[-41.546293,-13.264472],[-41.546152,-13.264644],[-41.546014,-13.264817],[-41.545732,-13.265179],[-41.545463,-13.265529],[-41.545205,-13.265869],[-41.544956,-13.266202],[-41.544717,-13.266528],[-41.544486,-13.266848],[-41.544263,-13.267163],[-41.544047,-13.267474],[-41.543837,-13.267781],[-41.543635,-13.268085],[-41.543439,-13.268384],[-41.54325,-13.268681],[-41.543067,-13.268974],[-41.542891,-13.269264],[-41.542721,-13.269551],[-41.542558,-13.269836],[-41.542399,-13.27012],[-41.542247,-13.270401],[-41.5421,-13.27068],[-41.54196,-13.270957],[-41.541826,-13.271231],[-41.541698,-13.271502],[-41.541577,-13.271772],[-41.541461,-13.272039],[-41.541351,-13.272304],[-41.541247,-13.272567],[-41.541149,-13.272828],[-41.541058,-13.273087],[-41.540972,-13.273343],[-41.540892,-13.273598],[-41.540818,-13.273851],[-41.54075,-13.274101],[-41.540714,-13.274253],[-41.540681,-13.274409],[-41.540653,-13.27457],[-41.540629,-13.274735],[-41.540609,-13.274905],[-41.540594,-13.27508],[-41.540582,-13.27526],[-41.540575,-13.275444],[-41.540572,-13.275634],[-41.540574,-13.275828],[-41.540579,-13.276028],[-41.540589,-13.276234],[-41.540603,-13.276445],[-41.540621,-13.276662],[-41.540643,-13.276886],[-41.54067,-13.277117],[-41.540695,-13.277312],[-41.540724,-13.277513],[-41.540755,-13.277719],[-41.540789,-13.277932],[-41.540827,-13.278151],[-41.540868,-13.278377],[-41.540912,-13.278612],[-41.540961,-13.278857],[-41.541049,-13.279283],[-41.541151,-13.279758],[-41.541253,-13.280215],[-41.541496,-13.281288],[-41.541613,-13.281818],[-41.54172,-13.282329],[-41.541766,-13.28256],[-41.541808,-13.282779],[-41.54185,-13.283018],[-41.541888,-13.283245],[-41.541922,-13.283461],[-41.54195,-13.283668],[-41.541975,-13.283866],[-41.541994,-13.284055],[-41.54201,-13.284238],[-41.542021,-13.284412],[-41.542029,-13.28461],[-41.542031,-13.284799],[-41.542027,-13.284979],[-41.542017,-13.28515],[-41.542,-13.285313],[-41.541978,-13.285467],[-41.541965,-13.285542],[-41.54195,-13.285614],[-41.541934,-13.285685],[-41.541916,-13.285753],[-41.541896,-13.28582],[-41.541875,-13.285884],[-41.541853,-13.285947],[-41.541828,-13.286008],[-41.541803,-13.286067],[-41.541775,-13.286125],[-41.541747,-13.28618],[-41.541716,-13.286234],[-41.541684,-13.286286],[-41.541651,-13.286336],[-41.541616,-13.286384],[-41.541579,-13.28643],[-41.541541,-13.286475],[-41.541501,-13.286518],[-41.541459,-13.286559],[-41.541416,-13.286598],[-41.541376,-13.286632],[-41.541334,-13.286664],[-41.541291,-13.286695],[-41.541247,-13.286724],[-41.541201,-13.286752],[-41.541154,-13.286779],[-41.541106,-13.286804],[-41.541056,-13.286827],[-41.541005,-13.28685],[-41.540952,-13.28687],[-41.540898,-13.28689],[-41.540843,-13.286908],[-41.540727,-13.286939],[-41.540606,-13.286965],[-41.540479,-13.286985],[-41.540345,-13.287],[-41.540206,-13.287009],[-41.54006,-13.287013],[-41.539908,-13.287011],[-41.539748,-13.287003],[-41.539582,-13.28699],[-41.539408,-13.286971],[-41.53925,-13.28695],[-41.539086,-13.286925],[-41.538915,-13.286895],[-41.538737,-13.286861],[-41.538551,-13.286822],[-41.538358,-13.286779],[-41.538155,-13.286731],[-41.537942,-13.286677],[-41.537743,-13.286625],[-41.537532,-13.286568],[-41.537068,-13.286437],[-41.536579,-13.286293],[-41.535574,-13.28599],[-41.53514,-13.285861],[-41.534689,-13.28573],[-41.534283,-13.285617],[-41.534049,-13.285554],[-41.533824,-13.285496],[-41.533607,-13.285442],[-41.533398,-13.285392],[-41.533194,-13.285345],[-41.532996,-13.285303],[-41.532803,-13.285263],[-41.532615,-13.285227],[-41.532393,-13.285188],[-41.532176,-13.285154],[-41.531966,-13.285124],[-41.531762,-13.2851],[-41.531562,-13.28508],[-41.531368,-13.285065],[-41.531179,-13.285054],[-41.530994,-13.285049],[-41.530814,-13.285048],[-41.530639,-13.285052],[-41.530468,-13.28506],[-41.530301,-13.285074],[-41.530139,-13.285092],[-41.52998,-13.285115],[-41.529826,-13.285143],[-41.529676,-13.285175],[-41.5295,-13.285219],[-41.529322,-13.28527],[-41.52914,-13.285326],[-41.528955,-13.285389],[-41.528767,-13.285458],[-41.528574,-13.285534],[-41.528376,-13.285616],[-41.528172,-13.285706],[-41.527981,-13.285795],[-41.527782,-13.285891],[-41.527574,-13.285994],[-41.527353,-13.286108],[-41.527145,-13.286217],[-41.526916,-13.28634],[-41.526075,-13.286799],[-41.525728,-13.286985],[-41.525367,-13.287174],[-41.525201,-13.287258],[-41.525042,-13.287336],[-41.524851,-13.287427],[-41.524667,-13.287512],[-41.524489,-13.28759],[-41.524316,-13.287663],[-41.524146,-13.28773],[-41.523979,-13.287792],[-41.523816,-13.28785],[-41.523656,-13.287902],[-41.523441,-13.287968],[-41.523224,-13.28803],[-41.523005,-13.288089],[-41.522785,-13.288145],[-41.522563,-13.288197],[-41.522339,-13.288246],[-41.522113,-13.288292],[-41.521886,-13.288335],[-41.521656,-13.288375],[-41.521425,-13.288411],[-41.521192,-13.288444],[-41.520957,-13.288474],[-41.520719,-13.288501],[-41.52048,-13.288524],[-41.520239,-13.288545],[-41.519995,-13.288562],[-41.51975,-13.288576],[-41.519502,-13.288587],[-41.519252,-13.288594],[-41.519,-13.288599],[-41.518745,-13.2886],[-41.518487,-13.288598],[-41.518228,-13.288593],[-41.517965,-13.288585],[-41.5177,-13.288573],[-41.517432,-13.288559],[-41.517161,-13.288541],[-41.516887,-13.28852],[-41.51661,-13.288496],[-41.516329,-13.288468],[-41.516046,-13.288438],[-41.515758,-13.288404],[-41.51529,-13.288343],[-41.514812,-13.288273],[-41.514322,-13.288195],[-41.51382,-13.288109],[-41.513304,-13.288013],[-41.512772,-13.287908],[-41.512221,-13.287793],[-41.511649,-13.287667],[-41.511154,-13.287554],[-41.510637,-13.287433],[-41.510093,-13.287301],[-41.509512,-13.287156],[-41.50841,-13.286876],[-41.506416,-13.286358],[-41.505643,-13.286159],[-41.504858,-13.28596],[-41.504153,-13.285787],[-41.503372,-13.285601],[-41.503002,-13.285517],[-41.502643,-13.285437],[-41.502294,-13.285362],[-41.501954,-13.285291],[-41.501622,-13.285224],[-41.501297,-13.285161],[-41.500593,-13.285025],[-41.499889,-13.284887],[-41.499185,-13.284745],[-41.498481,-13.2846],[-41.497777,-13.284452],[-41.497072,-13.284301],[-41.496368,-13.284147],[-41.495664,-13.28399],[-41.494961,-13.283829],[-41.494257,-13.283666],[-41.493554,-13.2835],[-41.492851,-13.28333],[-41.492148,-13.283157],[-41.491446,-13.282982],[-41.490745,-13.282803],[-41.490044,-13.282622],[-41.489343,-13.282437],[-41.488643,-13.28225],[-41.487944,-13.282059],[-41.487245,-13.281866],[-41.486548,-13.281669],[-41.485851,-13.28147],[-41.485155,-13.281268],[-41.48446,-13.281063],[-41.483766,-13.280855],[-41.483073,-13.280644],[-41.482381,-13.28043],[-41.48169,-13.280214],[-41.481,-13.279995],[-41.480312,-13.279773],[-41.479625,-13.279548],[-41.478939,-13.27932],[-41.478226,-13.27908],[-41.477513,-13.278836],[-41.476801,-13.27859],[-41.476089,-13.278339],[-41.475377,-13.278085],[-41.474666,-13.277828],[-41.473956,-13.277568],[-41.473246,-13.277304],[-41.472537,-13.277037],[-41.471828,-13.276767],[-41.47112,-13.276493],[-41.470414,-13.276217],[-41.469708,-13.275937],[-41.469003,-13.275654],[-41.4683,-13.275368],[-41.467598,-13.275078],[-41.466896,-13.274786],[-41.466197,-13.274491],[-41.465498,-13.274193],[-41.464802,-13.273891],[-41.464106,-13.273587],[-41.463413,-13.27328],[-41.462721,-13.27297],[-41.46203,-13.272657],[-41.461342,-13.272341],[-41.460656,-13.272023],[-41.459971,-13.271702],[-41.459289,-13.271378],[-41.458608,-13.271051],[-41.45793,-13.270722],[-41.457254,-13.27039],[-41.45658,-13.270056],[-41.456016,-13.269772],[-41.455451,-13.269483],[-41.454885,-13.26919],[-41.454318,-13.268892],[-41.45375,-13.26859],[-41.453181,-13.268283],[-41.452611,-13.267971],[-41.45204,-13.267654],[-41.451467,-13.267332],[-41.450893,-13.267005],[-41.450318,-13.266674],[-41.449741,-13.266337],[-41.449163,-13.265995],[-41.448583,-13.265649],[-41.448001,-13.265297],[-41.447418,-13.26494],[-41.446833,-13.264578],[-41.446246,-13.264211],[-41.445657,-13.263838],[-41.445066,-13.26346],[-41.444472,-13.263076],[-41.443876,-13.262687],[-41.443277,-13.262292],[-41.442675,-13.261892],[-41.442071,-13.261485],[-41.441463,-13.261073],[-41.440853,-13.260654],[-41.440238,-13.260229],[-41.43962,-13.259798],[-41.438998,-13.25936],[-41.438372,-13.258915],[-41.437742,-13.258463],[-41.437153,-13.258038],[-41.43656,-13.257607],[-41.435361,-13.256725],[-41.43414,-13.255816],[-41.432897,-13.254876],[-41.431627,-13.253905],[-41.430326,-13.252898],[-41.428988,-13.25185],[-41.427605,-13.250756],[-41.426347,-13.249752],[-41.425035,-13.248697],[-41.423656,-13.247581],[-41.422183,-13.24638],[-41.419779,-13.244409],[-41.414307,-13.239902],[-41.411864,-13.237897],[-41.410875,-13.237085],[-41.409887,-13.23627],[-41.408901,-13.235451],[-41.407916,-13.234628],[-41.406933,-13.233801],[-41.405951,-13.232971],[-41.404971,-13.232138],[-41.403992,-13.2313],[-41.403016,-13.23046],[-41.40204,-13.229615],[-41.401067,-13.228767],[-41.400095,-13.227916],[-41.399125,-13.227061],[-41.398156,-13.226203],[-41.39719,-13.225341],[-41.396225,-13.224476],[-41.395263,-13.223608],[-41.394302,-13.222736],[-41.393343,-13.221861],[-41.392386,-13.220983],[-41.391431,-13.220102],[-41.390478,-13.219217],[-41.389527,-13.218329],[-41.388578,-13.217438],[-41.387631,-13.216544],[-41.386687,-13.215647],[-41.385745,-13.214747],[-41.384804,-13.213844],[-41.383867,-13.212937],[-41.382931,-13.212028],[-41.381998,-13.211116],[-41.381067,-13.210201],[-41.379576,-13.208726],[-41.378105,-13.207257],[-41.376652,-13.205794],[-41.375217,-13.204338],[-41.373801,-13.202887],[-41.372402,-13.201442],[-41.37102,-13.200002],[-41.369656,-13.198566],[-41.368308,-13.197134],[-41.366977,-13.195707],[-41.365663,-13.194284],[-41.364364,-13.192865],[-41.363082,-13.191449],[-41.361816,-13.190037],[-41.360565,-13.188627],[-41.35933,-13.187221],[-41.358038,-13.185738],[-41.356797,-13.184307],[-41.3556,-13.182918],[-41.354441,-13.181566],[-41.353314,-13.180242],[-41.352218,-13.178947],[-41.35115,-13.177674],[-41.350108,-13.176424],[-41.349085,-13.175187],[-41.348084,-13.173968],[-41.347105,-13.172764],[-41.346145,-13.171575],[-41.345204,-13.170398],[-41.344282,-13.169234],[-41.343376,-13.16808],[-41.342487,-13.166937],[-41.341606,-13.165792],[-41.340741,-13.164657],[-41.339891,-13.163529],[-41.339056,-13.162409],[-41.338236,-13.161297],[-41.337429,-13.16019],[-41.336636,-13.15909],[-41.335857,-13.157996],[-41.33509,-13.156907],[-41.334336,-13.155822],[-41.333595,-13.154742],[-41.332867,-13.153667],[-41.332151,-13.152596],[-41.331446,-13.151528],[-41.330754,-13.150464],[-41.330074,-13.149403],[-41.329577,-13.148618],[-41.329076,-13.147821],[-41.328573,-13.147011],[-41.328065,-13.146186],[-41.327553,-13.145347],[-41.327036,-13.144492],[-41.326513,-13.143619],[-41.325983,-13.142728],[-41.325449,-13.141822],[-41.324906,-13.140893],[-41.324353,-13.139941],[-41.323788,-13.138962],[-41.322617,-13.13691],[-41.321363,-13.134687],[-41.321122,-13.134261],[-41.320867,-13.133816],[-41.320596,-13.133349],[-41.320304,-13.132851],[-41.319751,-13.131917],[-41.31836,-13.129587],[-41.317971,-13.128929],[-41.317624,-13.128335],[-41.317249,-13.127683],[-41.316902,-13.12707],[-41.316578,-13.126485],[-41.316274,-13.125922],[-41.316088,-13.125571],[-41.315909,-13.125227],[-41.315736,-13.124888],[-41.315569,-13.124555],[-41.315408,-13.124226],[-41.315252,-13.123901],[-41.315101,-13.12358],[-41.314955,-13.123262],[-41.314814,-13.122946],[-41.314677,-13.122634],[-41.314546,-13.122324],[-41.314418,-13.122016],[-41.314296,-13.121711],[-41.314178,-13.121407],[-41.314064,-13.121106],[-41.313954,-13.120806],[-41.31386,-13.120537],[-41.313766,-13.120262],[-41.313674,-13.11998],[-41.313583,-13.119689],[-41.313492,-13.119391],[-41.313402,-13.119082],[-41.313311,-13.118762],[-41.31322,-13.118429],[-41.313065,-13.117842],[-41.3129,-13.117186],[-41.312744,-13.116543],[-41.312352,-13.114912],[-41.312237,-13.114446],[-41.312132,-13.114027],[-41.312012,-13.113563],[-41.311896,-13.11313],[-41.311781,-13.11272],[-41.311668,-13.112329],[-41.311445,-13.111591],[-41.311216,-13.110849],[-41.31098,-13.110101],[-41.310737,-13.109348],[-41.310487,-13.10859],[-41.310229,-13.107827],[-41.309965,-13.107057],[-41.309693,-13.10628],[-41.309414,-13.105498],[-41.309128,-13.104708],[-41.308833,-13.10391],[-41.308531,-13.103104],[-41.30822,-13.102289],[-41.3079,-13.101465],[-41.307572,-13.10063],[-41.307235,-13.099784],[-41.306899,-13.098951],[-41.306553,-13.098105],[-41.306197,-13.097246],[-41.305831,-13.096372],[-41.305454,-13.095481],[-41.305064,-13.094572],[-41.304662,-13.093641],[-41.304245,-13.092685],[-41.303384,-13.090736],[-41.30244,-13.088631],[-41.301389,-13.086316],[-41.300072,-13.083438],[-41.298709,-13.080476],[-41.298158,-13.079293],[-41.297648,-13.078203],[-41.297151,-13.077152],[-41.296674,-13.076154],[-41.296212,-13.075199],[-41.295762,-13.07428],[-41.295308,-13.073364],[-41.294861,-13.072477],[-41.294421,-13.071615],[-41.293986,-13.070776],[-41.293555,-13.069958],[-41.293126,-13.069159],[-41.2927,-13.068377],[-41.292276,-13.067612],[-41.292111,-13.067321],[-41.291942,-13.067027],[-41.291769,-13.066732],[-41.291592,-13.066435],[-41.29141,-13.066135],[-41.291225,-13.065834],[-41.291035,-13.06553],[-41.29084,-13.065223],[-41.290641,-13.064914],[-41.290437,-13.064602],[-41.290227,-13.064286],[-41.290013,-13.063967],[-41.289793,-13.063643],[-41.289566,-13.063314],[-41.289334,-13.06298],[-41.289094,-13.06264],[-41.28869,-13.062073],[-41.288263,-13.061484],[-41.287809,-13.060867],[-41.287319,-13.060209],[-41.286882,-13.059628],[-41.286394,-13.058983],[-41.284731,-13.056803],[-41.284098,-13.05597],[-41.283466,-13.05513],[-41.282901,-13.05437],[-41.282592,-13.05395],[-41.282297,-13.053543],[-41.282012,-13.053147],[-41.281738,-13.052762],[-41.281473,-13.052385],[-41.281216,-13.052015],[-41.280967,-13.051652],[-41.280725,-13.051294],[-41.280455,-13.050888],[-41.280194,-13.050489],[-41.279941,-13.050094],[-41.279695,-13.049704],[-41.279457,-13.049318],[-41.279227,-13.048937],[-41.279003,-13.048558],[-41.278786,-13.048183],[-41.278575,-13.04781],[-41.278371,-13.047439],[-41.278173,-13.04707],[-41.277981,-13.046704],[-41.277796,-13.046339],[-41.277616,-13.045976],[-41.277442,-13.045615],[-41.277275,-13.045254],[-41.277118,-13.044908],[-41.276964,-13.044557],[-41.276811,-13.044201],[-41.276661,-13.04384],[-41.276512,-13.043473],[-41.276366,-13.0431],[-41.276221,-13.042721],[-41.276077,-13.042336],[-41.275935,-13.041945],[-41.275795,-13.041547],[-41.275655,-13.041142],[-41.275517,-13.040728],[-41.275379,-13.040307],[-41.275242,-13.039877],[-41.275106,-13.039437],[-41.27497,-13.038986],[-41.274746,-13.038223],[-41.27452,-13.037422],[-41.274289,-13.036576],[-41.274049,-13.035669],[-41.27384,-13.034857],[-41.273612,-13.033953],[-41.273392,-13.03307],[-41.272839,-13.030835],[-41.272535,-13.029624],[-41.272219,-13.028397],[-41.27207,-13.027835],[-41.271926,-13.027297],[-41.271756,-13.026682],[-41.271589,-13.02609],[-41.271423,-13.02552],[-41.271257,-13.024967],[-41.271092,-13.024429],[-41.270925,-13.023905],[-41.270758,-13.023395],[-41.27059,-13.022896],[-41.270286,-13.022022],[-41.26997,-13.021133],[-41.269641,-13.020227],[-41.269298,-13.019302],[-41.26894,-13.018355],[-41.268566,-13.017384],[-41.268175,-13.016382],[-41.267762,-13.015344],[-41.267401,-13.014445],[-41.26702,-13.013508],[-41.266181,-13.011473],[-41.265348,-13.009477],[-41.263806,-13.005814],[-41.2632,-13.004368],[-41.262583,-13.002886],[-41.262033,-13.001552],[-41.261425,-13.000059],[-41.260865,-12.998658],[-41.260342,-12.997324],[-41.25985,-12.996043],[-41.258811,-12.993283],[-41.257772,-12.990487],[-41.256733,-12.987653],[-41.255693,-12.98478],[-41.254651,-12.981865],[-41.253608,-12.978906],[-41.25256,-12.9759],[-41.251508,-12.972844],[-41.250454,-12.969742],[-41.249392,-12.966583],[-41.248321,-12.96336],[-41.247239,-12.960069],[-41.246145,-12.956705],[-41.245035,-12.953257],[-41.243906,-12.949715],[-41.242753,-12.946065],[-41.24056,-12.939077],[-41.239053,-12.934229],[-41.238358,-12.931965],[-41.237706,-12.929822],[-41.23709,-12.927772],[-41.236503,-12.925798],[-41.235917,-12.923802],[-41.235356,-12.921864],[-41.234819,-12.919976],[-41.234303,-12.918133],[-41.233805,-12.916327],[-41.233327,-12.914555],[-41.232867,-12.912816],[-41.232423,-12.911104],[-41.231754,-12.908507],[-41.230264,-12.90276],[-41.229638,-12.900331],[-41.228896,-12.897405],[-41.228243,-12.894781],[-41.227899,-12.893368],[-41.227572,-12.892005],[-41.22726,-12.890683],[-41.226963,-12.889398],[-41.226679,-12.888144],[-41.226407,-12.886917],[-41.226147,-12.885715],[-41.225897,-12.884536],[-41.22564,-12.883284],[-41.225395,-12.882054],[-41.225162,-12.880845],[-41.22494,-12.879653],[-41.224729,-12.878478],[-41.224529,-12.877318],[-41.22434,-12.876173],[-41.224161,-12.875042],[-41.223993,-12.873922],[-41.223835,-12.872815],[-41.223687,-12.871718],[-41.223549,-12.870633],[-41.223422,-12.869558],[-41.223305,-12.868492],[-41.223197,-12.867435],[-41.2231,-12.866387],[-41.22304,-12.865685],[-41.222986,-12.864968],[-41.222936,-12.864234],[-41.22289,-12.863483],[-41.222849,-12.862713],[-41.222813,-12.861919],[-41.22278,-12.861099],[-41.222751,-12.860248],[-41.222729,-12.859504],[-41.22271,-12.858727],[-41.222678,-12.857037],[-41.222656,-12.855369],[-41.222623,-12.852285],[-41.222609,-12.851061],[-41.22259,-12.849806],[-41.222569,-12.848677],[-41.222537,-12.847411],[-41.2225,-12.846228],[-41.222455,-12.845104],[-41.22243,-12.844561],[-41.222403,-12.844029],[-41.222337,-12.842863],[-41.222262,-12.841677],[-41.222178,-12.840468],[-41.222086,-12.839234],[-41.221984,-12.837973],[-41.221873,-12.83668],[-41.221752,-12.835351],[-41.22162,-12.833981],[-41.221481,-12.832593],[-41.22133,-12.831148],[-41.221166,-12.829633],[-41.220986,-12.828022],[-41.220608,-12.824743],[-41.219838,-12.818256],[-41.21952,-12.815539],[-41.219199,-12.812693],[-41.219057,-12.811388],[-41.218924,-12.810139],[-41.218771,-12.808635],[-41.21863,-12.807189],[-41.218501,-12.805791],[-41.218383,-12.804434],[-41.218274,-12.80311],[-41.218176,-12.801818],[-41.218088,-12.800553],[-41.21801,-12.799312],[-41.21783,-12.796222],[-41.217671,-12.793242],[-41.21753,-12.790356],[-41.217407,-12.78755],[-41.217302,-12.784813],[-41.217214,-12.782138],[-41.217177,-12.780822],[-41.217143,-12.77952],[-41.217114,-12.778231],[-41.21709,-12.776954],[-41.21705,-12.774391],[-41.217022,-12.771865],[-41.217006,-12.769375],[-41.217002,-12.766918],[-41.21701,-12.764492],[-41.21703,-12.762096],[-41.217062,-12.759728],[-41.217105,-12.757387],[-41.217161,-12.75507],[-41.217229,-12.752777],[-41.217309,-12.750509],[-41.217401,-12.748262],[-41.217505,-12.746038],[-41.217621,-12.743835],[-41.21775,-12.741652],[-41.217891,-12.739489],[-41.21807,-12.736905],[-41.21824,-12.734577],[-41.218406,-12.732406],[-41.218571,-12.730357],[-41.21874,-12.728383],[-41.218912,-12.726487],[-41.219089,-12.724655],[-41.219271,-12.722879],[-41.219462,-12.721124],[-41.21966,-12.719414],[-41.219865,-12.717744],[-41.219971,-12.716923],[-41.220079,-12.71611],[-41.220188,-12.715305],[-41.2203,-12.714509],[-41.220414,-12.713719],[-41.220531,-12.712938],[-41.220649,-12.712163],[-41.22077,-12.711395],[-41.220893,-12.710634],[-41.221018,-12.709879],[-41.221151,-12.709099],[-41.221288,-12.708315],[-41.22143,-12.707527],[-41.221575,-12.706734],[-41.221724,-12.705937],[-41.221877,-12.705134],[-41.222034,-12.704327],[-41.222196,-12.703515],[-41.222362,-12.702698],[-41.222531,-12.701876],[-41.222884,-12.700215],[-41.223254,-12.698531],[-41.223641,-12.696822],[-41.224046,-12.69509],[-41.224468,-12.69333],[-41.224911,-12.691538],[-41.225373,-12.68971],[-41.225855,-12.687846],[-41.22636,-12.685938],[-41.226888,-12.683981],[-41.227442,-12.681966],[-41.227613,-12.681359],[-41.227788,-12.680751],[-41.227967,-12.680141],[-41.228151,-12.679529],[-41.228339,-12.678915],[-41.228533,-12.678299],[-41.22873,-12.677681],[-41.228933,-12.677061],[-41.22914,-12.676439],[-41.229352,-12.675814],[-41.229568,-12.675187],[-41.229789,-12.674557],[-41.230015,-12.673925],[-41.230246,-12.673289],[-41.230482,-12.672651],[-41.230723,-12.67201],[-41.230969,-12.671367],[-41.231219,-12.67072],[-41.231475,-12.670069],[-41.231736,-12.669416],[-41.232002,-12.668758],[-41.232273,-12.668096],[-41.23255,-12.66743],[-41.232832,-12.666759],[-41.23312,-12.666084],[-41.233414,-12.665404],[-41.233713,-12.664719],[-41.234018,-12.664029],[-41.23433,-12.663332],[-41.234647,-12.66263],[-41.234971,-12.66192],[-41.235302,-12.661204],[-41.235843,-12.660047],[-41.236403,-12.658869],[-41.236982,-12.657667],[-41.237582,-12.656439],[-41.238205,-12.655181],[-41.238853,-12.653887],[-41.239529,-12.652552],[-41.240239,-12.651165],[-41.240838,-12.650004],[-41.241468,-12.648793],[-41.242851,-12.646157],[-41.244191,-12.643625],[-41.247468,-12.637459],[-41.249162,-12.634246],[-41.250013,-12.632616],[-41.250807,-12.631083],[-41.251556,-12.629622],[-41.252267,-12.628219],[-41.253022,-12.626713],[-41.253743,-12.625254],[-41.254433,-12.623835],[-41.255096,-12.622451],[-41.255733,-12.621096],[-41.256347,-12.619768],[-41.256937,-12.618463],[-41.257225,-12.617818],[-41.257507,-12.617179],[-41.257788,-12.616535],[-41.258064,-12.615895],[-41.258335,-12.61526],[-41.258601,-12.614629],[-41.258862,-12.614002],[-41.259118,-12.613379],[-41.259369,-12.61276],[-41.259616,-12.612144],[-41.259858,-12.611531],[-41.260096,-12.610921],[-41.260329,-12.610314],[-41.260558,-12.609711],[-41.260782,-12.60911],[-41.261002,-12.608511],[-41.261218,-12.607916],[-41.261429,-12.607322],[-41.261636,-12.606731],[-41.261839,-12.606142],[-41.262038,-12.605555],[-41.262233,-12.60497],[-41.262423,-12.604387],[-41.26261,-12.603806],[-41.262792,-12.603227],[-41.26297,-12.602649],[-41.263144,-12.602074],[-41.263315,-12.6015],[-41.263481,-12.600927],[-41.263643,-12.600357],[-41.263801,-12.599787],[-41.263955,-12.599219],[-41.264105,-12.598653],[-41.264252,-12.598087],[-41.264826,-12.595833],[-41.265282,-12.594023],[-41.265689,-12.592379],[-41.266059,-12.590859],[-41.266408,-12.589389],[-41.266731,-12.587989],[-41.267033,-12.586643],[-41.267315,-12.585343],[-41.267586,-12.584043],[-41.267714,-12.583407],[-41.267839,-12.582779],[-41.267959,-12.582158],[-41.268074,-12.581545],[-41.268186,-12.580938],[-41.268293,-12.580338],[-41.268396,-12.579743],[-41.268496,-12.579154],[-41.268591,-12.578571],[-41.268682,-12.577993],[-41.26877,-12.57742],[-41.268854,-12.576852],[-41.268934,-12.576288],[-41.26901,-12.575729],[-41.269088,-12.575125],[-41.269165,-12.574517],[-41.269238,-12.573905],[-41.269309,-12.573287],[-41.269377,-12.572665],[-41.269443,-12.572039],[-41.269506,-12.571407],[-41.269566,-12.57077],[-41.269624,-12.570128],[-41.26968,-12.569481],[-41.269732,-12.568828],[-41.269783,-12.568169],[-41.26983,-12.567504],[-41.269875,-12.566834],[-41.269918,-12.566157],[-41.269958,-12.565473],[-41.270031,-12.564091],[-41.270095,-12.562679],[-41.270149,-12.561234],[-41.270193,-12.559754],[-41.270228,-12.558235],[-41.270255,-12.55667],[-41.270272,-12.555052],[-41.27028,-12.553371],[-41.270279,-12.55218],[-41.270268,-12.550973],[-41.270248,-12.549746],[-41.270219,-12.5485],[-41.270181,-12.547233],[-41.270134,-12.545942],[-41.270077,-12.544626],[-41.270011,-12.543281],[-41.269936,-12.541918],[-41.269852,-12.540519],[-41.269758,-12.539082],[-41.269653,-12.537599],[-41.269538,-12.536067],[-41.269412,-12.534471],[-41.269272,-12.532796],[-41.269118,-12.531012],[-41.269024,-12.529981],[-41.268923,-12.52893],[-41.268814,-12.527857],[-41.268698,-12.526761],[-41.268574,-12.525639],[-41.268441,-12.524487],[-41.2683,-12.5233],[-41.268149,-12.522071],[-41.267843,-12.519682],[-41.267488,-12.517028],[-41.267123,-12.514372],[-41.266325,-12.508654],[-41.266047,-12.506679],[-41.265755,-12.504665],[-41.265448,-12.502607],[-41.265125,-12.500501],[-41.264787,-12.498342],[-41.26443,-12.496118],[-41.264054,-12.49382],[-41.263656,-12.491431],[-41.262973,-12.487419],[-41.262198,-12.482966],[-41.261422,-12.478575],[-41.259407,-12.467251],[-41.258826,-12.463951],[-41.25831,-12.460983],[-41.257736,-12.45769],[-41.257149,-12.454366],[-41.256547,-12.45101],[-41.255931,-12.44762],[-41.2553,-12.444195],[-41.254654,-12.440732],[-41.253992,-12.437229],[-41.253314,-12.433682],[-41.252621,-12.430096],[-41.25191,-12.42646],[-41.251181,-12.422772],[-41.250433,-12.419027],[-41.249665,-12.415221],[-41.248876,-12.411348],[-41.248066,-12.407401],[-41.247231,-12.403372],[-41.245818,-12.396629],[-41.244326,-12.389588],[-41.242738,-12.382179],[-41.241025,-12.37426],[-41.237785,-12.359437],[-41.234352,-12.343848],[-41.231935,-12.33288],[-41.229697,-12.322686],[-41.227455,-12.312404],[-41.225454,-12.303139],[-41.224354,-12.297997],[-41.223302,-12.29304],[-41.222291,-12.288236],[-41.221316,-12.283565],[-41.220373,-12.279005],[-41.21946,-12.274547],[-41.218576,-12.270182],[-41.217718,-12.265899],[-41.216753,-12.261022],[-41.215819,-12.256237],[-41.214916,-12.251535],[-41.21404,-12.246909],[-41.213192,-12.242352],[-41.21237,-12.237859],[-41.211574,-12.233427],[-41.210802,-12.22905],[-41.210053,-12.22472],[-41.209328,-12.220439],[-41.208626,-12.216204],[-41.207947,-12.212013],[-41.207289,-12.207863],[-41.206654,-12.203751],[-41.20604,-12.199677],[-41.205448,-12.195637],[-41.204631,-12.190034],[-41.202636,-12.176442],[-41.20162,-12.169415],[-41.201057,-12.165448],[-41.200541,-12.161742],[-41.200062,-12.158224],[-41.199614,-12.154858],[-41.199146,-12.151235],[-41.19871,-12.147739],[-41.198303,-12.144348],[-41.197922,-12.14105],[-41.197567,-12.137828],[-41.197399,-12.136245],[-41.197237,-12.134678],[-41.197082,-12.133127],[-41.196932,-12.131592],[-41.196788,-12.13007],[-41.196649,-12.128563],[-41.196308,-12.124736],[-41.196006,-12.121261],[-41.195733,-12.11801],[-41.195483,-12.114931],[-41.195253,-12.111962],[-41.195042,-12.109103],[-41.194849,-12.106337],[-41.194673,-12.10365],[-41.194511,-12.100994],[-41.194366,-12.0984],[-41.194237,-12.095863],[-41.194123,-12.093376],[-41.194025,-12.090934],[-41.193942,-12.088533],[-41.193875,-12.086172],[-41.193822,-12.083846],[-41.193774,-12.080943],[-41.193741,-12.078074],[-41.193724,-12.075236],[-41.193722,-12.072429],[-41.193728,-12.071037],[-41.193737,-12.069652],[-41.19375,-12.068274],[-41.193768,-12.066903],[-41.193789,-12.065539],[-41.193814,-12.064182],[-41.193843,-12.062831],[-41.193876,-12.061488],[-41.193968,-12.058272],[-41.194075,-12.055139],[-41.194133,-12.0536],[-41.194195,-12.052079],[-41.194261,-12.050575],[-41.19433,-12.049086],[-41.194403,-12.047611],[-41.19448,-12.046151],[-41.194561,-12.044705],[-41.194645,-12.043272],[-41.194734,-12.041852],[-41.194826,-12.040443],[-41.194922,-12.039047],[-41.195022,-12.037662],[-41.195126,-12.036286],[-41.195234,-12.03492],[-41.195347,-12.033564],[-41.195463,-12.032219],[-41.195583,-12.030883],[-41.195708,-12.029557],[-41.195836,-12.02824],[-41.195969,-12.026933],[-41.196106,-12.025634],[-41.196247,-12.024343],[-41.196393,-12.023061],[-41.196542,-12.021787],[-41.196696,-12.020522],[-41.196854,-12.019264],[-41.197016,-12.018014],[-41.197183,-12.016771],[-41.197798,-12.01229],[-41.198029,-12.010647],[-41.198245,-12.009152],[-41.198463,-12.007691],[-41.198675,-12.00631],[-41.198885,-12.00499],[-41.199094,-12.003723],[-41.199313,-12.002445],[-41.199535,-12.001208],[-41.199759,-12.000006],[-41.199986,-11.998836],[-41.200218,-11.997694],[-41.200455,-11.996577],[-41.200575,-11.996027],[-41.200697,-11.995484],[-41.20082,-11.994945],[-41.200944,-11.994412],[-41.201104,-11.993745],[-41.201268,-11.993073],[-41.201437,-11.992397],[-41.20161,-11.991718],[-41.201788,-11.991034],[-41.20197,-11.990346],[-41.202157,-11.989653],[-41.202349,-11.988956],[-41.202546,-11.988254],[-41.202747,-11.987547],[-41.202954,-11.986835],[-41.203166,-11.986117],[-41.203382,-11.985393],[-41.203604,-11.984664],[-41.203831,-11.983928],[-41.204063,-11.983185],[-41.204299,-11.98244],[-41.204541,-11.981688],[-41.204789,-11.980928],[-41.205042,-11.98016],[-41.205567,-11.978597],[-41.206117,-11.976994],[-41.206694,-11.975349],[-41.207301,-11.973649],[-41.207942,-11.971885],[-41.208624,-11.970039],[-41.209067,-11.968855],[-41.209506,-11.967694],[-41.209941,-11.966553],[-41.210374,-11.965432],[-41.210805,-11.96433],[-41.211234,-11.963244],[-41.211661,-11.962175],[-41.212088,-11.961121],[-41.212514,-11.960081],[-41.212939,-11.959055],[-41.213364,-11.958042],[-41.213789,-11.957042],[-41.214214,-11.956055],[-41.21464,-11.95508],[-41.215066,-11.954117],[-41.215492,-11.953164],[-41.215921,-11.95222],[-41.21635,-11.951287],[-41.216781,-11.950364],[-41.217213,-11.949451],[-41.217646,-11.948548],[-41.218081,-11.947655],[-41.218517,-11.946771],[-41.218954,-11.945897],[-41.219394,-11.945032],[-41.219835,-11.944176],[-41.220278,-11.943329],[-41.220722,-11.94249],[-41.221169,-11.94166],[-41.221618,-11.940839],[-41.222069,-11.940026],[-41.222522,-11.939221],[-41.222939,-11.938492],[-41.223363,-11.93776],[-41.223795,-11.937026],[-41.224234,-11.936287],[-41.224682,-11.935546],[-41.225138,-11.9348],[-41.225603,-11.934051],[-41.226076,-11.933298],[-41.226557,-11.93254],[-41.227047,-11.931778],[-41.227546,-11.93101],[-41.228055,-11.930237],[-41.228572,-11.929459],[-41.2291,-11.928674],[-41.229637,-11.927883],[-41.230185,-11.927084],[-41.230738,-11.926287],[-41.231301,-11.925482],[-41.231876,-11.924667],[-41.232463,-11.923844],[-41.233062,-11.92301],[-41.233674,-11.922166],[-41.2343,-11.921308],[-41.234942,-11.920438],[-41.235595,-11.919557],[-41.236266,-11.918659],[-41.236956,-11.917742],[-41.237666,-11.916803],[-41.238398,-11.915842],[-41.239157,-11.914851],[-41.240774,-11.912756],[-41.240937,-11.912545],[-41.241101,-11.912328],[-41.241268,-11.912105],[-41.241438,-11.911875],[-41.241788,-11.91139],[-41.242159,-11.910866],[-41.24248,-11.910404],[-41.242835,-11.909886],[-41.244007,-11.908154],[-41.244444,-11.907512],[-41.24488,-11.906883],[-41.245082,-11.906594],[-41.245277,-11.90632],[-41.24549,-11.906025],[-41.245696,-11.905742],[-41.245898,-11.905469],[-41.246097,-11.905206],[-41.246292,-11.904951],[-41.246486,-11.904704],[-41.246677,-11.904464],[-41.246866,-11.904231],[-41.247116,-11.90393],[-41.247365,-11.90364],[-41.247612,-11.90336],[-41.247858,-11.90309],[-41.248104,-11.902828],[-41.24835,-11.902575],[-41.248596,-11.902331],[-41.248842,-11.902095],[-41.249089,-11.901866],[-41.249337,-11.901646],[-41.249586,-11.901433],[-41.249837,-11.901227],[-41.250089,-11.901029],[-41.250342,-11.900838],[-41.250597,-11.900654],[-41.250853,-11.900477],[-41.251127,-11.900295],[-41.251404,-11.900116],[-41.251683,-11.899939],[-41.251965,-11.899766],[-41.252248,-11.899597],[-41.252532,-11.899431],[-41.252817,-11.899269],[-41.253102,-11.899111],[-41.253387,-11.898957],[-41.253672,-11.898809],[-41.253956,-11.898665],[-41.254239,-11.898526],[-41.254521,-11.898391],[-41.254801,-11.898263],[-41.255079,-11.898139],[-41.255356,-11.898021],[-41.255576,-11.897931],[-41.255798,-11.897845],[-41.256023,-11.897762],[-41.25625,-11.897683],[-41.256479,-11.897607],[-41.25671,-11.897535],[-41.256944,-11.897466],[-41.25718,-11.897401],[-41.257419,-11.89734],[-41.25766,-11.897282],[-41.257903,-11.897228],[-41.258149,-11.897177],[-41.258397,-11.89713],[-41.258648,-11.897086],[-41.258901,-11.897046],[-41.259157,-11.897009],[-41.259415,-11.896976],[-41.259676,-11.896946],[-41.25994,-11.89692],[-41.260207,-11.896897],[-41.260476,-11.896878],[-41.260749,-11.896862],[-41.261024,-11.89685],[-41.261302,-11.896841],[-41.261584,-11.896836],[-41.261868,-11.896834],[-41.262156,-11.896835],[-41.262447,-11.89684],[-41.262742,-11.896848],[-41.263041,-11.89686],[-41.263343,-11.896876],[-41.263649,-11.896894],[-41.263922,-11.896914],[-41.264199,-11.896936],[-41.26448,-11.896961],[-41.264763,-11.896989],[-41.265051,-11.897019],[-41.265342,-11.897052],[-41.265637,-11.897088],[-41.265937,-11.897127],[-41.26624,-11.897169],[-41.266549,-11.897213],[-41.266862,-11.897261],[-41.267181,-11.897311],[-41.267505,-11.897364],[-41.267835,-11.897421],[-41.268173,-11.897481],[-41.268517,-11.897544],[-41.269041,-11.897643],[-41.269585,-11.897751],[-41.270156,-11.897868],[-41.270761,-11.897995],[-41.271368,-11.898126],[-41.272039,-11.898274],[-41.274578,-11.898845],[-41.275632,-11.899078],[-41.276204,-11.899201],[-41.276736,-11.899313],[-41.277237,-11.899415],[-41.277714,-11.899509],[-41.278362,-11.899637],[-41.279013,-11.899772],[-41.279667,-11.899914],[-41.280325,-11.900062],[-41.280985,-11.900217],[-41.281649,-11.900379],[-41.282316,-11.900547],[-41.282986,-11.900723],[-41.283659,-11.900904],[-41.284336,-11.901093],[-41.285016,-11.901289],[-41.285699,-11.901491],[-41.286385,-11.9017],[-41.287074,-11.901915],[-41.287767,-11.902138],[-41.288463,-11.902367],[-41.289162,-11.902603],[-41.289865,-11.902845],[-41.290571,-11.903095],[-41.29128,-11.903351],[-41.291993,-11.903614],[-41.292709,-11.903884],[-41.293429,-11.90416],[-41.294152,-11.904444],[-41.294879,-11.904734],[-41.29561,-11.905031],[-41.296344,-11.905335],[-41.297082,-11.905646],[-41.297824,-11.905964],[-41.298569,-11.906289],[-41.299319,-11.906621],[-41.300072,-11.90696],[-41.300699,-11.907247],[-41.301329,-11.907542],[-41.301961,-11.907844],[-41.302595,-11.908153],[-41.303233,-11.90847],[-41.303874,-11.908795],[-41.304517,-11.909127],[-41.305164,-11.909467],[-41.305815,-11.909814],[-41.306468,-11.91017],[-41.307126,-11.910533],[-41.307788,-11.910905],[-41.308454,-11.911285],[-41.309125,-11.911673],[-41.3098,-11.91207],[-41.310481,-11.912476],[-41.311163,-11.912887],[-41.31185,-11.913308],[-41.312543,-11.913738],[-41.313243,-11.914178],[-41.31395,-11.914628],[-41.314665,-11.915088],[-41.315388,-11.915558],[-41.316121,-11.91604],[-41.316861,-11.916532],[-41.317612,-11.917036],[-41.318375,-11.917554],[-41.319152,-11.918085],[-41.319943,-11.918632],[-41.320751,-11.919195],[-41.321579,-11.919776],[-41.32243,-11.920378],[-41.323046,-11.920818],[-41.323664,-11.921265],[-41.324283,-11.92172],[-41.324906,-11.922181],[-41.325531,-11.922651],[-41.326158,-11.923128],[-41.326789,-11.923614],[-41.327423,-11.924107],[-41.328061,-11.924609],[-41.328702,-11.925119],[-41.329347,-11.925637],[-41.329996,-11.926165],[-41.330651,-11.926702],[-41.33131,-11.927249],[-41.331975,-11.927805],[-41.332646,-11.928372],[-41.333314,-11.928941],[-41.333989,-11.929522],[-41.334671,-11.930114],[-41.335362,-11.930718],[-41.336061,-11.931335],[-41.336771,-11.931966],[-41.337492,-11.932611],[-41.338225,-11.933272],[-41.338967,-11.933945],[-41.339725,-11.934637],[-41.3405,-11.93535],[-41.341297,-11.936087],[-41.342966,-11.937642],[-41.344789,-11.939357],[-41.345427,-11.939962],[-41.346067,-11.940573],[-41.346708,-11.941191],[-41.347352,-11.941817],[-41.347998,-11.942449],[-41.348646,-11.943089],[-41.349296,-11.943735],[-41.34995,-11.94439],[-41.350605,-11.945052],[-41.351264,-11.945721],[-41.351926,-11.946399],[-41.352592,-11.947085],[-41.353261,-11.94778],[-41.353934,-11.948483],[-41.354611,-11.949196],[-41.355293,-11.949918],[-41.355975,-11.950645],[-41.356663,-11.951383],[-41.357356,-11.952131],[-41.358055,-11.952889],[-41.358761,-11.95366],[-41.359473,-11.954442],[-41.360921,-11.956045],[-41.362402,-11.957701],[-41.363926,-11.959423],[-41.365503,-11.96122],[-41.367147,-11.963111],[-41.367816,-11.963884],[-41.368485,-11.964664],[-41.369156,-11.96545],[-41.369827,-11.966242],[-41.3705,-11.96704],[-41.371174,-11.967845],[-41.371849,-11.968655],[-41.372526,-11.969472],[-41.373884,-11.971127],[-41.375249,-11.972808],[-41.376622,-11.974518],[-41.378003,-11.976257],[-41.379392,-11.978025],[-41.380791,-11.979825],[-41.382203,-11.981659],[-41.383629,-11.983529],[-41.38507,-11.985436],[-41.386528,-11.987385],[-41.388005,-11.989377],[-41.389506,-11.991417],[-41.390686,-11.993036],[-41.391868,-11.994674],[-41.393052,-11.99633],[-41.394239,-11.998005],[-41.395428,-11.9997],[-41.396621,-12.001415],[-41.397818,-12.00315],[-41.399018,-12.004906],[-41.400222,-12.006684],[-41.401431,-12.008484],[-41.402646,-12.010308],[-41.403867,-12.012156],[-41.405094,-12.014029],[-41.406329,-12.015928],[-41.407572,-12.017855],[-41.408824,-12.019811],[-41.409507,-12.020884],[-41.410191,-12.021968],[-41.410878,-12.023062],[-41.411566,-12.024167],[-41.41174,-12.024447]]]}},
{"type":"Feature","properties":{"PCP_NU_ISO":1000},"geometry":{"type":"MultiLineString","coordinates":[[[-41.47246,-12.277607],[-41.472194,-12.27626],[-41.471925,-12.274914],[-41.471652,-12.273569],[-41.471375,-12.272226],[-41.471094,-12.270884],[-41.47081,-12.269544],[-41.470522,-12.268205],[-41.47023,-12.266868],[-41.469934,-12.265532],[-41.469635,-12.264198],[-41.469332,-12.262865],[-41.469026,-12.261533],[-41.468715,-12.260203],[-41.468401,-12.258875],[-41.468084,-12.257547],[-41.467762,-12.256222],[-41.467437,-12.254898],[-41.467108,-12.253575],[-41.466775,-12.252254],[-41.466439,-12.250934],[-41.466099,-12.249616],[-41.465755,-12.248299],[-41.465408,-12.246983],[-41.465056,-12.245669],[-41.464701,-12.244357],[-41.464343,-12.243046],[-41.46398,-12.241736],[-41.463614,-12.240428],[-41.463245,-12.239122],[-41.462871,-12.237817],[-41.462494,-12.236513],[-41.462113,-12.235211],[-41.461728,-12.23391],[-41.46134,-12.232611],[-41.460948,-12.231313],[-41.460552,-12.230016],[-41.460153,-12.228721],[-41.459749,-12.227428],[-41.459342,-12.226136],[-41.458932,-12.224845],[-41.458517,-12.223556],[-41.458099,-12.222269],[-41.457677,-12.220983],[-41.457252,-12.219698],[-41.456823,-12.218415],[-41.45639,-12.217133],[-41.455953,-12.215853],[-41.455513,-12.214574],[-41.455069,-12.213296],[-41.454621,-12.21202],[-41.454169,-12.210746],[-41.453714,-12.209473],[-41.453255,-12.208201],[-41.452792,-12.206931],[-41.452326,-12.205663],[-41.451856,-12.204396],[-41.451382,-12.20313],[-41.450905,-12.201866],[-41.450423,-12.200603],[-41.449938,-12.199342],[-41.44945,-12.198082],[-41.448957,-12.196823],[-41.448461,-12.195567],[-41.447961,-12.194311],[-41.447026,-12.191989],[-41.446081,-12.189676],[-41.445126,-12.187373],[-41.444162,-12.18508],[-41.443189,-12.182797],[-41.442206,-12.180525],[-41.441214,-12.178263],[-41.440213,-12.176012],[-41.439202,-12.173772],[-41.438183,-12.171544],[-41.437155,-12.169327],[-41.436118,-12.167122],[-41.435073,-12.164928],[-41.434018,-12.162747],[-41.432956,-12.160577],[-41.431884,-12.158421],[-41.430805,-12.156276],[-41.429718,-12.154145],[-41.428622,-12.152027],[-41.427518,-12.149921],[-41.426406,-12.147828],[-41.425286,-12.145749],[-41.424158,-12.143683],[-41.423022,-12.141631],[-41.422738,-12.141125]],[[-41.377959,-12.078362],[-41.377486,-12.077746],[-41.376226,-12.076089],[-41.375616,-12.075279],[-41.375017,-12.074479],[-41.37443,-12.07369],[-41.373853,-12.07291],[-41.373286,-12.072137],[-41.372728,-12.071372],[-41.37218,-12.070614],[-41.37164,-12.069863],[-41.371109,-12.069118],[-41.370586,-12.068379],[-41.370072,-12.067645],[-41.369565,-12.066917],[-41.369182,-12.06636],[-41.368796,-12.065789],[-41.368406,-12.065202],[-41.368012,-12.064599],[-41.367612,-12.063978],[-41.367204,-12.063337],[-41.366788,-12.062674],[-41.366361,-12.061984],[-41.365958,-12.061325],[-41.365541,-12.060636],[-41.365105,-12.05991],[-41.364643,-12.059134],[-41.363731,-12.057586],[-41.361974,-12.054583],[-41.361248,-12.053346],[-41.360487,-12.052062],[-41.359798,-12.050915],[-41.359392,-12.050247],[-41.358999,-12.049606],[-41.358617,-12.04899],[-41.358243,-12.048395],[-41.357876,-12.047817],[-41.357514,-12.047256],[-41.357158,-12.046709],[-41.356806,-12.046177],[-41.356367,-12.045526],[-41.355933,-12.044893],[-41.355503,-12.044277],[-41.355075,-12.043678],[-41.354861,-12.043384],[-41.354649,-12.043094],[-41.354436,-12.042808],[-41.354224,-12.042525],[-41.354012,-12.042246],[-41.353801,-12.04197],[-41.353589,-12.041698],[-41.353378,-12.041428],[-41.353166,-12.041162],[-41.352954,-12.040899],[-41.352742,-12.040638],[-41.352531,-12.040381],[-41.352318,-12.040127],[-41.352106,-12.039876],[-41.351894,-12.039628],[-41.351681,-12.039382],[-41.351468,-12.03914],[-41.351254,-12.0389],[-41.351041,-12.038663],[-41.350827,-12.038429],[-41.350612,-12.038197],[-41.350397,-12.037968],[-41.350182,-12.037742],[-41.349966,-12.037518],[-41.349094,-12.036625],[-41.348254,-12.03577],[-41.347436,-12.034946],[-41.346636,-12.034147],[-41.34585,-12.033369],[-41.345078,-12.032612],[-41.344317,-12.031874],[-41.343566,-12.031153],[-41.342821,-12.030447],[-41.342085,-12.029756],[-41.341357,-12.029081],[-41.340636,-12.028422],[-41.339923,-12.027778],[-41.339217,-12.027148],[-41.338517,-12.026533],[-41.337824,-12.025932],[-41.337133,-12.025341],[-41.336447,-12.024765],[-41.335768,-12.024202],[-41.335095,-12.023654],[-41.334427,-12.023119],[-41.333766,-12.022598],[-41.33311,-12.022092],[-41.33246,-12.021599],[-41.332137,-12.021357],[-41.331815,-12.021119],[-41.331495,-12.020885],[-41.331176,-12.020653],[-41.330859,-12.020426],[-41.330543,-12.020201],[-41.330228,-12.01998],[-41.329915,-12.019763],[-41.329603,-12.019549],[-41.329292,-12.019338],[-41.328983,-12.019131],[-41.328675,-12.018927],[-41.328369,-12.018727],[-41.328063,-12.01853],[-41.32776,-12.018336],[-41.327457,-12.018146],[-41.327154,-12.017957],[-41.326852,-12.017772],[-41.326551,-12.017591],[-41.326252,-12.017413],[-41.325954,-12.017238],[-41.325657,-12.017067],[-41.325362,-12.0169],[-41.325068,-12.016735],[-41.324776,-12.016575],[-41.324485,-12.016417],[-41.324195,-12.016263],[-41.323907,-12.016113],[-41.32362,-12.015966],[-41.323334,-12.015822],[-41.323049,-12.015682],[-41.322766,-12.015545],[-41.322485,-12.015412],[-41.322204,-12.015282],[-41.321925,-12.015156],[-41.321648,-12.015033],[-41.321372,-12.014913],[-41.321097,-12.014797],[-41.320823,-12.014684],[-41.320551,-12.014575],[-41.32028,-12.014469],[-41.32001,-12.014367],[-41.319742,-12.014268],[-41.319475,-12.014172],[-41.31921,-12.01408],[-41.318946,-12.013991],[-41.318683,-12.013906],[-41.318422,-12.013824],[-41.318161,-12.013746],[-41.317903,-12.013671],[-41.317645,-12.013599],[-41.317389,-12.013531],[-41.317134,-12.013467],[-41.316881,-12.013405],[-41.316629,-12.013348],[-41.316378,-12.013293],[-41.316129,-12.013242],[-41.315881,-12.013195],[-41.315634,-12.013151],[-41.315389,-12.01311],[-41.315145,-12.013073],[-41.314903,-12.013039],[-41.314661,-12.013009],[-41.314422,-12.012982],[-41.314183,-12.012959],[-41.313946,-12.012939],[-41.31371,-12.012922],[-41.313476,-12.012909],[-41.313242,-12.012899],[-41.313011,-12.012893],[-41.31278,-12.01289],[-41.312551,-12.012891],[-41.312324,-12.012895],[-41.312097,-12.012902],[-41.311872,-12.012913],[-41.311649,-12.012928],[-41.311426,-12.012945],[-41.311205,-12.012967],[-41.310986,-12.012991],[-41.310768,-12.013019],[-41.310596,-12.013044],[-41.310424,-12.013071],[-41.310251,-12.0131],[-41.310078,-12.013132],[-41.309904,-12.013166],[-41.30973,-12.013203],[-41.309555,-12.013242],[-41.30938,-12.013283],[-41.309204,-12.013327],[-41.309027,-12.013373],[-41.30885,-12.013421],[-41.308672,-12.013472],[-41.308494,-12.013525],[-41.308315,-12.01358],[-41.308135,-12.013638],[-41.307955,-12.013699],[-41.307774,-12.013761],[-41.307593,-12.013826],[-41.307411,-12.013894],[-41.307228,-12.013963],[-41.307045,-12.014036],[-41.306861,-12.01411],[-41.306677,-12.014187],[-41.306492,-12.014267],[-41.306306,-12.014348],[-41.30612,-12.014432],[-41.305933,-12.014519],[-41.305746,-12.014608],[-41.305558,-12.014699],[-41.305369,-12.014793],[-41.305179,-12.014889],[-41.304989,-12.014988],[-41.304799,-12.015088],[-41.304608,-12.015192],[-41.304223,-12.015406],[-41.303836,-12.015629],[-41.303446,-12.015862],[-41.303053,-12.016105],[-41.302658,-12.016357],[-41.30226,-12.01662],[-41.301858,-12.016892],[-41.301454,-12.017174],[-41.301047,-12.017465],[-41.300637,-12.017767],[-41.300223,-12.018079],[-41.299806,-12.0184],[-41.299386,-12.018732],[-41.298963,-12.019074],[-41.298535,-12.019427],[-41.29813,-12.019768],[-41.297721,-12.020119],[-41.297308,-12.020478],[-41.296892,-12.020848],[-41.296472,-12.021227],[-41.296048,-12.021616],[-41.29562,-12.022015],[-41.295188,-12.022424],[-41.294752,-12.022843],[-41.29431,-12.023272],[-41.293864,-12.023713],[-41.293413,-12.024164],[-41.292955,-12.024627],[-41.292491,-12.025102],[-41.292021,-12.02559],[-41.291543,-12.026091],[-41.291107,-12.026553],[-41.290663,-12.027027],[-41.290212,-12.027514],[-41.289751,-12.028015],[-41.289281,-12.02853],[-41.288799,-12.029062],[-41.287791,-12.030187],[-41.286954,-12.031131],[-41.28604,-12.032172],[-41.285101,-12.033246],[-41.282692,-12.036012],[-41.281989,-12.036814],[-41.281369,-12.037518],[-41.280943,-12.038004],[-41.28052,-12.038495],[-41.280101,-12.038991],[-41.279685,-12.039492],[-41.279272,-12.039998],[-41.278863,-12.040509],[-41.278457,-12.041024],[-41.278054,-12.041545],[-41.277655,-12.04207],[-41.277259,-12.0426],[-41.276866,-12.043136],[-41.276477,-12.043676],[-41.276091,-12.044221],[-41.275708,-12.044771],[-41.275329,-12.045326],[-41.274953,-12.045886],[-41.27458,-12.046451],[-41.274211,-12.047021],[-41.273845,-12.047595],[-41.273482,-12.048175],[-41.273122,-12.04876],[-41.272766,-12.04935],[-41.272413,-12.049945],[-41.272063,-12.050544],[-41.271717,-12.051149],[-41.271374,-12.051759],[-41.271034,-12.052374],[-41.270697,-12.052994],[-41.270364,-12.053619],[-41.270034,-12.054249],[-41.269707,-12.054884],[-41.269383,-12.055524],[-41.269063,-12.056169],[-41.268746,-12.056819],[-41.268432,-12.057474],[-41.268121,-12.058135],[-41.267814,-12.0588],[-41.26751,-12.059471],[-41.267209,-12.060147],[-41.266911,-12.060827],[-41.266616,-12.061514],[-41.266325,-12.062205],[-41.266037,-12.062901],[-41.265751,-12.063603],[-41.265469,-12.06431],[-41.265191,-12.065022],[-41.264915,-12.06574],[-41.264642,-12.066462],[-41.264373,-12.06719],[-41.264107,-12.067924],[-41.263844,-12.068662],[-41.263584,-12.069407],[-41.263327,-12.070156],[-41.263073,-12.070911],[-41.262822,-12.071671],[-41.262575,-12.072437],[-41.26233,-12.073208],[-41.262089,-12.073985],[-41.26185,-12.074767],[-41.261615,-12.075555],[-41.261382,-12.076348],[-41.261153,-12.077147],[-41.260927,-12.077952],[-41.260703,-12.078763],[-41.260488,-12.079561],[-41.260275,-12.080365],[-41.260065,-12.081175],[-41.259858,-12.08199],[-41.259654,-12.082811],[-41.259453,-12.083637],[-41.259254,-12.08447],[-41.259058,-12.085308],[-41.258865,-12.086151],[-41.258675,-12.087001],[-41.258488,-12.087857],[-41.258303,-12.088718],[-41.258121,-12.089586],[-41.257942,-12.090459],[-41.257765,-12.091339],[-41.257592,-12.092225],[-41.257421,-12.093117],[-41.257252,-12.094015],[-41.257087,-12.094919],[-41.256924,-12.095831],[-41.256763,-12.096748],[-41.256606,-12.097673],[-41.25645,-12.098604],[-41.256298,-12.099542],[-41.256148,-12.100487],[-41.256,-12.101439],[-41.255855,-12.102399],[-41.255713,-12.103366],[-41.255573,-12.10434],[-41.255435,-12.105322],[-41.2553,-12.106312],[-41.255168,-12.10731],[-41.254914,-12.109291],[-41.25467,-12.111306],[-41.254434,-12.113356],[-41.254207,-12.115443],[-41.253988,-12.11757],[-41.253777,-12.119739],[-41.253573,-12.121956],[-41.253377,-12.124225],[-41.253189,-12.126517],[-41.253008,-12.128874],[-41.252831,-12.131304],[-41.252658,-12.133822],[-41.252489,-12.136426],[-41.252321,-12.139168],[-41.25215,-12.142091],[-41.25197,-12.145313],[-41.251893,-12.146811],[-41.251826,-12.148315],[-41.251769,-12.149825],[-41.251722,-12.151341],[-41.251685,-12.152863],[-41.251658,-12.154391],[-41.25164,-12.155925],[-41.251633,-12.157464],[-41.251635,-12.15901],[-41.251648,-12.16056],[-41.25167,-12.162116],[-41.251702,-12.163677],[-41.251745,-12.165243],[-41.251797,-12.166814],[-41.251859,-12.16839],[-41.251931,-12.16997],[-41.252012,-12.171556],[-41.252104,-12.173145],[-41.252206,-12.174739],[-41.252317,-12.176337],[-41.252439,-12.177939],[-41.25257,-12.179545],[-41.252711,-12.181155],[-41.252862,-12.182768],[-41.253023,-12.184384],[-41.253193,-12.186004],[-41.253373,-12.187627],[-41.253564,-12.189252],[-41.253763,-12.190881],[-41.253973,-12.192512],[-41.254192,-12.194145],[-41.254421,-12.195781],[-41.25466,-12.19742],[-41.254909,-12.199062],[-41.255167,-12.200705],[-41.255435,-12.20235],[-41.255712,-12.203996],[-41.255999,-12.205643],[-41.256296,-12.207292],[-41.256602,-12.208941],[-41.256917,-12.21059],[-41.257242,-12.21224],[-41.257576,-12.21389],[-41.257919,-12.21554],[-41.258272,-12.21719],[-41.258634,-12.218839],[-41.259005,-12.220488],[-41.259386,-12.222136],[-41.259775,-12.223783],[-41.260174,-12.225429],[-41.260581,-12.227073],[-41.260997,-12.228716],[-41.261423,-12.230356],[-41.261857,-12.231994],[-41.2623,-12.23363],[-41.262751,-12.235264],[-41.263212,-12.236894],[-41.26368,-12.238522],[-41.264158,-12.240146],[-41.264644,-12.241766],[-41.265138,-12.243383],[-41.26564,-12.244996],[-41.266151,-12.246604],[-41.26667,-12.248209],[-41.266996,-12.249192],[-41.267333,-12.250183],[-41.267682,-12.25118],[-41.268044,-12.252185],[-41.268417,-12.253197],[-41.268803,-12.254218],[-41.269201,-12.255248],[-41.269612,-12.256288],[-41.270036,-12.257337],[-41.270473,-12.258397],[-41.270924,-12.25947],[-41.271389,-12.260556],[-41.27187,-12.261657],[-41.272365,-12.262774],[-41.272877,-12.263909],[-41.273406,-12.265064],[-41.27388,-12.266084],[-41.274368,-12.267122],[-41.274872,-12.268181],[-41.275392,-12.269263],[-41.27593,-12.27037],[-41.276489,-12.271508],[-41.27707,-12.27268],[-41.277677,-12.273895],[-41.278785,-12.276091],[-41.280028,-12.278526],[-41.281272,-12.280943],[-41.28454,-12.287271],[-41.285499,-12.28914],[-41.286357,-12.290821],[-41.28732,-12.292724],[-41.288212,-12.294507],[-41.28905,-12.296203],[-41.289843,-12.29783],[-41.290313,-12.298806],[-41.290769,-12.299762],[-41.291212,-12.300702],[-41.291644,-12.301627],[-41.292065,-12.302538],[-41.292474,-12.303436],[-41.292874,-12.304322],[-41.293264,-12.305198],[-41.293645,-12.306065],[-41.294017,-12.306923],[-41.294379,-12.307772],[-41.294734,-12.308613],[-41.29508,-12.309446],[-41.295417,-12.310272],[-41.295747,-12.311092],[-41.296068,-12.311906],[-41.296298,-12.3125],[-41.296526,-12.313102],[-41.296751,-12.313713],[-41.296975,-12.314332],[-41.297195,-12.314961],[-41.297414,-12.315599],[-41.297632,-12.316247],[-41.297847,-12.316905],[-41.298061,-12.317574],[-41.298273,-12.318253],[-41.298484,-12.318944],[-41.298694,-12.319648],[-41.298903,-12.320365],[-41.299112,-12.321097],[-41.299321,-12.321844],[-41.29953,-12.322607],[-41.299713,-12.323289],[-41.299897,-12.323987],[-41.300082,-12.324701],[-41.300269,-12.325433],[-41.300649,-12.326959],[-41.301044,-12.328591],[-41.301401,-12.330103],[-41.30179,-12.331784],[-41.302173,-12.333457],[-41.303167,-12.337831],[-41.30373,-12.340272],[-41.304037,-12.341575],[-41.304329,-12.34279],[-41.30461,-12.34394],[-41.304885,-12.345038],[-41.305218,-12.346337],[-41.305547,-12.34758],[-41.305711,-12.348184],[-41.305875,-12.348777],[-41.306038,-12.34936],[-41.306202,-12.349932],[-41.306366,-12.350497],[-41.30653,-12.351053],[-41.306695,-12.351601],[-41.30686,-12.35214],[-41.307026,-12.352673],[-41.307193,-12.353198],[-41.307361,-12.353716],[-41.30753,-12.354227],[-41.307743,-12.354858],[-41.307957,-12.355479],[-41.308174,-12.35609],[-41.308392,-12.356693],[-41.308613,-12.357287],[-41.308836,-12.357872],[-41.309061,-12.35845],[-41.309289,-12.359019],[-41.309519,-12.359581],[-41.309752,-12.360135],[-41.309987,-12.360682],[-41.310226,-12.361222],[-41.310467,-12.361755],[-41.310711,-12.362281],[-41.310958,-12.3628],[-41.311208,-12.363312],[-41.311461,-12.363819],[-41.311718,-12.36432],[-41.311978,-12.364814],[-41.312241,-12.365302],[-41.312507,-12.365784],[-41.312777,-12.366259],[-41.31305,-12.366729],[-41.313326,-12.367193],[-41.313607,-12.367652],[-41.31389,-12.368104],[-41.314177,-12.368551],[-41.314468,-12.368992],[-41.314762,-12.369428],[-41.31506,-12.369859],[-41.315362,-12.370283],[-41.315667,-12.370703],[-41.315841,-12.370936],[-41.316018,-12.371168],[-41.316199,-12.3714],[-41.316383,-12.371632],[-41.316571,-12.371863],[-41.316763,-12.372094],[-41.316958,-12.372325],[-41.317157,-12.372556],[-41.317359,-12.372786],[-41.317565,-12.373016],[-41.317775,-12.373246],[-41.317989,-12.373476],[-41.318206,-12.373705],[-41.318428,-12.373935],[-41.318653,-12.374164],[-41.318882,-12.374394],[-41.319115,-12.374624],[-41.319352,-12.374853],[-41.319593,-12.375083],[-41.319839,-12.375313],[-41.320088,-12.375544],[-41.320342,-12.375774],[-41.3206,-12.376006],[-41.320862,-12.376237],[-41.321129,-12.37647],[-41.321401,-12.376703],[-41.321677,-12.376936],[-41.321959,-12.377171],[-41.322245,-12.377407],[-41.322536,-12.377644],[-41.322832,-12.377881],[-41.323134,-12.378121],[-41.323631,-12.378508],[-41.324144,-12.378901],[-41.324672,-12.379298],[-41.325219,-12.379702],[-41.325785,-12.380114],[-41.326372,-12.380535],[-41.326984,-12.380967],[-41.327624,-12.381413],[-41.328167,-12.381787],[-41.328736,-12.382175],[-41.329983,-12.383017],[-41.331192,-12.383822],[-41.334144,-12.38578],[-41.33495,-12.386319],[-41.335673,-12.386805],[-41.336447,-12.38733],[-41.337167,-12.387825],[-41.337847,-12.388299],[-41.338494,-12.388755],[-41.339193,-12.389257],[-41.33953,-12.389503],[-41.33986,-12.389746],[-41.340182,-12.389985],[-41.340498,-12.390223],[-41.340808,-12.390458],[-41.341111,-12.390691],[-41.341409,-12.390923],[-41.341702,-12.391153],[-41.341989,-12.391382],[-41.34227,-12.391609],[-41.342547,-12.391835],[-41.342818,-12.39206],[-41.343085,-12.392283],[-41.343346,-12.392506],[-41.343624,-12.392746],[-41.343897,-12.392985],[-41.344164,-12.393223],[-41.344426,-12.393461],[-41.344683,-12.393698],[-41.344936,-12.393935],[-41.345183,-12.394171],[-41.345426,-12.394407],[-41.345664,-12.394642],[-41.345898,-12.394878],[-41.346127,-12.395113],[-41.346352,-12.395348],[-41.346572,-12.395583],[-41.346788,-12.395818],[-41.347,-12.396053],[-41.347207,-12.396289],[-41.34741,-12.396524],[-41.347609,-12.39676],[-41.347804,-12.396996],[-41.347994,-12.397233],[-41.348181,-12.397469],[-41.348363,-12.397706],[-41.348541,-12.397944],[-41.348716,-12.398181],[-41.348886,-12.39842],[-41.349052,-12.398658],[-41.349214,-12.398897],[-41.349372,-12.399137],[-41.349527,-12.399377],[-41.349677,-12.399618],[-41.349823,-12.39986],[-41.349966,-12.400102],[-41.350095,-12.400327],[-41.350222,-12.400554],[-41.350347,-12.400782],[-41.35047,-12.401012],[-41.35059,-12.401244],[-41.350709,-12.401477],[-41.350825,-12.401712],[-41.350939,-12.401948],[-41.351051,-12.402186],[-41.351161,-12.402426],[-41.351269,-12.402667],[-41.351375,-12.40291],[-41.351478,-12.403154],[-41.35158,-12.4034],[-41.351679,-12.403648],[-41.351777,-12.403898],[-41.351872,-12.404149],[-41.351965,-12.404401],[-41.352056,-12.404656],[-41.352145,-12.404912],[-41.352232,-12.40517],[-41.352317,-12.405429],[-41.3524,-12.405691],[-41.35248,-12.405954],[-41.352559,-12.406218],[-41.352636,-12.406485],[-41.35271,-12.406753],[-41.352783,-12.407023],[-41.352853,-12.407295],[-41.352921,-12.407569],[-41.352988,-12.407845],[-41.353052,-12.408122],[-41.353114,-12.408401],[-41.353175,-12.408682],[-41.353233,-12.408965],[-41.353289,-12.40925],[-41.353343,-12.409536],[-41.353395,-12.409825],[-41.353445,-12.410115],[-41.353493,-12.410408],[-41.35354,-12.410702],[-41.353584,-12.410999],[-41.353626,-12.411297],[-41.353666,-12.411598],[-41.353704,-12.411901],[-41.35374,-12.412206],[-41.353775,-12.412513],[-41.353807,-12.412822],[-41.353837,-12.413133],[-41.353865,-12.413447],[-41.353892,-12.413762],[-41.353916,-12.414081],[-41.353938,-12.414401],[-41.353959,-12.414724],[-41.353977,-12.415049],[-41.353994,-12.415377],[-41.354009,-12.415707],[-41.354021,-12.416039],[-41.354032,-12.416374],[-41.354041,-12.416712],[-41.354047,-12.417052],[-41.354052,-12.417395],[-41.354056,-12.41809],[-41.354054,-12.418659],[-41.354046,-12.419237],[-41.354033,-12.419822],[-41.354016,-12.420416],[-41.353993,-12.421018],[-41.353965,-12.421629],[-41.353932,-12.42225],[-41.353893,-12.422881],[-41.35385,-12.423521],[-41.353801,-12.424172],[-41.353747,-12.424835],[-41.353688,-12.425511],[-41.353624,-12.426199],[-41.353554,-12.426902],[-41.353478,-12.42762],[-41.353396,-12.428356],[-41.35325,-12.429601],[-41.353087,-12.430907],[-41.352904,-12.432286],[-41.3527,-12.433765],[-41.35251,-12.435091],[-41.352293,-12.436568],[-41.352077,-12.438015],[-41.351522,-12.441707],[-41.351223,-12.443725],[-41.35093,-12.445778],[-41.3508,-12.44672],[-41.350679,-12.447622],[-41.350544,-12.448658],[-41.35042,-12.449654],[-41.350306,-12.450617],[-41.350201,-12.451551],[-41.350104,-12.452461],[-41.350016,-12.453347],[-41.349936,-12.454213],[-41.349865,-12.45506],[-41.34979,-12.45604],[-41.349757,-12.456521],[-41.349726,-12.456997],[-41.349699,-12.457468],[-41.349674,-12.457934],[-41.349651,-12.458395],[-41.349632,-12.458851],[-41.349615,-12.459303],[-41.349601,-12.459751],[-41.349589,-12.460194],[-41.34958,-12.460634],[-41.349574,-12.461069],[-41.34957,-12.4615],[-41.34957,-12.461928],[-41.349571,-12.462352],[-41.349576,-12.462773],[-41.349583,-12.46319],[-41.349593,-12.463604],[-41.349605,-12.464015],[-41.349621,-12.464422],[-41.349638,-12.464826],[-41.349659,-12.465227],[-41.349682,-12.465624],[-41.349708,-12.466019],[-41.349737,-12.46641],[-41.349768,-12.466799],[-41.349802,-12.467184],[-41.349839,-12.467567],[-41.349879,-12.467947],[-41.349921,-12.468324],[-41.349966,-12.468698],[-41.350025,-12.469164],[-41.350088,-12.469631],[-41.350154,-12.470101],[-41.350224,-12.470572],[-41.350298,-12.471046],[-41.350375,-12.471522],[-41.350455,-12.472],[-41.350539,-12.472481],[-41.350627,-12.472964],[-41.350718,-12.473449],[-41.350813,-12.473937],[-41.350911,-12.474428],[-41.351013,-12.474921],[-41.351119,-12.475418],[-41.351228,-12.475917],[-41.351341,-12.476419],[-41.351457,-12.476923],[-41.351578,-12.477431],[-41.351702,-12.477942],[-41.351829,-12.478457],[-41.351961,-12.478975],[-41.352096,-12.479497],[-41.352235,-12.480023],[-41.352379,-12.480552],[-41.352526,-12.481086],[-41.352677,-12.481625],[-41.352832,-12.482168],[-41.352991,-12.482715],[-41.353155,-12.483268],[-41.353323,-12.483826],[-41.353495,-12.48439],[-41.353672,-12.48496],[-41.353969,-12.485899],[-41.354278,-12.486856],[-41.354601,-12.487833],[-41.354937,-12.488833],[-41.355289,-12.489858],[-41.355657,-12.490913],[-41.356043,-12.492003],[-41.35645,-12.493135],[-41.357169,-12.4951],[-41.357982,-12.497284],[-41.358779,-12.499402],[-41.360775,-12.504667],[-41.361331,-12.506146],[-41.361827,-12.507477],[-41.362365,-12.508936],[-41.362863,-12.510303],[-41.363328,-12.511603],[-41.363766,-12.512848],[-41.364251,-12.514255],[-41.364482,-12.514939],[-41.364707,-12.515612],[-41.364925,-12.516274],[-41.365136,-12.516926],[-41.365342,-12.51757],[-41.365541,-12.518204],[-41.365735,-12.518832],[-41.365924,-12.519452],[-41.366107,-12.520065],[-41.366285,-12.520672],[-41.366457,-12.521272],[-41.366624,-12.521866],[-41.366787,-12.522454],[-41.366944,-12.523037],[-41.36712,-12.523705],[-41.367289,-12.524367],[-41.367452,-12.525022],[-41.367608,-12.525671],[-41.367758,-12.526315],[-41.367903,-12.526953],[-41.36804,-12.527586],[-41.368172,-12.528215],[-41.368298,-12.528838],[-41.368418,-12.529457],[-41.368531,-12.530072],[-41.368639,-12.530682],[-41.368741,-12.531288],[-41.368837,-12.53189],[-41.368927,-12.532489],[-41.369011,-12.533084],[-41.369089,-12.533676],[-41.369161,-12.534264],[-41.369228,-12.53485],[-41.369289,-12.535432],[-41.369344,-12.53601],[-41.369393,-12.536586],[-41.369436,-12.537159],[-41.369474,-12.537729],[-41.369505,-12.538296],[-41.369531,-12.538861],[-41.369551,-12.539423],[-41.369566,-12.539982],[-41.369574,-12.540539],[-41.369577,-12.541093],[-41.369574,-12.541645],[-41.369565,-12.542195],[-41.369548,-12.542869],[-41.369524,-12.543547],[-41.369495,-12.544229],[-41.36946,-12.544914],[-41.369419,-12.545603],[-41.369373,-12.546296],[-41.36932,-12.546992],[-41.369261,-12.547693],[-41.369197,-12.548398],[-41.369126,-12.549106],[-41.36905,-12.54982],[-41.368968,-12.550537],[-41.36888,-12.551259],[-41.368785,-12.551985],[-41.368685,-12.552716],[-41.368579,-12.553452],[-41.368467,-12.554191],[-41.368349,-12.554936],[-41.368225,-12.555686],[-41.368095,-12.556441],[-41.367958,-12.557201],[-41.367816,-12.557967],[-41.367668,-12.558738],[-41.367513,-12.559516],[-41.367352,-12.560299],[-41.367185,-12.561088],[-41.367012,-12.561884],[-41.366832,-12.562687],[-41.366646,-12.563497],[-41.366453,-12.564313],[-41.366254,-12.565138],[-41.366049,-12.56597],[-41.365851,-12.56675],[-41.365648,-12.567538],[-41.36544,-12.568334],[-41.365225,-12.569138],[-41.365003,-12.56995],[-41.364776,-12.570771],[-41.364542,-12.571601],[-41.364302,-12.572442],[-41.364055,-12.573292],[-41.363801,-12.574153],[-41.363541,-12.575026],[-41.363272,-12.575912],[-41.362996,-12.576811],[-41.362713,-12.577726],[-41.362119,-12.579606],[-41.361564,-12.581327],[-41.360975,-12.583124],[-41.360346,-12.585015],[-41.359664,-12.587037],[-41.358518,-12.590392],[-41.35786,-12.592299],[-41.355972,-12.597765],[-41.354866,-12.600992],[-41.354617,-12.601716],[-41.354364,-12.602441],[-41.354106,-12.603169],[-41.353844,-12.603899],[-41.353576,-12.604631],[-41.353304,-12.605365],[-41.353026,-12.606101],[-41.352744,-12.60684],[-41.352457,-12.607582],[-41.352164,-12.608326],[-41.351867,-12.609074],[-41.351564,-12.609824],[-41.351257,-12.610577],[-41.350944,-12.611333],[-41.350625,-12.612093],[-41.350302,-12.612856],[-41.349973,-12.613622],[-41.349639,-12.614391],[-41.3493,-12.615165],[-41.348954,-12.615943],[-41.348604,-12.616725],[-41.348247,-12.617511],[-41.347884,-12.618303],[-41.347516,-12.619099],[-41.347141,-12.6199],[-41.34676,-12.620707],[-41.346373,-12.621519],[-41.345979,-12.622338],[-41.345579,-12.623163],[-41.345171,-12.623995],[-41.344757,-12.624834],[-41.344335,-12.625681],[-41.343609,-12.627125],[-41.342859,-12.628594],[-41.342086,-12.630092],[-41.341286,-12.631623],[-41.340459,-12.633189],[-41.3396,-12.634797],[-41.338706,-12.636456],[-41.337771,-12.638174],[-41.336951,-12.639669],[-41.336091,-12.641229],[-41.334207,-12.644615],[-41.332338,-12.647947],[-41.328876,-12.654092],[-41.327506,-12.656529],[-41.326106,-12.659029],[-41.324853,-12.66128],[-41.323459,-12.663808],[-41.322165,-12.666178],[-41.320947,-12.668435],[-41.320363,-12.669528],[-41.319794,-12.670601],[-41.319118,-12.671885],[-41.318462,-12.673145],[-41.317822,-12.674383],[-41.317199,-12.675602],[-41.316592,-12.676803],[-41.315999,-12.677988],[-41.315421,-12.679158],[-41.314856,-12.680315],[-41.314303,-12.68146],[-41.313763,-12.682594],[-41.313235,-12.683716],[-41.312719,-12.684828],[-41.312214,-12.685931],[-41.311721,-12.687025],[-41.311239,-12.688111],[-41.310768,-12.689188],[-41.310178,-12.690537],[-41.309556,-12.691943],[-41.308895,-12.693422],[-41.308183,-12.694998],[-41.306786,-12.698055],[-41.304124,-12.703835],[-41.303049,-12.706179],[-41.301946,-12.708605],[-41.300966,-12.710788],[-41.300407,-12.712052],[-41.299873,-12.713269],[-41.299363,-12.714448],[-41.298873,-12.715594],[-41.2984,-12.716712],[-41.297946,-12.717805],[-41.297507,-12.718876],[-41.297083,-12.719927],[-41.296582,-12.721193],[-41.296102,-12.722433],[-41.29564,-12.723652],[-41.295417,-12.724254],[-41.295198,-12.724852],[-41.294983,-12.725445],[-41.294773,-12.726033],[-41.294567,-12.726618],[-41.294366,-12.727199],[-41.294168,-12.727775],[-41.293975,-12.728349],[-41.293786,-12.728918],[-41.293601,-12.729485],[-41.29342,-12.730049],[-41.293243,-12.73061],[-41.29307,-12.731167],[-41.2929,-12.731722],[-41.292735,-12.732274],[-41.292574,-12.732824],[-41.292416,-12.73337],[-41.292262,-12.733915],[-41.292113,-12.734456],[-41.291966,-12.734996],[-41.291824,-12.735533],[-41.291685,-12.736068],[-41.291551,-12.7366],[-41.29142,-12.737131],[-41.291292,-12.73766],[-41.291168,-12.738186],[-41.291047,-12.73872],[-41.29093,-12.739257],[-41.290816,-12.739797],[-41.290707,-12.74034],[-41.290602,-12.740887],[-41.2905,-12.741438],[-41.290403,-12.741991],[-41.290309,-12.742549],[-41.29022,-12.743109],[-41.290134,-12.743674],[-41.290053,-12.744242],[-41.289975,-12.744814],[-41.289901,-12.745391],[-41.289831,-12.745971],[-41.289765,-12.746555],[-41.289703,-12.747144],[-41.289645,-12.747736],[-41.28959,-12.748333],[-41.289539,-12.748934],[-41.289493,-12.74954],[-41.28945,-12.75015],[-41.28941,-12.750766],[-41.289375,-12.751387],[-41.289343,-12.752013],[-41.289315,-12.752645],[-41.289291,-12.753282],[-41.28927,-12.753925],[-41.289254,-12.754574],[-41.289241,-12.755229],[-41.289231,-12.755891],[-41.289226,-12.756559],[-41.289224,-12.757235],[-41.289225,-12.757848],[-41.28923,-12.758468],[-41.289237,-12.759094],[-41.289248,-12.759727],[-41.289261,-12.760367],[-41.289278,-12.761014],[-41.289297,-12.76167],[-41.28932,-12.762334],[-41.289374,-12.763687],[-41.289441,-12.76508],[-41.28952,-12.76652],[-41.289613,-12.768014],[-41.289704,-12.769361],[-41.289806,-12.770768],[-41.289921,-12.772248],[-41.290049,-12.773828],[-41.290313,-12.7769],[-41.290833,-12.782713],[-41.29104,-12.785067],[-41.291244,-12.787502],[-41.291415,-12.789688],[-41.291508,-12.790953],[-41.291592,-12.79217],[-41.291667,-12.793346],[-41.291734,-12.794487],[-41.291794,-12.795598],[-41.291846,-12.796683],[-41.291891,-12.797744],[-41.291928,-12.798782],[-41.291964,-12.800045],[-41.291978,-12.800666],[-41.29199,-12.80128],[-41.291998,-12.801888],[-41.292004,-12.80249],[-41.292006,-12.803086],[-41.292007,-12.803676],[-41.292004,-12.804261],[-41.291998,-12.804841],[-41.29199,-12.805416],[-41.291979,-12.805987],[-41.291966,-12.806552],[-41.291949,-12.807113],[-41.29193,-12.80767],[-41.291908,-12.808223],[-41.291883,-12.808772],[-41.291855,-12.809317],[-41.291824,-12.809858],[-41.291791,-12.810396],[-41.291755,-12.81093],[-41.291716,-12.81146],[-41.291674,-12.811987],[-41.291629,-12.81251],[-41.291582,-12.81303],[-41.291531,-12.813547],[-41.291478,-12.81406],[-41.291422,-12.814571],[-41.291363,-12.815078],[-41.291301,-12.815583],[-41.291236,-12.816084],[-41.291168,-12.816583],[-41.29112,-12.816922],[-41.291069,-12.817263],[-41.291016,-12.817605],[-41.290961,-12.817949],[-41.290903,-12.818295],[-41.290842,-12.818642],[-41.290779,-12.818991],[-41.290714,-12.819342],[-41.290646,-12.819695],[-41.290576,-12.82005],[-41.290503,-12.820406],[-41.290428,-12.820765],[-41.290269,-12.821489],[-41.290101,-12.822222],[-41.289923,-12.822963],[-41.289734,-12.823714],[-41.289534,-12.824475],[-41.289324,-12.825249],[-41.289103,-12.826035],[-41.28887,-12.826834],[-41.288626,-12.827648],[-41.288369,-12.828479],[-41.288145,-12.829185],[-41.287912,-12.829906],[-41.287669,-12.830642],[-41.287416,-12.831396],[-41.287151,-12.832168],[-41.286875,-12.832963],[-41.286586,-12.833783],[-41.286281,-12.834635],[-41.285733,-12.83614],[-41.285115,-12.837811],[-41.284501,-12.839449],[-41.282934,-12.84361],[-41.282089,-12.845881],[-41.28165,-12.847079],[-41.281246,-12.8482],[-41.280869,-12.849264],[-41.280515,-12.850284],[-41.28031,-12.850883],[-41.280113,-12.851469],[-41.279922,-12.852045],[-41.279737,-12.85261],[-41.279558,-12.853166],[-41.279385,-12.853714],[-41.279217,-12.854253],[-41.279055,-12.854785],[-41.278898,-12.855311],[-41.278746,-12.855829],[-41.278599,-12.856342],[-41.278457,-12.856849],[-41.278319,-12.85735],[-41.278187,-12.857846],[-41.278059,-12.858337],[-41.277936,-12.858823],[-41.277792,-12.859409],[-41.277654,-12.859989],[-41.277524,-12.860563],[-41.2774,-12.86113],[-41.277282,-12.861693],[-41.277171,-12.862249],[-41.277066,-12.862801],[-41.276968,-12.863348],[-41.276875,-12.86389],[-41.27679,-12.864428],[-41.27671,-12.864962],[-41.276637,-12.865491],[-41.27657,-12.866016],[-41.276509,-12.866537],[-41.276454,-12.867055],[-41.276406,-12.867569],[-41.276364,-12.86808],[-41.276327,-12.868587],[-41.276297,-12.869092],[-41.276274,-12.869593],[-41.276256,-12.87009],[-41.276245,-12.870585],[-41.276239,-12.871077],[-41.27624,-12.871566],[-41.276247,-12.872052],[-41.27626,-12.872535],[-41.27628,-12.873015],[-41.276305,-12.873493],[-41.276337,-12.873969],[-41.276375,-12.874442],[-41.276419,-12.874912],[-41.276469,-12.87538],[-41.276513,-12.875744],[-41.27656,-12.87611],[-41.27661,-12.876477],[-41.276665,-12.876846],[-41.276723,-12.877217],[-41.276785,-12.877589],[-41.276851,-12.877963],[-41.27692,-12.878339],[-41.276993,-12.878717],[-41.27707,-12.879096],[-41.277151,-12.879478],[-41.277235,-12.879862],[-41.277323,-12.880247],[-41.277415,-12.880635],[-41.277511,-12.881026],[-41.277611,-12.881418],[-41.277714,-12.881813],[-41.277821,-12.88221],[-41.277933,-12.88261],[-41.278048,-12.883012],[-41.278167,-12.883417],[-41.27829,-12.883825],[-41.278417,-12.884237],[-41.278549,-12.884651],[-41.278684,-12.885069],[-41.278823,-12.88549],[-41.278967,-12.885915],[-41.279115,-12.886344],[-41.279268,-12.886777],[-41.279425,-12.887215],[-41.279586,-12.887657],[-41.279752,-12.888104],[-41.280025,-12.888822],[-41.280311,-12.889555],[-41.280609,-12.890304],[-41.280922,-12.89107],[-41.281249,-12.891856],[-41.281592,-12.892666],[-41.281953,-12.893503],[-41.282334,-12.894373],[-41.282655,-12.895097],[-41.282995,-12.895854],[-41.283745,-12.897504],[-41.284472,-12.899082],[-41.286231,-12.902879],[-41.28712,-12.90482],[-41.287556,-12.905784],[-41.287962,-12.906691],[-41.288343,-12.907556],[-41.288704,-12.908386],[-41.289065,-12.909232],[-41.289409,-12.910051],[-41.289737,-12.910847],[-41.290049,-12.911624],[-41.290349,-12.912384],[-41.290634,-12.913129],[-41.290907,-12.91386],[-41.291168,-12.914578],[-41.291628,-12.915874],[-41.292091,-12.917199],[-41.292556,-12.918554],[-41.293025,-12.919944],[-41.293499,-12.921371],[-41.293981,-12.922842],[-41.294472,-12.924363],[-41.294975,-12.925943],[-41.295413,-12.927332],[-41.295865,-12.928783],[-41.296837,-12.931943],[-41.297788,-12.935072],[-41.299539,-12.940878],[-41.300238,-12.943188],[-41.300961,-12.94556],[-41.301616,-12.94769],[-41.302363,-12.950084],[-41.303072,-12.952319],[-41.303757,-12.954437],[-41.304424,-12.95646],[-41.304828,-12.957663],[-41.305227,-12.958838],[-41.305625,-12.959989],[-41.30602,-12.961118],[-41.306414,-12.962227],[-41.306807,-12.963316],[-41.307199,-12.964388],[-41.307591,-12.965442],[-41.307984,-12.966482],[-41.308378,-12.967507],[-41.308773,-12.968517],[-41.309168,-12.969514],[-41.309566,-12.970498],[-41.309964,-12.971469],[-41.310365,-12.972428],[-41.310768,-12.973375],[-41.311454,-12.974972],[-41.312126,-12.976522],[-41.312785,-12.97803],[-41.313432,-12.979501],[-41.314072,-12.980939],[-41.314703,-12.982347],[-41.315327,-12.983728],[-41.315946,-12.985082],[-41.316561,-12.986416],[-41.317172,-12.987727],[-41.317779,-12.989016],[-41.318383,-12.990286],[-41.318984,-12.991536],[-41.319583,-12.992768],[-41.32018,-12.993983],[-41.320776,-12.995181],[-41.321374,-12.996371],[-41.321972,-12.997545],[-41.322568,-12.998704],[-41.323165,-12.999849],[-41.323761,-13.000979],[-41.324358,-13.002095],[-41.324955,-13.003198],[-41.325552,-13.004288],[-41.32615,-13.005366],[-41.326749,-13.006431],[-41.327348,-13.007484],[-41.327949,-13.008525],[-41.328551,-13.009554],[-41.329155,-13.010572],[-41.32976,-13.011578],[-41.330367,-13.012574],[-41.33075,-13.013195],[-41.331136,-13.013817],[-41.331527,-13.01444],[-41.331922,-13.015064],[-41.33232,-13.015688],[-41.332723,-13.016314],[-41.33313,-13.016941],[-41.33354,-13.017569],[-41.333955,-13.018198],[-41.334374,-13.018828],[-41.334797,-13.019459],[-41.335224,-13.020091],[-41.335655,-13.020725],[-41.336091,-13.02136],[-41.336531,-13.021997],[-41.336975,-13.022635],[-41.337423,-13.023274],[-41.337876,-13.023914],[-41.338794,-13.0252],[-41.33973,-13.026493],[-41.340685,-13.027793],[-41.341658,-13.0291],[-41.34265,-13.030417],[-41.343662,-13.031742],[-41.344695,-13.033077],[-41.345738,-13.03441],[-41.346802,-13.035755],[-41.347888,-13.037112],[-41.348997,-13.038482],[-41.350129,-13.039867],[-41.351287,-13.041268],[-41.352471,-13.042686],[-41.353683,-13.044125],[-41.354919,-13.045579],[-41.356187,-13.047057],[-41.35749,-13.048563],[-41.35883,-13.050101],[-41.360211,-13.051672],[-41.361638,-13.053285],[-41.36312,-13.054948],[-41.364665,-13.056672],[-41.365411,-13.057508],[-41.366186,-13.05839],[-41.366997,-13.059325],[-41.367859,-13.06033],[-41.368659,-13.061273],[-41.369545,-13.062325],[-41.370432,-13.063383],[-41.372788,-13.066202],[-41.374128,-13.067794],[-41.37485,-13.068646],[-41.375528,-13.069439],[-41.376174,-13.070188],[-41.376795,-13.070902],[-41.377536,-13.071745],[-41.378253,-13.072548],[-41.378951,-13.073319],[-41.379294,-13.073693],[-41.379633,-13.07406],[-41.37997,-13.074421],[-41.380303,-13.074776],[-41.380633,-13.075124],[-41.380961,-13.075467],[-41.381287,-13.075804],[-41.38161,-13.076135],[-41.381931,-13.076461],[-41.38225,-13.076782],[-41.382635,-13.077165],[-41.383018,-13.07754],[-41.383399,-13.077909],[-41.383777,-13.078271],[-41.384154,-13.078626],[-41.38453,-13.078975],[-41.384903,-13.079317],[-41.385276,-13.079653],[-41.385647,-13.079983],[-41.386017,-13.080307],[-41.386386,-13.080626],[-41.386755,-13.080938],[-41.387122,-13.081245],[-41.387489,-13.081546],[-41.387855,-13.081842],[-41.388221,-13.082132],[-41.388587,-13.082417],[-41.388952,-13.082697],[-41.389318,-13.082971],[-41.389683,-13.08324],[-41.390047,-13.083504],[-41.390412,-13.083763],[-41.390776,-13.084016],[-41.391141,-13.084264],[-41.391506,-13.084507],[-41.39187,-13.084746],[-41.392235,-13.084979],[-41.392601,-13.085207],[-41.392966,-13.08543],[-41.393332,-13.085648],[-41.393698,-13.085862],[-41.394064,-13.08607],[-41.394463,-13.086293],[-41.394867,-13.086512],[-41.395275,-13.08673],[-41.395687,-13.086946],[-41.396103,-13.087159],[-41.396523,-13.08737],[-41.396947,-13.087578],[-41.397376,-13.087785],[-41.397808,-13.087989],[-41.398245,-13.088191],[-41.398686,-13.088391],[-41.399131,-13.088588],[-41.39958,-13.088783],[-41.400034,-13.088976],[-41.400492,-13.089167],[-41.400954,-13.089355],[-41.40142,-13.089542],[-41.40189,-13.089726],[-41.402364,-13.089907],[-41.402843,-13.090087],[-41.403326,-13.090264],[-41.403813,-13.09044],[-41.404305,-13.090612],[-41.4048,-13.090783],[-41.4053,-13.090952],[-41.405805,-13.091118],[-41.406313,-13.091282],[-41.406826,-13.091444],[-41.407344,-13.091604],[-41.407865,-13.091761],[-41.408391,-13.091917],[-41.408921,-13.09207],[-41.409455,-13.092221],[-41.409993,-13.092369],[-41.410535,-13.092516],[-41.411082,-13.09266],[-41.411633,-13.092802],[-41.412189,-13.092942],[-41.412749,-13.09308],[-41.413314,-13.093216],[-41.413884,-13.09335],[-41.414458,-13.093482],[-41.415036,-13.093611],[-41.41562,-13.093739],[-41.416208,-13.093864],[-41.416801,-13.093987],[-41.417398,-13.094109],[-41.418001,-13.094228],[-41.418608,-13.094345],[-41.41922,-13.09446],[-41.419837,-13.094573],[-41.420459,-13.094685],[-41.421087,-13.094794],[-41.421719,-13.094901],[-41.422357,-13.095006],[-41.423001,-13.09511],[-41.42365,-13.095211],[-41.424305,-13.095311],[-41.425632,-13.095504],[-41.426984,-13.095691],[-41.428362,-13.09587],[-41.430111,-13.096097],[-41.433138,-13.096504],[-41.434209,-13.096646],[-41.436033,-13.096881],[-41.437149,-13.097019],[-41.438193,-13.097141],[-41.439184,-13.09725],[-41.440131,-13.097348],[-41.440651,-13.097398],[-41.44116,-13.097445],[-41.441658,-13.097489],[-41.442147,-13.097529],[-41.442627,-13.097566],[-41.443098,-13.097599],[-41.443561,-13.097629],[-41.444016,-13.097656],[-41.444463,-13.09768],[-41.444903,-13.097701],[-41.445336,-13.097718],[-41.445762,-13.097733],[-41.446181,-13.097744],[-41.446594,-13.097752],[-41.447,-13.097757],[-41.447399,-13.097758],[-41.44782,-13.097756],[-41.448234,-13.097751],[-41.448641,-13.097742],[-41.449042,-13.097729],[-41.449435,-13.097713],[-41.449822,-13.097693],[-41.450203,-13.097669],[-41.450577,-13.097642],[-41.450945,-13.097611],[-41.451307,-13.097576],[-41.451662,-13.097538],[-41.452011,-13.097496],[-41.452354,-13.09745],[-41.452691,-13.0974],[-41.453022,-13.097347],[-41.453347,-13.09729],[-41.453667,-13.09723],[-41.45398,-13.097166],[-41.454288,-13.097097],[-41.454589,-13.097026],[-41.454885,-13.09695],[-41.455175,-13.096871],[-41.455459,-13.096788],[-41.455738,-13.096701],[-41.456011,-13.09661],[-41.456278,-13.096516],[-41.456539,-13.096418],[-41.456795,-13.096316],[-41.457045,-13.09621],[-41.457289,-13.0961],[-41.457528,-13.095987],[-41.457761,-13.09587],[-41.457939,-13.095775],[-41.458116,-13.095677],[-41.458291,-13.095576],[-41.458464,-13.095471],[-41.458635,-13.095363],[-41.458803,-13.095251],[-41.458971,-13.095136],[-41.459136,-13.095017],[-41.459299,-13.094895],[-41.45946,-13.094769],[-41.45962,-13.09464],[-41.459777,-13.094508],[-41.459933,-13.094372],[-41.460087,-13.094232],[-41.460238,-13.09409],[-41.460388,-13.093943],[-41.460537,-13.093793],[-41.460683,-13.09364],[-41.460827,-13.093483],[-41.46097,-13.093323],[-41.461111,-13.093159],[-41.461249,-13.092992],[-41.461386,-13.092821],[-41.461521,-13.092647],[-41.461655,-13.092469],[-41.461786,-13.092288],[-41.461916,-13.092103],[-41.462044,-13.091914],[-41.46217,-13.091722],[-41.462294,-13.091527],[-41.462416,-13.091328],[-41.462537,-13.091125],[-41.462656,-13.090919],[-41.462772,-13.09071],[-41.462888,-13.090497],[-41.463001,-13.09028],[-41.463112,-13.09006],[-41.463222,-13.089836],[-41.46333,-13.089608],[-41.463436,-13.089377],[-41.463541,-13.089142],[-41.463644,-13.088904],[-41.463745,-13.088661],[-41.463844,-13.088416],[-41.463941,-13.088166],[-41.464037,-13.087913],[-41.464131,-13.087656],[-41.464224,-13.087395],[-41.464315,-13.08713],[-41.464403,-13.086862],[-41.464491,-13.08659],[-41.464576,-13.086314],[-41.46466,-13.086034],[-41.464743,-13.085751],[-41.464823,-13.085463],[-41.464902,-13.085172],[-41.46498,-13.084876],[-41.465055,-13.084577],[-41.465129,-13.084273],[-41.465202,-13.083966],[-41.465272,-13.083654],[-41.465342,-13.083339],[-41.465409,-13.083019],[-41.465475,-13.082695],[-41.465581,-13.082149],[-41.465683,-13.081592],[-41.46578,-13.081022],[-41.465873,-13.08044],[-41.465962,-13.079845],[-41.466047,-13.079238],[-41.466127,-13.078617],[-41.466204,-13.077983],[-41.466277,-13.077336],[-41.466346,-13.076673],[-41.46641,-13.075996],[-41.466472,-13.075303],[-41.466529,-13.074593],[-41.466583,-13.073865],[-41.466633,-13.073119],[-41.46668,-13.072353],[-41.466716,-13.071704],[-41.46675,-13.07104],[-41.466782,-13.070358],[-41.466812,-13.069657],[-41.466866,-13.068192],[-41.466912,-13.066618],[-41.466946,-13.065217],[-41.466978,-13.063655],[-41.467004,-13.062145],[-41.467063,-13.058496],[-41.467098,-13.056617],[-41.467141,-13.054763],[-41.467165,-13.05392],[-41.467191,-13.053119],[-41.467225,-13.052219],[-41.467261,-13.051361],[-41.467301,-13.05054],[-41.467345,-13.049752],[-41.467393,-13.048992],[-41.467445,-13.04826],[-41.4675,-13.047554],[-41.46756,-13.046872],[-41.467676,-13.045585],[-41.467784,-13.044292],[-41.467884,-13.042992],[-41.467977,-13.041686],[-41.468063,-13.040374],[-41.468141,-13.039055],[-41.468212,-13.03773],[-41.468275,-13.036399],[-41.468331,-13.035061],[-41.46838,-13.033718],[-41.468421,-13.032368],[-41.468454,-13.031013],[-41.46848,-13.029651],[-41.468499,-13.028284],[-41.46851,-13.026911],[-41.468514,-13.025533],[-41.46851,-13.024149],[-41.468499,-13.022759],[-41.46848,-13.021363],[-41.468454,-13.019963],[-41.468421,-13.018557],[-41.46838,-13.017146],[-41.468331,-13.01573],[-41.468275,-13.014309],[-41.468212,-13.012883],[-41.468141,-13.011452],[-41.468063,-13.010017],[-41.467977,-13.008577],[-41.467884,-13.007132],[-41.467784,-13.005684],[-41.467676,-13.004231],[-41.46756,-13.002774],[-41.467486,-13.001888],[-41.467407,-13.001],[-41.467324,-13.000107],[-41.467236,-12.999212],[-41.467144,-12.998313],[-41.467047,-12.99741],[-41.466946,-12.996504],[-41.466841,-12.995594],[-41.46673,-12.994681],[-41.466616,-12.993764],[-41.466496,-12.992843],[-41.466373,-12.991918],[-41.466244,-12.990989],[-41.466111,-12.990056],[-41.465974,-12.989118],[-41.465832,-12.988177],[-41.465685,-12.987231],[-41.465534,-12.986281],[-41.465378,-12.985327],[-41.465218,-12.984368],[-41.465053,-12.983404],[-41.464883,-12.982435],[-41.464709,-12.981461],[-41.464529,-12.980482],[-41.464345,-12.979497],[-41.464157,-12.978507],[-41.463963,-12.977512],[-41.463765,-12.97651],[-41.463562,-12.975503],[-41.463353,-12.974489],[-41.46314,-12.973469],[-41.462922,-12.972443],[-41.462478,-12.970405],[-41.462015,-12.968338],[-41.46153,-12.966241],[-41.461025,-12.964111],[-41.460499,-12.961947],[-41.45995,-12.959743],[-41.459377,-12.957497],[-41.45878,-12.955202],[-41.458163,-12.952879],[-41.457519,-12.950496],[-41.456845,-12.948044],[-41.456137,-12.945512],[-41.455395,-12.942896],[-41.454609,-12.940161],[-41.453771,-12.937276],[-41.452861,-12.934177],[-41.45266,-12.933504],[-41.452453,-12.932826],[-41.45224,-12.932142],[-41.45202,-12.931452],[-41.451794,-12.930756],[-41.451561,-12.930053],[-41.451322,-12.929342],[-41.451075,-12.928623],[-41.450822,-12.927897],[-41.450561,-12.927162],[-41.450292,-12.926417],[-41.450016,-12.925661],[-41.449731,-12.924893],[-41.449438,-12.924113],[-41.449135,-12.923319],[-41.448822,-12.922509],[-41.44829,-12.921151],[-41.447726,-12.919736],[-41.447123,-12.918248],[-41.446471,-12.91666],[-41.445887,-12.915252],[-41.445232,-12.913687],[-41.442986,-12.908357],[-41.442127,-12.906307],[-41.441267,-12.904235],[-41.440502,-12.902367],[-41.440082,-12.901326],[-41.439681,-12.900323],[-41.439297,-12.89935],[-41.438928,-12.898403],[-41.438572,-12.897477],[-41.43823,-12.896572],[-41.437899,-12.895685],[-41.437579,-12.894813],[-41.43722,-12.893814],[-41.436874,-12.892833],[-41.436542,-12.891868],[-41.436222,-12.890917],[-41.435914,-12.889979],[-41.435618,-12.889053],[-41.435334,-12.888138],[-41.435061,-12.887233],[-41.434799,-12.886337],[-41.434548,-12.88545],[-41.434307,-12.884571],[-41.434078,-12.883699],[-41.433858,-12.882835],[-41.433649,-12.881977],[-41.43345,-12.881125],[-41.433262,-12.88028],[-41.43314,-12.879706],[-41.433022,-12.879125],[-41.432908,-12.878538],[-41.432798,-12.877942],[-41.432692,-12.877339],[-41.43259,-12.876728],[-41.432492,-12.876108],[-41.432397,-12.875478],[-41.432306,-12.87484],[-41.432219,-12.874192],[-41.432135,-12.873533],[-41.432055,-12.872862],[-41.431978,-12.872179],[-41.431904,-12.871482],[-41.431833,-12.87077],[-41.431765,-12.870042],[-41.431713,-12.869446],[-41.431662,-12.868837],[-41.431564,-12.867575],[-41.431472,-12.866244],[-41.431383,-12.864818],[-41.431311,-12.863565],[-41.431237,-12.862168],[-41.431169,-12.860821],[-41.431006,-12.857511],[-41.430917,-12.855772],[-41.43082,-12.85405],[-41.430723,-12.852499],[-41.430666,-12.851668],[-41.430607,-12.850868],[-41.430547,-12.850092],[-41.430484,-12.849339],[-41.430418,-12.848604],[-41.43035,-12.847887],[-41.430279,-12.847186],[-41.430205,-12.846499],[-41.430122,-12.845773],[-41.430035,-12.845062],[-41.429944,-12.844364],[-41.429849,-12.843679],[-41.42975,-12.843004],[-41.429647,-12.84234],[-41.429539,-12.841686],[-41.429427,-12.841042],[-41.42931,-12.840407],[-41.429189,-12.83978],[-41.429063,-12.839161],[-41.428933,-12.838551],[-41.428798,-12.837948],[-41.428657,-12.837352],[-41.428512,-12.836763],[-41.428362,-12.836182],[-41.428257,-12.835787],[-41.428149,-12.835391],[-41.428037,-12.834994],[-41.427923,-12.834595],[-41.427806,-12.834196],[-41.427686,-12.833794],[-41.427564,-12.833392],[-41.427438,-12.832988],[-41.427309,-12.832582],[-41.427177,-12.832174],[-41.427042,-12.831765],[-41.426904,-12.831355],[-41.426763,-12.830942],[-41.426619,-12.830527],[-41.426472,-12.830111],[-41.426322,-12.829692],[-41.426169,-12.829272],[-41.426012,-12.828849],[-41.425852,-12.828424],[-41.425689,-12.827997],[-41.425353,-12.827134],[-41.425003,-12.82626],[-41.424639,-12.825374],[-41.42426,-12.824474],[-41.423866,-12.823558],[-41.423456,-12.822625],[-41.423113,-12.821861],[-41.422759,-12.821083],[-41.422392,-12.820288],[-41.422012,-12.819476],[-41.421617,-12.818644],[-41.421207,-12.817789],[-41.420778,-12.816906],[-41.420328,-12.815989],[-41.419541,-12.814407],[-41.418656,-12.812649],[-41.417793,-12.810949],[-41.415644,-12.806735],[-41.414509,-12.80449],[-41.413928,-12.80333],[-41.413389,-12.802241],[-41.41288,-12.801203],[-41.412398,-12.800207],[-41.411867,-12.799096],[-41.411363,-12.798021],[-41.410881,-12.796977],[-41.410421,-12.795959],[-41.40998,-12.794962],[-41.409557,-12.793986],[-41.409152,-12.793027],[-41.408956,-12.792553],[-41.408763,-12.792084],[-41.408024,-12.79028],[-41.407202,-12.788295],[-41.406283,-12.786097],[-41.404371,-12.781545],[-41.40355,-12.779586],[-41.402692,-12.777522],[-41.401929,-12.775669],[-41.401483,-12.774574],[-41.401058,-12.773522],[-41.400651,-12.772504],[-41.40026,-12.771516],[-41.399882,-12.770552],[-41.399518,-12.769611],[-41.399166,-12.76869],[-41.398825,-12.767787],[-41.398439,-12.766748],[-41.398066,-12.76573],[-41.397707,-12.76473],[-41.397361,-12.763747],[-41.397026,-12.76278],[-41.396704,-12.761826],[-41.396392,-12.760886],[-41.396092,-12.759958],[-41.395803,-12.75904],[-41.395524,-12.758133],[-41.395255,-12.757236],[-41.394997,-12.756349],[-41.394749,-12.75547],[-41.394511,-12.754601],[-41.394282,-12.753739],[-41.394064,-12.752886],[-41.393867,-12.752088],[-41.393676,-12.751287],[-41.39349,-12.750483],[-41.393311,-12.749677],[-41.393137,-12.748867],[-41.392969,-12.748054],[-41.392807,-12.747238],[-41.392651,-12.74642],[-41.392501,-12.745598],[-41.392357,-12.744773],[-41.392218,-12.743945],[-41.392086,-12.743113],[-41.391959,-12.742279],[-41.391838,-12.741441],[-41.391723,-12.7406],[-41.391614,-12.739756],[-41.39151,-12.738909],[-41.391413,-12.738059],[-41.391321,-12.737205],[-41.391235,-12.736348],[-41.391155,-12.735488],[-41.391081,-12.734624],[-41.391013,-12.733757],[-41.39095,-12.732886],[-41.390893,-12.732012],[-41.390842,-12.731135],[-41.390797,-12.730254],[-41.390758,-12.729369],[-41.390724,-12.728481],[-41.390697,-12.72759],[-41.390675,-12.726694],[-41.390659,-12.725796],[-41.390648,-12.724894],[-41.390644,-12.723988],[-41.390645,-12.723079],[-41.390652,-12.722166],[-41.390665,-12.72125],[-41.390684,-12.720329],[-41.390708,-12.719405],[-41.390739,-12.718476],[-41.390775,-12.717544],[-41.390817,-12.716607],[-41.390864,-12.715667],[-41.390918,-12.714722],[-41.390977,-12.713774],[-41.391042,-12.712821],[-41.391113,-12.711863],[-41.39119,-12.710902],[-41.391272,-12.709936],[-41.391361,-12.708966],[-41.391455,-12.707991],[-41.391555,-12.707011],[-41.391661,-12.706027],[-41.391773,-12.705039],[-41.39189,-12.704045],[-41.392014,-12.703047],[-41.392143,-12.702044],[-41.392278,-12.701035],[-41.39242,-12.700022],[-41.392567,-12.699004],[-41.39272,-12.69798],[-41.392879,-12.696951],[-41.393043,-12.695916],[-41.393214,-12.694876],[-41.393377,-12.693911],[-41.393545,-12.692941],[-41.393719,-12.691966],[-41.393897,-12.690986],[-41.39408,-12.690001],[-41.394269,-12.68901],[-41.394463,-12.688014],[-41.394662,-12.687012],[-41.394867,-12.686005],[-41.395076,-12.684992],[-41.395291,-12.683973],[-41.395512,-12.682948],[-41.395738,-12.681916],[-41.395969,-12.680879],[-41.396205,-12.679834],[-41.396447,-12.678783],[-41.396695,-12.677726],[-41.396948,-12.676662],[-41.397206,-12.675591],[-41.39747,-12.674512],[-41.39774,-12.673425],[-41.398016,-12.67233],[-41.398297,-12.671227],[-41.398585,-12.670115],[-41.399178,-12.667865],[-41.399796,-12.665575],[-41.40044,-12.663243],[-41.40111,-12.660865],[-41.401709,-12.658781],[-41.402329,-12.656657],[-41.402973,-12.654486],[-41.403641,-12.652263],[-41.404336,-12.649986],[-41.40506,-12.647641],[-41.405817,-12.645219],[-41.406612,-12.642702],[-41.40798,-12.638425],[-41.409521,-12.633671],[-41.410994,-12.629166],[-41.414372,-12.61888],[-41.415948,-12.614047],[-41.417329,-12.609768],[-41.418563,-12.605892],[-41.419274,-12.603661],[-41.420005,-12.601417],[-41.420755,-12.599159],[-41.421525,-12.596887],[-41.422314,-12.5946],[-41.423123,-12.592297],[-41.423952,-12.589977],[-41.424802,-12.587641],[-41.425672,-12.585288],[-41.426563,-12.582915],[-41.427476,-12.580523],[-41.42841,-12.57811],[-41.429367,-12.575676],[-41.430346,-12.573218],[-41.431349,-12.570735],[-41.432375,-12.568226],[-41.433414,-12.565717],[-41.434479,-12.56318],[-41.435569,-12.560611],[-41.436685,-12.558008],[-41.43783,-12.555369],[-41.439004,-12.552691],[-41.440208,-12.54997],[-41.441445,-12.547201],[-41.44271,-12.544396],[-41.444013,-12.541533],[-41.445356,-12.538605],[-41.446743,-12.535603],[-41.448178,-12.532522],[-41.449669,-12.529342],[-41.451225,-12.526043],[-41.452861,-12.522596],[-41.453184,-12.521921],[-41.453517,-12.521233],[-41.45386,-12.520532],[-41.454214,-12.519816],[-41.454581,-12.519083],[-41.45496,-12.518329],[-41.455768,-12.516746],[-41.456507,-12.515318],[-41.457335,-12.513734],[-41.458154,-12.512178],[-41.46026,-12.508191],[-41.461411,-12.505994],[-41.462016,-12.504828],[-41.462578,-12.503736],[-41.463107,-12.502696],[-41.463608,-12.501699],[-41.464188,-12.500531],[-41.464737,-12.499405],[-41.465261,-12.498311],[-41.465761,-12.497247],[-41.46624,-12.496205],[-41.466472,-12.495692],[-41.466699,-12.495184],[-41.466921,-12.494681],[-41.467139,-12.494183],[-41.467352,-12.493688],[-41.46756,-12.493197],[-41.467917,-12.492348],[-41.468271,-12.491496],[-41.468622,-12.490642],[-41.468971,-12.489785],[-41.469316,-12.488926],[-41.469659,-12.488065],[-41.469998,-12.487202],[-41.470335,-12.486336],[-41.470669,-12.485468],[-41.470999,-12.484598],[-41.471327,-12.483726],[-41.471652,-12.482852],[-41.471974,-12.481976],[-41.472293,-12.481098],[-41.472609,-12.480218],[-41.472922,-12.479336],[-41.473232,-12.478452],[-41.473539,-12.477566],[-41.473843,-12.476678],[-41.474144,-12.475788],[-41.474442,-12.474897],[-41.474737,-12.474004],[-41.475028,-12.473109],[-41.475317,-12.472212],[-41.475602,-12.471313],[-41.475885,-12.470413],[-41.476164,-12.469511],[-41.47644,-12.468608],[-41.476713,-12.467703],[-41.476983,-12.466797],[-41.47725,-12.465889],[-41.477514,-12.464979],[-41.477774,-12.464068],[-41.478032,-12.463156],[-41.478286,-12.462242],[-41.478537,-12.461327],[-41.478784,-12.46041],[-41.479029,-12.459492],[-41.47927,-12.458573],[-41.479508,-12.457653],[-41.479743,-12.456732],[-41.479975,-12.455809],[-41.480203,-12.454885],[-41.480428,-12.45396],[-41.48065,-12.453034],[-41.480868,-12.452107],[-41.481084,-12.451179],[-41.481296,-12.45025],[-41.481504,-12.44932],[-41.48171,-12.44839],[-41.481912,-12.447458],[-41.48211,-12.446525],[-41.482306,-12.445592],[-41.482498,-12.444658],[-41.482687,-12.443723],[-41.482872,-12.442787],[-41.483054,-12.441851],[-41.483233,-12.440914],[-41.483408,-12.439976],[-41.48358,-12.439038],[-41.483749,-12.438099],[-41.483914,-12.43716],[-41.484076,-12.43622],[-41.484234,-12.43528],[-41.484389,-12.434339],[-41.484541,-12.433399],[-41.484689,-12.432457],[-41.484834,-12.431516],[-41.484975,-12.430574],[-41.485113,-12.429632],[-41.485248,-12.42869],[-41.485379,-12.427747],[-41.485507,-12.426804],[-41.485631,-12.425861],[-41.485752,-12.424919],[-41.485869,-12.423975],[-41.485983,-12.423032],[-41.486093,-12.422089],[-41.4862,-12.421146],[-41.486304,-12.420203],[-41.486404,-12.41926],[-41.4865,-12.418317],[-41.486593,-12.417375],[-41.486683,-12.416432],[-41.486769,-12.41549],[-41.486852,-12.414548],[-41.486931,-12.413606],[-41.487007,-12.412665],[-41.487079,-12.411724],[-41.487148,-12.410783],[-41.487213,-12.409842],[-41.487274,-12.408903],[-41.487333,-12.407963],[-41.487387,-12.407024],[-41.487439,-12.406086],[-41.487486,-12.405148],[-41.487531,-12.40421],[-41.487571,-12.403274],[-41.487608,-12.402338],[-41.487642,-12.401402],[-41.487672,-12.400468],[-41.487699,-12.399534],[-41.487722,-12.398601],[-41.487742,-12.397668],[-41.487758,-12.396737],[-41.487771,-12.395806],[-41.48778,-12.394876],[-41.487785,-12.393947],[-41.487787,-12.393019],[-41.487786,-12.392092],[-41.487781,-12.391166],[-41.487772,-12.390241],[-41.48776,-12.389317],[-41.487745,-12.388394],[-41.487726,-12.387473],[-41.487703,-12.386552],[-41.487677,-12.385633],[-41.487648,-12.384714],[-41.487615,-12.383797],[-41.487578,-12.382881],[-41.487538,-12.381967],[-41.487495,-12.381054],[-41.487448,-12.380142],[-41.487397,-12.379231],[-41.487343,-12.378322],[-41.487285,-12.377414],[-41.487224,-12.376508],[-41.48716,-12.375603],[-41.487118,-12.37505],[-41.487072,-12.374492],[-41.487024,-12.373929],[-41.486972,-12.37336],[-41.486917,-12.372785],[-41.486859,-12.372203],[-41.486797,-12.371615],[-41.486731,-12.371019],[-41.48659,-12.369805],[-41.486435,-12.368555],[-41.486264,-12.367264],[-41.486077,-12.365923],[-41.485909,-12.364769],[-41.485728,-12.363563],[-41.485531,-12.362294],[-41.485314,-12.360939],[-41.484893,-12.35837],[-41.484106,-12.353672],[-41.4838,-12.351826],[-41.483494,-12.349942],[-41.483226,-12.348247],[-41.483079,-12.347286],[-41.48294,-12.34636],[-41.48281,-12.345464],[-41.482687,-12.344594],[-41.48257,-12.343744],[-41.48246,-12.342914],[-41.482357,-12.342101],[-41.48226,-12.341304],[-41.482025,-12.339323],[-41.481796,-12.337341],[-41.481572,-12.335358],[-41.481354,-12.333374],[-41.481141,-12.33139],[-41.480932,-12.329406],[-41.48073,-12.327421],[-41.480532,-12.325435],[-41.48034,-12.323449],[-41.480152,-12.321462],[-41.479971,-12.319475],[-41.479794,-12.317487],[-41.479622,-12.315498],[-41.479456,-12.313509],[-41.479295,-12.31152],[-41.47914,-12.309529],[-41.478989,-12.307539],[-41.478844,-12.305547],[-41.478704,-12.303555],[-41.478569,-12.301563],[-41.478439,-12.29957],[-41.478315,-12.297576],[-41.478196,-12.295582],[-41.478082,-12.293587],[-41.477974,-12.291591],[-41.47787,-12.289595],[-41.477772,-12.287599],[-41.477679,-12.285602],[-41.477592,-12.283604],[-41.477509,-12.281606],[-41.477432,-12.279607],[-41.47736,-12.277607]]]}}
]
}
