{
"type": "FeatureCollection",
"xy_coordinate_resolution": 1e-06,
"features": [
{"type":"Feature","properties":{"nome":"Bahia","sigla":"BA","cod_uf":"29","fonte":"IBGE, malha municipal 2023 (dissolvida e simplificada)"},"geometry":{"type":"GeometryCollection","geometries":[{"type":"MultiPolygon","coordinates":[[[[-39.268416,-17.869269],[-39.264386,-17.862803],[-39.271497,-17.853759],[-39.265921,-17.843478],[-39.276283,-17.855718],[-39.279419,-17.862842],[-39.277214,-17.869036],[-39.281469,-17.873613],[-39.298309,-17.877949],[-39.310502,-17.875766],[-39.324577,-17.878908],[-39.331278,-17.887214],[-39.327708,-17.880627],[-39.336539,-17.878228],[-39.351252,-17.884189],[-39.357502,-17.883611],[-39.334815,-17.890872],[-39.334461,-17.894001],[-39.340707,-17.88938],[-39.355354,-17.88695],[-39.335901,-17.896399],[-39.324894,-17.894416],[-39.268416,-17.869269]]],[[[-39.280284,-17.86221],[-39.277593,-17.857122],[-39.279771,-17.853525],[-39.285795,-17.859072],[-39.294397,-17.861354],[-39.306595,-17.857302],[-39.307302,-17.85388],[-39.311656,-17.85438],[-39.321228,-17.860069],[-39.325685,-17.868198],[-39.325716,-17.875995],[-39.328401,-17.877772],[-39.31074,-17.875077],[-39.298268,-17.877328],[-39.291845,-17.873549],[-39.282112,-17.873121],[-39.278412,-17.869258],[-39.280284,-17.86221]]],[[[-39.324464,-17.863838],[-39.321181,-17.85899],[-39.311032,-17.853315],[-39.306937,-17.853148],[-39.306396,-17.856764],[-39.295794,-17.860378],[-39.286259,-17.858367],[-39.280584,-17.852813],[-39.276738,-17.854368],[-39.266064,-17.841692],[-39.265951,-17.834195],[-39.26846,-17.833941],[-39.26654,-17.833526],[-39.265582,-17.833933],[-39.264946,-17.840925],[-39.260423,-17.831686],[-39.236504,-17.804154],[-39.237586,-17.803361],[-39.236295,-17.800916],[-39.245459,-17.800729],[-39.248727,-17.79902],[-39.251996,-17.803133],[-39.251762,-17.809708],[-39.252819,-17.80856],[-39.252993,-17.804923],[-39.249396,-17.797753],[-39.255483,-17.793765],[-39.25028,-17.795123],[-39.244356,-17.799782],[-39.245251,-17.795848],[-39.241348,-17.791226],[-39.239194,-17.790786],[-39.234347,-17.792944],[-39.231817,-17.789475],[-39.233134,-17.787688],[-39.232316,-17.783325],[-39.228994,-17.777314],[-39.232962,-17.777951],[-39.230244,-17.776672],[-39.220653,-17.777092],[-39.215644,-17.768483],[-39.225992,-17.768046],[-39.225786,-17.772006],[-39.232694,-17.774042],[-39.232303,-17.771918],[-39.23068,-17.771109],[-39.23707,-17.770101],[-39.24609,-17.779894],[-39.237244,-17.769204],[-39.230076,-17.770493],[-39.230404,-17.772477],[-39.229162,-17.771414],[-39.22631,-17.771514],[-39.227649,-17.769014],[-39.225953,-17.767483],[-39.215416,-17.767738],[-39.211343,-17.770869],[-39.20594,-17.769505],[-39.201469,-17.763044],[-39.20393,-17.757238],[-39.226318,-17.765129],[-39.230546,-17.763262],[-39.229211,-17.757355],[-39.238167,-17.755055],[-39.236373,-17.756025],[-39.236627,-17.757234],[-39.239461,-17.756794],[-39.243529,-17.762691],[-39.240115,-17.756408],[-39.23686,-17.756331],[-39.261125,-17.749559],[-39.26919,-17.743618],[-39.273587,-17.732422],[-39.279773,-17.732034],[-39.280167,-17.739765],[-39.27387,-17.74661],[-39.273012,-17.756526],[-39.268304,-17.760079],[-39.274155,-17.757201],[-39.287583,-17.761181],[-39.288396,-17.765845],[-39.280222,-17.764335],[-39.277175,-17.768596],[-39.286596,-17.783979],[-39.297463,-17.780963],[-39.307231,-17.782835],[-39.29839,-17.803097],[-39.309211,-17.81153],[-39.302136,-17.815394],[-39.303732,-17.816053],[-39.306597,-17.813807],[-39.30651,-17.821642],[-39.31278,-17.827033],[-39.318155,-17.828702],[-39.324427,-17.825773],[-39.329751,-17.828554],[-39.334467,-17.828223],[-39.328347,-17.839235],[-39.315786,-17.846601],[-39.314772,-17.851809],[-39.323997,-17.856954],[-39.329795,-17.853982],[-39.341854,-17.855376],[-39.347936,-17.849673],[-39.349493,-17.867013],[-39.355871,-17.880727],[-39.351778,-17.882798],[-39.338086,-17.876616],[-39.329377,-17.879323],[-39.324464,-17.863838]]],[[[-39.291103,-17.764587],[-39.283658,-17.755548],[-39.286253,-17.749232],[-39.286579,-17.75608],[-39.293579,-17.755802],[-39.29771,-17.761211],[-39.302002,-17.763609],[-39.302254,-17.769494],[-39.311128,-17.769528],[-39.315934,-17.776399],[-39.32407,-17.782482],[-39.322225,-17.806739],[-39.324792,-17.810642],[-39.335719,-17.812117],[-39.338281,-17.821426],[-39.334455,-17.826969],[-39.32574,-17.824709],[-39.318448,-17.828287],[-39.311993,-17.824317],[-39.315247,-17.819684],[-39.312856,-17.811907],[-39.299497,-17.803194],[-39.307965,-17.781557],[-39.29892,-17.778632],[-39.287679,-17.782485],[-39.279327,-17.768401],[-39.288984,-17.768343],[-39.291103,-17.764587]]],[[[-39.205818,-17.770659],[-39.214672,-17.771551],[-39.220247,-17.778002],[-39.228381,-17.778002],[-39.231369,-17.78277],[-39.230795,-17.789411],[-39.232942,-17.792732],[-39.234494,-17.79357],[-39.24018,-17.791379],[-39.244733,-17.79628],[-39.235877,-17.800621],[-39.23534,-17.803363],[-39.205818,-17.770659]]],[[[-39.2032,-17.756373],[-39.199546,-17.763663],[-39.18012,-17.747262],[-39.183011,-17.745219],[-39.2032,-17.756373]]],[[[-39.040748,-14.092381],[-39.052651,-14.095207],[-39.052235,-14.104803],[-39.045075,-14.104227],[-39.040748,-14.092381]]],[[[-39.048677,-14.09257],[-39.047366,-14.089121],[-39.054506,-14.083531],[-39.06143,-14.089025],[-39.068127,-14.087734],[-39.071583,-14.095427],[-39.06337,-14.103271],[-39.05957,-14.100498],[-39.062449,-14.099314],[-39.055515,-14.096915],[-39.055704,-14.091875],[-39.048677,-14.09257]]],[[[-39.007615,-13.940123],[-39.00738,-13.936123],[-39.011451,-13.932895],[-39.010713,-13.923712],[-39.01777,-13.933239],[-39.014902,-13.940371],[-39.007615,-13.940123]]],[[[-38.997233,-13.899852],[-38.99955,-13.897766],[-39.009596,-13.917711],[-39.019008,-13.913574],[-39.027086,-13.916163],[-39.016534,-13.922682],[-39.006146,-13.921668],[-38.999592,-13.915162],[-38.999704,-13.901031],[-38.997233,-13.899852]]],[[[-39.059876,-13.886573],[-39.067521,-13.888041],[-39.071255,-13.908815],[-39.060109,-13.903595],[-39.051517,-13.903595],[-39.052283,-13.909654],[-39.046605,-13.903438],[-39.046721,-13.907756],[-39.041025,-13.90592],[-39.040005,-13.902371],[-39.059876,-13.886573]]],[[[-39.006045,-13.854858],[-39.012483,-13.850077],[-39.017672,-13.857484],[-39.027348,-13.857917],[-39.02023,-13.862125],[-39.021718,-13.864926],[-39.026941,-13.864615],[-39.027263,-13.869045],[-39.022616,-13.872423],[-39.029478,-13.868881],[-39.032057,-13.875725],[-39.035155,-13.875384],[-39.035028,-13.878255],[-39.042999,-13.877305],[-39.047053,-13.881011],[-39.051926,-13.878772],[-39.053022,-13.884697],[-39.037699,-13.899227],[-39.03375,-13.89776],[-39.03896,-13.890869],[-39.037238,-13.886425],[-39.022908,-13.886592],[-39.026416,-13.889185],[-39.03759,-13.887897],[-39.030246,-13.900847],[-39.01936,-13.895085],[-39.006045,-13.854858]]],[[[-39.072342,-13.767562],[-39.074271,-13.761808],[-39.100366,-13.751679],[-39.093952,-13.763794],[-39.072342,-13.767562]]],[[[-39.044151,-13.482978],[-39.053106,-13.479866],[-39.064198,-13.487085],[-39.059706,-13.487169],[-39.059368,-13.488788],[-39.061575,-13.496326],[-39.059996,-13.495477],[-39.056969,-13.498015],[-39.059194,-13.501632],[-39.062182,-13.501547],[-39.061149,-13.506104],[-39.061991,-13.502866],[-39.064653,-13.503544],[-39.06935,-13.497597],[-39.070565,-13.509562],[-39.068326,-13.510448],[-39.067101,-13.514391],[-39.063706,-13.513027],[-39.062184,-13.514269],[-39.064222,-13.5253],[-39.066236,-13.520679],[-39.062949,-13.514246],[-39.067791,-13.514577],[-39.068689,-13.510822],[-39.081774,-13.516779],[-39.075169,-13.527561],[-39.069213,-13.529946],[-39.071556,-13.535439],[-39.076505,-13.53585],[-39.076293,-13.545273],[-39.070843,-13.544979],[-39.06476,-13.549802],[-39.069476,-13.557979],[-39.063354,-13.561944],[-39.057126,-13.577649],[-39.049189,-13.57884],[-39.047282,-13.573433],[-39.0466,-13.575863],[-39.034195,-13.577618],[-39.027991,-13.583724],[-39.025428,-13.577483],[-39.018259,-13.572338],[-39.008422,-13.571127],[-39.000663,-13.575587],[-39.00049,-13.569145],[-38.994185,-13.565269],[-39.00139,-13.555418],[-39.003419,-13.547317],[-38.995671,-13.548817],[-38.992698,-13.542541],[-38.994109,-13.540785],[-38.996386,-13.544819],[-38.995278,-13.53956],[-38.998289,-13.537639],[-38.994171,-13.530216],[-38.996408,-13.523763],[-38.999817,-13.524295],[-38.997514,-13.521962],[-38.999696,-13.521962],[-39.0001,-13.518282],[-39.013682,-13.506961],[-39.010983,-13.506755],[-39.012627,-13.498547],[-39.022812,-13.500779],[-39.034279,-13.497614],[-39.047088,-13.500728],[-39.045875,-13.498875],[-39.04287,-13.497495],[-39.036154,-13.497912],[-39.044151,-13.482978]]],[[[-38.990499,-13.499746],[-38.998873,-13.497077],[-39.004789,-13.502781],[-39.001731,-13.514668],[-38.998272,-13.508453],[-38.995097,-13.506932],[-38.991132,-13.508093],[-38.990499,-13.499746]]],[[[-39.061834,-13.496702],[-39.060158,-13.487575],[-39.065321,-13.487681],[-39.068977,-13.495],[-39.063446,-13.501593],[-39.057654,-13.499024],[-39.061834,-13.496702]]],[[[-42.291289,-15.105817],[-42.283946,-15.104657],[-42.278262,-15.113404],[-42.271887,-15.115499],[-42.267547,-15.121199],[-42.262169,-15.113712],[-42.241588,-15.104084],[-42.230703,-15.102896],[-42.227788,-15.096565],[-42.220791,-15.098896],[-42.214709,-15.106076],[-42.201982,-15.099676],[-42.19542,-15.102494],[-42.179691,-15.101415],[-42.18136,-15.088895],[-42.172524,-15.086429],[-42.167115,-15.093558],[-42.155029,-15.096058],[-42.152459,-15.102146],[-42.154901,-15.112187],[-42.141678,-15.128376],[-42.126499,-15.132779],[-42.118411,-15.129336],[-42.11806,-15.139974],[-42.110051,-15.152024],[-42.106516,-15.167794],[-42.098482,-15.168424],[-42.095562,-15.182852],[-42.089683,-15.186517],[-42.085804,-15.185825],[-42.076659,-15.174838],[-42.066801,-15.170537],[-42.062453,-15.171511],[-42.051882,-15.166458],[-42.041806,-15.169667],[-42.018637,-15.162387],[-42.008205,-15.163994],[-41.995823,-15.15846],[-41.988815,-15.167945],[-41.969636,-15.167187],[-41.944296,-15.178741],[-41.93261,-15.174388],[-41.929783,-15.163226],[-41.917318,-15.159432],[-41.914327,-15.155741],[-41.899223,-15.153187],[-41.889594,-15.142138],[-41.878753,-15.135965],[-41.875781,-15.122987],[-41.870111,-15.116094],[-41.862256,-15.113962],[-41.853396,-15.117859],[-41.833275,-15.107959],[-41.8176,-15.108958],[-41.816115,-15.101631],[-41.810875,-15.099914],[-41.79573,-15.102008],[-41.356545,-15.497342],[-41.328207,-15.741536],[-41.3154,-15.744028],[-41.284148,-15.738784],[-41.272808,-15.747382],[-41.256395,-15.75117],[-41.242018,-15.73843],[-41.227865,-15.735599],[-41.212957,-15.737117],[-41.20106,-15.749362],[-41.156145,-15.761795],[-41.14633,-15.771842],[-41.141337,-15.772105],[-41.135565,-15.769122],[-41.13289,-15.759887],[-41.134451,-15.752977],[-41.126854,-15.745866],[-41.11881,-15.742373],[-41.103797,-15.744446],[-41.090643,-15.741481],[-41.088664,-15.731749],[-41.077373,-15.719033],[-41.0462,-15.723919],[-41.017711,-15.713151],[-41.00073,-15.723286],[-40.999268,-15.710144],[-40.978742,-15.689798],[-40.98019,-15.682558],[-40.973504,-15.665984],[-40.96453,-15.657101],[-40.959857,-15.647109],[-40.950249,-15.654468],[-40.934855,-15.655562],[-40.930771,-15.65976],[-40.921362,-15.657021],[-40.913582,-15.65905],[-40.906225,-15.669188],[-40.907462,-15.680009],[-40.904127,-15.687506],[-40.899884,-15.691617],[-40.882863,-15.690519],[-40.879648,-15.695428],[-40.854572,-15.686268],[-40.848599,-15.680663],[-40.843697,-15.682202],[-40.837896,-15.67166],[-40.83021,-15.671515],[-40.832176,-15.665997],[-40.829029,-15.649741],[-40.820007,-15.644295],[-40.808899,-15.645943],[-40.807685,-15.655254],[-40.801922,-15.65817],[-40.790826,-15.656422],[-40.787037,-15.66789],[-40.781371,-15.672792],[-40.779668,-15.681325],[-40.784985,-15.690758],[-40.782805,-15.701304],[-40.773495,-15.709899],[-40.76825,-15.708792],[-40.759121,-15.715524],[-40.734682,-15.699296],[-40.744842,-15.683017],[-40.738994,-15.673208],[-40.727204,-15.674636],[-40.722035,-15.670132],[-40.713049,-15.671621],[-40.710137,-15.665282],[-40.703479,-15.664469],[-40.695007,-15.669752],[-40.694879,-15.67579],[-40.685552,-15.685085],[-40.687085,-15.688448],[-40.680875,-15.693922],[-40.680933,-15.698844],[-40.673252,-15.699068],[-40.667802,-15.705247],[-40.661052,-15.705056],[-40.641093,-15.730999],[-40.638761,-15.731043],[-40.635447,-15.720628],[-40.628403,-15.717332],[-40.613289,-15.734562],[-40.603863,-15.738831],[-40.598596,-15.745463],[-40.603599,-15.758291],[-40.59262,-15.761197],[-40.594178,-15.770089],[-40.590199,-15.772903],[-40.568167,-15.774758],[-40.569412,-15.781623],[-40.5744,-15.784568],[-40.571574,-15.793915],[-40.565549,-15.797081],[-40.563875,-15.802814],[-40.55472,-15.804428],[-40.546877,-15.795918],[-40.53596,-15.794248],[-40.518133,-15.797897],[-40.515813,-15.792355],[-40.51929,-15.780668],[-40.508056,-15.766759],[-40.503309,-15.76336],[-40.493169,-15.765854],[-40.488247,-15.773614],[-40.482209,-15.775803],[-40.459039,-15.75235],[-40.431842,-15.777932],[-40.426344,-15.789942],[-40.427214,-15.801099],[-40.423886,-15.806064],[-40.41814,-15.808244],[-40.414119,-15.805847],[-40.401597,-15.815838],[-40.401806,-15.812693],[-40.396694,-15.813392],[-40.391615,-15.819519],[-40.381941,-15.814017],[-40.374613,-15.821046],[-40.37151,-15.81411],[-40.365426,-15.816978],[-40.356997,-15.812587],[-40.33891,-15.816785],[-40.337147,-15.823757],[-40.331475,-15.822593],[-40.328356,-15.817909],[-40.321274,-15.820491],[-40.314124,-15.818681],[-40.312118,-15.815196],[-40.293722,-15.816033],[-40.281527,-15.807508],[-40.273499,-15.817538],[-40.268533,-15.812348],[-40.26277,-15.812743],[-40.264334,-15.808786],[-40.254767,-15.810104],[-40.246422,-15.804632],[-40.232251,-15.802513],[-40.227382,-15.818166],[-40.221953,-15.820977],[-40.224723,-15.825245],[-40.217105,-15.826306],[-40.218685,-15.834483],[-40.212664,-15.835211],[-40.212402,-15.842068],[-40.205177,-15.845627],[-40.206681,-15.853782],[-40.198725,-15.856457],[-40.200176,-15.86158],[-40.194101,-15.857223],[-40.188868,-15.857451],[-40.185665,-15.863278],[-40.182109,-15.862552],[-40.174229,-15.869951],[-40.164846,-15.868279],[-40.167253,-15.881573],[-40.163464,-15.886355],[-40.164499,-15.892557],[-40.174022,-15.89734],[-40.174528,-15.904346],[-40.169279,-15.906909],[-40.16646,-15.904581],[-40.163798,-15.909759],[-40.159878,-15.908325],[-40.155477,-15.897983],[-40.148695,-15.905073],[-40.146463,-15.898136],[-40.139421,-15.898516],[-40.137198,-15.905052],[-40.129515,-15.907805],[-40.125467,-15.903423],[-40.116349,-15.903098],[-40.112634,-15.910943],[-40.105781,-15.911893],[-40.097253,-15.907259],[-40.097863,-15.900938],[-40.092882,-15.89606],[-40.084394,-15.89654],[-40.081821,-15.904428],[-40.086758,-15.91387],[-40.081083,-15.923553],[-40.0722,-15.914207],[-40.073,-15.910019],[-40.065647,-15.910429],[-40.071811,-15.926264],[-40.066164,-15.924765],[-40.069862,-15.930115],[-40.068608,-15.933874],[-40.077596,-15.93444],[-40.079036,-15.938426],[-40.075381,-15.941406],[-40.070985,-15.937449],[-40.065999,-15.939547],[-40.066564,-15.949763],[-40.058879,-15.952543],[-40.066641,-15.959111],[-40.062466,-15.963063],[-40.045887,-15.962078],[-40.042764,-15.968486],[-40.045845,-15.971698],[-40.030403,-15.973101],[-40.032608,-15.977923],[-40.025932,-15.980973],[-40.027152,-15.986155],[-40.023279,-15.988329],[-40.021859,-15.984128],[-40.013052,-15.983965],[-40.008612,-15.994076],[-40.000787,-15.99414],[-40.002355,-16.000928],[-39.994457,-16.000273],[-39.991231,-15.994222],[-39.980324,-15.996085],[-39.977223,-15.999472],[-39.980448,-16.005109],[-39.963195,-16.004503],[-39.963764,-15.997799],[-39.955317,-15.990862],[-39.931631,-15.995336],[-39.928838,-16.005229],[-39.93508,-16.013532],[-39.934571,-16.025731],[-39.930741,-16.028491],[-39.914506,-16.027314],[-39.907432,-16.035291],[-39.903363,-16.049246],[-39.887585,-16.052164],[-39.888079,-16.063096],[-39.875151,-16.078283],[-39.87815,-16.085502],[-39.874909,-16.08885],[-39.876754,-16.091741],[-39.866438,-16.094603],[-39.866914,-16.098849],[-39.856238,-16.112408],[-39.860703,-16.123122],[-39.867314,-16.128317],[-39.878735,-16.130583],[-39.878347,-16.139953],[-39.885734,-16.14665],[-39.889016,-16.14446],[-39.884365,-16.155859],[-39.887407,-16.160625],[-39.883185,-16.167881],[-39.889302,-16.175308],[-39.881924,-16.187037],[-39.883803,-16.198381],[-39.89321,-16.198184],[-39.902991,-16.210193],[-39.912251,-16.210265],[-39.9098,-16.213894],[-39.923697,-16.230365],[-39.924149,-16.234839],[-39.934912,-16.243746],[-39.927656,-16.258128],[-39.917621,-16.267457],[-39.914989,-16.285474],[-39.926651,-16.284385],[-39.935981,-16.290367],[-39.9441,-16.291008],[-39.945338,-16.296161],[-39.954389,-16.301099],[-39.960412,-16.322058],[-39.965169,-16.325913],[-39.97064,-16.32699],[-39.969955,-16.318635],[-39.977766,-16.318222],[-39.984761,-16.311097],[-39.997804,-16.322768],[-39.993813,-16.330185],[-40.009528,-16.34118],[-40.009706,-16.356625],[-40.013837,-16.354129],[-40.023499,-16.35684],[-40.027557,-16.369338],[-40.021132,-16.372527],[-40.024582,-16.381294],[-40.032801,-16.380854],[-40.031982,-16.391427],[-40.041157,-16.400491],[-40.039098,-16.403242],[-40.04213,-16.407524],[-40.038288,-16.412618],[-40.044512,-16.416796],[-40.043962,-16.420875],[-40.051094,-16.422207],[-40.052433,-16.431917],[-40.058131,-16.43346],[-40.062066,-16.440118],[-40.055507,-16.444261],[-40.05556,-16.448278],[-40.065392,-16.452],[-40.06491,-16.456588],[-40.070838,-16.462474],[-40.081171,-16.465146],[-40.083825,-16.458641],[-40.089139,-16.46184],[-40.092878,-16.459236],[-40.091694,-16.454347],[-40.097638,-16.447358],[-40.092003,-16.434412],[-40.09475,-16.432495],[-40.095268,-16.423468],[-40.098506,-16.422646],[-40.102992,-16.437438],[-40.113518,-16.454605],[-40.114719,-16.465982],[-40.119846,-16.466672],[-40.140719,-16.496847],[-40.157668,-16.513023],[-40.160826,-16.52311],[-40.167834,-16.520705],[-40.170126,-16.523068],[-40.167855,-16.534393],[-40.174053,-16.537256],[-40.165871,-16.537108],[-40.164115,-16.54267],[-40.160241,-16.543341],[-40.160383,-16.556669],[-40.153587,-16.561695],[-40.160473,-16.570655],[-40.157905,-16.579475],[-40.171514,-16.576338],[-40.173433,-16.582262],[-40.189328,-16.56992],[-40.199281,-16.569943],[-40.20107,-16.574934],[-40.204546,-16.571599],[-40.211384,-16.572494],[-40.234022,-16.557178],[-40.234374,-16.561995],[-40.245335,-16.565729],[-40.246317,-16.573675],[-40.254061,-16.568686],[-40.260577,-16.575199],[-40.274346,-16.572745],[-40.274693,-16.577456],[-40.282904,-16.586255],[-40.287123,-16.598463],[-40.28296,-16.603322],[-40.286958,-16.609748],[-40.286068,-16.614274],[-40.291785,-16.622413],[-40.298919,-16.653554],[-40.311972,-16.67438],[-40.310636,-16.685057],[-40.315734,-16.692203],[-40.313788,-16.695516],[-40.304814,-16.697303],[-40.302329,-16.706767],[-40.309214,-16.714048],[-40.311706,-16.726285],[-40.309642,-16.731612],[-40.328387,-16.728463],[-40.333405,-16.735405],[-40.32132,-16.746371],[-40.333655,-16.749019],[-40.32963,-16.751137],[-40.329629,-16.765459],[-40.338119,-16.779341],[-40.338252,-16.785927],[-40.328956,-16.791834],[-40.325352,-16.789943],[-40.323119,-16.793],[-40.326327,-16.799718],[-40.32102,-16.801458],[-40.304981,-16.795931],[-40.293939,-16.796104],[-40.289359,-16.802152],[-40.293331,-16.807241],[-40.285299,-16.80927],[-40.280181,-16.806383],[-40.278481,-16.79894],[-40.270901,-16.794447],[-40.258052,-16.805444],[-40.258187,-16.82095],[-40.253172,-16.824783],[-40.250469,-16.831694],[-40.251845,-16.839223],[-40.247019,-16.846212],[-40.25222,-16.848052],[-40.252485,-16.860276],[-40.256481,-16.861386],[-40.259726,-16.85795],[-40.265338,-16.86],[-40.264966,-16.864602],[-40.271635,-16.869309],[-40.279936,-16.900715],[-40.286695,-16.906352],[-40.295446,-16.905292],[-40.302855,-16.891823],[-40.306816,-16.897485],[-40.314823,-16.900263],[-40.316153,-16.905616],[-40.322205,-16.903516],[-40.325397,-16.9099],[-40.328873,-16.910454],[-40.336239,-16.902613],[-40.340147,-16.902679],[-40.341137,-16.898216],[-40.349078,-16.898988],[-40.352406,-16.886764],[-40.367406,-16.873381],[-40.372097,-16.874965],[-40.370255,-16.879313],[-40.377494,-16.886951],[-40.39554,-16.886297],[-40.400272,-16.888402],[-40.406565,-16.898667],[-40.415978,-16.899744],[-40.42428,-16.893767],[-40.424482,-16.889873],[-40.4325,-16.887053],[-40.436806,-16.892915],[-40.451284,-16.891409],[-40.454709,-16.880955],[-40.459814,-16.878256],[-40.480909,-16.876315],[-40.490668,-16.883663],[-40.491922,-16.904171],[-40.50474,-16.929266],[-40.514907,-16.961701],[-40.535858,-16.980839],[-40.546223,-16.986054],[-40.555544,-17.0126],[-40.551852,-17.019913],[-40.555951,-17.023722],[-40.555023,-17.027919],[-40.565933,-17.057712],[-40.57109,-17.063696],[-40.570143,-17.079614],[-40.559897,-17.082202],[-40.555551,-17.091281],[-40.557765,-17.108973],[-40.561343,-17.110658],[-40.563092,-17.118444],[-40.56194,-17.12594],[-40.567801,-17.131188],[-40.569123,-17.13902],[-40.57888,-17.147859],[-40.574641,-17.158051],[-40.577888,-17.161808],[-40.577286,-17.166872],[-40.572773,-17.173532],[-40.573869,-17.179998],[-40.553312,-17.188051],[-40.554431,-17.194492],[-40.551505,-17.199997],[-40.560987,-17.208759],[-40.562163,-17.217396],[-40.557088,-17.229721],[-40.564929,-17.241327],[-40.56866,-17.241081],[-40.566701,-17.245375],[-40.571243,-17.25174],[-40.563114,-17.25704],[-40.560856,-17.273148],[-40.551208,-17.278064],[-40.546493,-17.284532],[-40.568231,-17.29284],[-40.582228,-17.31248],[-40.599812,-17.313466],[-40.598723,-17.320208],[-40.608291,-17.327516],[-40.605799,-17.339486],[-40.597492,-17.339677],[-40.592507,-17.343773],[-40.605897,-17.357679],[-40.599281,-17.361364],[-40.597028,-17.375932],[-40.600226,-17.382765],[-40.596695,-17.386636],[-40.601228,-17.393767],[-40.610259,-17.393231],[-40.623292,-17.403871],[-40.618361,-17.411241],[-40.598737,-17.420499],[-40.579471,-17.412327],[-40.56619,-17.415466],[-40.567182,-17.418791],[-40.556629,-17.434346],[-40.539932,-17.443621],[-40.520062,-17.445269],[-40.520856,-17.457945],[-40.513466,-17.466214],[-40.510942,-17.475836],[-40.506017,-17.478037],[-40.49848,-17.474621],[-40.490664,-17.487613],[-40.482154,-17.488134],[-40.48791,-17.524986],[-40.475821,-17.532447],[-40.4705,-17.547572],[-40.461083,-17.560216],[-40.459833,-17.568058],[-40.445628,-17.572626],[-40.44186,-17.577048],[-40.43521,-17.567094],[-40.417623,-17.571367],[-40.412062,-17.568799],[-40.414299,-17.575364],[-40.409779,-17.584466],[-40.415392,-17.586966],[-40.412724,-17.593156],[-40.417576,-17.594856],[-40.417723,-17.5983],[-40.413223,-17.608287],[-40.396489,-17.606374],[-40.400433,-17.613813],[-40.395716,-17.62258],[-40.386496,-17.617816],[-40.382423,-17.611984],[-40.373191,-17.610548],[-40.367347,-17.617757],[-40.361313,-17.63518],[-40.353737,-17.637804],[-40.34805,-17.629547],[-40.353243,-17.619362],[-40.350128,-17.612658],[-40.346653,-17.612214],[-40.336032,-17.622543],[-40.332628,-17.634118],[-40.323084,-17.638643],[-40.326527,-17.652666],[-40.32396,-17.659408],[-40.299693,-17.668249],[-40.297764,-17.696701],[-40.285758,-17.700393],[-40.27949,-17.722767],[-40.269306,-17.725367],[-40.25926,-17.718495],[-40.25408,-17.718957],[-40.251622,-17.724895],[-40.248487,-17.722997],[-40.249144,-17.730175],[-40.242359,-17.733981],[-40.223121,-17.733834],[-40.217194,-17.739499],[-40.21758,-17.74688],[-40.213518,-17.752438],[-40.210424,-17.752015],[-40.210823,-17.758932],[-40.204812,-17.765535],[-40.201116,-17.784549],[-40.192642,-17.784286],[-40.189102,-17.799064],[-40.168145,-17.796468],[-40.164065,-17.792724],[-40.161409,-17.795041],[-40.15551,-17.812604],[-40.161938,-17.821599],[-40.162778,-17.830386],[-40.174869,-17.847637],[-40.173051,-17.850536],[-40.201286,-17.89567],[-40.262443,-17.923104],[-40.264925,-17.930181],[-40.248669,-17.947236],[-40.226507,-17.957764],[-40.222071,-17.979693],[-39.688853,-18.319276],[-39.67176,-18.32475],[-39.670549,-18.329008],[-39.664312,-18.331819],[-39.66827,-18.334983],[-39.666385,-18.337295],[-39.669153,-18.347994],[-39.658247,-18.323181],[-39.659562,-18.317757],[-39.652418,-18.295659],[-39.652993,-18.286464],[-39.63747,-18.24795],[-39.635424,-18.232299],[-39.585929,-18.146051],[-39.54616,-18.09203],[-39.537088,-18.070314],[-39.501106,-18.008938],[-39.469469,-17.971016],[-39.432945,-17.937715],[-39.403775,-17.920202],[-39.359538,-17.901985],[-39.364018,-17.891464],[-39.362403,-17.880568],[-39.365832,-17.877901],[-39.373098,-17.880162],[-39.370791,-17.886701],[-39.372764,-17.890117],[-39.386452,-17.888344],[-39.396357,-17.896393],[-39.405881,-17.895937],[-39.400212,-17.906183],[-39.404055,-17.91016],[-39.409013,-17.910663],[-39.412858,-17.903166],[-39.428246,-17.902663],[-39.435161,-17.910186],[-39.444048,-17.908838],[-39.452836,-17.912906],[-39.457073,-17.908686],[-39.462529,-17.885023],[-39.447022,-17.876692],[-39.436011,-17.856722],[-39.445948,-17.859539],[-39.454432,-17.853018],[-39.449228,-17.840372],[-39.457857,-17.838037],[-39.460598,-17.844041],[-39.466699,-17.844503],[-39.470202,-17.836267],[-39.482051,-17.828261],[-39.48269,-17.835525],[-39.49538,-17.834018],[-39.500297,-17.830614],[-39.497687,-17.825709],[-39.500987,-17.821733],[-39.498419,-17.822101],[-39.496817,-17.824593],[-39.499044,-17.830666],[-39.48336,-17.834853],[-39.483412,-17.827851],[-39.480113,-17.828033],[-39.469038,-17.835681],[-39.46597,-17.843887],[-39.460616,-17.842336],[-39.458687,-17.836708],[-39.446656,-17.839637],[-39.453561,-17.852539],[-39.445314,-17.858805],[-39.439682,-17.855747],[-39.435033,-17.856418],[-39.437488,-17.864716],[-39.447184,-17.878212],[-39.451232,-17.881164],[-39.46159,-17.88513],[-39.455362,-17.909738],[-39.451532,-17.911903],[-39.444312,-17.907743],[-39.43627,-17.909602],[-39.432559,-17.903272],[-39.425837,-17.901819],[-39.411575,-17.902689],[-39.405907,-17.909988],[-39.401583,-17.905971],[-39.406882,-17.898715],[-39.406294,-17.894478],[-39.397249,-17.894922],[-39.394605,-17.890842],[-39.38777,-17.88723],[-39.373755,-17.88865],[-39.375406,-17.878295],[-39.389395,-17.867025],[-39.388056,-17.861314],[-39.392206,-17.864296],[-39.407332,-17.862145],[-39.416242,-17.864933],[-39.419633,-17.870894],[-39.414049,-17.871991],[-39.411278,-17.878572],[-39.415287,-17.879851],[-39.420528,-17.879992],[-39.423268,-17.877878],[-39.420922,-17.87745],[-39.419922,-17.879528],[-39.415358,-17.878895],[-39.414977,-17.872557],[-39.419455,-17.872679],[-39.421013,-17.870781],[-39.425947,-17.87456],[-39.425325,-17.87317],[-39.421192,-17.869616],[-39.423137,-17.868175],[-39.424095,-17.870647],[-39.424169,-17.869012],[-39.423247,-17.867504],[-39.419677,-17.868476],[-39.417411,-17.86423],[-39.408267,-17.860732],[-39.395546,-17.863455],[-39.38787,-17.85978],[-39.386366,-17.861609],[-39.388191,-17.865895],[-39.378877,-17.873948],[-39.3601,-17.876175],[-39.348843,-17.84563],[-39.344991,-17.845637],[-39.340744,-17.851744],[-39.322295,-17.853016],[-39.317388,-17.850414],[-39.318082,-17.847443],[-39.330944,-17.840756],[-39.342285,-17.818581],[-39.335198,-17.806969],[-39.32449,-17.808781],[-39.324983,-17.782293],[-39.312701,-17.769731],[-39.308662,-17.767924],[-39.303259,-17.768804],[-39.302631,-17.762552],[-39.294468,-17.754522],[-39.287082,-17.754766],[-39.287257,-17.748425],[-39.283684,-17.750689],[-39.281213,-17.757334],[-39.275317,-17.753087],[-39.276271,-17.746899],[-39.285248,-17.737372],[-39.27971,-17.725952],[-39.291015,-17.719761],[-39.29935,-17.723015],[-39.302928,-17.712068],[-39.287991,-17.709209],[-39.273466,-17.721724],[-39.260692,-17.739678],[-39.230104,-17.750322],[-39.217888,-17.750129],[-39.191944,-17.741292],[-39.136191,-17.68901],[-39.177725,-17.627712],[-39.192063,-17.591479],[-39.192123,-17.551921],[-39.189928,-17.565502],[-39.188076,-17.558399],[-39.192814,-17.513998],[-39.191427,-17.445481],[-39.204169,-17.403391],[-39.209571,-17.372885],[-39.206411,-17.392801],[-39.210101,-17.38694],[-39.211596,-17.35845],[-39.22066,-17.306633],[-39.219039,-17.26147],[-39.212463,-17.238199],[-39.213269,-17.170409],[-39.20593,-17.142236],[-39.197803,-17.127651],[-39.185049,-17.118158],[-39.18087,-17.109607],[-39.17993,-17.078138],[-39.176027,-17.065947],[-39.165965,-17.061555],[-39.173876,-17.052305],[-39.171521,-17.036482],[-39.172237,-17.015808],[-39.175572,-17.00839],[-39.174001,-17.00581],[-39.181001,-17.00309],[-39.174278,-17.004222],[-39.173076,-17.006326],[-39.174189,-17.009471],[-39.171307,-17.00705],[-39.172698,-17.013092],[-39.155246,-16.980053],[-39.151881,-16.942044],[-39.125472,-16.905454],[-39.112111,-16.896171],[-39.129543,-16.891797],[-39.138088,-16.893781],[-39.14138,-16.898431],[-39.141163,-16.895564],[-39.137924,-16.892854],[-39.129516,-16.89103],[-39.122219,-16.89352],[-39.130432,-16.887097],[-39.114723,-16.893253],[-39.127824,-16.886377],[-39.141823,-16.867994],[-39.144691,-16.843246],[-39.144348,-16.792963],[-39.140308,-16.754547],[-39.137771,-16.749735],[-39.133715,-16.751387],[-39.128035,-16.746962],[-39.123989,-16.727687],[-39.11547,-16.718968],[-39.114457,-16.712189],[-39.106881,-16.70878],[-39.103686,-16.698364],[-39.103553,-16.669273],[-39.101157,-16.660822],[-39.093885,-16.652712],[-39.095898,-16.646248],[-39.090262,-16.62643],[-39.093769,-16.60688],[-39.08903,-16.597303],[-39.090737,-16.58905],[-39.090474,-16.588973],[-39.089885,-16.59016],[-39.089355,-16.588797],[-39.088819,-16.588785],[-39.088604,-16.589164],[-39.085122,-16.572946],[-39.086374,-16.563161],[-39.085644,-16.570322],[-39.088413,-16.579587],[-39.086277,-16.569328],[-39.088411,-16.560986],[-39.086154,-16.561374],[-39.083555,-16.540727],[-39.085723,-16.537599],[-39.083195,-16.536654],[-39.083542,-16.540573],[-39.073619,-16.513223],[-39.067043,-16.482389],[-39.061315,-16.471987],[-39.059057,-16.457327],[-39.065777,-16.45891],[-39.063861,-16.461842],[-39.068782,-16.459715],[-39.064855,-16.466644],[-39.065977,-16.470547],[-39.070679,-16.475447],[-39.068414,-16.470344],[-39.067417,-16.47021],[-39.066839,-16.470996],[-39.066229,-16.470608],[-39.067622,-16.468693],[-39.065252,-16.466629],[-39.068629,-16.463727],[-39.072998,-16.464855],[-39.071625,-16.463297],[-39.069136,-16.463842],[-39.070772,-16.461262],[-39.068344,-16.456639],[-39.071462,-16.45904],[-39.078841,-16.459903],[-39.079714,-16.461277],[-39.07914,-16.462564],[-39.079328,-16.462892],[-39.079245,-16.462563],[-39.079779,-16.462018],[-39.079799,-16.461388],[-39.078898,-16.459787],[-39.07374,-16.457412],[-39.070529,-16.45808],[-39.069598,-16.45731],[-39.068797,-16.455373],[-39.070309,-16.45598],[-39.0726,-16.451428],[-39.076583,-16.452813],[-39.085783,-16.449181],[-39.080852,-16.449191],[-39.085992,-16.44348],[-39.076452,-16.450249],[-39.070619,-16.448717],[-39.069665,-16.445161],[-39.063647,-16.453901],[-39.060092,-16.429426],[-39.037308,-16.391271],[-39.027286,-16.379397],[-39.009122,-16.375486],[-39.01275,-16.353196],[-39.005707,-16.341621],[-39.007534,-16.336451],[-39.005396,-16.332526],[-39.016003,-16.329966],[-39.015896,-16.329495],[-39.013537,-16.330041],[-39.021244,-16.320805],[-39.023933,-16.305379],[-39.021589,-16.284536],[-39.013542,-16.261327],[-39.02321,-16.283075],[-39.021118,-16.277713],[-39.02718,-16.274751],[-39.030552,-16.265899],[-39.035217,-16.2726],[-39.038666,-16.271585],[-39.041008,-16.275613],[-39.045879,-16.277235],[-39.043556,-16.275068],[-39.041511,-16.275413],[-39.042038,-16.272991],[-39.039284,-16.271368],[-39.037449,-16.271406],[-39.035648,-16.272348],[-39.035293,-16.270179],[-39.03117,-16.265194],[-39.033718,-16.253496],[-39.045406,-16.261453],[-39.059872,-16.259105],[-39.059456,-16.248005],[-39.06646,-16.244905],[-39.071392,-16.25309],[-39.068882,-16.257251],[-39.070698,-16.258659],[-39.076359,-16.258726],[-39.076992,-16.253969],[-39.079803,-16.253713],[-39.086811,-16.262546],[-39.090069,-16.254587],[-39.095058,-16.26205],[-39.097698,-16.262535],[-39.101128,-16.260036],[-39.099983,-16.256057],[-39.111725,-16.252321],[-39.115066,-16.259224],[-39.126102,-16.260189],[-39.119915,-16.257917],[-39.115364,-16.258609],[-39.114838,-16.253456],[-39.111332,-16.251634],[-39.10635,-16.252634],[-39.099514,-16.255788],[-39.098972,-16.256838],[-39.100677,-16.259313],[-39.097286,-16.262029],[-39.0956,-16.261686],[-39.09275,-16.255453],[-39.090855,-16.254135],[-39.088497,-16.25515],[-39.086792,-16.262022],[-39.080273,-16.253206],[-39.076317,-16.25379],[-39.075832,-16.258129],[-39.070755,-16.258171],[-39.072178,-16.253414],[-39.069424,-16.245842],[-39.06633,-16.24411],[-39.058876,-16.247644],[-39.059177,-16.258455],[-39.05365,-16.258516],[-39.045277,-16.260713],[-39.036472,-16.252842],[-39.032463,-16.252142],[-39.029034,-16.263931],[-39.022011,-16.269489],[-39.021618,-16.275057],[-39.020104,-16.259856],[-39.015938,-16.251259],[-39.010539,-16.248803],[-39.009919,-16.242783],[-38.989508,-16.219252],[-38.975526,-16.212053],[-38.969144,-16.190945],[-38.977521,-16.188723],[-38.976375,-16.193218],[-38.982361,-16.194364],[-38.983963,-16.199197],[-38.9921,-16.192594],[-38.993759,-16.197832],[-38.99556,-16.19219],[-38.991455,-16.192243],[-38.983761,-16.198475],[-38.982811,-16.193496],[-38.977981,-16.192772],[-38.978412,-16.187412],[-38.964732,-16.188353],[-38.956457,-16.164237],[-38.949164,-16.155712],[-38.950952,-16.146465],[-38.954051,-16.141905],[-38.957233,-16.142226],[-38.958379,-16.137815],[-38.955314,-16.141087],[-38.957831,-16.125292],[-38.949065,-16.078739],[-38.947517,-16.082719],[-38.94886,-16.091696],[-38.943341,-16.069859],[-38.91999,-16.015027],[-38.891335,-15.929231],[-38.86526,-15.871357],[-38.856395,-15.859373],[-38.856398,-15.855033],[-38.863046,-15.847176],[-38.860616,-15.832919],[-38.869163,-15.823338],[-38.894118,-15.769662],[-38.899846,-15.765921],[-38.898532,-15.759559],[-38.913979,-15.714772],[-38.925145,-15.707541],[-38.936361,-15.657263],[-38.940575,-15.605144],[-38.944627,-15.59491],[-38.942079,-15.565501],[-38.944803,-15.558135],[-38.94134,-15.539915],[-38.943773,-15.509674],[-38.951546,-15.473399],[-38.955979,-15.470734],[-38.953483,-15.459264],[-38.971011,-15.400088],[-38.986043,-15.306822],[-38.991129,-15.292337],[-38.997086,-15.22145],[-38.996107,-15.000809],[-39.010736,-14.940815],[-39.019083,-14.922431],[-39.022868,-14.884934],[-39.0259,-14.880475],[-39.023149,-14.876333],[-39.025965,-14.819082],[-39.023361,-14.805937],[-39.026221,-14.805457],[-39.025824,-14.809257],[-39.030548,-14.811179],[-39.037332,-14.80209],[-39.040353,-14.807107],[-39.04415,-14.806991],[-39.041676,-14.801755],[-39.035344,-14.799004],[-39.031615,-14.8063],[-39.027874,-14.807338],[-39.031402,-14.804801],[-39.031334,-14.787912],[-39.026209,-14.78233],[-39.025977,-14.776078],[-39.026507,-14.782059],[-39.038117,-14.78567],[-39.055933,-14.775141],[-39.056293,-14.770885],[-39.053006,-14.773793],[-39.062039,-14.749498],[-39.064931,-14.722404],[-39.063967,-14.639519],[-39.071579,-14.634138],[-39.063038,-14.63489],[-39.0485,-14.569577],[-39.036028,-14.533358],[-39.037202,-14.522928],[-39.031467,-14.478877],[-39.027545,-14.475668],[-39.006416,-14.36881],[-39.003909,-14.359577],[-38.999326,-14.356447],[-39.002326,-14.353173],[-38.998468,-14.350952],[-38.999272,-14.347024],[-39.002124,-14.345113],[-38.991259,-14.313747],[-38.987619,-14.312029],[-38.989219,-14.308254],[-38.980226,-14.295415],[-38.980254,-14.292112],[-38.984654,-14.29044],[-38.983658,-14.276013],[-38.986544,-14.272355],[-38.98688,-14.275885],[-38.990171,-14.275161],[-38.994751,-14.263837],[-38.994527,-14.240156],[-38.989258,-14.221023],[-38.990871,-14.202913],[-38.985796,-14.179973],[-38.977758,-14.16806],[-38.97942,-14.157757],[-38.974518,-14.135328],[-38.954482,-14.078468],[-38.955398,-14.067036],[-38.942721,-14.014025],[-38.943764,-13.997493],[-38.927753,-13.938976],[-38.930871,-13.930956],[-38.92856,-13.906942],[-38.937434,-13.884677],[-38.946651,-13.8789],[-38.95008,-13.888044],[-38.960111,-13.897581],[-38.9862,-13.905212],[-38.961403,-13.89965],[-38.95531,-13.903092],[-38.955149,-13.911296],[-38.957336,-13.920475],[-38.959013,-13.922428],[-38.96527,-13.925498],[-38.974373,-13.938839],[-38.972007,-13.93878],[-38.970365,-13.942895],[-38.96496,-13.936599],[-38.96146,-13.936532],[-38.962389,-13.937321],[-38.964917,-13.936947],[-38.96528,-13.938426],[-38.968725,-13.941432],[-38.969352,-13.943621],[-38.970484,-13.943365],[-38.972102,-13.9409],[-38.975317,-13.939145],[-38.974083,-13.943149],[-38.981637,-13.945766],[-38.971258,-13.955151],[-38.971578,-13.960887],[-38.964451,-13.967746],[-38.95119,-13.962132],[-38.951558,-13.956658],[-38.956112,-13.951916],[-38.955697,-13.947563],[-38.955752,-13.951784],[-38.951239,-13.954283],[-38.950263,-13.961339],[-38.952549,-13.964818],[-38.963985,-13.971385],[-38.956998,-13.972912],[-38.954733,-13.975356],[-38.952849,-13.971085],[-38.95014,-13.971557],[-38.952646,-13.971143],[-38.951739,-13.973941],[-38.953073,-13.97544],[-38.954205,-13.975835],[-38.958582,-13.973404],[-38.957731,-13.98174],[-38.961982,-13.989259],[-38.961106,-13.978267],[-38.964746,-13.977121],[-38.96696,-13.982724],[-38.971222,-13.979506],[-38.975349,-13.981653],[-38.977348,-13.998839],[-38.968068,-13.997515],[-38.964752,-13.993158],[-38.967004,-14.001122],[-38.964942,-14.012763],[-38.970577,-14.036241],[-38.97214,-14.031368],[-38.970659,-14.027389],[-38.97184,-14.026327],[-38.966238,-14.0143],[-38.969719,-14.000074],[-38.981681,-14.005147],[-38.98462,-14.023118],[-38.988301,-14.024949],[-38.985407,-14.035483],[-38.967207,-14.043167],[-38.974153,-14.044682],[-38.977602,-14.050108],[-38.976953,-14.055307],[-38.96723,-14.064234],[-38.967686,-14.068694],[-38.969403,-14.06489],[-38.972344,-14.066089],[-38.975295,-14.072892],[-38.986353,-14.081755],[-39.002482,-14.086248],[-39.019018,-14.101929],[-39.032914,-14.103727],[-39.020109,-14.115666],[-39.021092,-14.118061],[-39.034789,-14.104029],[-39.051071,-14.111868],[-39.058354,-14.105479],[-39.076411,-14.129076],[-39.076694,-14.142456],[-39.063434,-14.154705],[-39.050822,-14.15788],[-39.047369,-14.176641],[-39.039885,-14.166214],[-39.046479,-14.179641],[-39.045316,-14.18903],[-39.040746,-14.190585],[-39.045695,-14.190831],[-39.04563,-14.195596],[-39.047172,-14.192558],[-39.04673,-14.18233],[-39.050388,-14.183165],[-39.047856,-14.178192],[-39.053785,-14.166777],[-39.052973,-14.159337],[-39.072074,-14.154631],[-39.076622,-14.149948],[-39.084837,-14.160246],[-39.078222,-14.164909],[-39.082202,-14.165028],[-39.08443,-14.162659],[-39.085407,-14.16474],[-39.085584,-14.159858],[-39.089369,-14.160104],[-39.086547,-14.157719],[-39.084588,-14.15875],[-39.077544,-14.147948],[-39.080348,-14.151494],[-39.082115,-14.14509],[-39.0876,-14.144114],[-39.088131,-14.149212],[-39.091579,-14.149955],[-39.0886,-14.148428],[-39.088952,-14.143598],[-39.078699,-14.143798],[-39.081872,-14.136276],[-39.077551,-14.123889],[-39.079626,-14.121139],[-39.07469,-14.121522],[-39.069997,-14.112055],[-39.077782,-14.10698],[-39.07599,-14.106309],[-39.070194,-14.10948],[-39.068214,-14.106177],[-39.074259,-14.09598],[-39.079742,-14.09606],[-39.073415,-14.095162],[-39.078192,-14.087101],[-39.075857,-14.086781],[-39.072479,-14.089727],[-39.071177,-14.084807],[-39.072906,-14.08087],[-39.078564,-14.079182],[-39.07123,-14.079077],[-39.070271,-14.086332],[-39.068266,-14.085343],[-39.062626,-14.077501],[-39.063061,-14.062107],[-39.061304,-14.066606],[-39.057202,-14.053286],[-39.056154,-14.055501],[-39.056472,-14.058674],[-39.060964,-14.073933],[-39.056458,-14.075773],[-39.060518,-14.077],[-39.066863,-14.087067],[-39.060928,-14.087482],[-39.056755,-14.083046],[-39.051089,-14.082421],[-39.045356,-14.089839],[-39.037942,-14.092363],[-39.038576,-14.099539],[-39.028601,-14.098952],[-39.005472,-14.079932],[-38.996473,-14.080083],[-38.987789,-14.075403],[-38.98478,-14.054335],[-38.995223,-14.040095],[-39.002426,-14.036328],[-39.005997,-14.039407],[-39.004669,-14.036305],[-39.014659,-14.022566],[-39.027324,-14.027379],[-39.029072,-14.032083],[-39.028179,-14.026737],[-39.0249,-14.024819],[-39.027287,-14.024],[-39.026997,-14.018479],[-39.018891,-14.02242],[-39.005488,-14.01658],[-38.998676,-13.969662],[-39.003756,-13.963632],[-39.010982,-13.964718],[-39.013356,-13.966603],[-39.01116,-13.972624],[-39.016139,-13.976313],[-39.017441,-13.97453],[-39.012378,-13.972174],[-39.014961,-13.966477],[-39.013133,-13.962543],[-39.021064,-13.966121],[-39.025182,-13.95987],[-39.035683,-13.95586],[-39.047379,-13.957708],[-39.046876,-13.962299],[-39.042149,-13.962976],[-39.039123,-13.969143],[-39.043071,-13.979162],[-39.038591,-13.991375],[-39.033063,-13.994716],[-39.042086,-14.007212],[-39.041701,-14.004536],[-39.033757,-13.995035],[-39.038484,-13.993312],[-39.044418,-13.98159],[-39.041705,-13.967881],[-39.050027,-13.963576],[-39.053858,-13.948269],[-39.048437,-13.943456],[-39.052344,-13.938066],[-39.056901,-13.938044],[-39.057815,-13.945509],[-39.062249,-13.950486],[-39.058133,-13.953623],[-39.062354,-13.952331],[-39.066107,-13.959416],[-39.064663,-13.973453],[-39.073727,-13.980786],[-39.071852,-13.984763],[-39.066705,-13.984928],[-39.061328,-13.988925],[-39.067293,-13.986177],[-39.073891,-13.988061],[-39.076696,-14.004541],[-39.068474,-14.00367],[-39.072774,-14.007219],[-39.078176,-14.00705],[-39.077279,-14.003323],[-39.081079,-14.005384],[-39.079352,-14.020607],[-39.0841,-14.020222],[-39.081437,-14.018175],[-39.083107,-14.006257],[-39.076501,-14.000287],[-39.084351,-13.990187],[-39.080483,-13.988606],[-39.079518,-13.984229],[-39.086693,-13.983678],[-39.082882,-13.966674],[-39.07889,-13.967527],[-39.074074,-13.963303],[-39.078095,-13.957186],[-39.076917,-13.952941],[-39.082969,-13.956468],[-39.081065,-13.952939],[-39.077167,-13.95148],[-39.077292,-13.93855],[-39.081257,-13.936837],[-39.102023,-13.95009],[-39.107885,-13.948476],[-39.115982,-13.958601],[-39.110124,-13.966983],[-39.116545,-13.958738],[-39.108447,-13.94697],[-39.101913,-13.946323],[-39.101051,-13.942786],[-39.093644,-13.943069],[-39.082951,-13.936189],[-39.091174,-13.930173],[-39.09831,-13.935571],[-39.10515,-13.931382],[-39.101337,-13.930761],[-39.097804,-13.934514],[-39.097852,-13.931002],[-39.091651,-13.92932],[-39.083799,-13.932446],[-39.082344,-13.935545],[-39.078972,-13.934076],[-39.081507,-13.930388],[-39.077794,-13.933103],[-39.075462,-13.928811],[-39.084779,-13.920426],[-39.074935,-13.92367],[-39.074103,-13.91524],[-39.086168,-13.910351],[-39.081995,-13.909667],[-39.084006,-13.905747],[-39.080358,-13.909229],[-39.08413,-13.893834],[-39.090412,-13.892671],[-39.098244,-13.898282],[-39.11113,-13.891575],[-39.11581,-13.895655],[-39.11638,-13.902388],[-39.124462,-13.904783],[-39.121519,-13.90193],[-39.117389,-13.901248],[-39.117031,-13.895081],[-39.113028,-13.888563],[-39.118539,-13.888135],[-39.121007,-13.892179],[-39.120756,-13.887694],[-39.125715,-13.886002],[-39.128574,-13.889365],[-39.131459,-13.886438],[-39.12633,-13.882284],[-39.121803,-13.886477],[-39.126511,-13.87556],[-39.121779,-13.876849],[-39.122169,-13.880837],[-39.1177,-13.88463],[-39.114593,-13.884646],[-39.116303,-13.877541],[-39.112052,-13.884322],[-39.113578,-13.886553],[-39.10606,-13.88628],[-39.096714,-13.892511],[-39.091437,-13.888781],[-39.087799,-13.890032],[-39.088318,-13.88755],[-39.085627,-13.89028],[-39.078534,-13.889933],[-39.077771,-13.871724],[-39.075065,-13.868738],[-39.076495,-13.86601],[-39.08181,-13.868],[-39.082946,-13.862374],[-39.08506,-13.867189],[-39.083065,-13.861656],[-39.080812,-13.86506],[-39.080837,-13.867398],[-39.075783,-13.865409],[-39.072501,-13.869595],[-39.077224,-13.875219],[-39.070117,-13.885338],[-39.069333,-13.882028],[-39.066416,-13.884691],[-39.061647,-13.880757],[-39.064722,-13.870924],[-39.0596,-13.878657],[-39.057892,-13.877083],[-39.057695,-13.88149],[-39.055131,-13.874777],[-39.072858,-13.855639],[-39.077841,-13.859434],[-39.083983,-13.855889],[-39.080947,-13.85501],[-39.085921,-13.851957],[-39.08509,-13.849132],[-39.090308,-13.849988],[-39.090875,-13.845241],[-39.097588,-13.847091],[-39.100688,-13.842608],[-39.105289,-13.843301],[-39.101636,-13.841636],[-39.094665,-13.845812],[-39.090703,-13.842596],[-39.088097,-13.848269],[-39.084563,-13.847923],[-39.076698,-13.857068],[-39.08693,-13.835629],[-39.104525,-13.833083],[-39.118749,-13.820416],[-39.121999,-13.82273],[-39.126748,-13.82026],[-39.118115,-13.819825],[-39.108373,-13.826938],[-39.108029,-13.824445],[-39.103498,-13.830424],[-39.093883,-13.831124],[-39.099088,-13.824608],[-39.092711,-13.828186],[-39.093154,-13.831759],[-39.081166,-13.832051],[-39.081134,-13.833584],[-39.084946,-13.834605],[-39.079208,-13.838268],[-39.079398,-13.848898],[-39.075436,-13.851036],[-39.074277,-13.844813],[-39.074307,-13.852368],[-39.063709,-13.858803],[-39.064155,-13.854054],[-39.051751,-13.876071],[-39.049057,-13.875414],[-39.049524,-13.872007],[-39.048584,-13.875635],[-39.051646,-13.877906],[-39.047948,-13.879952],[-39.044904,-13.875823],[-39.035635,-13.877232],[-39.035807,-13.874899],[-39.032141,-13.873878],[-39.027368,-13.862842],[-39.021122,-13.863608],[-39.033867,-13.855883],[-39.031941,-13.866613],[-39.034332,-13.863463],[-39.035672,-13.857301],[-39.035025,-13.855306],[-39.020644,-13.856607],[-39.016517,-13.852141],[-39.026283,-13.848583],[-39.045898,-13.850395],[-39.052285,-13.845447],[-39.052408,-13.837004],[-39.057158,-13.833014],[-39.068282,-13.833484],[-39.071973,-13.837714],[-39.07145,-13.831677],[-39.064471,-13.832534],[-39.066215,-13.819432],[-39.063312,-13.818086],[-39.063889,-13.831087],[-39.056309,-13.832398],[-39.058943,-13.823877],[-39.051587,-13.836836],[-39.050113,-13.845658],[-39.043731,-13.848751],[-39.032446,-13.84645],[-39.046555,-13.836921],[-39.045826,-13.832117],[-39.056485,-13.805517],[-39.058079,-13.790761],[-39.063605,-13.79807],[-39.059871,-13.803244],[-39.062815,-13.803759],[-39.061001,-13.80233],[-39.064462,-13.799436],[-39.064389,-13.796008],[-39.058994,-13.78907],[-39.064687,-13.782166],[-39.074946,-13.776585],[-39.078677,-13.770629],[-39.082637,-13.779313],[-39.080579,-13.771961],[-39.084092,-13.768915],[-39.090607,-13.772977],[-39.102673,-13.77062],[-39.103384,-13.775481],[-39.104206,-13.771671],[-39.108621,-13.777997],[-39.106764,-13.769621],[-39.110642,-13.767577],[-39.116734,-13.770618],[-39.114077,-13.767958],[-39.116546,-13.767712],[-39.112036,-13.766868],[-39.112479,-13.760952],[-39.122581,-13.756986],[-39.126028,-13.760135],[-39.125682,-13.757843],[-39.12003,-13.755598],[-39.120319,-13.745351],[-39.116876,-13.751621],[-39.113967,-13.742363],[-39.112324,-13.735118],[-39.118017,-13.727591],[-39.118698,-13.731906],[-39.124692,-13.735934],[-39.120978,-13.726161],[-39.133532,-13.729008],[-39.136582,-13.739626],[-39.134539,-13.74168],[-39.137384,-13.743406],[-39.136024,-13.75263],[-39.137998,-13.749444],[-39.142498,-13.752328],[-39.142836,-13.749009],[-39.149453,-13.754077],[-39.145546,-13.759523],[-39.145407,-13.762787],[-39.15352,-13.773093],[-39.146336,-13.760652],[-39.149881,-13.757338],[-39.149402,-13.761015],[-39.150772,-13.759519],[-39.151031,-13.752735],[-39.154491,-13.757722],[-39.153082,-13.752814],[-39.144882,-13.742106],[-39.14391,-13.73844],[-39.147178,-13.737069],[-39.144343,-13.73113],[-39.141667,-13.737774],[-39.136231,-13.72946],[-39.138606,-13.729073],[-39.135636,-13.726622],[-39.137187,-13.72318],[-39.144914,-13.723059],[-39.139269,-13.722429],[-39.14129,-13.718526],[-39.137189,-13.720463],[-39.133297,-13.716293],[-39.138387,-13.712908],[-39.138664,-13.708802],[-39.132344,-13.714802],[-39.127993,-13.714051],[-39.125705,-13.70879],[-39.132119,-13.704991],[-39.128278,-13.706055],[-39.126787,-13.70276],[-39.125706,-13.705658],[-39.121886,-13.701366],[-39.122802,-13.697926],[-39.117831,-13.701031],[-39.120938,-13.701909],[-39.119547,-13.705434],[-39.123998,-13.714839],[-39.099012,-13.714157],[-39.11143,-13.709063],[-39.115297,-13.696974],[-39.120613,-13.696126],[-39.123869,-13.691679],[-39.118358,-13.688596],[-39.123286,-13.680238],[-39.119775,-13.676235],[-39.116562,-13.676038],[-39.119834,-13.682527],[-39.114472,-13.683573],[-39.113734,-13.687006],[-39.1193,-13.693928],[-39.114686,-13.695968],[-39.112699,-13.703391],[-39.108408,-13.705584],[-39.109659,-13.707916],[-39.101608,-13.710632],[-39.098632,-13.705225],[-39.093746,-13.704037],[-39.095808,-13.707757],[-39.092132,-13.709278],[-39.096942,-13.709932],[-39.097789,-13.712562],[-39.094326,-13.713081],[-39.097846,-13.713234],[-39.100347,-13.720244],[-39.099852,-13.725892],[-39.09631,-13.727204],[-39.102324,-13.727125],[-39.103141,-13.730119],[-39.099757,-13.73923],[-39.095851,-13.74053],[-39.099067,-13.741245],[-39.097061,-13.746268],[-39.092283,-13.750258],[-39.086119,-13.738389],[-39.089986,-13.751139],[-39.081711,-13.749149],[-39.068975,-13.752078],[-39.063556,-13.747745],[-39.06298,-13.737755],[-39.073459,-13.733259],[-39.075235,-13.731354],[-39.069549,-13.724208],[-39.070945,-13.716489],[-39.068114,-13.717977],[-39.066711,-13.714786],[-39.06917,-13.71463],[-39.066033,-13.713452],[-39.068212,-13.711172],[-39.064928,-13.70832],[-39.064076,-13.712146],[-39.059458,-13.705537],[-39.064472,-13.69709],[-39.062561,-13.692277],[-39.066645,-13.691725],[-39.05756,-13.688591],[-39.063124,-13.696354],[-39.057987,-13.703763],[-39.053389,-13.699895],[-39.046915,-13.698246],[-39.048138,-13.700057],[-39.053711,-13.701113],[-39.064258,-13.714655],[-39.058174,-13.71649],[-39.057013,-13.713749],[-39.056764,-13.717452],[-39.064845,-13.715756],[-39.067067,-13.72002],[-39.068534,-13.731207],[-39.062026,-13.734564],[-39.059154,-13.744234],[-39.053624,-13.738],[-39.053619,-13.728648],[-39.051517,-13.724331],[-39.042237,-13.72419],[-39.026384,-13.716439],[-39.034887,-13.722665],[-39.044841,-13.72523],[-39.04175,-13.733735],[-39.037472,-13.734508],[-39.038029,-13.747819],[-39.038991,-13.746865],[-39.039976,-13.743966],[-39.038341,-13.735335],[-39.041996,-13.735017],[-39.0446,-13.728196],[-39.048671,-13.726664],[-39.0528,-13.728999],[-39.051959,-13.738302],[-39.056334,-13.744249],[-39.054082,-13.748009],[-39.058166,-13.747084],[-39.062767,-13.753726],[-39.06447,-13.760789],[-39.061341,-13.766334],[-39.058832,-13.760284],[-39.052464,-13.764658],[-39.058545,-13.760961],[-39.058887,-13.764836],[-39.060693,-13.768037],[-39.051061,-13.787051],[-39.049346,-13.78014],[-39.051061,-13.79298],[-39.030756,-13.825741],[-39.032064,-13.814503],[-39.028077,-13.810874],[-39.030777,-13.814909],[-39.029156,-13.816517],[-39.029312,-13.828587],[-39.015705,-13.836941],[-39.017391,-13.819885],[-39.0211,-13.820797],[-39.023323,-13.815469],[-39.020672,-13.819219],[-39.018027,-13.817978],[-39.015939,-13.819384],[-39.015169,-13.812555],[-39.018697,-13.809137],[-39.013536,-13.807037],[-39.022786,-13.802102],[-39.023853,-13.789955],[-39.021838,-13.801478],[-39.016016,-13.803086],[-39.013128,-13.806047],[-39.014051,-13.809033],[-39.017268,-13.809299],[-39.013286,-13.81245],[-39.016312,-13.828511],[-39.011519,-13.825943],[-39.007433,-13.82883],[-39.011286,-13.826956],[-39.012822,-13.829677],[-39.015749,-13.830505],[-39.008018,-13.843015],[-38.988781,-13.841732],[-38.980444,-13.830134],[-38.99772,-13.792847],[-39.000943,-13.764156],[-38.989609,-13.718085],[-38.98143,-13.703365],[-38.964161,-13.685214],[-38.972306,-13.66664],[-38.980123,-13.663097],[-38.981671,-13.665184],[-38.979752,-13.665013],[-38.979126,-13.666531],[-38.982052,-13.671458],[-38.979763,-13.665512],[-38.982118,-13.665416],[-38.981584,-13.663724],[-38.986802,-13.662634],[-38.993275,-13.665052],[-38.996713,-13.671352],[-39.001314,-13.668413],[-39.000868,-13.671999],[-39.004495,-13.670997],[-39.001344,-13.671781],[-39.002013,-13.668428],[-39.001225,-13.667804],[-38.996691,-13.671011],[-38.993686,-13.664896],[-38.987349,-13.662253],[-38.981025,-13.662334],[-38.987671,-13.657596],[-38.991807,-13.658638],[-38.992473,-13.663196],[-38.9967,-13.663641],[-38.996388,-13.662218],[-38.992629,-13.662738],[-38.993202,-13.66056],[-38.992811,-13.659367],[-38.990794,-13.656865],[-38.987659,-13.654908],[-38.991353,-13.655213],[-38.993865,-13.648748],[-38.987329,-13.654359],[-38.988487,-13.657035],[-38.985443,-13.657442],[-38.976825,-13.664509],[-38.972115,-13.664788],[-38.973916,-13.652081],[-38.975932,-13.652411],[-38.978444,-13.648465],[-38.977182,-13.648195],[-38.976284,-13.648463],[-38.976109,-13.651759],[-38.974093,-13.65148],[-38.973234,-13.653283],[-38.971613,-13.642137],[-38.978363,-13.63236],[-38.981528,-13.631588],[-38.98322,-13.634786],[-38.986446,-13.624723],[-38.980769,-13.61411],[-39.000944,-13.593271],[-39.004781,-13.576463],[-39.016794,-13.573118],[-39.029154,-13.585288],[-39.034838,-13.579481],[-39.044208,-13.57653],[-39.050609,-13.581854],[-39.057407,-13.579081],[-39.064902,-13.562462],[-39.068614,-13.56098],[-39.0702,-13.557836],[-39.069582,-13.554832],[-39.065369,-13.550103],[-39.077541,-13.54514],[-39.077304,-13.535753],[-39.071483,-13.533984],[-39.070005,-13.530121],[-39.076512,-13.528125],[-39.082656,-13.519507],[-39.090524,-13.533714],[-39.087974,-13.539122],[-39.080695,-13.534957],[-39.082778,-13.538896],[-39.08675,-13.539585],[-39.086123,-13.552395],[-39.083421,-13.554458],[-39.086768,-13.554731],[-39.0717,-13.567354],[-39.078483,-13.562975],[-39.077265,-13.57267],[-39.08285,-13.588859],[-39.080841,-13.59752],[-39.083381,-13.590269],[-39.084723,-13.59992],[-39.088171,-13.600709],[-39.106319,-13.596756],[-39.112519,-13.59904],[-39.116324,-13.594731],[-39.143694,-13.606374],[-39.150903,-13.604194],[-39.154521,-13.611638],[-39.160092,-13.610649],[-39.16274,-13.615488],[-39.182876,-13.616402],[-39.186794,-13.620152],[-39.183233,-13.621545],[-39.184903,-13.628516],[-39.190714,-13.62757],[-39.193477,-13.633276],[-39.207171,-13.638409],[-39.214193,-13.653817],[-39.230942,-13.652646],[-39.238595,-13.640474],[-39.237706,-13.636108],[-39.244193,-13.636261],[-39.242418,-13.642116],[-39.247854,-13.652822],[-39.253776,-13.65493],[-39.250409,-13.657808],[-39.251844,-13.662737],[-39.258353,-13.66482],[-39.251988,-13.661579],[-39.25101,-13.657598],[-39.254507,-13.654731],[-39.24911,-13.65268],[-39.247121,-13.646864],[-39.243577,-13.642446],[-39.245582,-13.637423],[-39.244568,-13.635663],[-39.237178,-13.635519],[-39.238035,-13.640144],[-39.23259,-13.646523],[-39.230971,-13.651727],[-39.224392,-13.650834],[-39.214649,-13.653312],[-39.212785,-13.644704],[-39.208574,-13.63881],[-39.19885,-13.633835],[-39.193828,-13.632764],[-39.191558,-13.626921],[-39.185786,-13.62759],[-39.183771,-13.6222],[-39.186061,-13.622827],[-39.187547,-13.619897],[-39.183312,-13.615844],[-39.168582,-13.613976],[-39.162913,-13.614597],[-39.160507,-13.610182],[-39.154249,-13.610462],[-39.151081,-13.602818],[-39.1482,-13.602563],[-39.144404,-13.605547],[-39.138985,-13.601827],[-39.135645,-13.602164],[-39.131828,-13.599223],[-39.123494,-13.595589],[-39.116117,-13.593973],[-39.114617,-13.59427],[-39.113053,-13.598203],[-39.106714,-13.596344],[-39.086315,-13.599482],[-39.084421,-13.5845],[-39.086699,-13.577189],[-39.091109,-13.574105],[-39.095085,-13.566845],[-39.097677,-13.568938],[-39.101325,-13.567921],[-39.099815,-13.574334],[-39.102142,-13.567909],[-39.101339,-13.566894],[-39.09694,-13.567749],[-39.097635,-13.563764],[-39.090307,-13.551716],[-39.091937,-13.54296],[-39.099173,-13.558072],[-39.097127,-13.550376],[-39.093484,-13.545035],[-39.095778,-13.536229],[-39.08476,-13.504656],[-39.087004,-13.494922],[-39.087113,-13.496416],[-39.089738,-13.49762],[-39.094229,-13.49524],[-39.094934,-13.49914],[-39.0956,-13.497116],[-39.095256,-13.495832],[-39.093912,-13.494585],[-39.088358,-13.496656],[-39.088474,-13.494394],[-39.087164,-13.493057],[-39.085985,-13.493059],[-39.08342,-13.497384],[-39.08496,-13.502487],[-39.083211,-13.502866],[-39.075848,-13.495341],[-39.075369,-13.488226],[-39.078646,-13.483416],[-39.084101,-13.485966],[-39.086465,-13.479917],[-39.09076,-13.480164],[-39.094926,-13.478677],[-39.095352,-13.472372],[-39.104189,-13.474824],[-39.106244,-13.481812],[-39.107518,-13.481937],[-39.110309,-13.479096],[-39.107956,-13.479848],[-39.106581,-13.481632],[-39.10738,-13.478067],[-39.105271,-13.475738],[-39.112499,-13.470572],[-39.108433,-13.47048],[-39.105217,-13.474645],[-39.100643,-13.473227],[-39.10506,-13.464859],[-39.1045,-13.460007],[-39.103961,-13.466349],[-39.100957,-13.46768],[-39.099702,-13.473483],[-39.096867,-13.471149],[-39.093552,-13.471901],[-39.090188,-13.479468],[-39.084559,-13.476594],[-39.083718,-13.485037],[-39.079701,-13.482232],[-39.071879,-13.484334],[-39.070015,-13.474131],[-39.072409,-13.471252],[-39.074226,-13.474175],[-39.073564,-13.460684],[-39.080693,-13.46167],[-39.077595,-13.459555],[-39.074029,-13.459526],[-39.07364,-13.457628],[-39.079844,-13.450166],[-39.078122,-13.450572],[-39.072633,-13.456993],[-39.071834,-13.439679],[-39.061308,-13.430951],[-39.067365,-13.430287],[-39.067415,-13.427762],[-39.071191,-13.427205],[-39.070955,-13.424832],[-39.074266,-13.423426],[-39.074575,-13.420799],[-39.073089,-13.419688],[-39.073915,-13.422651],[-39.071547,-13.422419],[-39.070373,-13.426946],[-39.066474,-13.427399],[-39.066912,-13.429923],[-39.060923,-13.429472],[-39.060367,-13.406086],[-39.071273,-13.40492],[-39.070294,-13.404039],[-39.064453,-13.405556],[-39.061822,-13.404363],[-39.059796,-13.405655],[-39.055676,-13.397963],[-39.058408,-13.395572],[-39.056992,-13.395014],[-39.058266,-13.388106],[-39.056993,-13.384545],[-39.061533,-13.383164],[-39.060579,-13.386608],[-39.062865,-13.387595],[-39.066919,-13.383893],[-39.067895,-13.386802],[-39.069386,-13.386824],[-39.070675,-13.38901],[-39.072203,-13.389148],[-39.072435,-13.388831],[-39.072402,-13.388653],[-39.072157,-13.388395],[-39.071975,-13.388299],[-39.070872,-13.388982],[-39.070602,-13.387895],[-39.069767,-13.386845],[-39.069079,-13.386505],[-39.072234,-13.385405],[-39.07319,-13.379036],[-39.070538,-13.379519],[-39.071882,-13.385359],[-39.070426,-13.384998],[-39.06824,-13.386617],[-39.068996,-13.384811],[-39.066283,-13.383312],[-39.062444,-13.387202],[-39.060903,-13.385925],[-39.062224,-13.383527],[-39.060896,-13.382764],[-39.05629,-13.384532],[-39.057953,-13.387786],[-39.055271,-13.389366],[-39.048561,-13.367987],[-39.053625,-13.366683],[-39.059374,-13.371491],[-39.066973,-13.37191],[-39.077565,-13.3646],[-39.081334,-13.365745],[-39.084387,-13.358562],[-39.082394,-13.361634],[-39.08113,-13.365513],[-39.079458,-13.363531],[-39.063431,-13.370248],[-39.053409,-13.365605],[-39.035753,-13.362478],[-39.043178,-13.3574],[-39.038995,-13.34907],[-39.044483,-13.343376],[-39.037972,-13.342441],[-39.04167,-13.338609],[-39.040638,-13.335527],[-39.050098,-13.333287],[-39.03922,-13.333173],[-39.040351,-13.338424],[-39.034974,-13.340024],[-39.033013,-13.336626],[-39.032224,-13.341374],[-39.036321,-13.342209],[-39.02803,-13.347091],[-39.03066,-13.346441],[-39.035185,-13.343362],[-39.041763,-13.345042],[-39.037901,-13.348592],[-39.041811,-13.356853],[-39.034001,-13.361839],[-39.046151,-13.366942],[-39.044211,-13.378303],[-39.020119,-13.364489],[-39.006761,-13.360791],[-39.010665,-13.352763],[-39.004672,-13.344896],[-39.007508,-13.351867],[-39.009983,-13.353054],[-39.008482,-13.353877],[-39.005168,-13.362022],[-38.994648,-13.359643],[-38.980881,-13.363104],[-38.955645,-13.378249],[-38.967373,-13.337091],[-38.962049,-13.278997],[-38.95013,-13.243],[-38.9548,-13.244511],[-38.951963,-13.242062],[-38.949816,-13.242632],[-38.950972,-13.2498],[-38.936397,-13.226198],[-38.921091,-13.21313],[-38.939875,-13.204823],[-38.958104,-13.214534],[-38.958589,-13.21955],[-38.967559,-13.224039],[-38.967157,-13.227504],[-38.963067,-13.228352],[-38.966142,-13.235659],[-38.963686,-13.228295],[-38.967629,-13.227897],[-38.96807,-13.223651],[-38.958781,-13.219114],[-38.959332,-13.215642],[-38.958263,-13.214091],[-38.941081,-13.203964],[-38.926969,-13.207546],[-38.932465,-13.204492],[-38.928614,-13.202173],[-38.925691,-13.203552],[-38.931972,-13.204479],[-38.928317,-13.204577],[-38.919292,-13.213651],[-38.909106,-13.212688],[-38.902794,-13.205684],[-38.867386,-13.186355],[-38.855767,-13.170705],[-38.83605,-13.156484],[-38.812775,-13.145883],[-38.803441,-13.144877],[-38.807845,-13.138025],[-38.8289,-13.130355],[-38.828039,-13.134669],[-38.830227,-13.130137],[-38.857695,-13.115258],[-38.861956,-13.12372],[-38.860223,-13.114554],[-38.887793,-13.118805],[-38.883966,-13.121169],[-38.887343,-13.12459],[-38.882611,-13.127541],[-38.882648,-13.128319],[-38.884038,-13.129726],[-38.888701,-13.128289],[-38.882958,-13.128113],[-38.888478,-13.12553],[-38.885757,-13.120295],[-38.904933,-13.121796],[-38.903184,-13.135266],[-38.913505,-13.140513],[-38.918325,-13.135011],[-38.914202,-13.136622],[-38.913861,-13.139957],[-38.911632,-13.137422],[-38.907784,-13.136561],[-38.906815,-13.134325],[-38.903352,-13.134623],[-38.906635,-13.122981],[-38.923037,-13.122461],[-38.938838,-13.127989],[-38.953575,-13.125287],[-38.963475,-13.136022],[-38.984392,-13.145783],[-38.98254,-13.153879],[-38.984195,-13.156003],[-38.988306,-13.156029],[-38.991435,-13.161739],[-38.988397,-13.155404],[-38.983248,-13.154241],[-38.985817,-13.146771],[-38.99,-13.148484],[-38.993953,-13.146159],[-38.997545,-13.149205],[-38.994522,-13.145728],[-38.992725,-13.145565],[-38.990145,-13.147965],[-38.988296,-13.145778],[-38.97997,-13.142801],[-38.986903,-13.133665],[-38.989067,-13.137823],[-38.987898,-13.133095],[-38.992034,-13.1297],[-38.996846,-13.132578],[-39.001363,-13.130601],[-39.003123,-13.125935],[-39.008064,-13.127653],[-39.011347,-13.124925],[-39.014725,-13.126901],[-39.021109,-13.121216],[-39.017958,-13.12131],[-39.014773,-13.126405],[-39.01133,-13.12461],[-39.007838,-13.127081],[-39.003843,-13.12497],[-38.999954,-13.128256],[-39.000688,-13.130302],[-38.998376,-13.130227],[-38.996636,-13.132051],[-38.994128,-13.126816],[-38.994461,-13.129331],[-38.991433,-13.129338],[-38.985764,-13.133561],[-38.979161,-13.141656],[-38.96365,-13.13488],[-38.95492,-13.123946],[-38.935812,-13.125524],[-38.925029,-13.119501],[-38.907105,-13.119668],[-38.869852,-13.111066],[-38.882599,-13.107623],[-38.897055,-13.111013],[-38.910024,-13.109724],[-38.918911,-13.106384],[-38.925929,-13.098916],[-38.943417,-13.103134],[-38.952004,-13.092895],[-38.964383,-13.088974],[-38.967209,-13.085158],[-38.967764,-13.088994],[-38.973115,-13.090656],[-38.978345,-13.086782],[-38.982902,-13.090116],[-38.980103,-13.09292],[-38.981767,-13.097063],[-38.98914,-13.097123],[-38.987431,-13.096344],[-38.982072,-13.096931],[-38.980311,-13.092966],[-38.982885,-13.092416],[-38.983368,-13.091448],[-38.983252,-13.090063],[-38.978367,-13.086349],[-38.977337,-13.086483],[-38.973113,-13.090194],[-38.968159,-13.088676],[-38.967908,-13.084919],[-38.96667,-13.084995],[-38.962992,-13.088978],[-38.957279,-13.087574],[-38.958958,-13.067497],[-38.95394,-13.047471],[-38.958778,-13.035239],[-38.957947,-13.020693],[-38.953653,-13.006951],[-38.960237,-13.00155],[-38.960448,-13.000163],[-38.958637,-12.996323],[-38.954846,-12.992761],[-38.960093,-13.00059],[-38.954508,-13.003091],[-38.952726,-13.00783],[-38.953717,-13.011822],[-38.952571,-13.011408],[-38.957468,-13.021497],[-38.956312,-13.021988],[-38.958312,-13.03579],[-38.952499,-13.045084],[-38.956705,-13.06134],[-38.956539,-13.085819],[-38.940926,-13.10062],[-38.927913,-13.094116],[-38.929509,-13.091098],[-38.926733,-13.082347],[-38.926136,-13.086633],[-38.92758,-13.090885],[-38.929003,-13.091445],[-38.917595,-13.101843],[-38.893421,-13.106086],[-38.889395,-13.103851],[-38.888273,-13.098621],[-38.890404,-13.096911],[-38.894135,-13.099146],[-38.895623,-13.098509],[-38.896742,-13.095799],[-38.893951,-13.094076],[-38.89795,-13.091964],[-38.899533,-13.086919],[-38.896943,-13.088136],[-38.897612,-13.091426],[-38.896093,-13.090827],[-38.893498,-13.093626],[-38.894168,-13.095812],[-38.896257,-13.096262],[-38.894512,-13.098608],[-38.891234,-13.096199],[-38.8889,-13.096973],[-38.88755,-13.098409],[-38.881879,-13.096313],[-38.883668,-13.090104],[-38.877775,-13.088252],[-38.875596,-13.0795],[-38.865961,-13.074429],[-38.867932,-13.071948],[-38.86992,-13.074826],[-38.873086,-13.07467],[-38.874097,-13.064002],[-38.878776,-13.064711],[-38.87519,-13.062316],[-38.873475,-13.063603],[-38.871533,-13.07149],[-38.872341,-13.074695],[-38.8681,-13.071498],[-38.866613,-13.072221],[-38.864791,-13.069952],[-38.867243,-13.06664],[-38.865686,-13.060999],[-38.867948,-13.062347],[-38.872469,-13.058858],[-38.870403,-13.053064],[-38.869347,-13.056467],[-38.8719,-13.058799],[-38.869128,-13.059979],[-38.867832,-13.061636],[-38.866455,-13.060172],[-38.865034,-13.061088],[-38.864997,-13.063743],[-38.866872,-13.066705],[-38.864067,-13.069153],[-38.865386,-13.075324],[-38.863661,-13.073677],[-38.859208,-13.074286],[-38.854999,-13.067204],[-38.853189,-13.075247],[-38.848945,-13.076332],[-38.842636,-13.072441],[-38.842823,-13.061379],[-38.840658,-13.057612],[-38.824423,-13.059656],[-38.852646,-13.043601],[-38.854785,-13.038923],[-38.853656,-13.034604],[-38.847645,-13.034163],[-38.8462,-13.029829],[-38.85357,-13.022097],[-38.852211,-13.021646],[-38.847993,-13.024085],[-38.850088,-13.016456],[-38.847398,-13.022642],[-38.845725,-13.029809],[-38.846821,-13.034503],[-38.853605,-13.036968],[-38.850985,-13.044346],[-38.828286,-13.053997],[-38.815467,-13.053247],[-38.814552,-13.039037],[-38.818167,-13.035633],[-38.81265,-13.036667],[-38.80841,-13.030551],[-38.82008,-13.01883],[-38.818703,-13.017953],[-38.806649,-13.029435],[-38.798017,-13.026067],[-38.79977,-13.02307],[-38.792426,-13.022796],[-38.787446,-13.00724],[-38.787774,-12.994363],[-38.783623,-12.990199],[-38.786991,-12.989635],[-38.781681,-12.986042],[-38.779383,-12.994181],[-38.779057,-12.990159],[-38.772445,-12.984919],[-38.777666,-12.981868],[-38.78039,-12.970614],[-38.769221,-12.971455],[-38.764766,-12.963445],[-38.775876,-12.964555],[-38.776927,-12.958676],[-38.770246,-12.95609],[-38.774104,-12.954114],[-38.772081,-12.948331],[-38.763542,-12.95527],[-38.763077,-12.95086],[-38.768034,-12.945608],[-38.761311,-12.939593],[-38.759298,-12.928491],[-38.761348,-12.926341],[-38.755496,-12.928161],[-38.764454,-12.918739],[-38.756575,-12.917937],[-38.757288,-12.913283],[-38.767358,-12.913119],[-38.7715,-12.909765],[-38.766714,-12.910841],[-38.767243,-12.912862],[-38.765066,-12.911647],[-38.761088,-12.911827],[-38.752446,-12.913693],[-38.760163,-12.908726],[-38.75401,-12.910252],[-38.759033,-12.905916],[-38.756539,-12.897991],[-38.753323,-12.895136],[-38.745444,-12.897028],[-38.740746,-12.89459],[-38.740741,-12.88833],[-38.737641,-12.887609],[-38.740527,-12.887825],[-38.739663,-12.883381],[-38.736817,-12.884233],[-38.734112,-12.880241],[-38.735001,-12.87521],[-38.719599,-12.873679],[-38.728247,-12.87078],[-38.738116,-12.874465],[-38.742648,-12.871528],[-38.745267,-12.872537],[-38.744264,-12.876276],[-38.739386,-12.880164],[-38.753242,-12.877187],[-38.755793,-12.865595],[-38.759212,-12.862861],[-38.77123,-12.874899],[-38.764442,-12.874096],[-38.77032,-12.882892],[-38.77446,-12.882248],[-38.777979,-12.88595],[-38.77607,-12.881041],[-38.771506,-12.879141],[-38.782223,-12.871265],[-38.794622,-12.837674],[-38.81501,-12.859392],[-38.824442,-12.862121],[-38.836867,-12.858021],[-38.850023,-12.866085],[-38.854621,-12.883726],[-38.849308,-12.885124],[-38.852551,-12.886503],[-38.853611,-12.886127],[-38.854464,-12.884479],[-38.8507,-12.896886],[-38.860363,-12.899483],[-38.854027,-12.901692],[-38.856436,-12.904176],[-38.853389,-12.906492],[-38.853271,-12.907236],[-38.853613,-12.907967],[-38.855309,-12.90844],[-38.855204,-12.910525],[-38.855613,-12.908008],[-38.853479,-12.907105],[-38.856883,-12.90441],[-38.854875,-12.901649],[-38.86392,-12.90047],[-38.859353,-12.898037],[-38.851916,-12.896623],[-38.85349,-12.893474],[-38.857915,-12.893833],[-38.857243,-12.892449],[-38.854249,-12.893345],[-38.856169,-12.884022],[-38.853711,-12.871423],[-38.850842,-12.863737],[-38.839388,-12.854492],[-38.844789,-12.850583],[-38.859648,-12.848032],[-38.859983,-12.843656],[-38.865125,-12.849141],[-38.8616,-12.844938],[-38.863651,-12.845006],[-38.859824,-12.843179],[-38.858319,-12.843086],[-38.859517,-12.830259],[-38.868927,-12.820196],[-38.867264,-12.806562],[-38.861534,-12.795456],[-38.867761,-12.789529],[-38.871343,-12.789895],[-38.876906,-12.779029],[-38.883736,-12.774499],[-38.900844,-12.78313],[-38.899982,-12.78605],[-38.902938,-12.784415],[-38.901196,-12.790195],[-38.903591,-12.785029],[-38.910145,-12.790594],[-38.910679,-12.796168],[-38.90406,-12.793648],[-38.906649,-12.79666],[-38.902552,-12.795714],[-38.905101,-12.797637],[-38.910754,-12.797248],[-38.90864,-12.810079],[-38.917642,-12.824907],[-38.915163,-12.831223],[-38.922016,-12.838347],[-38.916142,-12.844856],[-38.931485,-12.8604],[-38.932556,-12.866331],[-38.93576,-12.868959],[-38.933118,-12.870304],[-38.935857,-12.86966],[-38.936021,-12.868461],[-38.93542,-12.867615],[-38.932763,-12.865539],[-38.93317,-12.861487],[-38.928563,-12.852894],[-38.918764,-12.844689],[-38.92452,-12.843096],[-38.927642,-12.847013],[-38.932099,-12.847382],[-38.934072,-12.843064],[-38.938565,-12.844039],[-38.934855,-12.84252],[-38.93118,-12.844084],[-38.925446,-12.837479],[-38.927988,-12.819446],[-38.92531,-12.805058],[-38.921284,-12.802406],[-38.922119,-12.799385],[-38.920176,-12.80133],[-38.917429,-12.793546],[-38.921656,-12.793793],[-38.9185,-12.790673],[-38.919397,-12.782989],[-38.912711,-12.783291],[-38.909034,-12.778583],[-38.911795,-12.774184],[-38.915743,-12.773977],[-38.91178,-12.773685],[-38.90765,-12.777282],[-38.909174,-12.774192],[-38.903295,-12.774707],[-38.91018,-12.768587],[-38.902503,-12.772088],[-38.901225,-12.765751],[-38.903639,-12.760512],[-38.908093,-12.759882],[-38.916391,-12.765776],[-38.909089,-12.759837],[-38.904826,-12.759401],[-38.915084,-12.753972],[-38.912481,-12.752511],[-38.914893,-12.753111],[-38.916146,-12.752573],[-38.915379,-12.749961],[-38.912032,-12.748891],[-38.914212,-12.746319],[-38.911224,-12.746014],[-38.915529,-12.736106],[-38.929041,-12.728334],[-38.941584,-12.698739],[-38.947526,-12.699742],[-38.948892,-12.696634],[-38.95272,-12.699697],[-38.949025,-12.696477],[-38.948134,-12.696756],[-38.947088,-12.699663],[-38.941431,-12.69811],[-38.941784,-12.666597],[-38.943138,-12.659776],[-38.954013,-12.645714],[-38.955535,-12.633801],[-38.960477,-12.634786],[-38.957693,-12.633203],[-38.955669,-12.63291],[-38.963685,-12.608691],[-39.005041,-12.583472],[-39.00921,-12.573798],[-39.007709,-12.568714],[-39.014373,-12.565981],[-39.024185,-12.552973],[-39.049565,-12.54265],[-39.037937,-12.545199],[-39.023784,-12.552392],[-39.014335,-12.561187],[-39.013519,-12.565684],[-39.006442,-12.567802],[-39.008033,-12.573988],[-39.003726,-12.583299],[-38.99395,-12.586253],[-38.964272,-12.604487],[-38.956218,-12.619492],[-38.951124,-12.647284],[-38.941473,-12.658635],[-38.937002,-12.697737],[-38.923643,-12.726118],[-38.914047,-12.728115],[-38.901298,-12.724041],[-38.904178,-12.715556],[-38.898744,-12.711936],[-38.897304,-12.715903],[-38.894402,-12.713756],[-38.896808,-12.709043],[-38.90319,-12.707517],[-38.907833,-12.710965],[-38.906375,-12.70787],[-38.905079,-12.707137],[-38.896792,-12.707598],[-38.90029,-12.702365],[-38.89914,-12.688932],[-38.893307,-12.682164],[-38.894524,-12.679196],[-38.892174,-12.681925],[-38.891895,-12.684695],[-38.888754,-12.682061],[-38.886915,-12.673187],[-38.88988,-12.665806],[-38.89394,-12.665562],[-38.892644,-12.658658],[-38.8926,-12.66249],[-38.88112,-12.673859],[-38.881218,-12.676482],[-38.878385,-12.673986],[-38.878875,-12.677078],[-38.873686,-12.679912],[-38.870701,-12.672187],[-38.870592,-12.676769],[-38.872026,-12.678392],[-38.869807,-12.678218],[-38.872537,-12.680348],[-38.867682,-12.682217],[-38.862367,-12.67932],[-38.866379,-12.673132],[-38.861999,-12.678644],[-38.857053,-12.672645],[-38.859357,-12.666701],[-38.862185,-12.668399],[-38.873903,-12.665022],[-38.872338,-12.660231],[-38.878817,-12.656761],[-38.873623,-12.65577],[-38.867958,-12.66383],[-38.862807,-12.662488],[-38.872955,-12.643795],[-38.868226,-12.644041],[-38.865134,-12.650897],[-38.861725,-12.644617],[-38.860047,-12.655895],[-38.855111,-12.651195],[-38.857245,-12.659992],[-38.85367,-12.66548],[-38.842261,-12.660251],[-38.853131,-12.667584],[-38.849638,-12.670004],[-38.853554,-12.669551],[-38.855489,-12.677491],[-38.865189,-12.68476],[-38.866507,-12.691611],[-38.865753,-12.685287],[-38.869415,-12.685027],[-38.867888,-12.691918],[-38.86826,-12.694008],[-38.87057,-12.687486],[-38.870368,-12.697059],[-38.871157,-12.688326],[-38.873455,-12.693852],[-38.872692,-12.690025],[-38.875039,-12.690157],[-38.871575,-12.684501],[-38.878841,-12.683847],[-38.879118,-12.688853],[-38.879307,-12.683901],[-38.882726,-12.683971],[-38.884927,-12.687783],[-38.877145,-12.700545],[-38.875578,-12.713225],[-38.871418,-12.714086],[-38.875595,-12.714249],[-38.873063,-12.715479],[-38.875909,-12.715422],[-38.876779,-12.720811],[-38.868283,-12.718335],[-38.876033,-12.721452],[-38.872631,-12.733917],[-38.874647,-12.742964],[-38.872137,-12.759168],[-38.862525,-12.771034],[-38.865043,-12.777943],[-38.862131,-12.786627],[-38.855178,-12.794036],[-38.859205,-12.819384],[-38.851553,-12.826212],[-38.83461,-12.822152],[-38.827722,-12.824461],[-38.822493,-12.836617],[-38.81631,-12.839235],[-38.811842,-12.838525],[-38.808459,-12.829196],[-38.802778,-12.823918],[-38.774937,-12.809867],[-38.770415,-12.778558],[-38.76022,-12.763649],[-38.748711,-12.757389],[-38.752617,-12.753402],[-38.755036,-12.755366],[-38.755703,-12.754279],[-38.751824,-12.750814],[-38.754923,-12.750724],[-38.751688,-12.748188],[-38.750897,-12.739817],[-38.742328,-12.733415],[-38.746682,-12.732111],[-38.748641,-12.727529],[-38.752322,-12.733956],[-38.753487,-12.731389],[-38.751354,-12.729211],[-38.753502,-12.728008],[-38.753545,-12.725453],[-38.75528,-12.727254],[-38.754731,-12.7255],[-38.751474,-12.723707],[-38.757102,-12.716481],[-38.756771,-12.708535],[-38.747921,-12.698269],[-38.740328,-12.680626],[-38.738902,-12.67966],[-38.737741,-12.679629],[-38.731939,-12.681764],[-38.729436,-12.674079],[-38.728656,-12.677058],[-38.726291,-12.676062],[-38.729158,-12.66779],[-38.728384,-12.66289],[-38.733207,-12.659341],[-38.738889,-12.660928],[-38.74404,-12.657806],[-38.742716,-12.653661],[-38.740334,-12.652374],[-38.740283,-12.652979],[-38.740662,-12.653561],[-38.742693,-12.654198],[-38.743222,-12.658244],[-38.741301,-12.658503],[-38.738676,-12.660372],[-38.734083,-12.658223],[-38.735072,-12.652664],[-38.739044,-12.651435],[-38.734271,-12.649117],[-38.740314,-12.647978],[-38.738248,-12.64567],[-38.74042,-12.646287],[-38.742222,-12.64482],[-38.741839,-12.643303],[-38.739087,-12.641321],[-38.749035,-12.638722],[-38.753157,-12.641343],[-38.755024,-12.636218],[-38.752075,-12.635318],[-38.751924,-12.632994],[-38.75112,-12.631985],[-38.750026,-12.631568],[-38.746599,-12.633602],[-38.747896,-12.634041],[-38.750741,-12.632029],[-38.751649,-12.635449],[-38.753318,-12.636543],[-38.7547,-12.636676],[-38.753296,-12.639529],[-38.751068,-12.638582],[-38.745535,-12.638429],[-38.742305,-12.638902],[-38.741604,-12.640256],[-38.736215,-12.641349],[-38.732689,-12.639718],[-38.730782,-12.639857],[-38.730003,-12.645662],[-38.732827,-12.65066],[-38.726901,-12.656101],[-38.728718,-12.651786],[-38.725252,-12.650289],[-38.725918,-12.636424],[-38.721455,-12.632348],[-38.720007,-12.614176],[-38.721194,-12.607079],[-38.729077,-12.610002],[-38.732986,-12.605905],[-38.727679,-12.609325],[-38.723671,-12.602996],[-38.724254,-12.605575],[-38.719754,-12.60592],[-38.718259,-12.60951],[-38.712836,-12.607274],[-38.71191,-12.586373],[-38.702564,-12.581632],[-38.699997,-12.582202],[-38.710788,-12.588075],[-38.709653,-12.591504],[-38.696247,-12.587163],[-38.697668,-12.577099],[-38.702028,-12.574106],[-38.700266,-12.569923],[-38.712444,-12.570502],[-38.703545,-12.566309],[-38.699346,-12.569997],[-38.701272,-12.574395],[-38.696455,-12.576793],[-38.69213,-12.568836],[-38.698607,-12.554821],[-38.707106,-12.548176],[-38.698087,-12.554985],[-38.693129,-12.566292],[-38.693179,-12.560672],[-38.691206,-12.558628],[-38.694427,-12.555947],[-38.689836,-12.557517],[-38.687332,-12.555079],[-38.685993,-12.556673],[-38.69231,-12.562011],[-38.690138,-12.56648],[-38.695912,-12.582179],[-38.694699,-12.588406],[-38.690699,-12.587018],[-38.694953,-12.583765],[-38.690546,-12.586168],[-38.690521,-12.582619],[-38.689704,-12.586686],[-38.693803,-12.59585],[-38.699509,-12.595571],[-38.699503,-12.604105],[-38.696919,-12.605083],[-38.704623,-12.620367],[-38.695849,-12.629424],[-38.685866,-12.626891],[-38.676246,-12.632726],[-38.667888,-12.627367],[-38.653336,-12.628774],[-38.648552,-12.623429],[-38.650341,-12.622812],[-38.651329,-12.620295],[-38.647858,-12.611532],[-38.637135,-12.610641],[-38.640228,-12.612488],[-38.647701,-12.612103],[-38.647911,-12.617915],[-38.648739,-12.619172],[-38.65078,-12.619916],[-38.649925,-12.622344],[-38.641758,-12.620034],[-38.639042,-12.623495],[-38.641209,-12.623197],[-38.642246,-12.621641],[-38.641891,-12.620326],[-38.644329,-12.621638],[-38.645862,-12.621751],[-38.65189,-12.628644],[-38.641236,-12.641383],[-38.643675,-12.655063],[-38.638519,-12.653505],[-38.64204,-12.656492],[-38.637279,-12.655861],[-38.639545,-12.656695],[-38.642015,-12.656707],[-38.642588,-12.664396],[-38.63703,-12.666451],[-38.635666,-12.66745],[-38.633004,-12.665718],[-38.635448,-12.668309],[-38.631945,-12.672034],[-38.629246,-12.670519],[-38.630593,-12.674318],[-38.625438,-12.672944],[-38.627325,-12.674359],[-38.622761,-12.675586],[-38.614559,-12.672532],[-38.610733,-12.664251],[-38.612228,-12.658406],[-38.607449,-12.657062],[-38.608761,-12.654932],[-38.604137,-12.65908],[-38.596443,-12.655219],[-38.596355,-12.656175],[-38.603992,-12.659295],[-38.611801,-12.658446],[-38.610317,-12.664469],[-38.614113,-12.673144],[-38.62315,-12.676802],[-38.628543,-12.675436],[-38.631592,-12.679147],[-38.623157,-12.680032],[-38.630081,-12.680959],[-38.622936,-12.681247],[-38.631114,-12.683206],[-38.639873,-12.691002],[-38.637676,-12.69919],[-38.630893,-12.699548],[-38.623657,-12.690696],[-38.615719,-12.691795],[-38.618385,-12.692274],[-38.619598,-12.69954],[-38.618182,-12.708657],[-38.625141,-12.715173],[-38.6204,-12.72596],[-38.617239,-12.723113],[-38.615563,-12.726694],[-38.614639,-12.72433],[-38.612684,-12.723413],[-38.611845,-12.723853],[-38.614703,-12.720212],[-38.612635,-12.71875],[-38.612656,-12.722192],[-38.61167,-12.721344],[-38.606926,-12.723509],[-38.606925,-12.726918],[-38.602496,-12.728177],[-38.606144,-12.729325],[-38.604463,-12.733624],[-38.596826,-12.735312],[-38.592508,-12.722904],[-38.583668,-12.716117],[-38.586115,-12.716018],[-38.591404,-12.712282],[-38.59375,-12.706936],[-38.586553,-12.714807],[-38.577746,-12.713202],[-38.575111,-12.703556],[-38.575579,-12.703004],[-38.576847,-12.70376],[-38.578924,-12.703308],[-38.578787,-12.700304],[-38.576464,-12.698015],[-38.572917,-12.698343],[-38.577672,-12.699603],[-38.577356,-12.699866],[-38.576693,-12.701369],[-38.576802,-12.701728],[-38.574527,-12.703534],[-38.571619,-12.718731],[-38.566365,-12.715326],[-38.569376,-12.708952],[-38.566025,-12.713616],[-38.558014,-12.713003],[-38.55303,-12.72365],[-38.539314,-12.724809],[-38.53101,-12.737926],[-38.510648,-12.736253],[-38.496082,-12.727851],[-38.492587,-12.733888],[-38.496188,-12.733329],[-38.499082,-12.740396],[-38.494414,-12.745172],[-38.503275,-12.754369],[-38.499466,-12.761451],[-38.499747,-12.773535],[-38.495242,-12.776992],[-38.49734,-12.781234],[-38.488616,-12.788704],[-38.485123,-12.787304],[-38.488734,-12.783296],[-38.480753,-12.77443],[-38.478096,-12.781541],[-38.46341,-12.78404],[-38.459064,-12.780849],[-38.454271,-12.770817],[-38.455264,-12.764777],[-38.450032,-12.763951],[-38.453509,-12.758597],[-38.45173,-12.750752],[-38.457962,-12.752049],[-38.454431,-12.749341],[-38.445682,-12.751444],[-38.441777,-12.76172],[-38.438228,-12.757596],[-38.433163,-12.760046],[-38.438279,-12.763375],[-38.435282,-12.770446],[-38.427255,-12.765989],[-38.42395,-12.770759],[-38.432596,-12.773547],[-38.432277,-12.779849],[-38.42799,-12.780115],[-38.424816,-12.784657],[-38.430877,-12.783012],[-38.435909,-12.772533],[-38.446742,-12.767562],[-38.446011,-12.772399],[-38.449304,-12.776475],[-38.447717,-12.786677],[-38.457434,-12.800494],[-38.452002,-12.804066],[-38.456538,-12.815851],[-38.463714,-12.812256],[-38.468551,-12.816228],[-38.474201,-12.80761],[-38.478545,-12.816556],[-38.481784,-12.816883],[-38.475433,-12.804115],[-38.474278,-12.797032],[-38.477905,-12.794864],[-38.475218,-12.791437],[-38.470305,-12.793393],[-38.469072,-12.791069],[-38.472314,-12.787992],[-38.47678,-12.786527],[-38.477064,-12.789553],[-38.484836,-12.789856],[-38.493985,-12.798059],[-38.494206,-12.791071],[-38.499236,-12.789328],[-38.499187,-12.809151],[-38.489678,-12.812135],[-38.486115,-12.817574],[-38.489005,-12.830274],[-38.479278,-12.83285],[-38.471675,-12.841084],[-38.476197,-12.855649],[-38.480213,-12.858988],[-38.478369,-12.875796],[-38.485964,-12.883096],[-38.491256,-12.89731],[-38.486379,-12.906247],[-38.480227,-12.8991],[-38.476362,-12.902127],[-38.482563,-12.908245],[-38.483065,-12.919318],[-38.491973,-12.922501],[-38.4873,-12.926493],[-38.489602,-12.931205],[-38.488159,-12.927298],[-38.491561,-12.926451],[-38.49322,-12.922523],[-38.496429,-12.924365],[-38.49135,-12.913186],[-38.49445,-12.908854],[-38.503664,-12.921057],[-38.511422,-12.921047],[-38.514695,-12.927476],[-38.519182,-12.928127],[-38.506472,-12.937712],[-38.50105,-12.949663],[-38.53256,-13.000262],[-38.533253,-13.010805],[-38.496338,-13.010322],[-38.486877,-13.016691],[-38.468304,-13.014685],[-38.441121,-12.997272],[-38.426065,-12.980066],[-38.398831,-12.96198],[-38.369263,-12.950497],[-38.363782,-12.950251],[-38.3536,-12.956824],[-38.342248,-12.950392],[-38.316055,-12.926883],[-38.278642,-12.879981],[-38.280262,-12.877479],[-38.267964,-12.874625],[-38.244183,-12.852445],[-38.233054,-12.836408],[-38.208413,-12.811191],[-38.193292,-12.788249],[-38.175118,-12.773088],[-38.103847,-12.68635],[-38.087472,-12.674013],[-38.072654,-12.654925],[-38.062005,-12.649254],[-38.057331,-12.640738],[-38.046562,-12.63426],[-38.041784,-12.611705],[-38.031251,-12.598325],[-38.032002,-12.594851],[-38.015376,-12.581883],[-38.002104,-12.57657],[-37.962262,-12.5014],[-37.964223,-12.504293],[-37.964605,-12.502295],[-37.882931,-12.394739],[-37.834461,-12.314846],[-37.772115,-12.232984],[-37.752711,-12.198685],[-37.725441,-12.162477],[-37.685128,-12.098455],[-37.618646,-11.968294],[-37.629832,-11.970528],[-37.628514,-11.968257],[-37.615673,-11.965253],[-37.516001,-11.74491],[-37.419374,-11.557007],[-37.388736,-11.505621],[-37.34609,-11.462412],[-37.344018,-11.449487],[-37.333865,-11.445205],[-37.346371,-11.440389],[-37.365313,-11.448521],[-37.378876,-11.46671],[-37.398906,-11.485558],[-37.424314,-11.505332],[-37.452967,-11.521809],[-37.504977,-11.524977],[-37.516036,-11.536089],[-37.516189,-11.545409],[-37.519081,-11.548295],[-37.552217,-11.547179],[-37.556565,-11.55131],[-37.562458,-11.542374],[-37.568402,-11.539717],[-37.574295,-11.543154],[-37.572144,-11.548603],[-37.578128,-11.551765],[-37.585222,-11.541792],[-37.578702,-11.534104],[-37.580478,-11.531167],[-37.589357,-11.528013],[-37.601942,-11.539686],[-37.608393,-11.536102],[-37.614253,-11.538581],[-37.628508,-11.528245],[-37.63148,-11.518671],[-37.636797,-11.517948],[-37.643867,-11.524063],[-37.650496,-11.517172],[-37.653287,-11.52891],[-37.657002,-11.53287],[-37.664107,-11.532587],[-37.661612,-11.545788],[-37.671663,-11.558463],[-37.669423,-11.564374],[-37.675827,-11.56828],[-37.684112,-11.561807],[-37.68745,-11.562302],[-37.688075,-11.565944],[-37.700057,-11.561812],[-37.695829,-11.545802],[-37.70269,-11.540195],[-37.711724,-11.552315],[-37.718454,-11.54957],[-37.726983,-11.552725],[-37.730703,-11.546255],[-37.730403,-11.53783],[-37.736607,-11.535732],[-37.748135,-11.538261],[-37.759589,-11.524697],[-37.77048,-11.531251],[-37.774621,-11.524338],[-37.791105,-11.523704],[-37.794776,-11.518621],[-37.79887,-11.522195],[-37.811839,-11.516625],[-37.819248,-11.49982],[-37.812692,-11.500454],[-37.809025,-11.496532],[-37.816384,-11.491658],[-37.824265,-11.491949],[-37.833642,-11.482304],[-37.839751,-11.481849],[-37.848385,-11.469893],[-37.854106,-11.468042],[-37.856851,-11.470465],[-37.863953,-11.465851],[-37.863549,-11.452985],[-37.853164,-11.451558],[-37.852397,-11.446026],[-37.848292,-11.442771],[-37.856158,-11.439173],[-37.858832,-11.443568],[-37.867489,-11.442447],[-37.869914,-11.435756],[-37.880863,-11.433391],[-37.87349,-11.427709],[-37.865887,-11.428236],[-37.867511,-11.426319],[-37.883113,-11.424931],[-37.890657,-11.436348],[-37.893468,-11.433639],[-37.898673,-11.437753],[-37.901991,-11.427694],[-37.906835,-11.426549],[-37.903352,-11.422764],[-37.905922,-11.41992],[-37.905969,-11.408332],[-37.910427,-11.410282],[-37.916197,-11.402833],[-37.928514,-11.401636],[-37.927645,-11.40961],[-37.934361,-11.412978],[-37.936234,-11.422418],[-37.943159,-11.424074],[-37.945198,-11.413361],[-37.955158,-11.407363],[-37.950549,-11.403927],[-37.952537,-11.395142],[-37.959716,-11.396248],[-37.963041,-11.402681],[-37.966421,-11.40133],[-37.964539,-11.393299],[-37.967477,-11.39038],[-37.977469,-11.393332],[-37.980916,-11.38536],[-37.967958,-11.381342],[-37.968757,-11.373695],[-37.975588,-11.370414],[-37.98198,-11.348226],[-37.986998,-11.341745],[-37.993097,-11.343262],[-37.999734,-11.340326],[-37.997641,-11.335197],[-37.987763,-11.331648],[-37.998374,-11.322244],[-37.991064,-11.321173],[-37.990584,-11.317725],[-38.004777,-11.294061],[-38.010748,-11.294188],[-38.014769,-11.285584],[-38.004045,-11.286672],[-37.991665,-11.278209],[-37.992696,-11.272473],[-37.986439,-11.271172],[-37.986025,-11.266836],[-37.990643,-11.266051],[-37.995627,-11.258766],[-37.983634,-11.248013],[-37.987178,-11.245698],[-37.989811,-11.248355],[-37.993374,-11.240343],[-37.986233,-11.237069],[-37.99058,-11.227656],[-37.97755,-11.221853],[-37.977069,-11.214476],[-37.981613,-11.210195],[-37.978918,-11.205021],[-37.981043,-11.198778],[-37.973945,-11.194151],[-37.981366,-11.191665],[-37.98673,-11.195829],[-37.995471,-11.191446],[-38.002694,-11.194783],[-38.025007,-11.177653],[-38.046613,-11.178497],[-38.055887,-11.171771],[-38.066438,-11.15776],[-38.07142,-11.142803],[-38.066179,-11.132339],[-38.068723,-11.119503],[-38.076239,-11.120428],[-38.088662,-11.116151],[-38.089769,-11.107477],[-38.093411,-11.103559],[-38.094047,-11.099382],[-38.087109,-11.097416],[-38.077049,-11.075792],[-38.08098,-11.071282],[-38.081339,-11.063997],[-38.086415,-11.065269],[-38.087883,-11.058697],[-38.093238,-11.057637],[-38.09266,-11.050352],[-38.104686,-11.042257],[-38.10272,-11.037053],[-38.109427,-11.024449],[-38.105727,-11.02098],[-38.105611,-11.014273],[-38.122335,-11.008284],[-38.128258,-11.019319],[-38.135215,-11.018204],[-38.149207,-11.002593],[-38.175456,-10.988485],[-38.185517,-10.976112],[-38.187367,-10.967555],[-38.191646,-10.964895],[-38.186789,-10.945237],[-38.204366,-10.941074],[-38.207719,-10.936217],[-38.205638,-10.929279],[-38.208414,-10.92766],[-38.21133,-10.931512],[-38.214191,-10.926982],[-38.217317,-10.933095],[-38.221133,-10.925347],[-38.2342,-10.916443],[-38.236976,-10.896091],[-38.246232,-10.868956],[-38.243654,-10.866543],[-38.244889,-10.855653],[-38.2395,-10.845212],[-38.243766,-10.834097],[-38.24028,-10.825218],[-38.243325,-10.823384],[-38.241652,-10.819473],[-38.244935,-10.815038],[-38.237166,-10.807509],[-38.239546,-10.7974],[-38.237586,-10.792256],[-38.219947,-10.777067],[-38.212108,-10.756489],[-38.218723,-10.721947],[-38.207944,-10.703819],[-38.176832,-10.701369],[-38.173571,-10.707392],[-38.164628,-10.712067],[-38.134134,-10.717034],[-38.122267,-10.715114],[-38.117628,-10.706295],[-38.103419,-10.708141],[-38.090091,-10.698668],[-38.078401,-10.708907],[-38.062086,-10.705923],[-38.051569,-10.707479],[-38.041565,-10.700204],[-37.991048,-10.755149],[-37.984019,-10.757964],[-37.969487,-10.752284],[-37.909115,-10.715433],[-37.847517,-10.699262],[-37.846389,-10.694346],[-37.838015,-10.686347],[-37.808303,-10.686802],[-37.757631,-10.622507],[-37.766903,-10.618024],[-37.767261,-10.60541],[-37.772668,-10.602519],[-37.786569,-10.600048],[-37.799832,-10.59111],[-37.808003,-10.600212],[-37.81505,-10.594918],[-37.818611,-10.584992],[-37.824763,-10.586729],[-37.830393,-10.584213],[-37.825699,-10.579657],[-37.831566,-10.577888],[-37.830433,-10.572192],[-37.834984,-10.569957],[-37.832453,-10.566908],[-37.835498,-10.564271],[-37.832295,-10.560935],[-37.839129,-10.556019],[-37.840578,-10.549762],[-37.83715,-10.550648],[-37.836427,-10.547188],[-37.831296,-10.550457],[-37.827759,-10.547371],[-37.828916,-10.54045],[-37.824132,-10.537605],[-37.819529,-10.539215],[-37.822216,-10.530592],[-37.812915,-10.507777],[-37.817034,-10.502693],[-37.821915,-10.483399],[-37.859771,-10.428341],[-37.858293,-10.424758],[-37.853945,-10.424766],[-37.851157,-10.415448],[-37.854294,-10.405959],[-37.83801,-10.400432],[-37.843259,-10.397632],[-37.841336,-10.389269],[-37.833991,-10.385157],[-37.840759,-10.381179],[-37.838876,-10.377729],[-37.834619,-10.378569],[-37.82946,-10.373709],[-37.823645,-10.37752],[-37.821898,-10.371956],[-37.812907,-10.365845],[-37.807465,-10.366861],[-37.78762,-10.355413],[-37.783615,-10.345594],[-37.762303,-10.343794],[-37.743863,-10.338225],[-37.759365,-10.035492],[-37.822334,-10.015937],[-37.821764,-9.997815],[-37.835777,-9.998001],[-37.849325,-9.993765],[-37.873813,-9.978914],[-37.875768,-9.973094],[-37.896066,-9.954286],[-37.895042,-9.942833],[-37.911721,-9.936584],[-37.910779,-9.930784],[-37.901387,-9.921376],[-37.90771,-9.911627],[-37.931687,-9.935288],[-37.944341,-9.942356],[-37.956923,-9.942322],[-37.975843,-9.933516],[-37.978659,-9.936856],[-37.995587,-9.903814],[-37.992437,-9.892218],[-37.995647,-9.878781],[-38.013377,-9.857278],[-38.011163,-9.853983],[-38.002402,-9.856188],[-37.999716,-9.852485],[-37.998728,-9.845471],[-38.002559,-9.839371],[-37.998219,-9.826384],[-38.000222,-9.815124],[-38.017402,-9.802322],[-38.019615,-9.777781],[-38.027931,-9.776085],[-38.031669,-9.770797],[-38.029665,-9.766172],[-38.037776,-9.749437],[-38.036014,-9.739446],[-38.042993,-9.718627],[-38.042327,-9.689206],[-38.039501,-9.685642],[-38.024119,-9.682058],[-38.025816,-9.678814],[-38.020933,-9.665471],[-38.006712,-9.651398],[-38.016321,-9.643258],[-38.016391,-9.638838],[-38.03238,-9.634586],[-38.037031,-9.628212],[-38.048093,-9.634423],[-38.054176,-9.632921],[-38.050975,-9.627095],[-38.054918,-9.614053],[-38.051858,-9.605227],[-38.060731,-9.591419],[-38.057932,-9.586124],[-38.050379,-9.588148],[-38.037458,-9.582026],[-38.04033,-9.572275],[-38.031248,-9.56727],[-38.026956,-9.574534],[-38.025625,-9.56811],[-38.018991,-9.563771],[-38.017957,-9.551985],[-38.023,-9.548323],[-38.021947,-9.541283],[-38.014084,-9.535195],[-38.012799,-9.527453],[-38.004407,-9.518602],[-37.999194,-9.498954],[-38.010753,-9.480121],[-38.019697,-9.476754],[-38.023089,-9.470154],[-38.036414,-9.466147],[-38.04394,-9.46882],[-38.057849,-9.459726],[-38.068362,-9.458798],[-38.070194,-9.449846],[-38.079527,-9.441122],[-38.113085,-9.436029],[-38.118833,-9.442586],[-38.142579,-9.438142],[-38.155741,-9.443449],[-38.175176,-9.430556],[-38.177847,-9.425762],[-38.205084,-9.418833],[-38.20189,-9.400497],[-38.194023,-9.394339],[-38.196731,-9.391957],[-38.194989,-9.385575],[-38.200601,-9.379273],[-38.210121,-9.357056],[-38.232964,-9.339583],[-38.245204,-9.313756],[-38.2501,-9.291724],[-38.275927,-9.248516],[-38.284875,-9.221233],[-38.294373,-9.205761],[-38.2931,-9.198613],[-38.284189,-9.188233],[-38.287502,-9.173327],[-38.298531,-9.166057],[-38.303977,-9.155406],[-38.314023,-9.147056],[-38.321343,-9.130762],[-38.320792,-9.114919],[-38.304775,-9.098351],[-38.321471,-9.088994],[-38.325783,-9.076885],[-38.321838,-9.070189],[-38.304805,-9.062215],[-38.291477,-9.048635],[-38.288722,-9.039824],[-38.292896,-9.028227],[-38.304722,-9.011289],[-38.31482,-9.002835],[-38.318754,-8.991034],[-38.325045,-8.988213],[-38.342864,-8.99106],[-38.356724,-8.998237],[-38.388034,-9.026502],[-38.407212,-9.038207],[-38.418721,-9.037464],[-38.447306,-9.026946],[-38.470231,-9.010938],[-38.501364,-8.979617],[-38.519403,-8.949405],[-38.520236,-8.942249],[-38.50792,-8.921279],[-38.48334,-8.90673],[-38.471434,-8.88732],[-38.468976,-8.864694],[-38.471639,-8.85787],[-38.484287,-8.845555],[-38.533716,-8.825084],[-38.555185,-8.823753],[-38.569787,-8.831032],[-38.582019,-8.845205],[-38.604797,-8.882537],[-38.609448,-8.95086],[-38.620258,-8.974868],[-38.634071,-8.98552],[-38.646886,-8.984188],[-38.677842,-8.964883],[-38.692487,-8.938754],[-38.691821,-8.914289],[-38.695907,-8.876229],[-38.70171,-8.853704],[-38.712221,-8.844247],[-38.74128,-8.834039],[-38.792553,-8.792441],[-38.805547,-8.787329],[-38.866628,-8.781195],[-38.887859,-8.788039],[-38.917388,-8.789461],[-38.939461,-8.797641],[-38.953977,-8.798008],[-38.969584,-8.783228],[-38.972716,-8.769551],[-38.986165,-8.757172],[-38.989066,-8.748691],[-39.011486,-8.727009],[-39.034612,-8.715647],[-39.050208,-8.713344],[-39.064573,-8.716043],[-39.089539,-8.709429],[-39.128982,-8.711526],[-39.153066,-8.703876],[-39.169734,-8.685427],[-39.176614,-8.682526],[-39.188259,-8.680939],[-39.200967,-8.686729],[-39.211555,-8.68725],[-39.223727,-8.681183],[-39.229809,-8.672748],[-39.235877,-8.64271],[-39.246398,-8.625031],[-39.262027,-8.610997],[-39.27094,-8.572343],[-39.282693,-8.560389],[-39.301268,-8.552176],[-39.344549,-8.5505],[-39.372289,-8.530442],[-39.387922,-8.527264],[-39.39569,-8.530828],[-39.40674,-8.530894],[-39.453192,-8.557847],[-39.46507,-8.577606],[-39.475165,-8.585377],[-39.540399,-8.593138],[-39.56277,-8.615008],[-39.577671,-8.621052],[-39.600489,-8.640381],[-39.614801,-8.648277],[-39.641222,-8.654356],[-39.660759,-8.650905],[-39.693568,-8.660183],[-39.695069,-8.676479],[-39.682785,-8.731456],[-39.684517,-8.760079],[-39.680356,-8.780356],[-39.683788,-8.786394],[-39.716975,-8.790601],[-39.754994,-8.782601],[-39.764702,-8.787118],[-39.773206,-8.799399],[-39.79207,-8.808557],[-39.804666,-8.807485],[-39.841435,-8.815002],[-39.867477,-8.816382],[-39.8941,-8.828329],[-39.902028,-8.840899],[-39.905214,-8.855936],[-39.903137,-8.865553],[-39.880658,-8.906853],[-39.878497,-8.924533],[-39.880648,-8.94563],[-39.889929,-8.962763],[-39.909817,-8.981801],[-39.916885,-8.995282],[-39.957731,-9.048046],[-39.994778,-9.058201],[-40.028716,-9.056864],[-40.063207,-9.060115],[-40.087369,-9.080887],[-40.113902,-9.092947],[-40.134353,-9.097999],[-40.16069,-9.092028],[-40.228514,-9.054766],[-40.242908,-9.055233],[-40.256245,-9.063005],[-40.274439,-9.085092],[-40.285369,-9.116009],[-40.293744,-9.159452],[-40.290805,-9.188082],[-40.292447,-9.199388],[-40.323885,-9.304787],[-40.333598,-9.321015],[-40.340569,-9.358017],[-40.355827,-9.369239],[-40.373081,-9.373232],[-40.38638,-9.369897],[-40.411926,-9.352784],[-40.426229,-9.353424],[-40.434929,-9.360371],[-40.452277,-9.396396],[-40.464367,-9.410634],[-40.477553,-9.41415],[-40.509134,-9.404347],[-40.519123,-9.406944],[-40.533934,-9.415502],[-40.540495,-9.423179],[-40.545509,-9.441785],[-40.557791,-9.454151],[-40.595118,-9.465797],[-40.620803,-9.477556],[-40.633054,-9.477306],[-40.674307,-9.46692],[-40.700889,-9.456511],[-40.725416,-9.438595],[-40.740069,-9.438794],[-40.765387,-9.44482],[-40.767889,-9.440763],[-40.767687,-9.423308],[-40.758776,-9.415233],[-40.749779,-9.413367],[-40.743849,-9.406693],[-40.743044,-9.380926],[-40.748812,-9.365192],[-40.738676,-9.357016],[-40.742908,-9.329763],[-40.757261,-9.316287],[-40.743376,-9.305615],[-40.739232,-9.29717],[-40.720115,-9.304138],[-40.707158,-9.295127],[-40.706693,-9.285307],[-40.685467,-9.276192],[-40.679044,-9.256778],[-40.688773,-9.256272],[-40.685197,-9.24307],[-40.693391,-9.231294],[-40.68066,-9.212017],[-40.68024,-9.198795],[-40.66838,-9.186375],[-40.671533,-9.170758],[-40.669187,-9.160382],[-40.685099,-9.137138],[-40.707686,-9.144813],[-40.731773,-9.123937],[-40.756027,-9.118629],[-40.758355,-9.106775],[-40.775708,-9.100114],[-40.78565,-9.105528],[-40.789335,-9.098245],[-40.802557,-9.097266],[-40.801758,-9.082817],[-40.818847,-9.081219],[-40.822459,-9.05187],[-40.825727,-9.03994],[-40.831947,-9.0318],[-40.830981,-9.021851],[-40.850191,-8.987463],[-40.850161,-8.950123],[-40.861177,-8.949184],[-40.85989,-8.937861],[-40.881279,-8.914351],[-40.882491,-8.903803],[-40.893984,-8.887909],[-40.896301,-8.870423],[-40.901922,-8.860378],[-40.910524,-8.857206],[-40.919411,-8.836283],[-40.927688,-8.835507],[-40.944543,-8.844595],[-40.955061,-8.844086],[-40.959255,-8.840397],[-40.960181,-8.830232],[-40.978215,-8.824965],[-40.985455,-8.831872],[-40.999659,-8.828255],[-41.020918,-8.84401],[-41.031883,-8.835305],[-41.025223,-8.825728],[-41.022529,-8.811539],[-41.029994,-8.799335],[-41.029371,-8.794059],[-41.037037,-8.785509],[-41.040705,-8.78398],[-41.052909,-8.789485],[-41.065157,-8.781572],[-41.077884,-8.788674],[-41.08194,-8.782252],[-41.090632,-8.78381],[-41.101454,-8.781228],[-41.105017,-8.770646],[-41.115526,-8.766537],[-41.113833,-8.757908],[-41.123997,-8.752563],[-41.128966,-8.740185],[-41.121306,-8.722946],[-41.123439,-8.717682],[-41.112953,-8.708745],[-41.129047,-8.705537],[-41.160831,-8.710032],[-41.171377,-8.707086],[-41.175419,-8.711374],[-41.18079,-8.707491],[-41.185153,-8.710612],[-41.190052,-8.706811],[-41.20562,-8.709397],[-41.226252,-8.70388],[-41.234261,-8.712298],[-41.236696,-8.720189],[-41.259368,-8.720888],[-41.277956,-8.737969],[-41.294188,-8.735941],[-41.31006,-8.724497],[-41.335792,-8.729984],[-41.349094,-8.71994],[-41.357743,-8.707452],[-41.377979,-8.702682],[-41.392477,-8.723276],[-41.392157,-8.735355],[-41.398743,-8.742869],[-41.421371,-8.800498],[-41.42584,-8.801409],[-41.430912,-8.795682],[-41.471491,-8.838105],[-41.47288,-8.84431],[-41.487297,-8.844444],[-41.493951,-8.862155],[-41.502058,-8.863449],[-41.504848,-8.870552],[-41.512483,-8.875142],[-41.513338,-8.883112],[-41.507028,-8.88537],[-41.506436,-8.889894],[-41.522741,-8.903079],[-41.521367,-8.910621],[-41.533687,-8.929848],[-41.540249,-8.930367],[-41.545094,-8.936366],[-41.545459,-8.955067],[-41.54288,-8.96154],[-41.55539,-8.963527],[-41.564055,-8.969538],[-41.570123,-8.954572],[-41.603677,-8.956804],[-41.608885,-8.965224],[-41.618799,-8.968611],[-41.622875,-8.979999],[-41.628336,-8.984617],[-41.641027,-8.982896],[-41.650808,-8.987875],[-41.668036,-8.988787],[-41.669677,-8.99928],[-41.678664,-9.012298],[-41.689536,-9.011184],[-41.692294,-9.007146],[-41.72497,-9.013718],[-41.722219,-9.028446],[-41.732241,-9.035924],[-41.735418,-9.042863],[-41.735713,-9.067158],[-41.731963,-9.075769],[-41.735462,-9.097105],[-41.742974,-9.105453],[-41.749041,-9.105266],[-41.759547,-9.113679],[-41.76655,-9.124243],[-41.777703,-9.119947],[-41.802345,-9.148468],[-41.803879,-9.15296],[-41.797056,-9.16662],[-41.807455,-9.167829],[-41.813749,-9.173896],[-41.813835,-9.180025],[-41.826782,-9.19341],[-41.836366,-9.243521],[-41.843772,-9.240762],[-41.849585,-9.242887],[-41.857782,-9.233169],[-41.863522,-9.235329],[-41.868807,-9.233055],[-41.878577,-9.245123],[-41.877041,-9.256286],[-41.886824,-9.257892],[-41.901521,-9.252615],[-41.906146,-9.256146],[-41.904801,-9.265284],[-41.907972,-9.270904],[-41.912797,-9.27085],[-41.916832,-9.276533],[-41.927403,-9.274033],[-41.931632,-9.265871],[-41.944567,-9.261302],[-41.953319,-9.264996],[-41.958548,-9.263518],[-41.96286,-9.250467],[-41.972349,-9.247847],[-41.979268,-9.249449],[-41.982423,-9.255098],[-41.999011,-9.263587],[-42.020341,-9.247688],[-42.041038,-9.257929],[-42.068801,-9.253365],[-42.097021,-9.280484],[-42.107387,-9.279014],[-42.121852,-9.283664],[-42.149413,-9.284726],[-42.160349,-9.289598],[-42.182246,-9.2845],[-42.187441,-9.290667],[-42.20732,-9.29443],[-42.222237,-9.282148],[-42.242862,-9.288705],[-42.252388,-9.301929],[-42.26129,-9.306252],[-42.276681,-9.311399],[-42.291424,-9.307197],[-42.315834,-9.320841],[-42.325413,-9.334968],[-42.353438,-9.347596],[-42.357491,-9.357117],[-42.353943,-9.371399],[-42.357419,-9.378772],[-42.380098,-9.392142],[-42.390925,-9.393501],[-42.407215,-9.402229],[-42.425219,-9.416086],[-42.42883,-9.431982],[-42.420794,-9.432557],[-42.419876,-9.435842],[-42.429476,-9.439383],[-42.433846,-9.452832],[-42.453704,-9.464971],[-42.461325,-9.456246],[-42.471522,-9.459533],[-42.476994,-9.456933],[-42.487142,-9.461152],[-42.486772,-9.494585],[-42.503382,-9.501256],[-42.510267,-9.502842],[-42.515119,-9.500093],[-42.520512,-9.503424],[-42.547546,-9.494166],[-42.574875,-9.502611],[-42.581894,-9.49867],[-42.591067,-9.498547],[-42.602166,-9.513963],[-42.605031,-9.524112],[-42.619536,-9.52992],[-42.62166,-9.541449],[-42.625127,-9.541804],[-42.631989,-9.535558],[-42.64524,-9.544345],[-42.651616,-9.535984],[-42.66097,-9.547428],[-42.668939,-9.550026],[-42.690584,-9.54569],[-42.698638,-9.551355],[-42.704457,-9.541123],[-42.705003,-9.531536],[-42.717823,-9.529678],[-42.720064,-9.53432],[-42.715022,-9.556731],[-42.730149,-9.574019],[-42.750879,-9.584424],[-42.758562,-9.591547],[-42.757961,-9.606511],[-42.760151,-9.613078],[-42.765347,-9.616435],[-42.776511,-9.616488],[-42.799481,-9.623921],[-42.820315,-9.616766],[-42.819146,-9.604447],[-42.822159,-9.591521],[-42.834332,-9.574495],[-42.826918,-9.55929],[-42.84183,-9.54781],[-42.852736,-9.552736],[-42.86282,-9.563734],[-42.875566,-9.567819],[-42.878181,-9.554011],[-42.896319,-9.543389],[-42.897049,-9.529696],[-42.903909,-9.522382],[-42.912551,-9.522245],[-42.936132,-9.533042],[-42.938771,-9.521394],[-42.953326,-9.509415],[-42.952807,-9.495706],[-42.961039,-9.473371],[-42.959305,-9.453464],[-42.953317,-9.439223],[-42.965958,-9.41725],[-42.980069,-9.40745],[-42.994898,-9.403437],[-43.001211,-9.404553],[-43.011228,-9.413115],[-43.022235,-9.41012],[-43.040688,-9.414005],[-43.053856,-9.410602],[-43.057436,-9.414745],[-43.058183,-9.389142],[-43.077734,-9.399797],[-43.092635,-9.393049],[-43.095407,-9.387994],[-43.101844,-9.38959],[-43.118605,-9.371296],[-43.132365,-9.386004],[-43.149523,-9.375057],[-43.160024,-9.377619],[-43.164384,-9.396708],[-43.173285,-9.410554],[-43.189825,-9.42147],[-43.198228,-9.419144],[-43.209833,-9.404841],[-43.22401,-9.401925],[-43.242438,-9.414526],[-43.263928,-9.414869],[-43.281517,-9.428492],[-43.300227,-9.393965],[-43.313841,-9.390104],[-43.334615,-9.371252],[-43.354568,-9.37157],[-43.365277,-9.368022],[-43.370913,-9.357454],[-43.389168,-9.33973],[-43.395021,-9.309476],[-43.401537,-9.297855],[-43.430103,-9.264565],[-43.432539,-9.254033],[-43.440398,-9.246505],[-43.45258,-9.24483],[-43.488586,-9.263996],[-43.50972,-9.283084],[-43.524066,-9.287398],[-43.537521,-9.306444],[-43.551875,-9.31183],[-43.569596,-9.306454],[-43.595199,-9.310739],[-43.605118,-9.323506],[-43.604082,-9.335404],[-43.613038,-9.350694],[-43.615408,-9.367895],[-43.620987,-9.374454],[-43.651228,-9.38959],[-43.674223,-9.412431],[-43.683236,-9.413918],[-43.716386,-9.430748],[-43.741013,-9.429869],[-43.753751,-9.434429],[-43.75611,-9.441454],[-43.766595,-9.448384],[-43.771101,-9.45817],[-43.778066,-9.463809],[-43.785496,-9.481454],[-43.798475,-9.488517],[-43.802962,-9.494915],[-43.813555,-9.496511],[-43.826197,-9.50647],[-43.837631,-9.537792],[-43.849483,-9.549291],[-43.850659,-9.555165],[-43.840205,-9.58965],[-43.843494,-9.612079],[-43.832766,-9.620145],[-43.842146,-9.627547],[-43.839564,-9.647549],[-43.835313,-9.65007],[-43.830676,-9.64671],[-43.824882,-9.651367],[-43.796205,-9.698072],[-43.792959,-9.715241],[-43.797462,-9.728103],[-43.790547,-9.745144],[-43.783964,-9.754347],[-43.778179,-9.756259],[-43.760905,-9.772957],[-43.759065,-9.777982],[-43.741541,-9.78511],[-43.724097,-9.784058],[-43.714543,-9.801384],[-43.698629,-9.803953],[-43.686071,-9.811555],[-43.672093,-9.811979],[-43.653714,-9.835754],[-43.653013,-9.842636],[-43.666819,-9.857023],[-43.6655,-9.872861],[-43.673636,-9.876607],[-43.681828,-9.89101],[-43.688356,-9.89234],[-43.694179,-9.889598],[-43.694693,-9.899899],[-43.707272,-9.90729],[-43.709131,-9.915251],[-43.70603,-9.919523],[-43.691512,-9.924362],[-43.692114,-9.93393],[-43.688358,-9.941789],[-43.701469,-9.959087],[-43.701656,-9.966853],[-43.662835,-9.997675],[-43.661771,-10.011147],[-43.666426,-10.017288],[-43.66904,-10.030277],[-43.687678,-10.044455],[-43.691466,-10.076159],[-43.702312,-10.074641],[-43.711215,-10.077301],[-43.746376,-10.07231],[-43.772153,-10.087538],[-43.773307,-10.093987],[-43.767006,-10.111026],[-43.770198,-10.124639],[-43.767888,-10.141693],[-43.77914,-10.180271],[-43.804546,-10.216037],[-43.820709,-10.229726],[-43.83767,-10.25017],[-43.835116,-10.28996],[-43.839259,-10.308172],[-43.854889,-10.325288],[-43.870949,-10.327572],[-43.881366,-10.345618],[-43.894155,-10.348697],[-43.898219,-10.363917],[-43.920623,-10.387591],[-43.921818,-10.395275],[-43.912618,-10.408297],[-43.915972,-10.425205],[-43.966514,-10.424235],[-43.987991,-10.41293],[-44.017579,-10.404998],[-44.026822,-10.412064],[-44.034447,-10.43457],[-44.025642,-10.476914],[-44.037434,-10.488703],[-44.056968,-10.492472],[-44.060974,-10.496196],[-44.062895,-10.509225],[-44.056109,-10.52503],[-44.058525,-10.547819],[-44.071537,-10.571849],[-44.116764,-10.606887],[-44.125281,-10.62871],[-44.136376,-10.638345],[-44.154378,-10.64629],[-44.162378,-10.653182],[-44.170017,-10.647362],[-44.181635,-10.630032],[-44.192125,-10.632493],[-44.199697,-10.621438],[-44.209025,-10.614828],[-44.221265,-10.616105],[-44.228645,-10.622091],[-44.248806,-10.625722],[-44.264584,-10.623969],[-44.277909,-10.602331],[-44.289439,-10.591375],[-44.291792,-10.585345],[-44.287871,-10.571295],[-44.314601,-10.547673],[-44.329802,-10.539856],[-44.342838,-10.545684],[-44.368623,-10.574643],[-44.393224,-10.590098],[-44.394598,-10.598739],[-44.39829,-10.602285],[-44.427591,-10.615841],[-44.444699,-10.60592],[-44.455399,-10.603582],[-44.482097,-10.63905],[-44.507949,-10.654137],[-44.525008,-10.647653],[-44.557047,-10.625895],[-44.584395,-10.627998],[-44.592913,-10.633313],[-44.599845,-10.652315],[-44.616006,-10.6695],[-44.627771,-10.675684],[-44.660796,-10.67825],[-44.666079,-10.681985],[-44.669831,-10.697734],[-44.660306,-10.72949],[-44.661957,-10.749432],[-44.667608,-10.760019],[-44.689451,-10.769754],[-44.695718,-10.77038],[-44.702415,-10.766068],[-44.745263,-10.777489],[-44.758375,-10.789722],[-44.758165,-10.804034],[-44.780078,-10.804228],[-44.799649,-10.825225],[-44.80956,-10.871368],[-44.821191,-10.874576],[-44.836655,-10.889247],[-44.85152,-10.892954],[-44.855559,-10.885101],[-44.8612,-10.881779],[-44.883132,-10.901183],[-44.895724,-10.901771],[-44.900592,-10.911346],[-44.908104,-10.910495],[-44.921986,-10.924427],[-44.93194,-10.927945],[-44.942006,-10.921985],[-44.948819,-10.912165],[-44.965949,-10.903782],[-44.975443,-10.890032],[-44.995227,-10.883602],[-45.002497,-10.886555],[-45.01699,-10.88438],[-45.031317,-10.865504],[-45.04464,-10.860289],[-45.048641,-10.854702],[-45.072233,-10.840358],[-45.085666,-10.840098],[-45.104637,-10.8462],[-45.11728,-10.840411],[-45.146512,-10.840916],[-45.171384,-10.834994],[-45.205886,-10.83317],[-45.217107,-10.828876],[-45.220735,-10.816793],[-45.246706,-10.821437],[-45.257871,-10.807819],[-45.269002,-10.774654],[-45.28539,-10.765362],[-45.322037,-10.759374],[-45.358225,-10.730762],[-45.361581,-10.724113],[-45.361599,-10.706303],[-45.375179,-10.687763],[-45.374038,-10.666172],[-45.383129,-10.651871],[-45.394077,-10.646356],[-45.41892,-10.643061],[-45.432178,-10.630363],[-45.435769,-10.622888],[-45.436325,-10.576347],[-45.446493,-10.558623],[-45.43761,-10.528375],[-45.447488,-10.508048],[-45.440736,-10.498478],[-45.434563,-10.480576],[-45.426224,-10.472869],[-45.413467,-10.473938],[-45.405696,-10.468747],[-45.397974,-10.458568],[-45.3953,-10.44735],[-45.403891,-10.438104],[-45.423307,-10.427392],[-45.457986,-10.441196],[-45.465441,-10.439774],[-45.467191,-10.426709],[-45.462628,-10.397863],[-45.448215,-10.36592],[-45.446798,-10.346567],[-45.477147,-10.312519],[-45.487506,-10.31276],[-45.516928,-10.321421],[-45.533182,-10.320632],[-45.539671,-10.302297],[-45.557926,-10.285205],[-45.561948,-10.274666],[-45.560487,-10.269371],[-45.541139,-10.247622],[-45.541664,-10.22904],[-45.555633,-10.219765],[-45.578746,-10.234865],[-45.587794,-10.215706],[-45.601521,-10.208626],[-45.607901,-10.196708],[-45.613361,-10.192777],[-45.618977,-10.195975],[-45.622954,-10.206519],[-45.6422,-10.225232],[-45.652277,-10.227352],[-45.663716,-10.209362],[-45.680369,-10.191932],[-45.679473,-10.176249],[-45.68348,-10.166688],[-45.693497,-10.157225],[-45.717705,-10.153625],[-45.722883,-10.156091],[-45.714192,-10.165823],[-45.702225,-10.165376],[-45.698599,-10.17004],[-45.701799,-10.180628],[-45.697554,-10.261884],[-45.72053,-10.300252],[-45.724575,-10.317459],[-45.73361,-10.33587],[-45.743327,-10.347633],[-45.753908,-10.352375],[-45.784913,-10.351722],[-45.803406,-10.354828],[-45.821251,-10.458074],[-45.835861,-10.471394],[-45.845945,-10.487631],[-45.86091,-10.49419],[-45.870897,-10.503279],[-45.929223,-10.521601],[-45.979181,-10.554425],[-45.991817,-10.566348],[-46.036007,-10.586346],[-46.066834,-10.604145],[-46.10725,-10.613913],[-46.115093,-10.6197],[-46.1273,-10.620447],[-46.149705,-10.635911],[-46.160763,-10.659439],[-46.152066,-10.670671],[-46.150346,-10.691554],[-46.164588,-10.721847],[-46.195922,-10.745224],[-46.195635,-10.755397],[-46.206199,-10.800467],[-46.21283,-10.793406],[-46.217256,-10.793358],[-46.21835,-10.788361],[-46.22073,-10.789646],[-46.225434,-10.783256],[-46.225131,-10.78934],[-46.236819,-10.802852],[-46.260869,-10.818286],[-46.267266,-10.934802],[-46.324896,-10.938068],[-46.353925,-10.95829],[-46.552203,-11.262799],[-46.576435,-11.341899],[-46.577253,-11.360487],[-46.569258,-11.370505],[-46.536018,-11.371864],[-46.532021,-11.374666],[-46.524389,-11.431905],[-46.524056,-11.463634],[-46.437958,-11.520834],[-46.348141,-11.506601],[-46.250481,-11.536689],[-46.209346,-11.585351],[-46.104308,-11.607967],[-46.086756,-11.616367],[-46.080894,-11.624011],[-46.088068,-11.623504],[-46.089212,-11.628741],[-46.085132,-11.636366],[-46.088641,-11.642502],[-46.11883,-11.643617],[-46.158017,-11.658415],[-46.17583,-11.652828],[-46.186663,-11.657152],[-46.201108,-11.654374],[-46.229958,-11.64353],[-46.256944,-11.622429],[-46.265278,-11.625207],[-46.276389,-11.623263],[-46.291661,-11.629809],[-46.303057,-11.625763],[-46.314803,-11.629374],[-46.316057,-11.642984],[-46.311666,-11.652318],[-46.301905,-11.66189],[-46.294784,-11.681226],[-46.294514,-11.69303],[-46.296628,-11.697749],[-46.31061,-11.705912],[-46.323471,-11.72436],[-46.328736,-11.738615],[-46.367302,-11.746956],[-46.373508,-11.751176],[-46.369412,-11.761504],[-46.347165,-11.754714],[-46.343825,-11.757573],[-46.342739,-11.768187],[-46.330689,-11.767388],[-46.323343,-11.77335],[-46.327911,-11.781935],[-46.336681,-11.787186],[-46.33182,-11.803706],[-46.336412,-11.813496],[-46.352195,-11.820941],[-46.348883,-11.837238],[-46.357617,-11.841768],[-46.369319,-11.835658],[-46.374804,-11.83781],[-46.373653,-11.87461],[-46.367427,-11.883876],[-46.353969,-11.880141],[-46.324522,-11.896979],[-46.309935,-11.896047],[-46.2874,-11.885467],[-46.239352,-11.902445],[-46.21069,-11.895719],[-46.196908,-11.885131],[-46.184357,-11.88452],[-46.178995,-11.887635],[-46.172204,-11.902844],[-46.175629,-11.911353],[-46.190007,-11.927236],[-46.203799,-11.928267],[-46.234206,-11.943441],[-46.289321,-11.951285],[-46.295835,-11.949656],[-46.322624,-11.955758],[-46.34361,-11.975024],[-46.35888,-11.982454],[-46.361003,-11.989343],[-46.370579,-11.997207],[-46.370288,-12.01489],[-46.390787,-12.023533],[-46.394473,-12.036395],[-46.374485,-12.054252],[-46.375164,-12.060335],[-46.385235,-12.068639],[-46.377714,-12.079775],[-46.382398,-12.088735],[-46.364894,-12.094054],[-46.36184,-12.101532],[-46.363277,-12.11353],[-46.368461,-12.121097],[-46.367497,-12.131867],[-46.372492,-12.141848],[-46.372273,-12.151295],[-46.388074,-12.165802],[-46.379774,-12.17029],[-46.377989,-12.177397],[-46.387676,-12.190601],[-46.381618,-12.193229],[-46.373832,-12.190107],[-46.365838,-12.196049],[-46.363357,-12.200105],[-46.366692,-12.211134],[-46.358891,-12.218622],[-46.36415,-12.237323],[-46.38,-12.244982],[-46.378779,-12.249628],[-46.364785,-12.25978],[-46.363651,-12.264366],[-46.364785,-12.271921],[-46.37389,-12.285528],[-46.348935,-12.294728],[-46.330622,-12.29454],[-46.322536,-12.299887],[-46.328578,-12.308396],[-46.348337,-12.313236],[-46.350697,-12.317159],[-46.34844,-12.325967],[-46.352089,-12.332627],[-46.337804,-12.334373],[-46.327137,-12.351834],[-46.312538,-12.352907],[-46.307921,-12.357941],[-46.29535,-12.362544],[-46.292024,-12.368991],[-46.283209,-12.37405],[-46.283368,-12.377145],[-46.294296,-12.380636],[-46.294001,-12.389604],[-46.305968,-12.405203],[-46.298659,-12.415892],[-46.283125,-12.408412],[-46.275951,-12.411397],[-46.265556,-12.409941],[-46.254989,-12.424105],[-46.249159,-12.445227],[-46.250875,-12.453206],[-46.256635,-12.458951],[-46.254377,-12.467771],[-46.257035,-12.491552],[-46.24912,-12.496138],[-46.232849,-12.497031],[-46.185361,-12.474959],[-46.164735,-12.473728],[-46.154163,-12.479109],[-46.155742,-12.489059],[-46.162746,-12.494497],[-46.153692,-12.501329],[-46.152104,-12.515266],[-46.156427,-12.525404],[-46.168608,-12.530498],[-46.214671,-12.532308],[-46.247778,-12.54661],[-46.260445,-12.547012],[-46.266217,-12.572409],[-46.274875,-12.582279],[-46.280557,-12.584388],[-46.273836,-12.590129],[-46.273754,-12.594958],[-46.279704,-12.603188],[-46.283129,-12.622857],[-46.292327,-12.631558],[-46.274723,-12.636198],[-46.271703,-12.64367],[-46.258529,-12.648338],[-46.256578,-12.657835],[-46.267775,-12.670995],[-46.284935,-12.678032],[-46.286592,-12.685021],[-46.293598,-12.691218],[-46.285781,-12.697463],[-46.287195,-12.704865],[-46.276188,-12.705069],[-46.267883,-12.710239],[-46.264427,-12.71798],[-46.267523,-12.739037],[-46.280413,-12.751369],[-46.274656,-12.763474],[-46.27463,-12.773576],[-46.283186,-12.784984],[-46.27697,-12.79495],[-46.281116,-12.805273],[-46.2706,-12.813519],[-46.270182,-12.821378],[-46.263506,-12.827584],[-46.262125,-12.833428],[-46.277709,-12.853178],[-46.293631,-12.860214],[-46.284446,-12.875526],[-46.285605,-12.897738],[-46.297164,-12.906796],[-46.290852,-12.923356],[-46.297438,-12.927381],[-46.296943,-12.935624],[-46.305341,-12.949806],[-46.279319,-12.943367],[-46.275373,-12.935213],[-46.265973,-12.930991],[-46.255966,-12.935494],[-46.248105,-12.934072],[-46.225338,-12.941588],[-46.218799,-12.941015],[-46.213727,-12.929961],[-46.194368,-12.92407],[-46.184581,-12.924213],[-46.166271,-12.916863],[-46.153953,-12.916208],[-46.136262,-12.90824],[-46.119961,-12.912277],[-46.104644,-12.924925],[-46.106858,-12.935729],[-46.12096,-12.951978],[-46.122464,-12.959577],[-46.128329,-12.963838],[-46.149583,-12.971321],[-46.15831,-12.977619],[-46.166375,-12.977276],[-46.193812,-12.996752],[-46.27446,-13.019827],[-46.276132,-13.02907],[-46.281756,-13.033445],[-46.279261,-13.039067],[-46.280843,-13.044233],[-46.292237,-13.054924],[-46.300684,-13.073762],[-46.309991,-13.08177],[-46.312257,-13.089211],[-46.322113,-13.095217],[-46.322496,-13.100564],[-46.313933,-13.108837],[-46.313319,-13.119988],[-46.296058,-13.131188],[-46.293036,-13.148773],[-46.304397,-13.154559],[-46.307765,-13.162759],[-46.306247,-13.169891],[-46.314749,-13.180311],[-46.302538,-13.185435],[-46.304348,-13.205979],[-46.312155,-13.211219],[-46.313066,-13.222566],[-46.323847,-13.243903],[-46.329132,-13.248486],[-46.327679,-13.252924],[-46.305542,-13.251664],[-46.300245,-13.254659],[-46.302503,-13.268287],[-46.299224,-13.281154],[-46.306173,-13.286846],[-46.316038,-13.303728],[-46.298721,-13.314814],[-46.289222,-13.31597],[-46.220255,-13.295689],[-46.174851,-13.276954],[-46.103219,-13.25751],[-46.083922,-13.270417],[-46.065826,-13.260509],[-46.054574,-13.264537],[-46.040519,-13.276918],[-46.046381,-13.293288],[-46.04546,-13.304915],[-46.086019,-13.331925],[-46.098587,-13.334141],[-46.111548,-13.355242],[-46.126542,-13.363049],[-46.135473,-13.375524],[-46.162286,-13.382635],[-46.165828,-13.38958],[-46.180086,-13.397018],[-46.19173,-13.409982],[-46.205617,-13.416832],[-46.212332,-13.419015],[-46.221928,-13.417251],[-46.224509,-13.414014],[-46.244843,-13.431782],[-46.24359,-13.436299],[-46.232942,-13.434729],[-46.224878,-13.4376],[-46.223938,-13.447454],[-46.207817,-13.46374],[-46.210813,-13.47167],[-46.232282,-13.483143],[-46.221663,-13.489013],[-46.22411,-13.49674],[-46.2208,-13.501117],[-46.227989,-13.514642],[-46.240606,-13.524372],[-46.241332,-13.529206],[-46.235176,-13.543028],[-46.237538,-13.559415],[-46.23143,-13.567521],[-46.222279,-13.566608],[-46.21464,-13.572213],[-46.206022,-13.569246],[-46.180213,-13.56857],[-46.163302,-13.588878],[-46.162745,-13.603642],[-46.178104,-13.614274],[-46.183652,-13.6147],[-46.188404,-13.622271],[-46.206832,-13.629249],[-46.236484,-13.653052],[-46.245828,-13.673336],[-46.259985,-13.69008],[-46.240673,-13.694429],[-46.234695,-13.702437],[-46.233994,-13.708712],[-46.239253,-13.718176],[-46.254792,-13.724966],[-46.262857,-13.734817],[-46.254314,-13.735042],[-46.243429,-13.743712],[-46.235395,-13.743636],[-46.222937,-13.765403],[-46.229975,-13.774209],[-46.256856,-13.780903],[-46.28106,-13.79489],[-46.262565,-13.804623],[-46.262866,-13.811113],[-46.269415,-13.818552],[-46.271093,-13.826652],[-46.247847,-13.82977],[-46.235652,-13.839105],[-46.232735,-13.846087],[-46.236157,-13.859122],[-46.242027,-13.863867],[-46.257714,-13.89005],[-46.264162,-13.947203],[-46.256038,-13.94935],[-46.239292,-13.964128],[-46.223311,-13.970589],[-46.21748,-13.97708],[-46.216017,-14.004613],[-46.209641,-14.010232],[-46.208152,-14.016136],[-46.213088,-14.030558],[-46.227314,-14.045584],[-46.224755,-14.051418],[-46.230538,-14.059049],[-46.224721,-14.070339],[-46.227846,-14.078864],[-46.222617,-14.102053],[-46.224392,-14.105028],[-46.211859,-14.117024],[-46.201102,-14.121485],[-46.186775,-14.151842],[-46.157659,-14.160425],[-46.131745,-14.152377],[-46.126774,-14.157325],[-46.116495,-14.158886],[-46.111023,-14.172711],[-46.115898,-14.187128],[-46.100089,-14.191283],[-46.096029,-14.205175],[-46.071763,-14.194247],[-46.056804,-14.196225],[-46.051353,-14.209174],[-46.05998,-14.231641],[-46.051558,-14.241106],[-46.028716,-14.245826],[-46.025703,-14.257022],[-46.022269,-14.258936],[-46.004522,-14.254203],[-45.991873,-14.257329],[-45.989736,-14.260762],[-45.99419,-14.276367],[-45.978636,-14.274456],[-45.959215,-14.287191],[-45.960165,-14.297048],[-45.954787,-14.323111],[-45.945983,-14.329345],[-45.942231,-14.342912],[-45.932808,-14.342361],[-45.93181,-14.34845],[-45.929307,-14.348798],[-45.915143,-14.344645],[-45.906655,-14.353951],[-45.911263,-14.375642],[-45.92244,-14.382841],[-45.929135,-14.409587],[-45.943506,-14.4161],[-45.948917,-14.415282],[-45.959138,-14.426035],[-45.975806,-14.434248],[-45.98101,-14.434181],[-45.987745,-14.42787],[-46.009747,-14.425679],[-46.000253,-14.434108],[-45.999946,-14.448347],[-46.010704,-14.455976],[-46.015718,-14.471273],[-46.008345,-14.480275],[-45.996276,-14.488023],[-45.992562,-14.497885],[-45.999865,-14.503668],[-45.998852,-14.509847],[-46.003997,-14.514589],[-46.000229,-14.522442],[-45.981711,-14.529374],[-45.972157,-14.543649],[-45.990276,-14.557752],[-45.991251,-14.564715],[-45.985023,-14.571067],[-45.985402,-14.580122],[-45.997888,-14.603578],[-45.986516,-14.61547],[-45.983906,-14.623842],[-45.988481,-14.635345],[-45.994611,-14.639569],[-45.988981,-14.64454],[-45.989103,-14.657872],[-46.000972,-14.666571],[-46.010516,-14.66219],[-46.020953,-14.669919],[-46.027969,-14.681008],[-46.019904,-14.690943],[-46.005504,-14.688998],[-46.004932,-14.700093],[-45.999584,-14.708614],[-45.99906,-14.715939],[-46.004697,-14.729836],[-45.997058,-14.741341],[-46.006913,-14.750697],[-46.005131,-14.763645],[-45.998927,-14.768282],[-46.002584,-14.795839],[-46.016753,-14.803223],[-46.018672,-14.81855],[-46.041198,-14.826495],[-46.038559,-14.838349],[-46.028285,-14.846983],[-46.025287,-14.855756],[-46.037477,-14.874807],[-46.020953,-14.883226],[-46.004752,-14.899263],[-45.991444,-14.935814],[-45.982484,-14.94419],[-45.968658,-14.949777],[-45.966316,-14.978172],[-45.96892,-14.993767],[-45.977367,-14.998552],[-45.972232,-15.024493],[-45.974509,-15.037682],[-46.016373,-15.078129],[-46.01736,-15.091011],[-46.02381,-15.098267],[-46.028157,-15.112562],[-46.04148,-15.118249],[-46.049709,-15.131925],[-46.048333,-15.137105],[-46.038903,-15.139767],[-46.044909,-15.146767],[-46.04285,-15.158316],[-46.04699,-15.166358],[-46.051159,-15.171936],[-46.071953,-15.176643],[-46.078095,-15.175334],[-46.079567,-15.181507],[-46.091726,-15.185162],[-46.097457,-15.191882],[-46.112937,-15.190101],[-46.119798,-15.19371],[-46.117097,-15.203581],[-46.098809,-15.215903],[-46.100218,-15.229414],[-46.09707,-15.241282],[-46.083235,-15.262505],[-46.075484,-15.264226],[-46.058059,-15.261683],[-46.053334,-15.258361],[-46.055821,-15.250851],[-46.051214,-15.247363],[-46.051764,-15.242845],[-46.047472,-15.240445],[-46.04692,-15.236169],[-46.039236,-15.230372],[-46.039669,-15.217306],[-46.031417,-15.212402],[-46.031585,-15.204698],[-46.027166,-15.198985],[-46.007379,-15.194559],[-45.999415,-15.195119],[-45.994135,-15.199385],[-45.992835,-15.19524],[-45.983942,-15.195068],[-45.976906,-15.178592],[-45.979076,-15.173167],[-45.9707,-15.168829],[-45.971435,-15.154371],[-45.952944,-15.138881],[-45.917544,-15.132473],[-45.871397,-15.157407],[-45.858174,-15.148177],[-45.860179,-15.146379],[-45.859329,-15.143937],[-45.844904,-15.14431],[-45.84073,-15.137053],[-45.834708,-15.136293],[-45.832894,-15.12373],[-45.827549,-15.121634],[-45.829829,-15.119176],[-45.816966,-15.11293],[-45.810744,-15.112159],[-45.798389,-15.117747],[-45.789015,-15.11186],[-45.777327,-15.116498],[-45.772513,-15.114321],[-45.771441,-15.117534],[-45.769498,-15.115721],[-45.753897,-15.117925],[-45.752033,-15.121227],[-45.744081,-15.117916],[-45.73871,-15.119504],[-45.738206,-15.116844],[-45.72999,-15.116597],[-45.72885,-15.11232],[-45.720896,-15.111828],[-45.721658,-15.106255],[-45.725114,-15.105193],[-45.714757,-15.102444],[-45.717763,-15.101255],[-45.71679,-15.093335],[-45.712064,-15.097015],[-45.709478,-15.092052],[-45.699905,-15.08914],[-45.69565,-15.091914],[-45.692876,-15.089865],[-45.693683,-15.083473],[-45.685254,-15.08592],[-45.679201,-15.083081],[-45.678553,-15.078825],[-45.674091,-15.079507],[-45.667934,-15.065046],[-45.660872,-15.060966],[-45.660423,-15.05298],[-45.655777,-15.048803],[-45.654733,-15.044079],[-45.657638,-15.044051],[-45.660262,-15.037907],[-45.656942,-15.027332],[-45.646737,-15.022159],[-45.648798,-15.027571],[-45.646566,-15.031132],[-45.645401,-15.031071],[-45.64278,-15.015419],[-45.638496,-15.022485],[-45.622792,-15.019988],[-45.609685,-15.007115],[-45.609361,-14.999742],[-45.612344,-14.997402],[-45.608669,-14.995466],[-45.605295,-14.999246],[-45.605539,-14.995947],[-45.600888,-14.995942],[-45.603704,-14.990254],[-45.594577,-14.983793],[-45.594002,-14.97477],[-45.586522,-14.977624],[-45.589701,-14.974885],[-45.588137,-14.972257],[-45.566822,-14.955991],[-45.567262,-14.944548],[-45.553413,-14.944799],[-45.547929,-14.938141],[-45.540466,-14.940218],[-45.536454,-14.93734],[-45.525976,-14.944007],[-45.525802,-14.94844],[-45.519892,-14.950817],[-45.52068,-14.95279],[-45.513949,-14.953755],[-45.508134,-14.948277],[-45.497695,-14.946002],[-45.488397,-14.959984],[-45.469549,-14.94934],[-45.462551,-14.948688],[-45.458168,-14.953801],[-45.455185,-14.953067],[-45.455606,-14.949128],[-45.448954,-14.942958],[-45.451562,-14.93907],[-45.442091,-14.934611],[-45.435198,-14.92143],[-45.425761,-14.919949],[-45.421027,-14.925987],[-45.410413,-14.922881],[-45.403942,-14.916839],[-45.399663,-14.917495],[-45.382213,-14.897452],[-45.371213,-14.893902],[-45.369496,-14.889577],[-45.3735,-14.883895],[-45.364859,-14.871896],[-45.362579,-14.870589],[-45.3606,-14.875179],[-45.355417,-14.877246],[-45.352179,-14.875826],[-45.350572,-14.868246],[-45.352614,-14.863191],[-45.33079,-14.85953],[-45.323103,-14.851718],[-45.317018,-14.851042],[-45.311861,-14.841654],[-45.317465,-14.831661],[-45.307691,-14.836286],[-45.302756,-14.828471],[-45.294666,-14.826966],[-45.285435,-14.832099],[-45.291586,-14.82721],[-45.287477,-14.822297],[-45.289722,-14.818521],[-45.275358,-14.811258],[-45.271886,-14.798446],[-45.263828,-14.802014],[-45.258147,-14.788588],[-45.246922,-14.783206],[-45.242506,-14.786595],[-45.231908,-14.775295],[-45.230211,-14.765322],[-45.222197,-14.76281],[-45.223605,-14.760852],[-45.218963,-14.759479],[-45.205501,-14.744256],[-45.191229,-14.749068],[-45.189865,-14.742643],[-45.181531,-14.7441],[-45.179225,-14.740774],[-45.174585,-14.740904],[-45.173503,-14.734989],[-45.164392,-14.732354],[-45.166178,-14.73533],[-45.160528,-14.738625],[-45.141135,-14.743382],[-45.136984,-14.747249],[-45.126136,-14.745347],[-45.125631,-14.747566],[-45.095457,-14.753123],[-45.083337,-14.748839],[-45.065432,-14.731143],[-45.054666,-14.706558],[-45.054237,-14.698974],[-45.047144,-14.688884],[-45.043954,-14.690508],[-45.044389,-14.694956],[-45.039241,-14.690213],[-45.040269,-14.679835],[-45.02779,-14.673985],[-45.018991,-14.67649],[-45.008269,-14.665276],[-44.995245,-14.666015],[-44.994059,-14.663636],[-44.998828,-14.659274],[-44.995659,-14.656093],[-44.98529,-14.660261],[-44.982444,-14.656267],[-44.984003,-14.649711],[-44.973816,-14.650702],[-44.98093,-14.645256],[-44.980742,-14.641159],[-44.966869,-14.635856],[-44.961166,-14.629364],[-44.954655,-14.636235],[-44.953736,-14.631181],[-44.949121,-14.62883],[-44.946637,-14.630715],[-44.94671,-14.626986],[-44.942883,-14.628024],[-44.94633,-14.621698],[-44.940933,-14.625798],[-44.926833,-14.618761],[-44.917291,-14.617932],[-44.917534,-14.612586],[-44.907987,-14.611653],[-44.910365,-14.601393],[-44.896259,-14.603868],[-44.890995,-14.595051],[-44.880001,-14.594451],[-44.877206,-14.590206],[-44.874215,-14.591673],[-44.875059,-14.595135],[-44.869607,-14.591862],[-44.870817,-14.587294],[-44.861757,-14.57671],[-44.85831,-14.579073],[-44.851085,-14.57565],[-44.843447,-14.579058],[-44.8438,-14.565899],[-44.84676,-14.575121],[-44.850002,-14.569986],[-44.855181,-14.572773],[-44.859463,-14.570344],[-44.854345,-14.56595],[-44.855197,-14.560975],[-44.849932,-14.561754],[-44.846032,-14.557585],[-44.848581,-14.546544],[-44.845817,-14.541982],[-44.840987,-14.538493],[-44.831784,-14.540759],[-44.824081,-14.537063],[-44.828507,-14.533182],[-44.832674,-14.535893],[-44.834895,-14.53421],[-44.831797,-14.525844],[-44.836879,-14.516367],[-44.830895,-14.51907],[-44.822477,-14.513191],[-44.834044,-14.506797],[-44.833624,-14.498025],[-44.827849,-14.497844],[-44.823014,-14.502043],[-44.820767,-14.498154],[-44.814677,-14.503086],[-44.809427,-14.49683],[-44.816467,-14.493733],[-44.81845,-14.488345],[-44.808911,-14.491084],[-44.804047,-14.496075],[-44.79368,-14.4943],[-44.794262,-14.486096],[-44.78786,-14.487301],[-44.781825,-14.480252],[-44.769199,-14.474916],[-44.76481,-14.476922],[-44.761117,-14.472751],[-44.756914,-14.477091],[-44.754254,-14.471452],[-44.749687,-14.470331],[-44.751136,-14.464638],[-44.748596,-14.461564],[-44.744092,-14.46557],[-44.738779,-14.464476],[-44.735902,-14.459739],[-44.725343,-14.455757],[-44.724286,-14.447235],[-44.719272,-14.449185],[-44.713736,-14.441722],[-44.709607,-14.447551],[-44.704954,-14.444504],[-44.700765,-14.447858],[-44.698794,-14.430987],[-44.692822,-14.431138],[-44.694614,-14.420994],[-44.688037,-14.420488],[-44.689261,-14.415188],[-44.673171,-14.423009],[-44.670166,-14.414148],[-44.669555,-14.422182],[-44.666545,-14.41709],[-44.657995,-14.415675],[-44.66395,-14.40609],[-44.663882,-14.401773],[-44.659248,-14.400852],[-44.658489,-14.393797],[-44.651716,-14.391731],[-44.651359,-14.39616],[-44.649644,-14.393933],[-44.646242,-14.396725],[-44.643131,-14.389942],[-44.636662,-14.388179],[-44.636445,-14.392856],[-44.633721,-14.39258],[-44.633956,-14.387679],[-44.628954,-14.3797],[-44.625172,-14.378854],[-44.625708,-14.374888],[-44.618116,-14.374853],[-44.610198,-14.36411],[-44.603636,-14.367731],[-44.60043,-14.363265],[-44.597241,-14.366853],[-44.583118,-14.349861],[-44.577246,-14.352603],[-44.571471,-14.343942],[-44.564202,-14.346917],[-44.564832,-14.338629],[-44.560384,-14.339697],[-44.556947,-14.335361],[-44.544818,-14.341955],[-44.540175,-14.33042],[-44.529371,-14.326373],[-44.517776,-14.32912],[-44.510511,-14.321014],[-44.508512,-14.324763],[-44.502881,-14.32127],[-44.498513,-14.327345],[-44.486717,-14.328149],[-44.474295,-14.313039],[-44.468672,-14.316984],[-44.464536,-14.309797],[-44.45931,-14.313238],[-44.440762,-14.303774],[-44.428177,-14.285546],[-44.398648,-14.277368],[-44.396945,-14.272594],[-44.394456,-14.27711],[-44.389303,-14.275552],[-44.389132,-14.279911],[-44.377603,-14.275358],[-44.377545,-14.268609],[-44.373612,-14.27424],[-44.370311,-14.270251],[-44.366544,-14.273335],[-44.360563,-14.27135],[-44.351952,-14.26348],[-44.351879,-14.255828],[-44.340829,-14.256308],[-44.340522,-14.247612],[-44.320336,-14.24384],[-44.316142,-14.238814],[-44.303197,-14.252331],[-44.290885,-14.251264],[-44.284481,-14.245912],[-44.27984,-14.248314],[-44.279896,-14.251914],[-44.270686,-14.244455],[-44.252685,-14.251007],[-44.250162,-14.257624],[-44.246259,-14.259047],[-44.244488,-14.255673],[-44.249811,-14.251668],[-44.241222,-14.252518],[-44.241574,-14.256949],[-44.239107,-14.257481],[-44.239726,-14.247605],[-44.235119,-14.247111],[-44.24118,-14.242217],[-44.24053,-14.239658],[-44.218616,-14.243674],[-44.21539,-14.23188],[-44.209359,-14.23488],[-44.209223,-14.24397],[-44.201293,-14.249681],[-44.201016,-14.253514],[-44.183025,-14.256666],[-44.170048,-14.267922],[-44.163904,-14.266998],[-44.160337,-14.256573],[-44.137375,-14.262762],[-44.134526,-14.268117],[-44.136061,-14.274976],[-44.143484,-14.277901],[-44.134586,-14.281457],[-44.123741,-14.274242],[-44.112809,-14.257489],[-44.107226,-14.25849],[-44.104797,-14.267702],[-44.098965,-14.272197],[-44.086754,-14.267933],[-44.088213,-14.276494],[-44.082524,-14.274011],[-44.082793,-14.267395],[-44.075062,-14.268956],[-44.077663,-14.278164],[-44.07335,-14.278087],[-44.073318,-14.284831],[-44.067965,-14.278137],[-44.061895,-14.282255],[-44.057793,-14.276958],[-44.057045,-14.283738],[-44.051902,-14.285554],[-44.046485,-14.282374],[-44.0419,-14.286307],[-44.038596,-14.281603],[-44.034312,-14.288819],[-44.025999,-14.2752],[-44.016004,-14.276463],[-44.016452,-14.271486],[-44.008551,-14.272184],[-44.007411,-14.267491],[-43.997887,-14.264676],[-43.992222,-14.268211],[-43.985734,-14.267198],[-43.979623,-14.28199],[-43.975685,-14.28105],[-43.974521,-14.276707],[-43.970626,-14.277253],[-43.969291,-14.273223],[-43.961375,-14.290889],[-43.95483,-14.29201],[-43.954888,-14.298797],[-43.950251,-14.289354],[-43.945622,-14.289653],[-43.941853,-14.304628],[-43.933347,-14.295037],[-43.926818,-14.305512],[-43.923643,-14.303282],[-43.924063,-14.2954],[-43.915474,-14.295611],[-43.912468,-14.304886],[-43.909305,-14.30179],[-43.911431,-14.296988],[-43.905982,-14.300438],[-43.9046,-14.293399],[-43.900767,-14.298403],[-43.89271,-14.301212],[-43.892155,-14.292587],[-43.889314,-14.295359],[-43.888048,-14.3078],[-43.88174,-14.309176],[-43.879735,-14.299394],[-43.873536,-14.300585],[-43.870636,-14.307281],[-43.864988,-14.304714],[-43.86742,-14.31098],[-43.860885,-14.312285],[-43.852348,-14.307552],[-43.851021,-14.313181],[-43.85483,-14.317663],[-43.850632,-14.318272],[-43.846212,-14.312582],[-43.846167,-14.321427],[-43.835754,-14.310711],[-43.825312,-14.315563],[-43.81964,-14.311033],[-43.817589,-14.314209],[-43.821929,-14.322194],[-43.814811,-14.320139],[-43.814621,-14.325318],[-43.808626,-14.324603],[-43.806587,-14.332085],[-43.800463,-14.337364],[-43.780328,-14.336038],[-43.79517,-14.355189],[-43.802187,-14.370209],[-43.815259,-14.381301],[-43.82808,-14.433375],[-43.872933,-14.521561],[-43.877273,-14.544815],[-43.875555,-14.559923],[-43.88699,-14.583466],[-43.88174,-14.586689],[-43.885088,-14.593626],[-43.883776,-14.598758],[-43.879568,-14.589058],[-43.874797,-14.592423],[-43.876232,-14.608788],[-43.869884,-14.612303],[-43.873964,-14.615248],[-43.870163,-14.620757],[-43.880569,-14.62838],[-43.874806,-14.63708],[-43.885003,-14.635916],[-43.876625,-14.640535],[-43.878604,-14.643306],[-43.883017,-14.642372],[-43.878744,-14.646748],[-43.883207,-14.653523],[-43.878517,-14.657559],[-43.874136,-14.650498],[-43.871739,-14.663444],[-43.862889,-14.661969],[-43.858918,-14.673998],[-43.843756,-14.672002],[-43.801752,-14.68692],[-43.784861,-14.68574],[-43.776077,-14.691597],[-43.763414,-14.691594],[-43.755326,-14.70009],[-43.724585,-14.698187],[-43.720445,-14.701689],[-43.718651,-14.709391],[-43.711449,-14.715344],[-43.718953,-14.721171],[-43.719708,-14.728858],[-43.709282,-14.729896],[-43.700241,-14.724012],[-43.691952,-14.72449],[-43.686426,-14.721051],[-43.689171,-14.727583],[-43.68685,-14.725649],[-43.67964,-14.73172],[-43.673207,-14.72911],[-43.675911,-14.72691],[-43.673562,-14.725176],[-43.671532,-14.728711],[-43.673102,-14.732608],[-43.658624,-14.744995],[-43.628118,-14.749997],[-43.614713,-14.759629],[-43.607397,-14.759889],[-43.593067,-14.751044],[-43.581318,-14.749727],[-43.573641,-14.764233],[-43.557477,-14.76995],[-43.535938,-14.783685],[-43.533386,-14.7888],[-43.536339,-14.790467],[-43.538599,-14.805129],[-43.529971,-14.815691],[-43.524476,-14.812717],[-43.521555,-14.804649],[-43.513879,-14.803867],[-43.509333,-14.807953],[-43.510465,-14.796476],[-43.506116,-14.794549],[-43.501166,-14.797659],[-43.493555,-14.789845],[-43.478105,-14.791201],[-43.469097,-14.787185],[-43.469572,-14.778497],[-43.479351,-14.773502],[-43.481448,-14.767017],[-43.47337,-14.76108],[-43.466675,-14.765555],[-43.461465,-14.764859],[-43.45768,-14.755542],[-43.461191,-14.746651],[-43.456238,-14.740426],[-43.44473,-14.73615],[-43.433904,-14.722526],[-43.427997,-14.725564],[-43.424159,-14.719635],[-43.412566,-14.723564],[-43.394832,-14.707513],[-43.383099,-14.705992],[-43.372174,-14.698931],[-43.346364,-14.696148],[-43.343562,-14.691316],[-43.333767,-14.687631],[-43.330184,-14.679409],[-43.322416,-14.679037],[-43.317848,-14.671012],[-43.307036,-14.668324],[-43.296854,-14.660062],[-43.289471,-14.664479],[-43.277605,-14.659281],[-43.270993,-14.663863],[-43.265689,-14.660563],[-43.2612,-14.662881],[-43.243404,-14.655819],[-43.239651,-14.658274],[-43.235442,-14.65593],[-43.229435,-14.659884],[-43.208406,-14.658095],[-43.202128,-14.654869],[-43.198233,-14.647874],[-43.190229,-14.649571],[-43.183301,-14.659836],[-43.178993,-14.660852],[-43.176769,-14.650182],[-43.150733,-14.666021],[-43.139523,-14.664424],[-43.132557,-14.667635],[-43.126673,-14.665102],[-43.116992,-14.678043],[-43.111645,-14.679089],[-43.108819,-14.673276],[-43.102766,-14.67343],[-43.090315,-14.683355],[-43.084663,-14.696411],[-43.079119,-14.689766],[-43.072988,-14.688751],[-43.06785,-14.680474],[-43.063166,-14.680681],[-43.054713,-14.690292],[-43.036153,-14.682154],[-43.025958,-14.685732],[-43.025652,-14.693981],[-43.022487,-14.692628],[-43.010637,-14.701254],[-43.000292,-14.695598],[-42.995808,-14.699438],[-42.98434,-14.701102],[-42.973618,-14.698225],[-42.953826,-14.707428],[-42.938003,-14.706993],[-42.936287,-14.72073],[-42.924289,-14.733211],[-42.926558,-14.743438],[-42.920135,-14.743105],[-42.916313,-14.74702],[-42.91099,-14.743598],[-42.909264,-14.74881],[-42.898704,-14.754832],[-42.895918,-14.762174],[-42.887178,-14.766625],[-42.879478,-14.769024],[-42.872806,-14.763938],[-42.868272,-14.765728],[-42.86637,-14.770565],[-42.871471,-14.770941],[-42.8718,-14.774526],[-42.860499,-14.779708],[-42.849755,-14.794239],[-42.842788,-14.795231],[-42.835385,-14.806923],[-42.823957,-14.812246],[-42.817183,-14.822754],[-42.794938,-14.830757],[-42.789366,-14.83737],[-42.77584,-14.839063],[-42.7727,-14.843728],[-42.768834,-14.841024],[-42.753254,-14.846347],[-42.750332,-14.854823],[-42.75216,-14.858337],[-42.73618,-14.877092],[-42.72533,-14.878752],[-42.725227,-14.882901],[-42.721187,-14.88577],[-42.713626,-14.884043],[-42.71495,-14.879072],[-42.706942,-14.880553],[-42.698763,-14.887514],[-42.699337,-14.895075],[-42.692434,-14.90256],[-42.683003,-14.905027],[-42.6783,-14.902831],[-42.671272,-14.911668],[-42.663158,-14.915842],[-42.662969,-14.910051],[-42.659036,-14.909564],[-42.656727,-14.918107],[-42.651777,-14.920412],[-42.65535,-14.923548],[-42.64833,-14.925534],[-42.648349,-14.930395],[-42.637755,-14.932036],[-42.6256,-14.944728],[-42.613057,-14.937826],[-42.602926,-14.924586],[-42.598814,-14.923677],[-42.587323,-14.929671],[-42.584768,-14.937082],[-42.578245,-14.938334],[-42.57071,-14.953515],[-42.560536,-14.962342],[-42.55544,-14.958631],[-42.533425,-14.966791],[-42.532312,-14.976201],[-42.523422,-14.982252],[-42.512829,-14.983534],[-42.510022,-14.988162],[-42.491704,-14.996277],[-42.479192,-15.015425],[-42.472708,-15.020214],[-42.463106,-15.021992],[-42.445725,-15.017031],[-42.435614,-15.019314],[-42.435603,-15.026762],[-42.442784,-15.037752],[-42.443914,-15.061734],[-42.428722,-15.063726],[-42.405431,-15.061178],[-42.399482,-15.070339],[-42.394891,-15.070821],[-42.369739,-15.062368],[-42.368058,-15.086165],[-42.359102,-15.09643],[-42.351924,-15.096703],[-42.328932,-15.077104],[-42.319738,-15.08676],[-42.313121,-15.100587],[-42.291289,-15.105817]],[[-39.076848,-16.515811],[-39.076541,-16.515624],[-39.076437,-16.516005],[-39.076848,-16.515811]],[[-39.076485,-16.51555],[-39.075865,-16.514718],[-39.075657,-16.514603],[-39.075671,-16.51471],[-39.076485,-16.51555]],[[-39.070174,-16.45742],[-39.070115,-16.457596],[-39.070603,-16.457026],[-39.070174,-16.45742]]],[[[-39.051098,-13.433573],[-39.04389,-13.441319],[-39.0418,-13.428744],[-39.043948,-13.415169],[-39.047194,-13.418101],[-39.051098,-13.433573]]],[[[-38.99971,-13.390655],[-39.009299,-13.385382],[-39.027083,-13.389366],[-39.021321,-13.393899],[-38.99971,-13.390655]]],[[[-38.956788,-13.904547],[-38.962444,-13.900169],[-38.986386,-13.907725],[-38.990204,-13.918366],[-38.987952,-13.922088],[-38.982778,-13.922957],[-38.984426,-13.919875],[-38.981213,-13.921264],[-38.97791,-13.917291],[-38.982366,-13.923473],[-38.986327,-13.923474],[-38.990802,-13.921812],[-38.991522,-13.929912],[-38.98864,-13.929196],[-38.990984,-13.931433],[-38.982124,-13.937139],[-38.974557,-13.928981],[-38.969613,-13.929595],[-38.970095,-13.927937],[-38.959032,-13.922003],[-38.956788,-13.904547]]],[[[-38.972936,-13.633258],[-38.968948,-13.626676],[-38.976574,-13.61664],[-38.983288,-13.626346],[-38.972936,-13.633258]]],[[[-38.915181,-13.373811],[-38.918709,-13.374272],[-38.931968,-13.388102],[-38.955808,-13.401975],[-38.973288,-13.400888],[-38.997632,-13.391236],[-39.014378,-13.396172],[-39.022601,-13.394446],[-39.029137,-13.389974],[-39.040626,-13.409844],[-39.037526,-13.449852],[-39.022346,-13.454968],[-39.012606,-13.452055],[-38.99959,-13.454654],[-38.992038,-13.459054],[-38.980422,-13.470604],[-38.970563,-13.474635],[-38.965039,-13.480453],[-38.962103,-13.47875],[-38.961723,-13.470854],[-38.958301,-13.467367],[-38.961211,-13.461278],[-38.959083,-13.462102],[-38.958091,-13.464111],[-38.957617,-13.467755],[-38.959489,-13.46937],[-38.954233,-13.470736],[-38.953059,-13.474049],[-38.945664,-13.473881],[-38.955429,-13.476218],[-38.95429,-13.471411],[-38.958886,-13.469841],[-38.961017,-13.479284],[-38.964343,-13.48163],[-38.974849,-13.476703],[-38.983471,-13.470908],[-39.002491,-13.455805],[-39.013592,-13.454322],[-39.023255,-13.456825],[-39.047804,-13.450528],[-39.049147,-13.459329],[-39.032968,-13.489971],[-39.01688,-13.493072],[-39.005498,-13.500989],[-38.997629,-13.495745],[-38.986495,-13.499625],[-38.983242,-13.50649],[-38.976134,-13.500516],[-38.972826,-13.500579],[-38.972236,-13.495788],[-38.966556,-13.497098],[-38.964124,-13.500159],[-38.96373,-13.498403],[-38.959788,-13.498187],[-38.960625,-13.499329],[-38.963346,-13.498968],[-38.963304,-13.499877],[-38.96431,-13.500476],[-38.966542,-13.497794],[-38.969509,-13.499085],[-38.972236,-13.496588],[-38.972016,-13.500571],[-38.978808,-13.503376],[-38.977563,-13.506737],[-38.980423,-13.510684],[-38.989364,-13.513527],[-38.988566,-13.523231],[-38.980041,-13.517847],[-38.976604,-13.518988],[-38.97829,-13.526931],[-38.968485,-13.528726],[-38.966783,-13.532255],[-38.969166,-13.534377],[-38.96642,-13.53702],[-38.969062,-13.537945],[-38.968512,-13.536957],[-38.966817,-13.536657],[-38.969023,-13.535092],[-38.969493,-13.534142],[-38.96881,-13.529063],[-38.97748,-13.528254],[-38.97889,-13.527132],[-38.978611,-13.51899],[-38.983032,-13.521656],[-38.983661,-13.538071],[-38.991569,-13.551533],[-38.988252,-13.564196],[-38.999229,-13.578157],[-38.997974,-13.5886],[-38.986887,-13.59711],[-38.983001,-13.607308],[-38.969512,-13.617577],[-38.962983,-13.612056],[-38.95789,-13.613385],[-38.958893,-13.606106],[-38.956202,-13.602026],[-38.957683,-13.596539],[-38.955891,-13.597998],[-38.956229,-13.603919],[-38.95826,-13.606255],[-38.957188,-13.611433],[-38.957479,-13.613604],[-38.959831,-13.614571],[-38.962459,-13.612638],[-38.968522,-13.617801],[-38.964978,-13.625633],[-38.968486,-13.638833],[-38.966267,-13.670565],[-38.950795,-13.668723],[-38.946212,-13.66167],[-38.935738,-13.655011],[-38.921559,-13.65723],[-38.915183,-13.673304],[-38.897809,-13.663848],[-38.899467,-13.655873],[-38.897943,-13.651284],[-38.905285,-13.652836],[-38.906671,-13.640867],[-38.911391,-13.642263],[-38.921703,-13.6415],[-38.924898,-13.639726],[-38.922872,-13.638616],[-38.922028,-13.640961],[-38.918979,-13.639439],[-38.916334,-13.640452],[-38.917746,-13.638013],[-38.913538,-13.640354],[-38.91294,-13.635911],[-38.911544,-13.636782],[-38.912172,-13.640515],[-38.906163,-13.639251],[-38.903516,-13.64333],[-38.904615,-13.651805],[-38.896383,-13.649285],[-38.898475,-13.655872],[-38.896327,-13.658761],[-38.891737,-13.658839],[-38.889546,-13.653664],[-38.8882,-13.624547],[-38.899767,-13.626982],[-38.903973,-13.622899],[-38.906013,-13.608819],[-38.901462,-13.597698],[-38.905561,-13.59526],[-38.91123,-13.59689],[-38.913309,-13.596089],[-38.91198,-13.596601],[-38.910297,-13.595454],[-38.908289,-13.59559],[-38.915201,-13.586207],[-38.914186,-13.577458],[-38.920013,-13.579279],[-38.927146,-13.576177],[-38.931402,-13.581568],[-38.941913,-13.582705],[-38.945843,-13.578189],[-38.947806,-13.578949],[-38.950343,-13.578202],[-38.952069,-13.584242],[-38.952895,-13.581529],[-38.95106,-13.578291],[-38.950175,-13.577847],[-38.947818,-13.578618],[-38.94698,-13.57794],[-38.951147,-13.576553],[-38.952091,-13.57367],[-38.951081,-13.573692],[-38.950341,-13.574506],[-38.950572,-13.576495],[-38.947891,-13.577173],[-38.950665,-13.571974],[-38.953069,-13.572944],[-38.951334,-13.571313],[-38.950094,-13.57159],[-38.942117,-13.582228],[-38.930702,-13.579066],[-38.946581,-13.572111],[-38.952622,-13.565712],[-38.965606,-13.569787],[-38.96635,-13.574967],[-38.968706,-13.57737],[-38.975428,-13.574086],[-38.96803,-13.576428],[-38.96647,-13.568714],[-38.970588,-13.567413],[-38.971839,-13.56451],[-38.970425,-13.56475],[-38.970159,-13.567474],[-38.96856,-13.566732],[-38.965547,-13.568254],[-38.953479,-13.563073],[-38.954954,-13.563394],[-38.955732,-13.562773],[-38.955344,-13.560251],[-38.957592,-13.56261],[-38.963412,-13.560408],[-38.960142,-13.559932],[-38.957334,-13.562235],[-38.955183,-13.559371],[-38.955142,-13.562975],[-38.953259,-13.561861],[-38.948965,-13.56478],[-38.946096,-13.563518],[-38.946096,-13.56414],[-38.948166,-13.565181],[-38.94381,-13.571953],[-38.937804,-13.574314],[-38.935488,-13.574093],[-38.938255,-13.573032],[-38.931439,-13.573933],[-38.928977,-13.575354],[-38.934852,-13.556671],[-38.930427,-13.521951],[-38.926362,-13.510207],[-38.911091,-13.500456],[-38.906708,-13.49308],[-38.908421,-13.48832],[-38.903503,-13.485359],[-38.915382,-13.486786],[-38.917823,-13.477062],[-38.914731,-13.473215],[-38.903061,-13.476478],[-38.894705,-13.468601],[-38.889006,-13.45744],[-38.891008,-13.452809],[-38.887441,-13.447715],[-38.891422,-13.435576],[-38.904012,-13.425931],[-38.902957,-13.414942],[-38.900364,-13.413392],[-38.905854,-13.401335],[-38.903237,-13.383324],[-38.90464,-13.379278],[-38.907108,-13.381822],[-38.915181,-13.373811]]],[[[-38.982331,-13.508714],[-38.985264,-13.503394],[-38.989918,-13.500624],[-38.990452,-13.508505],[-38.99595,-13.507752],[-38.998671,-13.514365],[-38.992894,-13.515365],[-38.985731,-13.508503],[-38.982331,-13.508714]]],[[[-38.806715,-13.065063],[-38.810924,-13.060764],[-38.824085,-13.062956],[-38.824753,-13.068705],[-38.83025,-13.069138],[-38.829631,-13.073995],[-38.831259,-13.068028],[-38.826845,-13.068298],[-38.825396,-13.062452],[-38.838815,-13.061066],[-38.841456,-13.062985],[-38.840092,-13.075216],[-38.841319,-13.072758],[-38.84844,-13.076839],[-38.85141,-13.076782],[-38.854512,-13.07473],[-38.855902,-13.071077],[-38.858897,-13.074782],[-38.875378,-13.080185],[-38.875786,-13.086921],[-38.878303,-13.089774],[-38.882355,-13.090592],[-38.879477,-13.101443],[-38.870582,-13.101929],[-38.866201,-13.098812],[-38.865906,-13.100117],[-38.870863,-13.103187],[-38.862716,-13.103016],[-38.84111,-13.114562],[-38.837989,-13.112897],[-38.838601,-13.116586],[-38.823336,-13.118846],[-38.814468,-13.112345],[-38.809754,-13.10362],[-38.804694,-13.076539],[-38.804494,-13.065403],[-38.80969,-13.067721],[-38.806715,-13.065063]]],[[[-38.79228,-13.033765],[-38.800572,-13.030323],[-38.809675,-13.037648],[-38.805935,-13.055003],[-38.802052,-13.053953],[-38.798051,-13.044656],[-38.792745,-13.040782],[-38.79228,-13.033765]]],[[[-38.677144,-12.932368],[-38.682575,-12.929141],[-38.682453,-12.934723],[-38.687345,-12.932527],[-38.684291,-12.938138],[-38.693424,-12.944619],[-38.69035,-12.946776],[-38.688094,-12.944048],[-38.686617,-12.950193],[-38.675337,-12.946914],[-38.663099,-12.960781],[-38.673444,-12.953516],[-38.669158,-12.959172],[-38.674714,-12.960437],[-38.682358,-12.969033],[-38.68988,-12.972792],[-38.695142,-12.969045],[-38.692639,-12.982951],[-38.694944,-12.986543],[-38.69872,-12.984623],[-38.697949,-12.980183],[-38.709631,-12.973966],[-38.703632,-12.9807],[-38.707645,-12.983675],[-38.715364,-12.969993],[-38.71562,-12.973276],[-38.706569,-12.985449],[-38.706627,-12.990746],[-38.711149,-12.990961],[-38.70867,-12.99163],[-38.704642,-12.995398],[-38.70698,-12.994759],[-38.70719,-12.99981],[-38.701085,-13.005986],[-38.70367,-13.005282],[-38.705859,-13.002657],[-38.707422,-12.99984],[-38.707735,-12.993479],[-38.709348,-12.991768],[-38.716325,-12.9911],[-38.713386,-12.999844],[-38.716547,-13.003571],[-38.720281,-12.993343],[-38.725993,-12.993318],[-38.72026,-12.997407],[-38.720165,-13.002044],[-38.724701,-13.00404],[-38.725444,-13.008629],[-38.717639,-13.015822],[-38.727545,-13.011182],[-38.721048,-13.022716],[-38.726483,-13.032794],[-38.724227,-13.038275],[-38.718879,-13.039673],[-38.719896,-13.042219],[-38.72504,-13.038058],[-38.727212,-13.032446],[-38.726626,-13.027825],[-38.721941,-13.023868],[-38.727632,-13.018012],[-38.729235,-13.011139],[-38.733186,-13.01771],[-38.741646,-13.018264],[-38.739255,-13.011304],[-38.734666,-13.008921],[-38.737124,-13.006657],[-38.740487,-13.009851],[-38.740053,-13.00633],[-38.743209,-13.008229],[-38.741536,-13.01335],[-38.743652,-13.019056],[-38.746367,-13.017808],[-38.743959,-13.022693],[-38.746014,-13.021637],[-38.748537,-13.028081],[-38.745153,-13.031562],[-38.749903,-13.028987],[-38.760276,-13.036182],[-38.776669,-13.040608],[-38.769536,-13.035798],[-38.759054,-13.034403],[-38.750311,-13.027468],[-38.754046,-13.023787],[-38.747916,-13.022899],[-38.748449,-13.014332],[-38.744355,-13.013453],[-38.746202,-13.013623],[-38.745278,-13.009553],[-38.748498,-13.009565],[-38.752945,-13.0012],[-38.760667,-13.000795],[-38.759283,-12.997403],[-38.767559,-13.003034],[-38.769605,-13.000329],[-38.770961,-13.010037],[-38.779161,-13.016745],[-38.78673,-13.035233],[-38.77778,-13.040823],[-38.783341,-13.041043],[-38.795235,-13.052282],[-38.79864,-13.061928],[-38.793177,-13.100208],[-38.796292,-13.111292],[-38.792259,-13.117965],[-38.787869,-13.119008],[-38.790972,-13.119461],[-38.787229,-13.124963],[-38.791328,-13.12377],[-38.79729,-13.113645],[-38.790609,-13.12982],[-38.782115,-13.131106],[-38.762691,-13.118538],[-38.746679,-13.092034],[-38.735089,-13.089095],[-38.723776,-13.071039],[-38.711386,-13.059984],[-38.695762,-13.055545],[-38.671903,-13.037586],[-38.651383,-13.03045],[-38.638611,-13.00865],[-38.635373,-13.008526],[-38.630263,-12.995968],[-38.624102,-12.994393],[-38.618336,-12.985449],[-38.614208,-12.984827],[-38.614577,-12.979693],[-38.604395,-12.959918],[-38.61695,-12.925695],[-38.621502,-12.926764],[-38.632321,-12.904054],[-38.66002,-12.89662],[-38.682295,-12.877213],[-38.685535,-12.879324],[-38.683998,-12.89553],[-38.679225,-12.900135],[-38.688506,-12.897706],[-38.691803,-12.906436],[-38.684472,-12.917013],[-38.674799,-12.916916],[-38.670981,-12.927758],[-38.673033,-12.938084],[-38.669581,-12.937416],[-38.668667,-12.945639],[-38.674004,-12.940396],[-38.676625,-12.941919],[-38.677144,-12.932368]]],[[[-38.74282,-12.987402],[-38.746877,-12.98713],[-38.751137,-12.993992],[-38.745681,-12.994057],[-38.750155,-12.996734],[-38.746725,-12.99927],[-38.752674,-12.995707],[-38.752177,-13.002428],[-38.747978,-13.005375],[-38.746581,-13.002905],[-38.743011,-13.005509],[-38.736858,-13.004133],[-38.740077,-13.002146],[-38.738611,-12.999676],[-38.743015,-13.002148],[-38.74282,-12.987402]]],[[[-38.829924,-12.827381],[-38.8396,-12.833327],[-38.826601,-12.844697],[-38.822653,-12.844881],[-38.82048,-12.842353],[-38.829924,-12.827381]]],[[[-38.621118,-12.757973],[-38.625531,-12.757837],[-38.636293,-12.77053],[-38.639155,-12.76497],[-38.644087,-12.770892],[-38.647717,-12.769107],[-38.647497,-12.772154],[-38.650531,-12.768398],[-38.657003,-12.776047],[-38.644946,-12.789464],[-38.647531,-12.802338],[-38.641137,-12.814425],[-38.636723,-12.813965],[-38.628731,-12.805653],[-38.627905,-12.794643],[-38.622617,-12.786913],[-38.617526,-12.76484],[-38.621118,-12.757973]]],[[[-38.533004,-12.74221],[-38.539032,-12.74712],[-38.540616,-12.763478],[-38.530437,-12.771149],[-38.534851,-12.795691],[-38.524505,-12.797558],[-38.517882,-12.793443],[-38.513801,-12.782691],[-38.519421,-12.77097],[-38.51628,-12.751841],[-38.533004,-12.74221]]],[[[-38.9097,-12.746423],[-38.912325,-12.750248],[-38.91582,-12.751523],[-38.911587,-12.752626],[-38.91085,-12.75607],[-38.902643,-12.759123],[-38.898126,-12.766617],[-38.892793,-12.765245],[-38.893008,-12.761148],[-38.9097,-12.746423]]],[[[-38.612286,-12.727569],[-38.612486,-12.730658],[-38.614993,-12.7285],[-38.616893,-12.730692],[-38.614969,-12.734807],[-38.618774,-12.73274],[-38.619647,-12.730474],[-38.621054,-12.732205],[-38.62094,-12.749928],[-38.617444,-12.748362],[-38.615923,-12.750263],[-38.615398,-12.749481],[-38.615908,-12.748487],[-38.615185,-12.746359],[-38.61277,-12.745598],[-38.612603,-12.744342],[-38.60885,-12.742397],[-38.595513,-12.739723],[-38.596795,-12.736289],[-38.605573,-12.734964],[-38.608654,-12.728037],[-38.612286,-12.727569]]],[[[-38.640974,-12.700491],[-38.646042,-12.706662],[-38.632163,-12.726255],[-38.626844,-12.712404],[-38.635298,-12.710809],[-38.634497,-12.707394],[-38.640974,-12.700491]]],[[[-38.625274,-12.697712],[-38.636331,-12.703449],[-38.633707,-12.704093],[-38.633253,-12.706603],[-38.627102,-12.709594],[-38.62226,-12.706253],[-38.625274,-12.697712]]],[[[-38.65062,-12.662751],[-38.652571,-12.674015],[-38.646841,-12.695122],[-38.638981,-12.685945],[-38.63569,-12.66877],[-38.65062,-12.662751]]],[[[-38.714727,-12.660872],[-38.720737,-12.660596],[-38.721703,-12.663443],[-38.709867,-12.678638],[-38.704412,-12.669523],[-38.711687,-12.668077],[-38.714727,-12.660872]]],[[[-38.702361,-12.592583],[-38.709087,-12.595508],[-38.708675,-12.609625],[-38.715671,-12.613377],[-38.714905,-12.64451],[-38.696846,-12.646124],[-38.696398,-12.657976],[-38.691241,-12.668139],[-38.682037,-12.644732],[-38.686633,-12.640212],[-38.686847,-12.6312],[-38.696814,-12.631475],[-38.700204,-12.635634],[-38.69834,-12.630638],[-38.70555,-12.626505],[-38.706761,-12.616599],[-38.70456,-12.611546],[-38.700945,-12.611146],[-38.702361,-12.592583]]]]},{"type":"LineString","coordinates":[[-38.653169,-12.55176],[-38.653206,-12.55176],[-38.653578,-12.55176]]}]}}
]
}
