{
"type": "FeatureCollection",
"xy_coordinate_resolution": 1e-06,
"features": [
{"type":"Feature","properties":{"nome":"Ventos de Santo Abraão","situacao":"Em operação","fase":"Operação","pot_mw":28.0,"area_ha":280.0},"geometry":{"type":"MultiPolygon","coordinates":[[[[-41.352628,-11.625428],[-41.352459,-11.625507],[-41.349382,-11.625276],[-41.349383,-11.625366],[-41.339856,-11.619137],[-41.335963,-11.607925],[-41.337948,-11.607094],[-41.336634,-11.603051],[-41.338056,-11.600022],[-41.340858,-11.600143],[-41.344733,-11.608695],[-41.347829,-11.615325],[-41.351866,-11.613388],[-41.355686,-11.623595],[-41.352628,-11.625428]]]]}},
{"type":"Feature","properties":{"nome":"Ventos da Santa Dulce","situacao":"Em operação","fase":"Operação","pot_mw":28.0,"area_ha":309.1},"geometry":{"type":"MultiPolygon","coordinates":[[[[-41.314132,-11.609519],[-41.31452,-11.608926],[-41.317568,-11.607793],[-41.319123,-11.609974],[-41.317034,-11.611366],[-41.314132,-11.609519]]],[[[-41.335614,-11.599907],[-41.334974,-11.597937],[-41.339649,-11.596484],[-41.340939,-11.599408],[-41.339773,-11.599908],[-41.335614,-11.599907]]],[[[-41.327615,-11.608909],[-41.327281,-11.608478],[-41.327066,-11.607956],[-41.325856,-11.60576],[-41.323749,-11.600337],[-41.32372,-11.600238],[-41.32082,-11.595093],[-41.315844,-11.594347],[-41.315996,-11.591293],[-41.31606,-11.58945],[-41.316405,-11.587776],[-41.316838,-11.587063],[-41.321557,-11.584694],[-41.326583,-11.582389],[-41.329983,-11.589593],[-41.326839,-11.593896],[-41.32843,-11.597841],[-41.33297,-11.609146],[-41.33439,-11.608565],[-41.33546,-11.611254],[-41.333877,-11.61309],[-41.331694,-11.613683],[-41.329921,-11.612772],[-41.329141,-11.61055],[-41.328014,-11.609529],[-41.327615,-11.608909]]]]}},
{"type":"Feature","properties":{"nome":"Ventos da Santa Esperança","situacao":"Em operação","fase":"Operação","pot_mw":28.0,"area_ha":231.3},"geometry":{"type":"MultiPolygon","coordinates":[[[[-41.301845,-11.580765],[-41.30281,-11.580077],[-41.303068,-11.579907],[-41.305851,-11.578096],[-41.309143,-11.583013],[-41.311708,-11.587348],[-41.31606,-11.58945],[-41.315996,-11.591293],[-41.315844,-11.594347],[-41.317429,-11.598336],[-41.318756,-11.604633],[-41.317568,-11.607793],[-41.31452,-11.608926],[-41.31309,-11.604351],[-41.312197,-11.60334],[-41.311262,-11.603338],[-41.308065,-11.592971],[-41.30733,-11.588049],[-41.30589,-11.586545],[-41.302957,-11.583749],[-41.301845,-11.580765]]]]}},
{"type":"Feature","properties":{"nome":"Ventos do São Paulo","situacao":"Em operação","fase":"Operação","pot_mw":28.0,"area_ha":241.8},"geometry":{"type":"MultiPolygon","coordinates":[[[[-41.307547,-11.576133],[-41.305851,-11.578096],[-41.303068,-11.579907],[-41.30281,-11.580077],[-41.301845,-11.580765],[-41.296173,-11.577391],[-41.29496,-11.575125],[-41.293136,-11.571276],[-41.293509,-11.564166],[-41.293452,-11.562987],[-41.293978,-11.562691],[-41.296942,-11.562971],[-41.299779,-11.563186],[-41.304653,-11.563587],[-41.305484,-11.56424],[-41.306431,-11.567892],[-41.3065,-11.570849],[-41.308196,-11.573586],[-41.307547,-11.576133]]]]}},
{"type":"Feature","properties":{"nome":"Ventos do São Mário","situacao":"Em operação","fase":"Operação","pot_mw":30.0,"area_ha":137.4},"geometry":{"type":"MultiPolygon","coordinates":[[[[-41.229501,-11.58925],[-41.226414,-11.588973],[-41.226646,-11.578999],[-41.226169,-11.572428],[-41.226987,-11.569821],[-41.225716,-11.560902],[-41.224874,-11.560849],[-41.225012,-11.558733],[-41.225641,-11.55307],[-41.225005,-11.549099],[-41.225364,-11.548949],[-41.226561,-11.548967],[-41.227022,-11.54993],[-41.227385,-11.550578],[-41.226779,-11.560667],[-41.229424,-11.561615],[-41.230186,-11.561646],[-41.229852,-11.569402],[-41.229351,-11.577744],[-41.229892,-11.581583],[-41.229501,-11.58925]]]]}},
{"type":"Feature","properties":{"nome":"Esperança","situacao":"Em operação","fase":"Operação","pot_mw":28.0,"area_ha":162.1},"geometry":{"type":"MultiPolygon","coordinates":[[[[-41.408887,-11.83172],[-41.411122,-11.840253],[-41.416168,-11.847329],[-41.417913,-11.853464],[-41.417834,-11.861987],[-41.413075,-11.862367],[-41.413087,-11.856733],[-41.412176,-11.849807],[-41.409722,-11.84672],[-41.40664,-11.841247],[-41.404274,-11.834334],[-41.408887,-11.83172]]]]}},
{"type":"Feature","properties":{"nome":"Cristal","situacao":"Em operação","fase":"Operação","pot_mw":29.9,"area_ha":1751.9},"geometry":{"type":"MultiPolygon","coordinates":[[[[-41.365954,-11.779283],[-41.38294,-11.770615],[-41.399351,-11.77008],[-41.408917,-11.807978],[-41.412957,-11.813654],[-41.41781,-11.8232],[-41.408134,-11.828524],[-41.401923,-11.828527],[-41.365954,-11.779283]]]]}},
{"type":"Feature","properties":{"nome":"Primavera","situacao":"Em operação","fase":"Operação","pot_mw":29.9,"area_ha":187316.3},"geometry":{"type":"MultiPolygon","coordinates":[[[[-41.376555,-11.695513],[-41.389992,-11.724905],[-41.394789,-11.748043],[-41.358956,-11.75273],[-41.353844,-11.732345],[-41.363187,-11.735456],[-41.353315,-11.708491],[-41.364674,-11.70322],[-41.376555,-11.695513]]]]}},
{"type":"Feature","properties":{"nome":"Cristalândia I","situacao":"Em operação","fase":"Operação","pot_mw":30.0,"area_ha":180.1},"geometry":{"type":"MultiPolygon","coordinates":[[[[-41.560862,-13.929826],[-41.562985,-13.934785],[-41.5638,-13.936535],[-41.563464,-13.937938],[-41.564826,-13.942352],[-41.559358,-13.950769],[-41.558293,-13.956103],[-41.556821,-13.960413],[-41.552899,-13.965935],[-41.552041,-13.968658],[-41.551842,-13.969435],[-41.550527,-13.969659],[-41.549712,-13.969186],[-41.548494,-13.96848],[-41.549606,-13.965767],[-41.55083,-13.964232],[-41.552002,-13.964905],[-41.552228,-13.964543],[-41.554132,-13.961582],[-41.554808,-13.960195],[-41.555175,-13.959543],[-41.555084,-13.959498],[-41.554961,-13.959426],[-41.554817,-13.959366],[-41.554623,-13.959214],[-41.554481,-13.959152],[-41.55435,-13.958955],[-41.554233,-13.958757],[-41.5539,-13.957956],[-41.553936,-13.957336],[-41.553832,-13.956571],[-41.554181,-13.955439],[-41.554656,-13.953394],[-41.55556,-13.952609],[-41.558465,-13.941417],[-41.559217,-13.939043],[-41.559991,-13.936335],[-41.558127,-13.930361],[-41.560862,-13.929826]]]]}},
{"type":"Feature","properties":{"nome":"Ventos da Bahia IV","situacao":"Em operação","fase":"Operação","pot_mw":12.0,"area_ha":65.4},"geometry":{"type":"MultiPolygon","coordinates":[[[[-41.440731,-11.970542],[-41.441455,-11.970392],[-41.437814,-11.956374],[-41.439104,-11.955804],[-41.443431,-11.972539],[-41.446185,-11.984599],[-41.443917,-11.985297],[-41.440731,-11.970542]]]]}},
{"type":"Feature","properties":{"nome":"Ventos da Bahia II","situacao":"Em operação","fase":"Operação","pot_mw":27.0,"area_ha":144.2},"geometry":{"type":"MultiPolygon","coordinates":[[[[-41.45118,-12.005738],[-41.454034,-12.007783],[-41.453118,-12.01025],[-41.452401,-12.011089],[-41.452311,-12.011181],[-41.451779,-12.011991],[-41.451645,-12.012209],[-41.45162,-12.01236],[-41.451579,-12.012835],[-41.451578,-12.013144],[-41.451593,-12.013243],[-41.451626,-12.013501],[-41.451639,-12.013751],[-41.451678,-12.015531],[-41.451671,-12.015824],[-41.451609,-12.015946],[-41.450441,-12.017578],[-41.450357,-12.017702],[-41.450223,-12.018012],[-41.450142,-12.018106],[-41.450128,-12.018171],[-41.450022,-12.018559],[-41.44999,-12.018653],[-41.449911,-12.018745],[-41.447325,-12.020278],[-41.446891,-12.020465],[-41.444494,-12.021814],[-41.4442,-12.02192],[-41.443812,-12.022108],[-41.442581,-12.02274],[-41.441893,-12.023191],[-41.440518,-12.015644],[-41.443037,-12.015532],[-41.443287,-12.015556],[-41.443504,-12.015311],[-41.442077,-12.012857],[-41.442726,-12.011354],[-41.44299,-12.010753],[-41.44331,-12.010024],[-41.443553,-12.009476],[-41.44379,-12.008939],[-41.44403,-12.008391],[-41.44426,-12.007883],[-41.446847,-12.011252],[-41.45118,-12.005738]]],[[[-41.440619,-11.999224],[-41.442218,-11.996952],[-41.442257,-11.996818],[-41.442042,-11.994802],[-41.442902,-11.994194],[-41.445457,-11.992487],[-41.44858,-11.993246],[-41.446915,-11.999788],[-41.455623,-12.003334],[-41.454735,-12.008184],[-41.454079,-12.007727],[-41.445883,-12.00195],[-41.445773,-12.001874],[-41.445759,-12.00187],[-41.445525,-12.001887],[-41.443649,-12.002043],[-41.440758,-12.002286],[-41.438542,-12.002467],[-41.438492,-12.002368],[-41.440619,-11.999224]]],[[[-41.440731,-11.970542],[-41.441455,-11.970392],[-41.437814,-11.956374],[-41.439104,-11.955804],[-41.443431,-11.972539],[-41.446974,-11.988054],[-41.444641,-11.988652],[-41.440731,-11.970542]]]]}},
{"type":"Feature","properties":{"nome":"Boa Vista da Lagoinha","situacao":"Em operação","fase":"Operação","pot_mw":30.0,"area_ha":1787.2},"geometry":{"type":"MultiPolygon","coordinates":[[[[-41.366916,-11.751723],[-41.394731,-11.748061],[-41.399451,-11.770007],[-41.383058,-11.77056],[-41.366916,-11.751723]]],[[[-41.363197,-11.735483],[-41.389992,-11.724905],[-41.392011,-11.734656],[-41.394,-11.744155],[-41.394115,-11.744696],[-41.394813,-11.748033],[-41.384994,-11.749326],[-41.366912,-11.751718],[-41.363197,-11.735483]]],[[[-41.3564,-11.686543],[-41.364533,-11.687394],[-41.369443,-11.699114],[-41.36623,-11.700749],[-41.363876,-11.702169],[-41.3564,-11.686543]]],[[[-41.316993,-11.66336],[-41.314256,-11.662767],[-41.320485,-11.647834],[-41.319085,-11.645947],[-41.334336,-11.632368],[-41.335634,-11.633044],[-41.336894,-11.63354],[-41.335947,-11.641988],[-41.335362,-11.64211],[-41.331804,-11.646432],[-41.326277,-11.656582],[-41.327844,-11.665512],[-41.325668,-11.665883],[-41.323443,-11.666263],[-41.317448,-11.667386],[-41.316993,-11.66336]]]]}},
{"type":"Feature","properties":{"nome":"Ventos de Santa Aurora","situacao":"Em operação","fase":"Operação","pot_mw":27.3,"area_ha":2012.6},"geometry":{"type":"MultiPolygon","coordinates":[[[[-41.253349,-10.968727],[-41.270415,-10.965123],[-41.272922,-10.970431],[-41.274449,-10.985366],[-41.260843,-10.998211],[-41.260598,-10.998448],[-41.260066,-10.998961],[-41.234445,-11.006532],[-41.228271,-11.005257],[-41.219291,-11.006856],[-41.225276,-10.992298],[-41.2236,-10.986958],[-41.214509,-10.988879],[-41.209674,-10.974757],[-41.220219,-10.974539],[-41.22087,-10.974521],[-41.227925,-10.974331],[-41.228055,-10.976215],[-41.243113,-10.975605],[-41.242738,-10.969285],[-41.253349,-10.968727]]]]}},
{"type":"Feature","properties":{"nome":"Ventos da Santa Beatriz","situacao":"Em operação","fase":"Operação","pot_mw":27.3,"area_ha":633.7},"geometry":{"type":"MultiPolygon","coordinates":[[[[-41.234958,-10.938306],[-41.238767,-10.952278],[-41.239362,-10.954987],[-41.223301,-10.960703],[-41.223575,-10.961695],[-41.205566,-10.96379],[-41.204156,-10.959734],[-41.214879,-10.957152],[-41.214792,-10.938912],[-41.234958,-10.938306]]]]}},
{"type":"Feature","properties":{"nome":"Ventos do São Gabriel","situacao":"Em operação","fase":"Operação","pot_mw":27.3,"area_ha":631.8},"geometry":{"type":"MultiPolygon","coordinates":[[[[-41.239362,-10.954987],[-41.242438,-10.966091],[-41.242738,-10.969285],[-41.243113,-10.975605],[-41.228055,-10.976215],[-41.227925,-10.974331],[-41.22087,-10.974521],[-41.220219,-10.974539],[-41.209674,-10.974757],[-41.206562,-10.96645],[-41.206364,-10.965922],[-41.205566,-10.96379],[-41.223575,-10.961695],[-41.223301,-10.960703],[-41.239362,-10.954987]]]]}},
{"type":"Feature","properties":{"nome":"Serra da Babilônia II","situacao":"Em operação","fase":"Operação","pot_mw":28.2,"area_ha":235.5},"geometry":{"type":"MultiPolygon","coordinates":[[[[-41.327377,-11.102174],[-41.332326,-11.102342],[-41.332582,-11.10461],[-41.337173,-11.104036],[-41.337719,-11.107346],[-41.337389,-11.115511],[-41.330572,-11.114255],[-41.330526,-11.107929],[-41.327315,-11.107895],[-41.327377,-11.102174]]],[[[-41.302351,-11.094385],[-41.310938,-11.095204],[-41.311036,-11.096667],[-41.308204,-11.096642],[-41.306909,-11.109895],[-41.300185,-11.108652],[-41.302351,-11.094385]]]]}},
{"type":"Feature","properties":{"nome":"Serra da Babilônia VI","situacao":"Em operação","fase":"Operação","pot_mw":25.85,"area_ha":151.5},"geometry":{"type":"MultiPolygon","coordinates":[[[[-41.332326,-11.102342],[-41.332091,-11.092909],[-41.337315,-11.091776],[-41.337173,-11.104036],[-41.332582,-11.10461],[-41.332326,-11.102342]]],[[[-41.322881,-11.056124],[-41.322066,-11.047584],[-41.32768,-11.047071],[-41.328615,-11.059995],[-41.326417,-11.057796],[-41.323363,-11.060884],[-41.322881,-11.056124]]]]}},
{"type":"Feature","properties":{"nome":"Serra da Babilônia VII","situacao":"Em operação","fase":"Operação","pot_mw":28.2,"area_ha":168.0},"geometry":{"type":"MultiPolygon","coordinates":[[[[-41.32993,-11.082071],[-41.335204,-11.081777],[-41.337315,-11.091776],[-41.332091,-11.092909],[-41.331722,-11.091057],[-41.328987,-11.090738],[-41.329046,-11.086248],[-41.330766,-11.086263],[-41.32993,-11.082071]]],[[[-41.312466,-11.05634],[-41.317884,-11.054658],[-41.320186,-11.064716],[-41.323527,-11.063569],[-41.323905,-11.065592],[-41.315877,-11.068167],[-41.312466,-11.05634]]]]}},
{"type":"Feature","properties":{"nome":"Serra da Babilônia VIII","situacao":"Em operação","fase":"Operação","pot_mw":28.2,"area_ha":238.1},"geometry":{"type":"MultiPolygon","coordinates":[[[[-41.317605,-11.089753],[-41.312914,-11.090451],[-41.311442,-11.085868],[-41.305194,-11.084389],[-41.307177,-11.090993],[-41.310645,-11.090789],[-41.310938,-11.095204],[-41.302351,-11.094385],[-41.299138,-11.085881],[-41.300537,-11.07957],[-41.31015,-11.081845],[-41.308982,-11.078208],[-41.314106,-11.076449],[-41.317457,-11.083243],[-41.317605,-11.089753]]]]}},
{"type":"Feature","properties":{"nome":"Serra da Babilônia IX","situacao":"Em operação","fase":"Operação","pot_mw":28.2,"area_ha":261.0},"geometry":{"type":"MultiPolygon","coordinates":[[[[-41.327377,-11.102174],[-41.311036,-11.096667],[-41.310645,-11.090789],[-41.317605,-11.089753],[-41.317457,-11.083243],[-41.329046,-11.086248],[-41.328987,-11.090738],[-41.327501,-11.090858],[-41.327377,-11.102174]]]]}},
{"type":"Feature","properties":{"nome":"Serra da Babilônia X","situacao":"Em operação","fase":"Operação","pot_mw":28.2,"area_ha":143.9},"geometry":{"type":"MultiPolygon","coordinates":[[[[-41.329267,-11.075959],[-41.326998,-11.072952],[-41.326251,-11.07136],[-41.330714,-11.069979],[-41.334009,-11.073899],[-41.335204,-11.081777],[-41.32993,-11.082071],[-41.329267,-11.075959]]],[[[-41.316001,-11.069815],[-41.315877,-11.068167],[-41.323905,-11.065592],[-41.323806,-11.067574],[-41.321271,-11.068326],[-41.322734,-11.072146],[-41.324176,-11.075439],[-41.319279,-11.077474],[-41.316001,-11.069815]]]]}},
{"type":"Feature","properties":{"nome":"Serra da Babilônia XI","situacao":"Em operação","fase":"Operação","pot_mw":28.2,"area_ha":146.3},"geometry":{"type":"MultiPolygon","coordinates":[[[[-41.322141,-11.084458],[-41.321378,-11.081845],[-41.319279,-11.077474],[-41.324176,-11.075439],[-41.326811,-11.081028],[-41.327526,-11.085854],[-41.322141,-11.084458]]],[[[-41.323294,-11.069272],[-41.323806,-11.067574],[-41.323905,-11.065592],[-41.323527,-11.063569],[-41.323363,-11.060884],[-41.326417,-11.057796],[-41.330286,-11.061667],[-41.329315,-11.06818],[-41.330714,-11.069979],[-41.326251,-11.07136],[-41.326009,-11.070659],[-41.324004,-11.071345],[-41.323294,-11.069272]]]]}},
{"type":"Feature","properties":{"nome":"Serra da Babilônia XII","situacao":"Em operação","fase":"Operação","pot_mw":28.2,"area_ha":176.3},"geometry":{"type":"MultiPolygon","coordinates":[[[[-41.321309,-11.112549],[-41.3219,-11.102542],[-41.318553,-11.101719],[-41.318561,-11.105366],[-41.317641,-11.111873],[-41.312874,-11.110994],[-41.313169,-11.097386],[-41.327377,-11.102174],[-41.327252,-11.113644],[-41.321309,-11.112549]]]]}},
{"type":"Feature","properties":{"nome":"São Judas","situacao":"Em operação","fase":"Operação","pot_mw":29.9,"area_ha":128100.2},"geometry":{"type":"MultiPolygon","coordinates":[[[[-41.357913,-11.683831],[-41.35864,-11.658861],[-41.340954,-11.66231],[-41.331767,-11.646396],[-41.339223,-11.641252],[-41.354709,-11.637254],[-41.353675,-11.629752],[-41.364881,-11.630288],[-41.372527,-11.644454],[-41.365097,-11.645076],[-41.367332,-11.658641],[-41.371969,-11.683742],[-41.357913,-11.683831]]]]}},
{"type":"Feature","properties":{"nome":"Serra da Babilônia C","situacao":"Em operação","fase":"Operação","pot_mw":26.5,"area_ha":64.4},"geometry":{"type":"MultiPolygon","coordinates":[[[[-41.325729,-11.130265],[-41.330348,-11.131108],[-41.331703,-11.135682],[-41.332994,-11.140642],[-41.340798,-11.1392],[-41.340674,-11.13723],[-41.342454,-11.136905],[-41.343722,-11.141014],[-41.341033,-11.140531],[-41.333184,-11.141484],[-41.32985,-11.140564],[-41.329613,-11.138741],[-41.325729,-11.130265]]]]}},
{"type":"Feature","properties":{"nome":"Serra da Babilônia E","situacao":"Em operação","fase":"Operação","pot_mw":26.5,"area_ha":64.2},"geometry":{"type":"MultiPolygon","coordinates":[[[[-41.332895,-11.147077],[-41.334388,-11.147657],[-41.336318,-11.154222],[-41.344408,-11.155793],[-41.345219,-11.154779],[-41.346437,-11.154738],[-41.346472,-11.159332],[-41.345107,-11.159613],[-41.345436,-11.157299],[-41.334067,-11.156401],[-41.33267,-11.152844],[-41.332328,-11.150609],[-41.33041,-11.152025],[-41.330158,-11.151754],[-41.331497,-11.150251],[-41.330834,-11.147214],[-41.332895,-11.147077]]]]}},
{"type":"Feature","properties":{"nome":"Serra da Babilônia F","situacao":"Em operação","fase":"Operação","pot_mw":21.2,"area_ha":46.0},"geometry":{"type":"MultiPolygon","coordinates":[[[[-41.335026,-11.160172],[-41.334067,-11.156401],[-41.345436,-11.157299],[-41.345107,-11.159613],[-41.346472,-11.159332],[-41.346531,-11.162637],[-41.346118,-11.164875],[-41.343819,-11.164333],[-41.344428,-11.15822],[-41.337261,-11.157288],[-41.337384,-11.15981],[-41.33734,-11.163634],[-41.335216,-11.163752],[-41.335026,-11.160172]]]]}},
{"type":"Feature","properties":{"nome":"Ventos da Bahia XIII","situacao":"Em operação","fase":"Operação","pot_mw":49.5,"area_ha":752.0},"geometry":{"type":"MultiPolygon","coordinates":[[[[-41.486313,-12.129489],[-41.487261,-12.128698],[-41.487962,-12.128012],[-41.488989,-12.127253],[-41.491359,-12.129607],[-41.492013,-12.129168],[-41.492665,-12.127806],[-41.492952,-12.12743],[-41.500122,-12.131744],[-41.500001,-12.131863],[-41.503334,-12.139156],[-41.508997,-12.151545],[-41.500605,-12.15944],[-41.499091,-12.160145],[-41.498537,-12.160082],[-41.494924,-12.158422],[-41.494142,-12.158278],[-41.492083,-12.158079],[-41.490786,-12.156793],[-41.487779,-12.157364],[-41.486513,-12.157884],[-41.486071,-12.158198],[-41.485794,-12.158567],[-41.484732,-12.15931],[-41.484242,-12.158196],[-41.483823,-12.156753],[-41.48261,-12.154068],[-41.482454,-12.153586],[-41.482018,-12.152438],[-41.481492,-12.151367],[-41.481111,-12.147879],[-41.481278,-12.14655],[-41.482462,-12.144035],[-41.482397,-12.14343],[-41.482493,-12.141889],[-41.483124,-12.141003],[-41.483198,-12.139891],[-41.483735,-12.135211],[-41.483702,-12.135189],[-41.484694,-12.132501],[-41.48481,-12.132526],[-41.485393,-12.129915],[-41.485766,-12.130143],[-41.486313,-12.129489]]]]}},
{"type":"Feature","properties":{"nome":"Ventos da Bahia XIV","situacao":"Em operação","fase":"Operação","pot_mw":33.0,"area_ha":211.8},"geometry":{"type":"MultiPolygon","coordinates":[[[[-41.503866,-12.11458],[-41.504638,-12.113059],[-41.505224,-12.111903],[-41.506385,-12.110987],[-41.506392,-12.110982],[-41.506067,-12.110721],[-41.504087,-12.109128],[-41.508889,-12.10863],[-41.506955,-12.111434],[-41.506955,-12.111434],[-41.506955,-12.111434],[-41.506955,-12.111434],[-41.505003,-12.115302],[-41.505003,-12.115302],[-41.508548,-12.117552],[-41.505735,-12.121668],[-41.503866,-12.124466],[-41.502243,-12.126936],[-41.500796,-12.130671],[-41.500525,-12.131469],[-41.500253,-12.131616],[-41.500122,-12.131744],[-41.492952,-12.12743],[-41.49406,-12.125979],[-41.491942,-12.122748],[-41.490083,-12.119495],[-41.491652,-12.118054],[-41.492773,-12.116871],[-41.493392,-12.116261],[-41.496713,-12.118941],[-41.497691,-12.119698],[-41.500348,-12.117135],[-41.500345,-12.117128],[-41.49981,-12.115819],[-41.500657,-12.115377],[-41.500686,-12.115363],[-41.501,-12.115204],[-41.502602,-12.114398],[-41.50306,-12.114199],[-41.503158,-12.114147],[-41.503176,-12.114137],[-41.503198,-12.114156],[-41.503866,-12.11458],[-41.503866,-12.11458],[-41.503866,-12.11458]]]]}},
{"type":"Feature","properties":{"nome":"Ventos da Bahia XXIII","situacao":"Em operação","fase":"Operação","pot_mw":49.5,"area_ha":287.8},"geometry":{"type":"MultiPolygon","coordinates":[[[[-41.488531,-12.08196],[-41.49494,-12.083329],[-41.494062,-12.087366],[-41.500839,-12.088522],[-41.500921,-12.088632],[-41.496365,-12.090829],[-41.50099,-12.098442],[-41.501394,-12.09913],[-41.501388,-12.099133],[-41.501748,-12.099729],[-41.500047,-12.10312],[-41.500123,-12.103167],[-41.501043,-12.104208],[-41.501172,-12.104333],[-41.501451,-12.104116],[-41.501743,-12.104009],[-41.508766,-12.105642],[-41.510248,-12.106662],[-41.508889,-12.10863],[-41.504087,-12.109128],[-41.49962,-12.105535],[-41.49957,-12.105484],[-41.499363,-12.105637],[-41.498795,-12.106002],[-41.498692,-12.105878],[-41.498664,-12.105876],[-41.498573,-12.106058],[-41.496435,-12.107473],[-41.496418,-12.107484],[-41.496307,-12.107094],[-41.496289,-12.107029],[-41.496251,-12.106976],[-41.496024,-12.106657],[-41.495542,-12.105983],[-41.495491,-12.105929],[-41.495483,-12.10592],[-41.495458,-12.105895],[-41.495356,-12.105789],[-41.495259,-12.105688],[-41.494427,-12.105054],[-41.492883,-12.10427],[-41.492716,-12.104241],[-41.492169,-12.103597],[-41.492154,-12.103599],[-41.489056,-12.099937],[-41.488645,-12.099202],[-41.488309,-12.098597],[-41.489752,-12.085028],[-41.489149,-12.085285],[-41.489136,-12.085229],[-41.488531,-12.08196]]]]}},
{"type":"Feature","properties":{"nome":"Ventos da Bahia XXVII","situacao":"Em operação","fase":"Operação","pot_mw":49.5,"area_ha":618.0},"geometry":{"type":"MultiPolygon","coordinates":[[[[-41.473342,-12.069843],[-41.467224,-12.062207],[-41.473718,-12.057167],[-41.485829,-12.047847],[-41.489959,-12.051442],[-41.490923,-12.054235],[-41.49095,-12.061721],[-41.490864,-12.062139],[-41.491016,-12.067328],[-41.503854,-12.073602],[-41.502675,-12.07408],[-41.496399,-12.076627],[-41.49494,-12.083329],[-41.488531,-12.08196],[-41.48677,-12.072449],[-41.486948,-12.072435],[-41.48696,-12.072424],[-41.486946,-12.072429],[-41.475885,-12.073018],[-41.475674,-12.072754],[-41.473342,-12.069843]],[[-41.492381,-12.070611],[-41.492351,-12.070621],[-41.492377,-12.070617],[-41.494119,-12.077554],[-41.494397,-12.077439],[-41.494121,-12.077551],[-41.492381,-12.070611]]]]}},
{"type":"Feature","properties":{"nome":"Serra da Babilônia A","situacao":"Em operação","fase":"Operação","pot_mw":21.2,"area_ha":63.4},"geometry":{"type":"MultiPolygon","coordinates":[[[[-41.342315,-11.120905],[-41.339892,-11.121301],[-41.337919,-11.116092],[-41.322321,-11.113274],[-41.324006,-11.117815],[-41.325859,-11.11872],[-41.327941,-11.124052],[-41.323934,-11.125325],[-41.322522,-11.122225],[-41.321179,-11.122681],[-41.320733,-11.121946],[-41.321663,-11.120853],[-41.322315,-11.119257],[-41.323191,-11.118342],[-41.321827,-11.114042],[-41.320488,-11.112595],[-41.339428,-11.116042],[-41.340578,-11.117043],[-41.342315,-11.120905]]]]}},
{"type":"Feature","properties":{"nome":"Ventos de Santa Esperança 17","situacao":"Em operação","fase":"Operação","pot_mw":42.0,"area_ha":555.7},"geometry":{"type":"MultiPolygon","coordinates":[[[[-41.29811,-11.526989],[-41.287138,-11.500183],[-41.314511,-11.50264],[-41.31626,-11.50956],[-41.30324,-11.526758],[-41.29811,-11.526989]]]]}},
{"type":"Feature","properties":{"nome":"Ventos de Santa Esperança 15","situacao":"Em operação","fase":"Operação","pot_mw":46.2,"area_ha":513.9},"geometry":{"type":"MultiPolygon","coordinates":[[[[-41.297307,-11.528829],[-41.302878,-11.528604],[-41.319861,-11.563595],[-41.297204,-11.558746],[-41.297307,-11.528829]]]]}},
{"type":"Feature","properties":{"nome":"Ventos de Santa Esperança 13","situacao":"Em operação","fase":"Operação","pot_mw":33.6,"area_ha":549.2},"geometry":{"type":"MultiPolygon","coordinates":[[[[-41.33601,-11.553459],[-41.342153,-11.553002],[-41.357372,-11.566233],[-41.357604,-11.583553],[-41.339323,-11.594821],[-41.333963,-11.595172],[-41.333956,-11.588739],[-41.349646,-11.585893],[-41.33601,-11.553459]]]]}},
{"type":"Feature","properties":{"nome":"Ventos de Santa Esperança 21","situacao":"Em operação","fase":"Operação","pot_mw":30.0,"area_ha":263.8},"geometry":{"type":"MultiPolygon","coordinates":[[[[-41.274845,-11.52984],[-41.286829,-11.551275],[-41.265257,-11.553784],[-41.264081,-11.547928],[-41.277782,-11.548064],[-41.268958,-11.530567],[-41.274845,-11.52984]]]]}},
{"type":"Feature","properties":{"nome":"Serra da Babilônia B","situacao":"Em operação","fase":"Operação","pot_mw":30.6,"area_ha":71.1},"geometry":{"type":"MultiPolygon","coordinates":[[[[-41.327941,-11.124052],[-41.328707,-11.12753],[-41.338703,-11.126535],[-41.338911,-11.124009],[-41.341554,-11.12425],[-41.341584,-11.135293],[-41.339774,-11.13555],[-41.33954,-11.132949],[-41.338807,-11.13237],[-41.339456,-11.13074],[-41.338695,-11.127342],[-41.333284,-11.127343],[-41.329629,-11.128331],[-41.330348,-11.131108],[-41.325729,-11.130265],[-41.323934,-11.125325],[-41.327941,-11.124052]]]]}},
{"type":"Feature","properties":{"nome":"Serra da Babilônia D","situacao":"Em operação","fase":"Operação","pot_mw":30.6,"area_ha":57.7},"geometry":{"type":"MultiPolygon","coordinates":[[[[-41.344734,-11.15168],[-41.343859,-11.147218],[-41.342829,-11.148023],[-41.342357,-11.147228],[-41.343346,-11.145833],[-41.342044,-11.14255],[-41.340226,-11.140976],[-41.335333,-11.141422],[-41.333677,-11.141822],[-41.334388,-11.147657],[-41.332895,-11.147077],[-41.330834,-11.147214],[-41.32985,-11.140564],[-41.333184,-11.141484],[-41.341033,-11.140531],[-41.343722,-11.141014],[-41.34624,-11.149996],[-41.346479,-11.152358],[-41.344734,-11.15168]]]]}},
{"type":"Feature","properties":{"nome":"Ventos de Santa Esperança 08","situacao":"Em operação","fase":"Operação","pot_mw":25.2,"area_ha":594.5},"geometry":{"type":"MultiPolygon","coordinates":[[[[-41.341574,-11.570495],[-41.341759,-11.575466],[-41.339525,-11.594827],[-41.323091,-11.594594],[-41.30794,-11.590934],[-41.301244,-11.57936],[-41.294196,-11.569606],[-41.293896,-11.565072],[-41.291915,-11.559912],[-41.292048,-11.555555],[-41.287673,-11.552095],[-41.285907,-11.544007],[-41.281413,-11.539421],[-41.296877,-11.531246],[-41.29758,-11.52662],[-41.303411,-11.52741],[-41.308287,-11.523951],[-41.31108,-11.524087],[-41.321294,-11.514984],[-41.323316,-11.516147],[-41.325673,-11.518914],[-41.323218,-11.520949],[-41.320655,-11.518777],[-41.315711,-11.528781],[-41.307925,-11.528159],[-41.286834,-11.540415],[-41.289968,-11.546297],[-41.289949,-11.551177],[-41.294116,-11.554356],[-41.294252,-11.560946],[-41.296388,-11.562798],[-41.296902,-11.564922],[-41.29706,-11.569781],[-41.299973,-11.574527],[-41.304605,-11.577292],[-41.306114,-11.583639],[-41.312194,-11.589928],[-41.326631,-11.592574],[-41.334313,-11.592473],[-41.338935,-11.57512],[-41.337909,-11.570087],[-41.341159,-11.568348],[-41.341574,-11.570495]]]]}},
{"type":"Feature","properties":{"nome":"Ventos de Santa Esperança 16","situacao":"Em operação","fase":"Operação","pot_mw":42.0,"area_ha":656.2},"geometry":{"type":"MultiPolygon","coordinates":[[[[-41.342,-11.552685],[-41.337879,-11.554333],[-41.332875,-11.542164],[-41.326557,-11.549423],[-41.319627,-11.549093],[-41.31511,-11.551828],[-41.310473,-11.552015],[-41.308653,-11.54789],[-41.30381,-11.552284],[-41.302252,-11.564215],[-41.293896,-11.565072],[-41.291915,-11.559912],[-41.292048,-11.555555],[-41.287673,-11.552095],[-41.285907,-11.544007],[-41.281413,-11.539421],[-41.296877,-11.531246],[-41.29758,-11.52662],[-41.303411,-11.52741],[-41.308287,-11.523951],[-41.31108,-11.524087],[-41.321294,-11.514984],[-41.323316,-11.516147],[-41.325673,-11.518914],[-41.323218,-11.520949],[-41.320655,-11.518777],[-41.321869,-11.531866],[-41.315711,-11.528781],[-41.307925,-11.528159],[-41.286834,-11.540415],[-41.289968,-11.546297],[-41.289949,-11.551177],[-41.294116,-11.554356],[-41.294252,-11.560946],[-41.296388,-11.562798],[-41.300141,-11.562145],[-41.299622,-11.553353],[-41.302356,-11.54614],[-41.309067,-11.545164],[-41.312415,-11.549376],[-41.321637,-11.545653],[-41.326229,-11.546771],[-41.329018,-11.544492],[-41.327004,-11.535751],[-41.331055,-11.534346],[-41.334583,-11.537787],[-41.342,-11.552685]]]]}},
{"type":"Feature","properties":{"nome":"Ventos de Santa Esperança 21","situacao":"Em operação","fase":"Operação","pot_mw":46.2,"area_ha":582.7},"geometry":{"type":"MultiPolygon","coordinates":[[[[-41.29321,-11.470106],[-41.294774,-11.47646],[-41.294255,-11.482568],[-41.298824,-11.481326],[-41.303051,-11.488877],[-41.304854,-11.488435],[-41.306397,-11.489825],[-41.303609,-11.492422],[-41.299624,-11.488246],[-41.294717,-11.487971],[-41.292158,-11.49995],[-41.289907,-11.50142],[-41.285828,-11.509365],[-41.280949,-11.512965],[-41.281358,-11.516968],[-41.28021,-11.523056],[-41.272227,-11.522855],[-41.272066,-11.52906],[-41.276752,-11.5357],[-41.283634,-11.538247],[-41.296877,-11.531246],[-41.29758,-11.52662],[-41.303411,-11.52741],[-41.308287,-11.523951],[-41.31108,-11.524087],[-41.321294,-11.514984],[-41.323316,-11.516147],[-41.325673,-11.518914],[-41.323218,-11.520949],[-41.320655,-11.518777],[-41.315711,-11.528781],[-41.307925,-11.528159],[-41.286834,-11.540415],[-41.281413,-11.539421],[-41.275505,-11.537382],[-41.27052,-11.5303],[-41.268961,-11.519017],[-41.278693,-11.518651],[-41.277298,-11.512002],[-41.282631,-11.509265],[-41.287567,-11.502804],[-41.287381,-11.500641],[-41.287722,-11.493965],[-41.288257,-11.491166],[-41.291968,-11.490196],[-41.292793,-11.487292],[-41.290319,-11.470915],[-41.29321,-11.470106]]]]}},
{"type":"Feature","properties":{"nome":"Ventos de Santa Esperança 22","situacao":"Em operação","fase":"Operação","pot_mw":46.2,"area_ha":552.4},"geometry":{"type":"MultiPolygon","coordinates":[[[[-41.283438,-11.487255],[-41.286788,-11.490364],[-41.289208,-11.499695],[-41.289907,-11.50142],[-41.285828,-11.509365],[-41.293469,-11.514163],[-41.29188,-11.518603],[-41.280949,-11.512965],[-41.281358,-11.516968],[-41.28021,-11.523056],[-41.272227,-11.522855],[-41.272066,-11.52906],[-41.276752,-11.5357],[-41.283634,-11.538247],[-41.296877,-11.531246],[-41.29758,-11.52662],[-41.303411,-11.52741],[-41.308287,-11.523951],[-41.31108,-11.524087],[-41.321294,-11.514984],[-41.323316,-11.516147],[-41.325673,-11.518914],[-41.323218,-11.520949],[-41.320655,-11.518777],[-41.315711,-11.528781],[-41.307925,-11.528159],[-41.286834,-11.540415],[-41.281413,-11.539421],[-41.275505,-11.537382],[-41.27052,-11.5303],[-41.268961,-11.519017],[-41.278693,-11.518651],[-41.277298,-11.512002],[-41.275685,-11.505086],[-41.276166,-11.499511],[-41.274154,-11.498023],[-41.277418,-11.496512],[-41.279965,-11.510634],[-41.282631,-11.509265],[-41.287567,-11.502804],[-41.287381,-11.500641],[-41.284271,-11.492673],[-41.280197,-11.490266],[-41.283438,-11.487255]]]]}},
{"type":"Feature","properties":{"nome":"Ventos de Santa Esperança 26","situacao":"Em operação","fase":"Operação","pot_mw":46.2,"area_ha":246.9},"geometry":{"type":"MultiPolygon","coordinates":[[[[-41.355321,-11.510285],[-41.354391,-11.513082],[-41.356879,-11.518358],[-41.354362,-11.526766],[-41.351175,-11.525689],[-41.352834,-11.520054],[-41.350699,-11.516805],[-41.343576,-11.523021],[-41.336919,-11.524079],[-41.332904,-11.522479],[-41.332799,-11.526958],[-41.330764,-11.527115],[-41.330361,-11.52138],[-41.328826,-11.518032],[-41.325673,-11.518914],[-41.323218,-11.520949],[-41.320655,-11.518777],[-41.321294,-11.514984],[-41.3239,-11.51291],[-41.326946,-11.512098],[-41.326868,-11.509462],[-41.328444,-11.508966],[-41.332476,-11.520627],[-41.336972,-11.522004],[-41.342477,-11.521415],[-41.34989,-11.514213],[-41.348607,-11.509635],[-41.353481,-11.508074],[-41.355321,-11.510285]]]]}},
{"type":"Feature","properties":{"nome":"Ventos de Santo Antônio 08","situacao":"Planejada","fase":"Construção não iniciada","pot_mw":74.4,"area_ha":150.3},"geometry":{"type":"MultiPolygon","coordinates":[[[[-41.319634,-11.031686],[-41.321364,-11.03175],[-41.322745,-11.032613],[-41.326668,-11.044227],[-41.326296,-11.046677],[-41.325684,-11.047253],[-41.323347,-11.047467],[-41.322355,-11.041728],[-41.308568,-11.047228],[-41.307664,-11.055939],[-41.304604,-11.056545],[-41.303486,-11.047985],[-41.307777,-11.046497],[-41.307668,-11.04512],[-41.321946,-11.039674],[-41.318982,-11.03286],[-41.319634,-11.031686]]]]}},
{"type":"Feature","properties":{"nome":"Ventos de São Januário 16","situacao":"Em operação","fase":"Operação","pot_mw":72.0,"area_ha":724.7},"geometry":{"type":"MultiPolygon","coordinates":[[[[-41.28468,-11.129849],[-41.284834,-11.129545],[-41.296084,-11.107885],[-41.284584,-11.105813],[-41.277706,-11.104587],[-41.278386,-11.099056],[-41.290285,-11.093628],[-41.295267,-11.103642],[-41.298848,-11.104225],[-41.300333,-11.107668],[-41.300184,-11.108653],[-41.30066,-11.10874],[-41.300672,-11.108948],[-41.300222,-11.112865],[-41.301827,-11.113486],[-41.30664,-11.115348],[-41.317003,-11.116165],[-41.321989,-11.129861],[-41.318132,-11.129142],[-41.312595,-11.128983],[-41.306628,-11.124717],[-41.299189,-11.126185],[-41.289427,-11.130041],[-41.28468,-11.129849]]]]}},
{"type":"Feature","properties":{"nome":"Ventos de São Januário 17","situacao":"Em operação","fase":"Operação","pot_mw":72.0,"area_ha":544.7},"geometry":{"type":"MultiPolygon","coordinates":[[[[-41.296373,-11.145584],[-41.297387,-11.148378],[-41.293531,-11.149921],[-41.292855,-11.150124],[-41.291046,-11.157683],[-41.292988,-11.158757],[-41.291893,-11.167615],[-41.285943,-11.167894],[-41.279572,-11.148115],[-41.279569,-11.140349],[-41.282649,-11.134],[-41.284255,-11.130687],[-41.28468,-11.129849],[-41.289427,-11.130041],[-41.293008,-11.128627],[-41.296373,-11.145584]]]]}},
{"type":"Feature","properties":{"nome":"Ventos de São Januário 18","situacao":"Em operação","fase":"Operação","pot_mw":72.0,"area_ha":614.0},"geometry":{"type":"MultiPolygon","coordinates":[[[[-41.299189,-11.126185],[-41.306628,-11.124717],[-41.312595,-11.128983],[-41.318132,-11.129142],[-41.321988,-11.12986],[-41.322708,-11.129994],[-41.324414,-11.134731],[-41.326344,-11.140089],[-41.328063,-11.147018],[-41.320108,-11.147366],[-41.30982,-11.138755],[-41.305689,-11.139096],[-41.304871,-11.145478],[-41.296373,-11.145584],[-41.293008,-11.128627],[-41.299189,-11.126185]]]]}},
{"type":"Feature","properties":{"nome":"Ventos de São Januário 19","situacao":"Em operação","fase":"Operação","pot_mw":72.0,"area_ha":691.6},"geometry":{"type":"MultiPolygon","coordinates":[[[[-41.313384,-11.16906],[-41.313376,-11.16904],[-41.306528,-11.152344],[-41.305648,-11.150113],[-41.304871,-11.145478],[-41.305689,-11.139096],[-41.30982,-11.138755],[-41.320108,-11.147366],[-41.328063,-11.147018],[-41.332903,-11.166538],[-41.331463,-11.170746],[-41.313384,-11.16906]]]]}},
{"type":"Feature","properties":{"nome":"Ventos de Santa Luzia 01","situacao":"Em construção","fase":"Construção","pot_mw":42.0,"area_ha":238.6},"geometry":{"type":"MultiPolygon","coordinates":[[[[-42.054785,-12.614236],[-42.0534,-12.613405],[-42.052321,-12.612998],[-42.052488,-12.61234],[-42.052364,-12.612119],[-42.050266,-12.611567],[-42.049337,-12.61107],[-42.048179,-12.611133],[-42.044819,-12.609574],[-42.045047,-12.60897],[-42.045177,-12.608499],[-42.048187,-12.608437],[-42.056665,-12.61277],[-42.05918,-12.614726],[-42.057577,-12.618329],[-42.061708,-12.62029],[-42.056878,-12.633069],[-42.065689,-12.636926],[-42.063627,-12.63953],[-42.060465,-12.638032],[-42.059592,-12.639414],[-42.05443,-12.638329],[-42.053992,-12.638877],[-42.053987,-12.638877],[-42.049739,-12.638195],[-42.049746,-12.638127],[-42.049844,-12.637067],[-42.050211,-12.636233],[-42.05018,-12.636221],[-42.050134,-12.636156],[-42.050334,-12.6346],[-42.050572,-12.634593],[-42.050488,-12.634354],[-42.050676,-12.634129],[-42.050714,-12.63397],[-42.050816,-12.633127],[-42.052822,-12.633313],[-42.052967,-12.632643],[-42.052681,-12.63263],[-42.052753,-12.631335],[-42.052855,-12.630065],[-42.052857,-12.62907],[-42.053157,-12.628742],[-42.053224,-12.628008],[-42.053212,-12.627122],[-42.05334,-12.625645],[-42.053996,-12.622956],[-42.054623,-12.621545],[-42.053616,-12.615543],[-42.054785,-12.614236]]]]}},
{"type":"Feature","properties":{"nome":"Ventos de Santa Luzia 02","situacao":"Em construção","fase":"Construção","pot_mw":42.0,"area_ha":263.1},"geometry":{"type":"MultiPolygon","coordinates":[[[[-42.063624,-12.639529],[-42.061812,-12.642806],[-42.06137,-12.644436],[-42.05879,-12.645103],[-42.058435,-12.650943],[-42.056952,-12.651134],[-42.055562,-12.651281],[-42.055404,-12.652986],[-42.055585,-12.653232],[-42.05583,-12.654364],[-42.05603,-12.655306],[-42.056117,-12.656616],[-42.056012,-12.656877],[-42.05591,-12.656948],[-42.055825,-12.657959],[-42.051791,-12.65926],[-42.050259,-12.658051],[-42.050759,-12.656178],[-42.049128,-12.654868],[-42.046914,-12.654645],[-42.046636,-12.650839],[-42.04637,-12.650728],[-42.04644,-12.650268],[-42.045952,-12.650271],[-42.045826,-12.649277],[-42.045901,-12.648311],[-42.045767,-12.647984],[-42.045726,-12.647541],[-42.045691,-12.647387],[-42.045801,-12.645853],[-42.047749,-12.645992],[-42.047688,-12.646497],[-42.047723,-12.646687],[-42.049372,-12.64639],[-42.049384,-12.646173],[-42.049485,-12.646165],[-42.049473,-12.646463],[-42.051186,-12.64622],[-42.051253,-12.644423],[-42.051394,-12.643359],[-42.050702,-12.641102],[-42.04694,-12.641187],[-42.044803,-12.639086],[-42.044159,-12.638239],[-42.043093,-12.635807],[-42.046756,-12.636353],[-42.046687,-12.63759],[-42.053993,-12.638881],[-42.054432,-12.638326],[-42.059588,-12.639412],[-42.060468,-12.638031],[-42.063624,-12.639529]]]]}},
{"type":"Feature","properties":{"nome":"Ventos de Santa Luzia 03","situacao":"Em construção","fase":"Construção","pot_mw":42.0,"area_ha":350.8},"geometry":{"type":"MultiPolygon","coordinates":[[[[-42.055825,-12.657959],[-42.055988,-12.658214],[-42.056432,-12.659573],[-42.056703,-12.660841],[-42.056897,-12.661583],[-42.056633,-12.662104],[-42.056593,-12.66242],[-42.056691,-12.663451],[-42.056697,-12.663722],[-42.056613,-12.663865],[-42.056342,-12.664224],[-42.056104,-12.664899],[-42.055842,-12.665293],[-42.055701,-12.665617],[-42.055556,-12.666184],[-42.055514,-12.666635],[-42.055504,-12.666707],[-42.055377,-12.667392],[-42.055049,-12.667858],[-42.054891,-12.66801],[-42.05469,-12.668703],[-42.054559,-12.668937],[-42.054491,-12.669225],[-42.054452,-12.669423],[-42.054349,-12.669549],[-42.054186,-12.670107],[-42.053397,-12.671588],[-42.053203,-12.67164],[-42.052799,-12.671546],[-42.052627,-12.671354],[-42.052536,-12.671263],[-42.052407,-12.671261],[-42.052314,-12.671333],[-42.051937,-12.672123],[-42.051742,-12.672266],[-42.051638,-12.672535],[-42.051301,-12.672234],[-42.0513,-12.672306],[-42.051564,-12.67258],[-42.051683,-12.67259],[-42.051788,-12.672302],[-42.051983,-12.672142],[-42.052388,-12.671324],[-42.052526,-12.671317],[-42.052707,-12.671536],[-42.053,-12.671674],[-42.053386,-12.671679],[-42.053452,-12.671598],[-42.054683,-12.671747],[-42.055769,-12.671705],[-42.056796,-12.671933],[-42.057497,-12.671805],[-42.057737,-12.671709],[-42.058014,-12.671612],[-42.05842,-12.671545],[-42.057976,-12.67331],[-42.061372,-12.677168],[-42.061326,-12.677231],[-42.060911,-12.678066],[-42.06067,-12.678208],[-42.058164,-12.6794],[-42.056242,-12.680155],[-42.056058,-12.680126],[-42.055756,-12.680032],[-42.055463,-12.679903],[-42.053107,-12.679949],[-42.051681,-12.679165],[-42.051274,-12.679405],[-42.050535,-12.680489],[-42.049256,-12.680529],[-42.049242,-12.680141],[-42.048084,-12.680047],[-42.03792,-12.679157],[-42.037875,-12.676691],[-42.048208,-12.678847],[-42.04755,-12.671244],[-42.039201,-12.671819],[-42.038103,-12.666487],[-42.043062,-12.665585],[-42.045557,-12.664592],[-42.045891,-12.664379],[-42.046269,-12.664302],[-42.046648,-12.664116],[-42.047073,-12.663976],[-42.050533,-12.663048],[-42.050744,-12.663078],[-42.051292,-12.663472],[-42.051471,-12.663827],[-42.051508,-12.663809],[-42.051328,-12.663464],[-42.050626,-12.662941],[-42.044785,-12.662967],[-42.044449,-12.657029],[-42.047736,-12.657499],[-42.050259,-12.658051],[-42.051791,-12.65926],[-42.055825,-12.657959]]]]}},
{"type":"Feature","properties":{"nome":"Ventos de Santa Luzia 04","situacao":"Em construção","fase":"Construção","pot_mw":42.0,"area_ha":181.3},"geometry":{"type":"MultiPolygon","coordinates":[[[[-42.056058,-12.680126],[-42.05525,-12.681607],[-42.054523,-12.682412],[-42.052313,-12.684221],[-42.049782,-12.699493],[-42.047131,-12.701189],[-42.043643,-12.69891],[-42.044011,-12.697325],[-42.043727,-12.697249],[-42.0437,-12.69724],[-42.039884,-12.69624],[-42.038884,-12.696012],[-42.039117,-12.695762],[-42.039275,-12.695637],[-42.041344,-12.695687],[-42.041611,-12.695645],[-42.041625,-12.695293],[-42.044593,-12.695534],[-42.04501,-12.694473],[-42.045071,-12.692396],[-42.045596,-12.691517],[-42.045607,-12.690596],[-42.045784,-12.689577],[-42.042116,-12.688642],[-42.042517,-12.687301],[-42.043171,-12.687272],[-42.04333,-12.686244],[-42.044629,-12.686864],[-42.044796,-12.686739],[-42.045455,-12.68624],[-42.045577,-12.686034],[-42.04573,-12.685476],[-42.045907,-12.685297],[-42.046046,-12.685263],[-42.048011,-12.68551],[-42.048113,-12.685457],[-42.048179,-12.685313],[-42.048292,-12.685098],[-42.048314,-12.684782],[-42.048447,-12.683609],[-42.048807,-12.68196],[-42.047264,-12.681681],[-42.037781,-12.68088],[-42.03792,-12.679157],[-42.049242,-12.680141],[-42.049256,-12.680529],[-42.050535,-12.680489],[-42.051274,-12.679405],[-42.051681,-12.679165],[-42.053107,-12.679949],[-42.055463,-12.679903],[-42.055756,-12.680032],[-42.056058,-12.680126]]]]}},
{"type":"Feature","properties":{"nome":"Ventos de Santa Luzia 05","situacao":"Em construção","fase":"Construção","pot_mw":42.0,"area_ha":250.9},"geometry":{"type":"MultiPolygon","coordinates":[[[[-42.053806,-12.69999],[-42.053244,-12.707227],[-42.05385,-12.714469],[-42.048021,-12.713347],[-42.047739,-12.714672],[-42.047895,-12.714691],[-42.047625,-12.715799],[-42.04746,-12.715761],[-42.047399,-12.716275],[-42.046272,-12.715847],[-42.046175,-12.716244],[-42.046994,-12.716235],[-42.046431,-12.717999],[-42.047185,-12.718025],[-42.046843,-12.720559],[-42.046595,-12.720502],[-42.046385,-12.721214],[-42.044998,-12.720963],[-42.044605,-12.722341],[-42.042944,-12.72122],[-42.042998,-12.72048],[-42.04274,-12.719773],[-42.042396,-12.719254],[-42.042177,-12.719071],[-42.041839,-12.718905],[-42.040054,-12.718894],[-42.040636,-12.71713],[-42.040305,-12.717099],[-42.040138,-12.717974],[-42.039796,-12.718105],[-42.039548,-12.71813],[-42.039477,-12.717903],[-42.039446,-12.717361],[-42.03945,-12.717081],[-42.03949,-12.716738],[-42.039548,-12.716513],[-42.039689,-12.71628],[-42.039759,-12.715784],[-42.039715,-12.715612],[-42.03955,-12.715547],[-42.040681,-12.714033],[-42.041024,-12.713793],[-42.041066,-12.713306],[-42.040736,-12.71323],[-42.041124,-12.711545],[-42.041436,-12.71163],[-42.04165,-12.709772],[-42.041127,-12.709675],[-42.041067,-12.706152],[-42.041177,-12.706135],[-42.041535,-12.706194],[-42.041544,-12.70623],[-42.042481,-12.706376],[-42.042871,-12.706859],[-42.042745,-12.707399],[-42.043616,-12.707617],[-42.04367,-12.706994],[-42.044217,-12.704986],[-42.042906,-12.70461],[-42.042998,-12.703853],[-42.041059,-12.703587],[-42.041254,-12.702695],[-42.039657,-12.702361],[-42.039668,-12.70144],[-42.042176,-12.701712],[-42.043454,-12.701762],[-42.043643,-12.69891],[-42.047131,-12.701189],[-42.049782,-12.699493],[-42.053806,-12.69999]]]]}},
{"type":"Feature","properties":{"nome":"Ventos de Santa Luzia 06","situacao":"Em construção","fase":"Construção","pot_mw":42.0,"area_ha":266.2},"geometry":{"type":"MultiPolygon","coordinates":[[[[-42.039417,-12.718282],[-42.039527,-12.718328],[-42.039576,-12.718889],[-42.039829,-12.719244],[-42.039821,-12.719144],[-42.03986,-12.718955],[-42.040054,-12.718894],[-42.041839,-12.718905],[-42.042177,-12.719071],[-42.042396,-12.719254],[-42.04274,-12.719773],[-42.042998,-12.72048],[-42.042944,-12.72122],[-42.044605,-12.722341],[-42.044998,-12.720963],[-42.046385,-12.721214],[-42.046595,-12.720502],[-42.046843,-12.720559],[-42.044546,-12.727416],[-42.044473,-12.727352],[-42.044323,-12.729229],[-42.044753,-12.72946],[-42.045168,-12.729347],[-42.045801,-12.728731],[-42.046485,-12.729262],[-42.046228,-12.729991],[-42.045689,-12.731258],[-42.044296,-12.730728],[-42.042665,-12.730159],[-42.042042,-12.72998],[-42.041942,-12.73063],[-42.041743,-12.731169],[-42.041632,-12.73274],[-42.041533,-12.733344],[-42.040886,-12.735242],[-42.040839,-12.735296],[-42.040731,-12.736667],[-42.040567,-12.736566],[-42.040091,-12.736362],[-42.038586,-12.736011],[-42.037256,-12.739564],[-42.037134,-12.73977],[-42.036885,-12.740626],[-42.035601,-12.745859],[-42.033525,-12.745501],[-42.027988,-12.742224],[-42.024711,-12.739965],[-42.025222,-12.738742],[-42.02644,-12.739208],[-42.028206,-12.73613],[-42.028225,-12.736076],[-42.029671,-12.732804],[-42.029001,-12.732679],[-42.029059,-12.731623],[-42.035493,-12.733728],[-42.035471,-12.733231],[-42.035961,-12.732243],[-42.036297,-12.731831],[-42.036756,-12.731186],[-42.034957,-12.730804],[-42.035204,-12.72854],[-42.037169,-12.728842],[-42.037323,-12.727498],[-42.037468,-12.726867],[-42.037859,-12.724885],[-42.039153,-12.721223],[-42.038998,-12.72114],[-42.039417,-12.718282]]]]}},
{"type":"Feature","properties":{"nome":"Ventos de Santa Luzia 07","situacao":"Em construção","fase":"Construção","pot_mw":42.0,"area_ha":356.1},"geometry":{"type":"MultiPolygon","coordinates":[[[[-42.035445,-12.746534],[-42.035165,-12.747741],[-42.034964,-12.749925],[-42.034453,-12.751184],[-42.032966,-12.75319],[-42.036663,-12.752617],[-42.032186,-12.763333],[-42.033121,-12.763606],[-42.032863,-12.764461],[-42.032218,-12.766883],[-42.032212,-12.770523],[-42.029615,-12.769906],[-42.026829,-12.769758],[-42.023465,-12.769377],[-42.023385,-12.766025],[-42.022011,-12.760753],[-42.019793,-12.760782],[-42.020676,-12.757658],[-42.024563,-12.758912],[-42.023993,-12.75653],[-42.02445,-12.753645],[-42.024718,-12.752736],[-42.025699,-12.749884],[-42.025058,-12.748838],[-42.025105,-12.748775],[-42.02638,-12.749142],[-42.026658,-12.748179],[-42.020497,-12.743901],[-42.020404,-12.743231],[-42.020287,-12.743004],[-42.020251,-12.742886],[-42.020244,-12.742696],[-42.020374,-12.74184],[-42.02028,-12.74118],[-42.020127,-12.74088],[-42.019801,-12.74047],[-42.019302,-12.739877],[-42.020076,-12.739777],[-42.023379,-12.741323],[-42.022779,-12.739979],[-42.023204,-12.739776],[-42.023638,-12.739691],[-42.02428,-12.739852],[-42.024711,-12.739965],[-42.027988,-12.742224],[-42.033525,-12.745501],[-42.035601,-12.745859],[-42.035445,-12.746534]]]]}},
{"type":"Feature","properties":{"nome":"Ventos de Santa Luzia 08","situacao":"Em construção","fase":"Construção","pot_mw":42.0,"area_ha":277.6},"geometry":{"type":"MultiPolygon","coordinates":[[[[-42.03842,-12.770782],[-42.037957,-12.77187],[-42.037525,-12.774186],[-42.03657,-12.775612],[-42.035991,-12.777095],[-42.03153,-12.776106],[-42.029808,-12.786437],[-42.028148,-12.789146],[-42.027816,-12.790009],[-42.025238,-12.797124],[-42.02388,-12.796766],[-42.023665,-12.797124],[-42.020778,-12.796857],[-42.021819,-12.793599],[-42.018046,-12.792066],[-42.01843,-12.79068],[-42.020944,-12.790519],[-42.021241,-12.78877],[-42.021729,-12.788757],[-42.026172,-12.774799],[-42.026843,-12.770941],[-42.025256,-12.770508],[-42.013336,-12.769976],[-42.012646,-12.767665],[-42.012152,-12.766602],[-42.017867,-12.768112],[-42.023465,-12.769377],[-42.026829,-12.769758],[-42.029615,-12.769906],[-42.032212,-12.770523],[-42.033861,-12.769611],[-42.035915,-12.770185],[-42.03842,-12.770782]]]]}},
{"type":"Feature","properties":{"nome":"Ventos de Santa Luzia 09","situacao":"Em construção","fase":"Construção","pot_mw":42.0,"area_ha":400.8},"geometry":{"type":"MultiPolygon","coordinates":[[[[-42.012592,-12.846436],[-42.012596,-12.846398],[-42.014441,-12.836815],[-42.015529,-12.824433],[-42.01553,-12.824419],[-42.015538,-12.824382],[-42.015551,-12.824347],[-42.018483,-12.817825],[-42.018096,-12.813411],[-42.018096,-12.813401],[-42.018096,-12.813364],[-42.018103,-12.813326],[-42.019107,-12.809089],[-42.019114,-12.809063],[-42.019129,-12.809028],[-42.019149,-12.808995],[-42.021447,-12.805759],[-42.02207,-12.802133],[-42.022077,-12.8021],[-42.022546,-12.80055],[-42.022821,-12.798486],[-42.022771,-12.797042],[-42.023324,-12.797093],[-42.023379,-12.798487],[-42.023379,-12.798506],[-42.023377,-12.798533],[-42.023091,-12.800642],[-42.023088,-12.800661],[-42.023082,-12.800684],[-42.022612,-12.802239],[-42.021981,-12.805909],[-42.021978,-12.805928],[-42.021966,-12.805964],[-42.021949,-12.805998],[-42.021936,-12.806019],[-42.019633,-12.809263],[-42.018651,-12.813407],[-42.019039,-12.817848],[-42.01904,-12.817867],[-42.019038,-12.817905],[-42.019031,-12.817942],[-42.019018,-12.817978],[-42.019017,-12.817981],[-42.016075,-12.824524],[-42.01499,-12.836876],[-42.014988,-12.836894],[-42.014987,-12.836903],[-42.01315,-12.846445],[-42.013984,-12.850298],[-42.015444,-12.854937],[-42.017263,-12.855077],[-42.017282,-12.855079],[-42.01732,-12.855087],[-42.017356,-12.8551],[-42.017375,-12.85511],[-42.01873,-12.855844],[-42.019108,-12.855943],[-42.019671,-12.855795],[-42.01969,-12.855791],[-42.019728,-12.855786],[-42.019767,-12.855787],[-42.019805,-12.855793],[-42.019841,-12.855804],[-42.019863,-12.855813],[-42.020779,-12.85625],[-42.021185,-12.856273],[-42.02149,-12.856128],[-42.021508,-12.85612],[-42.021545,-12.856109],[-42.021567,-12.856104],[-42.021859,-12.856059],[-42.022339,-12.855572],[-42.022353,-12.855559],[-42.022383,-12.855536],[-42.022388,-12.855533],[-42.022983,-12.855155],[-42.023471,-12.854559],[-42.023483,-12.854545],[-42.023511,-12.854519],[-42.023543,-12.854497],[-42.023551,-12.854492],[-42.024766,-12.853825],[-42.025289,-12.85319],[-42.025302,-12.853176],[-42.02533,-12.85315],[-42.025361,-12.853128],[-42.025396,-12.853111],[-42.025416,-12.853103],[-42.02639,-12.852785],[-42.027218,-12.852373],[-42.027236,-12.852365],[-42.027256,-12.852358],[-42.028165,-12.852061],[-42.02897,-12.85121],[-42.028984,-12.851196],[-42.029014,-12.851172],[-42.029047,-12.851153],[-42.029082,-12.851138],[-42.029119,-12.851128],[-42.029158,-12.851124],[-42.029196,-12.851124],[-42.029234,-12.85113],[-42.029271,-12.851141],[-42.029306,-12.851157],[-42.029339,-12.851177],[-42.029348,-12.851184],[-42.029846,-12.851584],[-42.02986,-12.851596],[-42.029886,-12.851624],[-42.029905,-12.85165],[-42.030619,-12.852766],[-42.03123,-12.853621],[-42.031664,-12.853913],[-42.032504,-12.854029],[-42.032523,-12.854032],[-42.03256,-12.854042],[-42.032596,-12.854058],[-42.032597,-12.854058],[-42.033831,-12.854707],[-42.03509,-12.85537],[-42.035913,-12.854988],[-42.035931,-12.854981],[-42.035968,-12.85497],[-42.036006,-12.854964],[-42.036008,-12.854963],[-42.036526,-12.85492],[-42.03705,-12.854816],[-42.037069,-12.854813],[-42.037108,-12.85481],[-42.037146,-12.854813],[-42.037172,-12.854818],[-42.037656,-12.854937],[-42.038285,-12.854769],[-42.038303,-12.854765],[-42.038342,-12.85476],[-42.03838,-12.854761],[-42.038418,-12.854766],[-42.038455,-12.854777],[-42.03849,-12.854793],[-42.03851,-12.854805],[-42.038978,-12.855109],[-42.038994,-12.85512],[-42.039017,-12.855139],[-42.039635,-12.855721],[-42.043251,-12.856591],[-42.04566,-12.856092],[-42.045679,-12.856088],[-42.045718,-12.856086],[-42.045756,-12.856088],[-42.045794,-12.856096],[-42.04583,-12.856109],[-42.045864,-12.856127],[-42.045895,-12.856149],[-42.045923,-12.856176],[-42.045947,-12.856206],[-42.045966,-12.856238],[-42.04598,-12.856273],[-42.04599,-12.85631],[-42.045994,-12.856348],[-42.045993,-12.856375],[-42.045781,-12.859584],[-42.046145,-12.860088],[-42.047043,-12.860407],[-42.049557,-12.858991],[-42.051728,-12.856391],[-42.051741,-12.856377],[-42.051769,-12.856351],[-42.051801,-12.85633],[-42.051834,-12.856313],[-42.052559,-12.85601],[-42.052577,-12.856003],[-42.052614,-12.855993],[-42.052653,-12.855989],[-42.052691,-12.855989],[-42.052728,-12.855995],[-42.054417,-12.856364],[-42.054435,-12.856369],[-42.054471,-12.856382],[-42.054478,-12.856385],[-42.05802,-12.858084],[-42.061177,-12.857859],[-42.061196,-12.857858],[-42.061234,-12.857861],[-42.061272,-12.857869],[-42.061308,-12.857881],[-42.061342,-12.857899],[-42.061351,-12.857905],[-42.061509,-12.85801],[-42.061622,-12.857776],[-42.061598,-12.85195],[-42.062454,-12.851138],[-42.062815,-12.850989],[-42.063363,-12.847409],[-42.064924,-12.845331],[-42.067821,-12.845607],[-42.067861,-12.845274],[-42.069136,-12.844909],[-42.069296,-12.844594],[-42.070213,-12.844566],[-42.068609,-12.83941],[-42.066897,-12.835978],[-42.062869,-12.830136],[-42.055547,-12.826292],[-42.045421,-12.82294],[-42.039755,-12.821085],[-42.039721,-12.821068],[-42.039693,-12.821043],[-42.039673,-12.821012],[-42.039536,-12.82071],[-42.039525,-12.82067],[-42.039527,-12.82063],[-42.042009,-12.807717],[-42.034044,-12.793008],[-42.034036,-12.792992],[-42.033046,-12.790412],[-42.028879,-12.787953],[-42.02902,-12.787723],[-42.033229,-12.790204],[-42.033264,-12.790233],[-42.033287,-12.790272],[-42.034291,-12.792888],[-42.036818,-12.797545],[-42.036818,-12.797545],[-42.042276,-12.807632],[-42.04229,-12.807675],[-42.04229,-12.80772],[-42.039806,-12.820638],[-42.0399,-12.820847],[-42.040142,-12.820926],[-42.040316,-12.820983],[-42.048012,-12.823502],[-42.048012,-12.823502],[-42.048012,-12.823503],[-42.055647,-12.826039],[-42.055668,-12.826048],[-42.063029,-12.829913],[-42.063057,-12.829931],[-42.063078,-12.829956],[-42.067208,-12.835947],[-42.06887,-12.839321],[-42.070499,-12.844557],[-42.071441,-12.844528],[-42.070176,-12.850466],[-42.070507,-12.850461],[-42.072073,-12.850415],[-42.072876,-12.850252],[-42.073545,-12.850476],[-42.073691,-12.850613],[-42.074339,-12.851054],[-42.074723,-12.85132],[-42.075097,-12.851605],[-42.075536,-12.851844],[-42.077674,-12.85241],[-42.077493,-12.852959],[-42.077435,-12.853157],[-42.077414,-12.853374],[-42.077449,-12.853546],[-42.077519,-12.853844],[-42.077481,-12.854007],[-42.077294,-12.854248],[-42.077046,-12.854155],[-42.076734,-12.854089],[-42.075137,-12.853673],[-42.074183,-12.853392],[-42.073107,-12.853289],[-42.073231,-12.853761],[-42.073506,-12.853854],[-42.073577,-12.854081],[-42.073604,-12.854081],[-42.073523,-12.854712],[-42.076775,-12.855345],[-42.076696,-12.855813],[-42.07672,-12.856879],[-42.076587,-12.858079],[-42.076718,-12.85865],[-42.071619,-12.856958],[-42.072468,-12.8576],[-42.07288,-12.857776],[-42.07347,-12.858568],[-42.073577,-12.858849],[-42.073607,-12.859392],[-42.073651,-12.859582],[-42.074427,-12.860142],[-42.074555,-12.860233],[-42.074773,-12.860489],[-42.075717,-12.860851],[-42.076763,-12.861161],[-42.07657,-12.861863],[-42.074485,-12.86147],[-42.074177,-12.861873],[-42.073756,-12.862437],[-42.073547,-12.86304],[-42.071678,-12.865368],[-42.070825,-12.865945],[-42.06905,-12.866566],[-42.067804,-12.866878],[-42.067243,-12.866817],[-42.067096,-12.866734],[-42.066855,-12.866921],[-42.066791,-12.866902],[-42.065395,-12.867411],[-42.065022,-12.867018],[-42.063882,-12.866852],[-42.06182,-12.865248],[-42.06167,-12.866321],[-42.061626,-12.867712],[-42.061326,-12.867728],[-42.061379,-12.866449],[-42.061379,-12.866447],[-42.061384,-12.866409],[-42.061777,-12.864413],[-42.06172,-12.863356],[-42.06109,-12.860806],[-42.061085,-12.860778],[-42.061082,-12.86074],[-42.061085,-12.860702],[-42.061094,-12.860665],[-42.061107,-12.86063],[-42.061288,-12.86024],[-42.06127,-12.858506],[-42.061121,-12.858407],[-42.057986,-12.85863],[-42.057956,-12.858631],[-42.057918,-12.858627],[-42.05788,-12.858618],[-42.057845,-12.858603],[-42.054264,-12.856887],[-42.052694,-12.856543],[-42.052113,-12.856786],[-42.049952,-12.859373],[-42.049937,-12.85939],[-42.049908,-12.859415],[-42.049876,-12.859436],[-42.047207,-12.86094],[-42.047199,-12.860944],[-42.047164,-12.860959],[-42.047127,-12.86097],[-42.047089,-12.860975],[-42.04705,-12.860975],[-42.047012,-12.86097],[-42.046975,-12.86096],[-42.045875,-12.860569],[-42.045863,-12.860564],[-42.045828,-12.860547],[-42.045796,-12.860526],[-42.045768,-12.8605],[-42.045744,-12.860471],[-42.045273,-12.859819],[-42.045255,-12.859791],[-42.045239,-12.859756],[-42.045229,-12.85972],[-42.045223,-12.859682],[-42.045223,-12.859645],[-42.045418,-12.856696],[-42.043303,-12.857135],[-42.043295,-12.857136],[-42.043257,-12.857141],[-42.043218,-12.857139],[-42.04318,-12.857133],[-42.039431,-12.85623],[-42.039404,-12.856222],[-42.039368,-12.856207],[-42.039336,-12.856187],[-42.039306,-12.856163],[-42.038652,-12.855548],[-42.038309,-12.855325],[-42.037731,-12.855479],[-42.037707,-12.855484],[-42.037668,-12.855488],[-42.03763,-12.855487],[-42.037592,-12.85548],[-42.037099,-12.855359],[-42.036621,-12.855455],[-42.036589,-12.855459],[-42.036105,-12.8555],[-42.035201,-12.855919],[-42.035176,-12.855929],[-42.035139,-12.85594],[-42.035101,-12.855945],[-42.035062,-12.855945],[-42.035024,-12.855939],[-42.034987,-12.855929],[-42.034952,-12.855913],[-42.03357,-12.855185],[-42.032379,-12.854559],[-42.031523,-12.854442],[-42.031512,-12.85444],[-42.031474,-12.85443],[-42.031439,-12.854416],[-42.031405,-12.854397],[-42.030876,-12.854041],[-42.030859,-12.854028],[-42.03083,-12.854002],[-42.030806,-12.853973],[-42.030162,-12.853072],[-42.030154,-12.85306],[-42.029461,-12.851976],[-42.029199,-12.851765],[-42.028522,-12.852481],[-42.028506,-12.852496],[-42.028475,-12.85252],[-42.028442,-12.852539],[-42.028407,-12.852553],[-42.02745,-12.852866],[-42.026622,-12.853278],[-42.02662,-12.853278],[-42.026584,-12.853293],[-42.025668,-12.853593],[-42.025162,-12.854206],[-42.025144,-12.854227],[-42.025115,-12.854252],[-42.025082,-12.854272],[-42.023868,-12.85494],[-42.023387,-12.855529],[-42.023379,-12.855538],[-42.023352,-12.855564],[-42.023321,-12.855587],[-42.022714,-12.855971],[-42.022193,-12.856501],[-42.022176,-12.856516],[-42.022145,-12.856539],[-42.022111,-12.856558],[-42.022075,-12.856571],[-42.022038,-12.85658],[-42.021695,-12.856634],[-42.021362,-12.856792],[-42.021339,-12.856802],[-42.021302,-12.856813],[-42.021264,-12.856818],[-42.021225,-12.856819],[-42.020692,-12.856788],[-42.02066,-12.856785],[-42.020623,-12.856776],[-42.020587,-12.856762],[-42.019714,-12.856345],[-42.01918,-12.856485],[-42.019153,-12.856491],[-42.019114,-12.856494],[-42.019076,-12.856493],[-42.019038,-12.856485],[-42.018555,-12.85636],[-42.018527,-12.856351],[-42.018492,-12.856335],[-42.01716,-12.855613],[-42.015214,-12.855463],[-42.015193,-12.85546],[-42.015156,-12.855452],[-42.01512,-12.855439],[-42.015086,-12.85542],[-42.015055,-12.855398],[-42.015028,-12.855371],[-42.015004,-12.855341],[-42.014986,-12.855308],[-42.014972,-12.855273],[-42.013452,-12.850447],[-42.013446,-12.850423],[-42.012598,-12.846505],[-42.012593,-12.846474],[-42.012592,-12.846436]]]]}},
{"type":"Feature","properties":{"nome":"Ventos de Santa Luzia 10","situacao":"Em construção","fase":"Construção","pot_mw":42.0,"area_ha":523.5},"geometry":{"type":"MultiPolygon","coordinates":[[[[-42.067804,-12.866878],[-42.067758,-12.868422],[-42.06805,-12.869482],[-42.068504,-12.870011],[-42.069356,-12.87114],[-42.068762,-12.871549],[-42.068379,-12.871247],[-42.067891,-12.871223],[-42.067796,-12.871457],[-42.068428,-12.871753],[-42.068166,-12.872156],[-42.067279,-12.873185],[-42.06699,-12.873498],[-42.066648,-12.87363],[-42.066465,-12.873537],[-42.066269,-12.873779],[-42.065827,-12.873738],[-42.064768,-12.874593],[-42.064467,-12.875105],[-42.064412,-12.875149],[-42.067242,-12.876418],[-42.068355,-12.876449],[-42.069402,-12.876668],[-42.069026,-12.879726],[-42.06871,-12.883118],[-42.064227,-12.890971],[-42.062074,-12.890134],[-42.060487,-12.88962],[-42.059667,-12.889683],[-42.059574,-12.8897],[-42.059599,-12.889917],[-42.059791,-12.890063],[-42.059972,-12.890327],[-42.060264,-12.890547],[-42.060751,-12.890679],[-42.062016,-12.891109],[-42.063921,-12.891961],[-42.06019,-12.90871],[-42.055451,-12.905306],[-42.052358,-12.905316],[-42.051895,-12.889803],[-42.055438,-12.885959],[-42.055649,-12.880551],[-42.057945,-12.875474],[-42.056039,-12.874748],[-42.057264,-12.868358],[-42.057212,-12.868078],[-42.057366,-12.866743],[-42.060502,-12.867771],[-42.061626,-12.867712],[-42.06167,-12.866321],[-42.06182,-12.865248],[-42.063882,-12.866852],[-42.065022,-12.867018],[-42.065395,-12.867411],[-42.066791,-12.866902],[-42.066855,-12.866921],[-42.067096,-12.866734],[-42.067243,-12.866817],[-42.067804,-12.866878]]]]}},
{"type":"Feature","properties":{"nome":"Ventos de Santa Patrícia 13","situacao":"Planejada","fase":"Construção não iniciada","pot_mw":74.4,"area_ha":176.1},"geometry":{"type":"MultiPolygon","coordinates":[[[[-41.362309,-10.950652],[-41.360994,-10.935656],[-41.358875,-10.93019],[-41.356901,-10.925098],[-41.360298,-10.924897],[-41.365911,-10.935271],[-41.370524,-10.950887],[-41.362309,-10.950652]]]]}},
{"type":"Feature","properties":{"nome":"Ventos de Santa Patrícia 12","situacao":"Planejada","fase":"Construção não iniciada","pot_mw":74.4,"area_ha":270.8},"geometry":{"type":"MultiPolygon","coordinates":[[[[-41.370524,-10.950887],[-41.372796,-10.958575],[-41.376508,-10.953521],[-41.380387,-10.954097],[-41.381707,-10.95644],[-41.374191,-10.966274],[-41.375247,-10.969538],[-41.372153,-10.970489],[-41.371123,-10.966451],[-41.365915,-10.965893],[-41.365404,-10.969514],[-41.363534,-10.969293],[-41.364069,-10.965247],[-41.363585,-10.965206],[-41.362309,-10.950652],[-41.370524,-10.950887]]]]}},
{"type":"Feature","properties":{"nome":"Ventos de Santa Patrícia 14","situacao":"Planejada","fase":"Construção não iniciada","pot_mw":74.4,"area_ha":209.6},"geometry":{"type":"MultiPolygon","coordinates":[[[[-41.377552,-10.923693],[-41.380469,-10.923206],[-41.387049,-10.934781],[-41.388645,-10.945893],[-41.387385,-10.94901],[-41.381707,-10.95644],[-41.380387,-10.954097],[-41.376508,-10.953521],[-41.383807,-10.943581],[-41.377552,-10.923693]]]]}},
{"type":"Feature","properties":{"nome":"Aroeira 06","situacao":"Em operação","fase":"Operação","pot_mw":38.7,"area_ha":313.1},"geometry":{"type":"MultiPolygon","coordinates":[[[[-41.536707,-10.754582],[-41.536997,-10.754741],[-41.537423,-10.755002],[-41.537869,-10.755006],[-41.538246,-10.754705],[-41.538736,-10.754003],[-41.541211,-10.750305],[-41.542554,-10.748191],[-41.542749,-10.747898],[-41.54295,-10.747625],[-41.543163,-10.747398],[-41.543279,-10.747313],[-41.543403,-10.747258],[-41.543534,-10.747239],[-41.543674,-10.747249],[-41.543819,-10.74728],[-41.544123,-10.747382],[-41.544595,-10.747587],[-41.546044,-10.748265],[-41.546659,-10.748571],[-41.546924,-10.748735],[-41.547033,-10.748824],[-41.547118,-10.74892],[-41.547171,-10.749026],[-41.547185,-10.749147],[-41.547165,-10.749277],[-41.547121,-10.749415],[-41.546985,-10.749706],[-41.546814,-10.750006],[-41.544923,-10.753065],[-41.540099,-10.760999],[-41.539811,-10.761452],[-41.539496,-10.761886],[-41.539257,-10.762155],[-41.53887,-10.762538],[-41.538337,-10.763019],[-41.53807,-10.763231],[-41.537936,-10.76332],[-41.537804,-10.763392],[-41.537673,-10.76344],[-41.537543,-10.763454],[-41.537416,-10.763428],[-41.537291,-10.76337],[-41.537168,-10.763288],[-41.537045,-10.763188],[-41.5368,-10.762957],[-41.536434,-10.76257],[-41.53534,-10.761359],[-41.534976,-10.760986],[-41.534737,-10.760781],[-41.534618,-10.760704],[-41.534502,-10.760653],[-41.534387,-10.760637],[-41.534276,-10.760666],[-41.534167,-10.76073],[-41.53406,-10.76082],[-41.533849,-10.76105],[-41.533432,-10.761603],[-41.532405,-10.763064],[-41.532122,-10.763506],[-41.532364,-10.764139],[-41.532571,-10.764584],[-41.532932,-10.765419],[-41.533145,-10.76627],[-41.533174,-10.767002],[-41.533052,-10.767709],[-41.53298,-10.768462],[-41.533072,-10.76906],[-41.533399,-10.77008],[-41.533449,-10.770916],[-41.533257,-10.771617],[-41.533007,-10.772131],[-41.532578,-10.772763],[-41.532368,-10.773093],[-41.532521,-10.773508],[-41.532658,-10.773988],[-41.532716,-10.774393],[-41.532718,-10.774697],[-41.532704,-10.774997],[-41.532674,-10.775325],[-41.532573,-10.775647],[-41.532403,-10.776024],[-41.53218,-10.776339],[-41.531938,-10.776625],[-41.531703,-10.776841],[-41.531428,-10.777067],[-41.531089,-10.777189],[-41.530697,-10.777281],[-41.530354,-10.777339],[-41.529865,-10.777376],[-41.529405,-10.77736],[-41.529022,-10.777294],[-41.528375,-10.777058],[-41.528011,-10.776827],[-41.527724,-10.776545],[-41.527475,-10.776273],[-41.527085,-10.775542],[-41.527017,-10.774592],[-41.527091,-10.773293],[-41.527554,-10.772266],[-41.527337,-10.771394],[-41.527283,-10.766698],[-41.527353,-10.765827],[-41.527786,-10.764526],[-41.52794,-10.763869],[-41.528457,-10.763219],[-41.530788,-10.751828],[-41.531703,-10.74728],[-41.531858,-10.746403],[-41.531897,-10.746052],[-41.531907,-10.745703],[-41.531797,-10.744695],[-41.531801,-10.744536],[-41.531826,-10.744383],[-41.531876,-10.744239],[-41.531948,-10.7441],[-41.532035,-10.743965],[-41.532239,-10.743702],[-41.532468,-10.743443],[-41.53295,-10.742937],[-41.533308,-10.742589],[-41.533532,-10.742403],[-41.533637,-10.742337],[-41.533733,-10.742299],[-41.533819,-10.742299],[-41.533889,-10.742342],[-41.533949,-10.742421],[-41.534051,-10.742651],[-41.534331,-10.743563],[-41.534462,-10.743876],[-41.534624,-10.744182],[-41.534803,-10.74448],[-41.535468,-10.745496],[-41.535731,-10.745934],[-41.535873,-10.746234],[-41.535927,-10.74639],[-41.535966,-10.746555],[-41.536006,-10.746895],[-41.536017,-10.747421],[-41.535868,-10.752392],[-41.535854,-10.753102],[-41.535856,-10.753635],[-41.53591,-10.753773],[-41.536427,-10.754464],[-41.536707,-10.754582]],[[-41.536427,-10.754464],[-41.536396,-10.75445],[-41.536453,-10.754498],[-41.536427,-10.754464]],[[-41.536396,-10.75445],[-41.536031,-10.754146],[-41.536128,-10.754337],[-41.536396,-10.75445]]]]}},
{"type":"Feature","properties":{"nome":"Aroeira 01","situacao":"Em operação","fase":"Operação","pot_mw":47.3,"area_ha":306.1},"geometry":{"type":"MultiPolygon","coordinates":[[[[-41.442997,-10.783338],[-41.444572,-10.784246],[-41.448058,-10.785268],[-41.4504,-10.785186],[-41.450752,-10.785162],[-41.451088,-10.785115],[-41.451245,-10.785077],[-41.451391,-10.785024],[-41.451521,-10.784949],[-41.451631,-10.784851],[-41.451725,-10.784733],[-41.451808,-10.784599],[-41.451954,-10.784303],[-41.452147,-10.783823],[-41.452936,-10.781677],[-41.453141,-10.781195],[-41.453301,-10.780883],[-41.453669,-10.780276],[-41.454557,-10.778943],[-41.454867,-10.77851],[-41.455205,-10.778102],[-41.455452,-10.777848],[-41.455838,-10.777481],[-41.458332,-10.7752],[-41.460035,-10.773619],[-41.460434,-10.773261],[-41.460708,-10.773038],[-41.460997,-10.772847],[-41.461149,-10.772772],[-41.461305,-10.772717],[-41.461467,-10.772676],[-41.4618,-10.772631],[-41.462132,-10.772623],[-41.462448,-10.772659],[-41.462594,-10.772701],[-41.462726,-10.772766],[-41.462844,-10.772859],[-41.462948,-10.772976],[-41.463126,-10.773253],[-41.46328,-10.773563],[-41.46347,-10.774053],[-41.463554,-10.77438],[-41.463574,-10.774542],[-41.463571,-10.774702],[-41.463541,-10.774858],[-41.463489,-10.775013],[-41.46342,-10.775165],[-41.463251,-10.775466],[-41.462957,-10.775911],[-41.462644,-10.776349],[-41.462427,-10.776635],[-41.462094,-10.77704],[-41.460841,-10.77849],[-41.458985,-10.780632],[-41.458646,-10.781038],[-41.458339,-10.781457],[-41.458179,-10.781755],[-41.458122,-10.781911],[-41.458078,-10.782073],[-41.458015,-10.782407],[-41.457953,-10.782923],[-41.457822,-10.78449],[-41.457771,-10.785365],[-41.457684,-10.788717],[-41.457688,-10.789959],[-41.45772,-10.792273],[-41.457715,-10.792625],[-41.457691,-10.792969],[-41.457629,-10.793298],[-41.457574,-10.793452],[-41.4575,-10.793593],[-41.457409,-10.793727],[-41.457305,-10.793856],[-41.457074,-10.794105],[-41.456696,-10.794465],[-41.456305,-10.794816],[-41.456045,-10.795037],[-41.455788,-10.795235],[-41.455537,-10.79538],[-41.455417,-10.79542],[-41.4553,-10.795426],[-41.455186,-10.79539],[-41.455076,-10.79532],[-41.454969,-10.795224],[-41.454761,-10.794984],[-41.454558,-10.794707],[-41.453056,-10.792484],[-41.452646,-10.791905],[-41.45232,-10.791475],[-41.449876,-10.788358],[-41.449526,-10.787968],[-41.449401,-10.787853],[-41.44927,-10.787752],[-41.44913,-10.78767],[-41.448986,-10.787612],[-41.448674,-10.787544],[-41.448344,-10.787513],[-41.448005,-10.787501],[-41.446282,-10.787502],[-41.444543,-10.787929],[-41.443643,-10.788609],[-41.442501,-10.78894],[-41.441269,-10.788864],[-41.440503,-10.788498],[-41.439883,-10.787959],[-41.439393,-10.788121],[-41.439081,-10.788242],[-41.438794,-10.788386],[-41.438668,-10.788473],[-41.438558,-10.788575],[-41.438469,-10.788695],[-41.438396,-10.788831],[-41.438285,-10.789132],[-41.438199,-10.789457],[-41.437728,-10.79184],[-41.437702,-10.792871],[-41.437659,-10.794008],[-41.437063,-10.799106],[-41.437381,-10.800166],[-41.437468,-10.800634],[-41.437431,-10.801038],[-41.43736,-10.801464],[-41.437239,-10.801816],[-41.437156,-10.802071],[-41.43702,-10.802299],[-41.436588,-10.802534],[-41.435922,-10.802847],[-41.435349,-10.803117],[-41.435042,-10.803212],[-41.434578,-10.803351],[-41.434036,-10.80348],[-41.433767,-10.803401],[-41.433508,-10.803294],[-41.433239,-10.803183],[-41.43303,-10.803044],[-41.432798,-10.802877],[-41.432588,-10.802695],[-41.432384,-10.802442],[-41.432195,-10.802222],[-41.432089,-10.801924],[-41.431934,-10.801687],[-41.431861,-10.801322],[-41.431815,-10.800757],[-41.431787,-10.800213],[-41.431804,-10.799575],[-41.431737,-10.798692],[-41.431504,-10.798058],[-41.431539,-10.796686],[-41.431824,-10.794231],[-41.43224,-10.792565],[-41.432968,-10.791476],[-41.434506,-10.789907],[-41.435144,-10.787979],[-41.435234,-10.787641],[-41.435336,-10.787314],[-41.435685,-10.786348],[-41.435884,-10.785896],[-41.436042,-10.785632],[-41.436135,-10.785522],[-41.436243,-10.785432],[-41.436372,-10.785367],[-41.436516,-10.785324],[-41.436672,-10.785298],[-41.437004,-10.785278],[-41.438478,-10.784787],[-41.44043,-10.783829],[-41.441795,-10.783288],[-41.442997,-10.783338]]]]}},
{"type":"Feature","properties":{"nome":"Aroeira 02","situacao":"Em operação","fase":"Operação","pot_mw":43.0,"area_ha":351.1},"geometry":{"type":"MultiPolygon","coordinates":[[[[-41.442057,-10.822493],[-41.441915,-10.822176],[-41.441659,-10.821521],[-41.44136,-10.820691],[-41.440762,-10.818848],[-41.440401,-10.817807],[-41.438865,-10.81375],[-41.436816,-10.808407],[-41.434394,-10.807303],[-41.434038,-10.806874],[-41.433761,-10.806456],[-41.433623,-10.806075],[-41.433519,-10.805672],[-41.433453,-10.805136],[-41.433574,-10.804233],[-41.433861,-10.803724],[-41.434914,-10.803393],[-41.435352,-10.803256],[-41.435817,-10.803058],[-41.437672,-10.802309],[-41.442821,-10.799715],[-41.443269,-10.799452],[-41.443558,-10.799315],[-41.443697,-10.799269],[-41.44383,-10.799247],[-41.443954,-10.799257],[-41.444069,-10.799308],[-41.444175,-10.79939],[-41.444275,-10.799497],[-41.444465,-10.799755],[-41.444824,-10.800355],[-41.445436,-10.801452],[-41.445665,-10.801923],[-41.445776,-10.802242],[-41.445808,-10.802404],[-41.445818,-10.802567],[-41.445812,-10.802731],[-41.445765,-10.803065],[-41.445606,-10.803741],[-41.444658,-10.807301],[-41.444412,-10.808138],[-41.444221,-10.808626],[-41.444001,-10.809104],[-41.442519,-10.812095],[-41.442312,-10.812575],[-41.442204,-10.812903],[-41.442165,-10.813074],[-41.44211,-10.813423],[-41.442049,-10.814134],[-41.441869,-10.817003],[-41.441866,-10.817352],[-41.441892,-10.817687],[-41.441926,-10.817845],[-41.44198,-10.817994],[-41.442055,-10.818125],[-41.44215,-10.818248],[-41.442258,-10.818364],[-41.442503,-10.818583],[-41.443045,-10.818997],[-41.445366,-10.820648],[-41.446836,-10.82171],[-41.447276,-10.822008],[-41.447566,-10.822171],[-41.447709,-10.822231],[-41.447849,-10.822268],[-41.447987,-10.822274],[-41.448114,-10.822243],[-41.448238,-10.822184],[-41.448479,-10.822005],[-41.448596,-10.821897],[-41.448821,-10.821655],[-41.449029,-10.821391],[-41.449123,-10.821251],[-41.449207,-10.821105],[-41.449344,-10.820785],[-41.449451,-10.820449],[-41.449541,-10.820105],[-41.450106,-10.817685],[-41.45065,-10.815448],[-41.450796,-10.814763],[-41.450839,-10.814423],[-41.450845,-10.814255],[-41.450835,-10.814089],[-41.450806,-10.813923],[-41.45076,-10.813759],[-41.450635,-10.813434],[-41.450325,-10.81279],[-41.449571,-10.811344],[-41.449361,-10.810876],[-41.44931,-10.810728],[-41.449276,-10.810586],[-41.449267,-10.810453],[-41.449289,-10.810332],[-41.449351,-10.810227],[-41.449446,-10.810135],[-41.449564,-10.810052],[-41.449699,-10.809975],[-41.45,-10.809833],[-41.454646,-10.808012],[-41.455297,-10.807735],[-41.455768,-10.807492],[-41.456071,-10.807307],[-41.456516,-10.807011],[-41.459156,-10.805184],[-41.459602,-10.804889],[-41.459906,-10.804705],[-41.46022,-10.804539],[-41.460547,-10.804391],[-41.461712,-10.803916],[-41.462038,-10.803771],[-41.462352,-10.803608],[-41.4625,-10.803514],[-41.462768,-10.803305],[-41.46314,-10.802948],[-41.464325,-10.801661],[-41.464686,-10.801293],[-41.464933,-10.801081],[-41.465061,-10.800995],[-41.465191,-10.800928],[-41.465327,-10.800889],[-41.465464,-10.800882],[-41.465606,-10.800901],[-41.46575,-10.80094],[-41.466039,-10.801059],[-41.46632,-10.801212],[-41.466574,-10.801389],[-41.466681,-10.801488],[-41.46677,-10.801594],[-41.466832,-10.801711],[-41.466863,-10.801849],[-41.466865,-10.801997],[-41.466846,-10.802153],[-41.466767,-10.80248],[-41.466598,-10.802988],[-41.465968,-10.804697],[-41.46571,-10.805351],[-41.465437,-10.805928],[-41.465279,-10.806199],[-41.465191,-10.806325],[-41.465094,-10.806444],[-41.464842,-10.806678],[-41.463829,-10.807394],[-41.463433,-10.807736],[-41.46281,-10.80835],[-41.460367,-10.810863],[-41.459888,-10.811374],[-41.459425,-10.811898],[-41.456698,-10.815093],[-41.456027,-10.8159],[-41.455705,-10.816324],[-41.45529,-10.816907],[-41.451816,-10.821906],[-41.451523,-10.822352],[-41.451062,-10.8231],[-41.448977,-10.826587],[-41.448788,-10.826859],[-41.44869,-10.826979],[-41.448588,-10.827083],[-41.44848,-10.827163],[-41.448364,-10.827211],[-41.448249,-10.827221],[-41.448127,-10.827203],[-41.448,-10.827163],[-41.44787,-10.827108],[-41.447602,-10.826965],[-41.447197,-10.826706],[-41.446764,-10.826393],[-41.44506,-10.825107],[-41.443075,-10.823633],[-41.44267,-10.823303],[-41.442425,-10.823063],[-41.442317,-10.822933],[-41.442221,-10.822793],[-41.442057,-10.822493]]]]}},
{"type":"Feature","properties":{"nome":"Aroeira 03","situacao":"Em operação","fase":"Operação","pot_mw":43.0,"area_ha":452.5},"geometry":{"type":"MultiPolygon","coordinates":[[[[-41.450121,-10.826801],[-41.4504,-10.826392],[-41.450819,-10.825852],[-41.45126,-10.825329],[-41.451941,-10.824573],[-41.452416,-10.824079],[-41.453191,-10.823339],[-41.460864,-10.81613],[-41.461523,-10.815523],[-41.462332,-10.814818],[-41.462607,-10.81459],[-41.462888,-10.814377],[-41.463179,-10.814196],[-41.463331,-10.814126],[-41.463472,-10.814079],[-41.463616,-10.814048],[-41.46376,-10.814032],[-41.463905,-10.81403],[-41.464046,-10.814044],[-41.464184,-10.814078],[-41.464318,-10.814135],[-41.464447,-10.81421],[-41.464572,-10.8143],[-41.46481,-10.814508],[-41.465036,-10.814743],[-41.465261,-10.815015],[-41.465574,-10.815442],[-41.46576,-10.815733],[-41.465909,-10.816027],[-41.465961,-10.816176],[-41.46599,-10.816327],[-41.465992,-10.816471],[-41.465972,-10.816617],[-41.465884,-10.816909],[-41.46575,-10.817194],[-41.465668,-10.817331],[-41.465468,-10.817601],[-41.464655,-10.818499],[-41.46407,-10.819178],[-41.459723,-10.824409],[-41.459523,-10.824685],[-41.459373,-10.824958],[-41.459329,-10.825092],[-41.459319,-10.825224],[-41.459345,-10.825345],[-41.459401,-10.825464],[-41.459574,-10.825694],[-41.45968,-10.825806],[-41.459917,-10.826019],[-41.460174,-10.826208],[-41.460309,-10.826289],[-41.460448,-10.826354],[-41.460593,-10.8264],[-41.46075,-10.826423],[-41.460913,-10.826425],[-41.461248,-10.826387],[-41.461762,-10.826274],[-41.462972,-10.825967],[-41.46332,-10.825903],[-41.46367,-10.825873],[-41.463846,-10.825873],[-41.464197,-10.825895],[-41.464541,-10.825945],[-41.464708,-10.825984],[-41.46487,-10.826034],[-41.465024,-10.8261],[-41.465167,-10.826183],[-41.465432,-10.826388],[-41.465799,-10.826753],[-41.466142,-10.827148],[-41.466347,-10.827426],[-41.466517,-10.827721],[-41.466626,-10.828024],[-41.4667,-10.828341],[-41.466749,-10.828664],[-41.466774,-10.828986],[-41.466766,-10.829301],[-41.466744,-10.829453],[-41.466704,-10.8296],[-41.46664,-10.829745],[-41.466464,-10.830018],[-41.465923,-10.830654],[-41.465738,-10.830896],[-41.46567,-10.831014],[-41.465626,-10.831128],[-41.465617,-10.831238],[-41.465649,-10.831345],[-41.465716,-10.831447],[-41.465808,-10.831546],[-41.465919,-10.831643],[-41.466176,-10.831833],[-41.467944,-10.83296],[-41.468537,-10.83331],[-41.468838,-10.833451],[-41.468991,-10.833503],[-41.469146,-10.833538],[-41.469308,-10.83355],[-41.469638,-10.833525],[-41.469975,-10.83346],[-41.470484,-10.83333],[-41.472872,-10.83266],[-41.473716,-10.832406],[-41.474548,-10.832136],[-41.475031,-10.831959],[-41.475328,-10.831823],[-41.475462,-10.831744],[-41.475581,-10.831654],[-41.47568,-10.831548],[-41.475754,-10.831423],[-41.475808,-10.831283],[-41.475874,-10.830971],[-41.475919,-10.830463],[-41.475993,-10.828704],[-41.476026,-10.828356],[-41.476081,-10.828012],[-41.476157,-10.827673],[-41.476293,-10.827169],[-41.476445,-10.82667],[-41.476559,-10.826343],[-41.47669,-10.826027],[-41.476768,-10.825875],[-41.476855,-10.825729],[-41.477052,-10.825449],[-41.477606,-10.824782],[-41.478762,-10.823478],[-41.481266,-10.820817],[-41.48164,-10.820473],[-41.481907,-10.820289],[-41.48205,-10.820221],[-41.482198,-10.820176],[-41.482354,-10.820149],[-41.482678,-10.82013],[-41.483184,-10.820148],[-41.483694,-10.820193],[-41.48419,-10.820266],[-41.484495,-10.820347],[-41.484633,-10.820407],[-41.484757,-10.820485],[-41.484864,-10.820587],[-41.484956,-10.820708],[-41.485106,-10.820988],[-41.485168,-10.821141],[-41.485268,-10.821462],[-41.48533,-10.821796],[-41.485342,-10.821968],[-41.485334,-10.822316],[-41.48528,-10.822838],[-41.485185,-10.823342],[-41.485088,-10.823651],[-41.485021,-10.823791],[-41.484936,-10.823915],[-41.484827,-10.824022],[-41.484699,-10.824114],[-41.484558,-10.824195],[-41.48425,-10.824336],[-41.483264,-10.824723],[-41.482953,-10.824882],[-41.482689,-10.825066],[-41.482565,-10.825168],[-41.482332,-10.825388],[-41.482127,-10.825627],[-41.48204,-10.825755],[-41.481965,-10.82589],[-41.481902,-10.826047],[-41.481855,-10.826211],[-41.481793,-10.826554],[-41.481754,-10.827086],[-41.481762,-10.827444],[-41.481801,-10.827796],[-41.481931,-10.828498],[-41.482097,-10.829194],[-41.482203,-10.829534],[-41.482265,-10.829697],[-41.482484,-10.830169],[-41.482653,-10.830462],[-41.482745,-10.830598],[-41.482844,-10.830723],[-41.482952,-10.830832],[-41.483073,-10.830921],[-41.483207,-10.830985],[-41.483353,-10.831028],[-41.483507,-10.831057],[-41.483834,-10.831085],[-41.484173,-10.831092],[-41.486254,-10.831055],[-41.4873,-10.831064],[-41.490155,-10.831175],[-41.490677,-10.831223],[-41.491002,-10.83129],[-41.491149,-10.831345],[-41.491282,-10.831419],[-41.491398,-10.83152],[-41.491497,-10.831642],[-41.491583,-10.831779],[-41.491657,-10.831927],[-41.491771,-10.83224],[-41.491807,-10.8324],[-41.491825,-10.83256],[-41.491818,-10.832719],[-41.491782,-10.832869],[-41.491724,-10.833016],[-41.491648,-10.833159],[-41.49146,-10.833434],[-41.491239,-10.833688],[-41.491118,-10.833802],[-41.49099,-10.833903],[-41.490851,-10.833988],[-41.4907,-10.834053],[-41.490539,-10.834102],[-41.490372,-10.834138],[-41.490026,-10.834185],[-41.489493,-10.834227],[-41.486997,-10.834366],[-41.478844,-10.834866],[-41.478315,-10.834908],[-41.477794,-10.834981],[-41.477624,-10.835019],[-41.477292,-10.835127],[-41.476806,-10.835332],[-41.474571,-10.83642],[-41.47393,-10.836718],[-41.47344,-10.836903],[-41.473101,-10.83698],[-41.472753,-10.837017],[-41.472223,-10.837036],[-41.468833,-10.837032],[-41.467763,-10.837046],[-41.466715,-10.837103],[-41.463569,-10.83732],[-41.463046,-10.837339],[-41.462701,-10.837329],[-41.46253,-10.837312],[-41.462358,-10.837284],[-41.462018,-10.837204],[-41.461343,-10.836995],[-41.458146,-10.835915],[-41.457646,-10.835735],[-41.457321,-10.8356],[-41.457162,-10.835525],[-41.456856,-10.835356],[-41.456413,-10.835072],[-41.454092,-10.833471],[-41.453527,-10.833057],[-41.453262,-10.832832],[-41.453023,-10.832582],[-41.452811,-10.832304],[-41.452613,-10.832013],[-41.450248,-10.828247],[-41.450083,-10.827947],[-41.450014,-10.827798],[-41.449958,-10.827649],[-41.449922,-10.827501],[-41.449912,-10.827354],[-41.449933,-10.827214],[-41.449979,-10.827076],[-41.450121,-10.826801]]]]}},
{"type":"Feature","properties":{"nome":"Aroeira 04","situacao":"Em operação","fase":"Operação","pot_mw":43.0,"area_ha":511.0},"geometry":{"type":"MultiPolygon","coordinates":[[[[-41.478142,-10.788661],[-41.481355,-10.788375],[-41.490417,-10.787505],[-41.491305,-10.78744],[-41.491835,-10.787446],[-41.492362,-10.787502],[-41.497794,-10.78836],[-41.498321,-10.788433],[-41.498848,-10.788478],[-41.499373,-10.788474],[-41.500076,-10.78843],[-41.504654,-10.78805],[-41.505178,-10.788033],[-41.505518,-10.788058],[-41.505682,-10.788091],[-41.50597,-10.788199],[-41.506108,-10.78827],[-41.506369,-10.788438],[-41.506606,-10.788635],[-41.506711,-10.788745],[-41.506803,-10.788865],[-41.506884,-10.789005],[-41.507008,-10.789311],[-41.507102,-10.789638],[-41.507501,-10.791514],[-41.507631,-10.792015],[-41.507737,-10.792337],[-41.507863,-10.792645],[-41.508019,-10.792927],[-41.508114,-10.793053],[-41.508231,-10.793171],[-41.508362,-10.793276],[-41.508651,-10.793464],[-41.509279,-10.793795],[-41.511697,-10.79498],[-41.518432,-10.798331],[-41.520869,-10.799522],[-41.521174,-10.799686],[-41.521442,-10.799858],[-41.521551,-10.79995],[-41.521634,-10.800047],[-41.52168,-10.800153],[-41.521683,-10.800266],[-41.521651,-10.800387],[-41.521593,-10.800514],[-41.521429,-10.800779],[-41.52112,-10.801193],[-41.52056,-10.801886],[-41.520331,-10.802147],[-41.520096,-10.80238],[-41.519974,-10.802477],[-41.519848,-10.802555],[-41.519715,-10.802605],[-41.519571,-10.802623],[-41.51942,-10.802613],[-41.519264,-10.802583],[-41.518944,-10.802484],[-41.518451,-10.802286],[-41.515311,-10.800926],[-41.502452,-10.795464],[-41.501639,-10.795095],[-41.501328,-10.794925],[-41.501179,-10.794831],[-41.50061,-10.794414],[-41.49648,-10.791048],[-41.496064,-10.790722],[-41.495781,-10.790525],[-41.495635,-10.790439],[-41.495487,-10.790365],[-41.495333,-10.790309],[-41.495171,-10.790273],[-41.494835,-10.79025],[-41.494487,-10.790265],[-41.494134,-10.790297],[-41.490224,-10.790756],[-41.486485,-10.791161],[-41.485961,-10.791238],[-41.485627,-10.791316],[-41.48547,-10.791372],[-41.485321,-10.791444],[-41.485185,-10.791534],[-41.484939,-10.79176],[-41.4846,-10.792156],[-41.483846,-10.793155],[-41.483444,-10.793725],[-41.483284,-10.794003],[-41.483226,-10.79414],[-41.483192,-10.794273],[-41.48319,-10.794402],[-41.483226,-10.794525],[-41.483293,-10.794644],[-41.483382,-10.79476],[-41.483605,-10.794987],[-41.484248,-10.795552],[-41.484487,-10.795794],[-41.484592,-10.795922],[-41.484683,-10.796059],[-41.484757,-10.796209],[-41.484863,-10.796533],[-41.484936,-10.796875],[-41.485039,-10.797581],[-41.486074,-10.805572],[-41.486383,-10.808071],[-41.486438,-10.808418],[-41.486514,-10.808748],[-41.486565,-10.808901],[-41.486631,-10.809041],[-41.486717,-10.809164],[-41.486826,-10.809265],[-41.486955,-10.809349],[-41.487097,-10.80942],[-41.48741,-10.80954],[-41.488086,-10.809735],[-41.489297,-10.810047],[-41.489983,-10.810212],[-41.493228,-10.810966],[-41.49374,-10.811077],[-41.494083,-10.811138],[-41.494427,-10.811179],[-41.494957,-10.811185],[-41.495667,-10.811141],[-41.497803,-10.810954],[-41.498335,-10.810917],[-41.498861,-10.810911],[-41.499203,-10.810952],[-41.499534,-10.81105],[-41.500018,-10.811263],[-41.500815,-10.811675],[-41.501761,-10.812189],[-41.502212,-10.81247],[-41.502485,-10.812686],[-41.502721,-10.81294],[-41.502933,-10.81322],[-41.50323,-10.813662],[-41.504865,-10.816223],[-41.506332,-10.818477],[-41.506613,-10.818934],[-41.506776,-10.819245],[-41.506844,-10.819405],[-41.506897,-10.819568],[-41.50695,-10.819882],[-41.506958,-10.820042],[-41.506942,-10.820364],[-41.506918,-10.820525],[-41.506832,-10.820859],[-41.506706,-10.821179],[-41.506629,-10.82133],[-41.506541,-10.821474],[-41.506439,-10.821606],[-41.506331,-10.821716],[-41.506212,-10.821814],[-41.506083,-10.821903],[-41.505807,-10.822052],[-41.505512,-10.822156],[-41.505348,-10.822188],[-41.505014,-10.822211],[-41.504678,-10.822192],[-41.504512,-10.822168],[-41.50435,-10.822131],[-41.504193,-10.82208],[-41.504039,-10.822011],[-41.503891,-10.821927],[-41.503609,-10.821729],[-41.503342,-10.821502],[-41.503096,-10.821261],[-41.502511,-10.820622],[-41.501834,-10.819837],[-41.501514,-10.819433],[-41.501007,-10.818748],[-41.500795,-10.818486],[-41.500563,-10.818247],[-41.500297,-10.818038],[-41.499864,-10.817764],[-41.499261,-10.817426],[-41.498495,-10.817022],[-41.498026,-10.816807],[-41.497706,-10.816695],[-41.497212,-10.816573],[-41.496543,-10.816459],[-41.496039,-10.816414],[-41.495706,-10.816424],[-41.49521,-10.816495],[-41.494222,-10.816713],[-41.493404,-10.816923],[-41.492905,-10.817085],[-41.492237,-10.817335],[-41.491075,-10.817792],[-41.490426,-10.818075],[-41.490119,-10.818242],[-41.489845,-10.81844],[-41.489486,-10.81879],[-41.488815,-10.819555],[-41.488421,-10.819955],[-41.488165,-10.820035],[-41.488077,-10.820078],[-41.487924,-10.820146],[-41.487761,-10.820198],[-41.48742,-10.82027],[-41.486886,-10.820338],[-41.486346,-10.820383],[-41.485993,-10.820399],[-41.485658,-10.820389],[-41.485503,-10.820367],[-41.48536,-10.820326],[-41.485138,-10.820293],[-41.485053,-10.820175],[-41.484916,-10.819891],[-41.484804,-10.819571],[-41.48466,-10.819061],[-41.48453,-10.818541],[-41.484424,-10.818017],[-41.484377,-10.81766],[-41.48433,-10.817122],[-41.48404,-10.812824],[-41.482958,-10.801665],[-41.482681,-10.798644],[-41.482612,-10.798122],[-41.482538,-10.797792],[-41.482483,-10.797636],[-41.482412,-10.79749],[-41.482319,-10.797355],[-41.482209,-10.79723],[-41.482087,-10.797112],[-41.481817,-10.796891],[-41.481384,-10.796576],[-41.479604,-10.795342],[-41.478857,-10.794841],[-41.478548,-10.794658],[-41.478081,-10.794425],[-41.47744,-10.794145],[-41.47614,-10.793607],[-41.475676,-10.793396],[-41.475403,-10.79324],[-41.475288,-10.793154],[-41.475195,-10.793059],[-41.475131,-10.792952],[-41.475104,-10.792828],[-41.475107,-10.792692],[-41.475133,-10.792546],[-41.475228,-10.792238],[-41.475424,-10.791754],[-41.476293,-10.789778],[-41.476533,-10.789324],[-41.476625,-10.789189],[-41.476726,-10.789068],[-41.476842,-10.788966],[-41.476975,-10.788887],[-41.477123,-10.788828],[-41.477445,-10.788749],[-41.477789,-10.788698],[-41.478142,-10.788661]]]]}},
{"type":"Feature","properties":{"nome":"Aroeira 05","situacao":"Em operação","fase":"Operação","pot_mw":43.0,"area_ha":272.7},"geometry":{"type":"MultiPolygon","coordinates":[[[[-41.500909,-10.784365],[-41.50107,-10.78435],[-41.501229,-10.784315],[-41.501385,-10.784262],[-41.501691,-10.784121],[-41.502143,-10.783865],[-41.505124,-10.78202],[-41.505714,-10.781644],[-41.5092,-10.779205],[-41.509599,-10.778891],[-41.509812,-10.77867],[-41.509889,-10.778553],[-41.509935,-10.77843],[-41.509944,-10.778299],[-41.509922,-10.77816],[-41.509817,-10.777871],[-41.509666,-10.777571],[-41.509494,-10.777267],[-41.507383,-10.773739],[-41.507148,-10.773289],[-41.507047,-10.773002],[-41.507028,-10.772867],[-41.50704,-10.77274],[-41.50709,-10.772626],[-41.50717,-10.772519],[-41.507392,-10.772321],[-41.507807,-10.772043],[-41.508716,-10.771503],[-41.509318,-10.771173],[-41.509607,-10.771048],[-41.509745,-10.771007],[-41.509876,-10.770989],[-41.51,-10.771002],[-41.510116,-10.771054],[-41.510224,-10.771138],[-41.510325,-10.771246],[-41.510515,-10.771506],[-41.510696,-10.7718],[-41.512456,-10.774915],[-41.514335,-10.778152],[-41.514576,-10.778615],[-41.514698,-10.778923],[-41.514736,-10.779077],[-41.514751,-10.779232],[-41.514737,-10.779387],[-41.5147,-10.779542],[-41.514646,-10.779698],[-41.514505,-10.780009],[-41.514163,-10.780631],[-41.512091,-10.784216],[-41.511921,-10.784526],[-41.511772,-10.784832],[-41.511669,-10.785127],[-41.511648,-10.785268],[-41.511658,-10.785401],[-41.511704,-10.785525],[-41.511781,-10.785641],[-41.511993,-10.785861],[-41.512388,-10.786174],[-41.514555,-10.787699],[-41.515549,-10.788429],[-41.515957,-10.78876],[-41.516731,-10.789445],[-41.517118,-10.78976],[-41.517381,-10.789924],[-41.517515,-10.78998],[-41.517652,-10.79001],[-41.517797,-10.790007],[-41.517944,-10.789976],[-41.518093,-10.789924],[-41.518388,-10.789778],[-41.518671,-10.789595],[-41.518803,-10.789492],[-41.518925,-10.789381],[-41.519032,-10.789261],[-41.519119,-10.789128],[-41.519179,-10.788988],[-41.51922,-10.788836],[-41.519248,-10.788677],[-41.519277,-10.788343],[-41.519317,-10.787479],[-41.519362,-10.78714],[-41.519437,-10.786816],[-41.519489,-10.786664],[-41.519554,-10.786522],[-41.519637,-10.786393],[-41.519746,-10.786275],[-41.519873,-10.786173],[-41.520012,-10.786083],[-41.520313,-10.785935],[-41.520621,-10.785834],[-41.52077,-10.785808],[-41.520913,-10.785804],[-41.521045,-10.785832],[-41.521163,-10.785898],[-41.52127,-10.785995],[-41.521461,-10.786248],[-41.521636,-10.786547],[-41.521802,-10.786867],[-41.522196,-10.787694],[-41.522393,-10.788199],[-41.522475,-10.788517],[-41.522521,-10.788831],[-41.522526,-10.788985],[-41.522515,-10.789135],[-41.522484,-10.789278],[-41.522425,-10.789423],[-41.522344,-10.78956],[-41.522138,-10.789822],[-41.5219,-10.790074],[-41.521518,-10.790444],[-41.520994,-10.790927],[-41.520591,-10.791277],[-41.520314,-10.791492],[-41.520029,-10.791693],[-41.51886,-10.792454],[-41.518268,-10.792813],[-41.517966,-10.79297],[-41.517811,-10.793037],[-41.517653,-10.793092],[-41.517317,-10.793162],[-41.516796,-10.793205],[-41.512884,-10.793268],[-41.512533,-10.793265],[-41.512188,-10.793244],[-41.511857,-10.793188],[-41.511701,-10.793138],[-41.511553,-10.793066],[-41.511412,-10.792978],[-41.511142,-10.792769],[-41.510627,-10.792287],[-41.506323,-10.788027],[-41.505552,-10.787287],[-41.505154,-10.786949],[-41.504605,-10.786535],[-41.504177,-10.786258],[-41.503877,-10.786109],[-41.503717,-10.786052],[-41.503386,-10.785967],[-41.503045,-10.785904],[-41.502527,-10.785829],[-41.499055,-10.785373],[-41.498538,-10.785333],[-41.498195,-10.785339],[-41.497852,-10.78539],[-41.497342,-10.785517],[-41.496494,-10.785774],[-41.493765,-10.786641],[-41.49328,-10.786766],[-41.492995,-10.786798],[-41.492875,-10.786784],[-41.492778,-10.786739],[-41.492716,-10.786669],[-41.492672,-10.786575],[-41.492622,-10.786336],[-41.492603,-10.785905],[-41.492624,-10.785216],[-41.492682,-10.784341],[-41.492751,-10.78382],[-41.49286,-10.783297],[-41.493795,-10.779508],[-41.494503,-10.776567],[-41.494604,-10.776238],[-41.494663,-10.776081],[-41.49473,-10.775934],[-41.494811,-10.7758],[-41.494909,-10.775683],[-41.495026,-10.775589],[-41.495159,-10.775512],[-41.495305,-10.775447],[-41.495622,-10.775343],[-41.496301,-10.775186],[-41.496647,-10.775128],[-41.49699,-10.775093],[-41.497159,-10.775091],[-41.497326,-10.775105],[-41.497476,-10.775134],[-41.497766,-10.775233],[-41.498035,-10.775371],[-41.498158,-10.775452],[-41.498269,-10.775542],[-41.498366,-10.775642],[-41.498442,-10.775753],[-41.4985,-10.775892],[-41.498534,-10.776044],[-41.498551,-10.776205],[-41.498552,-10.776546],[-41.498497,-10.777257],[-41.497979,-10.782449],[-41.497958,-10.782798],[-41.497962,-10.783128],[-41.497982,-10.783281],[-41.49802,-10.783421],[-41.498084,-10.783543],[-41.498175,-10.783642],[-41.49829,-10.783723],[-41.498568,-10.783853],[-41.499049,-10.784005],[-41.4999,-10.784218],[-41.500241,-10.784292],[-41.500578,-10.784347],[-41.500909,-10.784365]]]]}},
{"type":"Feature","properties":{"nome":"Aroeira 07","situacao":"Em operação","fase":"Operação","pot_mw":47.3,"area_ha":356.9},"geometry":{"type":"MultiPolygon","coordinates":[[[[-41.508429,-10.744636],[-41.512318,-10.74099],[-41.512717,-10.740645],[-41.512996,-10.740439],[-41.513143,-10.740349],[-41.513297,-10.740271],[-41.51362,-10.740142],[-41.514125,-10.739983],[-41.51945,-10.738537],[-41.519967,-10.738407],[-41.520487,-10.738294],[-41.522748,-10.737848],[-41.523088,-10.737764],[-41.52334,-10.737502],[-41.523533,-10.737284],[-41.523586,-10.73708],[-41.523612,-10.736784],[-41.523634,-10.736391],[-41.523814,-10.735922],[-41.523973,-10.735631],[-41.524138,-10.735378],[-41.524408,-10.735062],[-41.524611,-10.734868],[-41.524841,-10.734704],[-41.525122,-10.734513],[-41.525389,-10.734341],[-41.525843,-10.734228],[-41.526303,-10.734179],[-41.526626,-10.734212],[-41.526929,-10.734237],[-41.527256,-10.734317],[-41.527583,-10.734475],[-41.528064,-10.734701],[-41.528327,-10.734902],[-41.528571,-10.735125],[-41.528791,-10.735372],[-41.529144,-10.735838],[-41.529364,-10.73632],[-41.52953,-10.736953],[-41.529409,-10.737518],[-41.529218,-10.738068],[-41.529004,-10.738534],[-41.528584,-10.739071],[-41.527947,-10.739486],[-41.527101,-10.739741],[-41.526403,-10.739853],[-41.525749,-10.739969],[-41.524441,-10.741072],[-41.524242,-10.741352],[-41.524055,-10.74165],[-41.523701,-10.742262],[-41.522147,-10.74504],[-41.521896,-10.745506],[-41.521671,-10.745981],[-41.521608,-10.746144],[-41.521509,-10.746474],[-41.521397,-10.746983],[-41.520829,-10.750253],[-41.520631,-10.751281],[-41.520416,-10.752141],[-41.519767,-10.754552],[-41.519665,-10.754896],[-41.519547,-10.755233],[-41.519479,-10.755397],[-41.519332,-10.755684],[-41.519163,-10.755949],[-41.519071,-10.756072],[-41.518871,-10.756283],[-41.518761,-10.756364],[-41.518643,-10.756421],[-41.518508,-10.75645],[-41.518365,-10.756453],[-41.518216,-10.756436],[-41.518066,-10.756403],[-41.517771,-10.756302],[-41.517633,-10.756235],[-41.517507,-10.756158],[-41.517398,-10.756068],[-41.517312,-10.755962],[-41.517256,-10.755839],[-41.517223,-10.755701],[-41.517207,-10.755553],[-41.517204,-10.755397],[-41.517223,-10.755071],[-41.517356,-10.754054],[-41.518301,-10.74838],[-41.518406,-10.747522],[-41.518475,-10.746671],[-41.518481,-10.746332],[-41.518458,-10.745998],[-41.51843,-10.74583],[-41.518345,-10.745498],[-41.51818,-10.745004],[-41.517996,-10.744514],[-41.517797,-10.744037],[-41.517647,-10.74374],[-41.517561,-10.743604],[-41.517465,-10.743481],[-41.517355,-10.743375],[-41.517232,-10.743292],[-41.517095,-10.743226],[-41.516794,-10.743129],[-41.516307,-10.743031],[-41.515975,-10.742986],[-41.515646,-10.74296],[-41.515328,-10.742965],[-41.515177,-10.742988],[-41.515033,-10.743031],[-41.514895,-10.743099],[-41.514764,-10.743188],[-41.51464,-10.743292],[-41.514402,-10.743529],[-41.51395,-10.744056],[-41.512395,-10.745955],[-41.50944,-10.74965],[-41.509234,-10.749931],[-41.509041,-10.750221],[-41.508873,-10.75052],[-41.508719,-10.750827],[-41.508217,-10.751927],[-41.507304,-10.753994],[-41.501909,-10.766879],[-41.500677,-10.769886],[-41.500463,-10.770367],[-41.500307,-10.770651],[-41.50022,-10.77077],[-41.500124,-10.770866],[-41.500016,-10.77093],[-41.499897,-10.770954],[-41.499768,-10.770947],[-41.499629,-10.770919],[-41.499335,-10.770819],[-41.498872,-10.770614],[-41.497772,-10.770076],[-41.497328,-10.769829],[-41.497068,-10.769644],[-41.496958,-10.76954],[-41.496869,-10.769423],[-41.496802,-10.769286],[-41.496757,-10.769135],[-41.496727,-10.768975],[-41.496698,-10.768637],[-41.496692,-10.768107],[-41.496728,-10.765953],[-41.496753,-10.763273],[-41.49677,-10.759161],[-41.496805,-10.758639],[-41.49687,-10.75831],[-41.496926,-10.758156],[-41.497003,-10.75801],[-41.497205,-10.757741],[-41.497444,-10.757488],[-41.4977,-10.757243],[-41.503813,-10.751696],[-41.504054,-10.75145],[-41.504161,-10.751324],[-41.504253,-10.751195],[-41.504326,-10.751063],[-41.504371,-10.750924],[-41.504383,-10.750782],[-41.504367,-10.750634],[-41.504332,-10.750482],[-41.504283,-10.750328],[-41.504159,-10.750013],[-41.503863,-10.749375],[-41.50247,-10.746481],[-41.502188,-10.745844],[-41.502088,-10.745541],[-41.50206,-10.745399],[-41.502055,-10.745265],[-41.502082,-10.745144],[-41.502144,-10.745041],[-41.502235,-10.74495],[-41.502478,-10.744794],[-41.502766,-10.744659],[-41.503076,-10.744541],[-41.50339,-10.744446],[-41.503546,-10.744412],[-41.503699,-10.744391],[-41.503848,-10.744387],[-41.503991,-10.744408],[-41.504127,-10.744457],[-41.504258,-10.744531],[-41.504506,-10.744726],[-41.504863,-10.745083],[-41.505569,-10.745851],[-41.505921,-10.746193],[-41.506156,-10.746361],[-41.506272,-10.746413],[-41.506388,-10.746432],[-41.506501,-10.746413],[-41.506613,-10.746363],[-41.506725,-10.74629],[-41.506949,-10.7461],[-41.507784,-10.745258],[-41.508429,-10.744636]]]]}},
{"type":"Feature","properties":{"nome":"Aroeira 08","situacao":"Em operação","fase":"Operação","pot_mw":43.0,"area_ha":204.2},"geometry":{"type":"MultiPolygon","coordinates":[[[[-41.478525,-10.75393],[-41.480203,-10.752898],[-41.482324,-10.751573],[-41.485193,-10.749756],[-41.485651,-10.749486],[-41.485962,-10.749332],[-41.486121,-10.749271],[-41.486283,-10.749225],[-41.486443,-10.749199],[-41.486606,-10.749188],[-41.486937,-10.749196],[-41.487274,-10.749228],[-41.487945,-10.749335],[-41.488272,-10.749414],[-41.488431,-10.749464],[-41.488729,-10.749599],[-41.48887,-10.749683],[-41.489141,-10.749871],[-41.489935,-10.750487],[-41.490358,-10.750774],[-41.490668,-10.750944],[-41.490989,-10.751088],[-41.491838,-10.751375],[-41.492236,-10.75155],[-41.492491,-10.751689],[-41.492774,-10.751869],[-41.493569,-10.752433],[-41.493799,-10.752639],[-41.494003,-10.7529],[-41.494171,-10.75319],[-41.494307,-10.753495],[-41.4944,-10.75381],[-41.494423,-10.753971],[-41.494426,-10.754132],[-41.494388,-10.754457],[-41.494272,-10.754952],[-41.493974,-10.755945],[-41.493805,-10.756436],[-41.493673,-10.756753],[-41.493597,-10.756905],[-41.493506,-10.757059],[-41.4933,-10.757351],[-41.492958,-10.757752],[-41.492717,-10.757978],[-41.492592,-10.758068],[-41.492465,-10.758135],[-41.492334,-10.75817],[-41.492199,-10.758166],[-41.492059,-10.75813],[-41.491917,-10.758071],[-41.491628,-10.757909],[-41.491336,-10.757715],[-41.490748,-10.757293],[-41.49017,-10.756856],[-41.489891,-10.756628],[-41.489513,-10.756261],[-41.489165,-10.755869],[-41.487604,-10.75397],[-41.487266,-10.753585],[-41.487035,-10.753365],[-41.486917,-10.753276],[-41.486795,-10.753209],[-41.486668,-10.753171],[-41.486532,-10.75317],[-41.486391,-10.7532],[-41.486247,-10.753253],[-41.485952,-10.753402],[-41.485651,-10.753583],[-41.483063,-10.755259],[-41.482781,-10.755463],[-41.482652,-10.75557],[-41.482535,-10.755683],[-41.482435,-10.755803],[-41.482359,-10.755934],[-41.482313,-10.756075],[-41.482291,-10.756226],[-41.482291,-10.756548],[-41.482326,-10.756886],[-41.482793,-10.759671],[-41.483268,-10.762624],[-41.483367,-10.763141],[-41.483451,-10.763481],[-41.483556,-10.763806],[-41.483677,-10.764126],[-41.484008,-10.764916],[-41.484226,-10.765378],[-41.48439,-10.765671],[-41.484481,-10.76581],[-41.484582,-10.76594],[-41.48481,-10.766169],[-41.485063,-10.766375],[-41.48559,-10.766766],[-41.485837,-10.76697],[-41.486047,-10.767192],[-41.486129,-10.767316],[-41.486194,-10.767459],[-41.48624,-10.767612],[-41.486288,-10.767939],[-41.486298,-10.76826],[-41.486848,-10.768626],[-41.487572,-10.768826],[-41.487998,-10.769065],[-41.488425,-10.769452],[-41.488731,-10.769853],[-41.489066,-10.770459],[-41.48919,-10.771136],[-41.489199,-10.771623],[-41.489109,-10.772133],[-41.489027,-10.772504],[-41.488781,-10.772987],[-41.488416,-10.773347],[-41.488181,-10.773569],[-41.487809,-10.7738],[-41.487429,-10.773946],[-41.487003,-10.774098],[-41.486478,-10.774194],[-41.486032,-10.774348],[-41.485488,-10.774982],[-41.485261,-10.77522],[-41.485012,-10.77543],[-41.484878,-10.775518],[-41.484741,-10.775586],[-41.484604,-10.775631],[-41.484426,-10.775699],[-41.484199,-10.775677],[-41.483986,-10.775627],[-41.483782,-10.77555],[-41.483562,-10.775452],[-41.48345,-10.77537],[-41.483397,-10.775165],[-41.483477,-10.77458],[-41.483511,-10.774145],[-41.483612,-10.773813],[-41.483744,-10.772456],[-41.483582,-10.771711],[-41.483572,-10.771024],[-41.483734,-10.77035],[-41.483657,-10.769044],[-41.483609,-10.768693],[-41.483545,-10.768351],[-41.483449,-10.768026],[-41.48338,-10.767875],[-41.483299,-10.767744],[-41.4831,-10.767503],[-41.48287,-10.767278],[-41.482624,-10.767062],[-41.481978,-10.766544],[-41.481112,-10.765916],[-41.479655,-10.764893],[-41.479357,-10.764699],[-41.479052,-10.764516],[-41.47874,-10.764354],[-41.47779,-10.763905],[-41.477494,-10.763741],[-41.477358,-10.76365],[-41.477234,-10.763549],[-41.477127,-10.763436],[-41.477039,-10.763304],[-41.476969,-10.763158],[-41.476866,-10.762841],[-41.476795,-10.762502],[-41.476749,-10.762153],[-41.476737,-10.761977],[-41.476737,-10.761622],[-41.476769,-10.761087],[-41.477009,-10.75842],[-41.477193,-10.756106],[-41.477247,-10.755579],[-41.477304,-10.755241],[-41.477345,-10.75508],[-41.4774,-10.754926],[-41.477472,-10.754784],[-41.477566,-10.754654],[-41.477678,-10.754536],[-41.477804,-10.754425],[-41.47808,-10.75422],[-41.478525,-10.75393]]]]}},
{"type":"Feature","properties":{"nome":"Ventos de Santa Patrícia 11","situacao":"Planejada","fase":"Construção não iniciada","pot_mw":62.0,"area_ha":70.2},"geometry":{"type":"MultiPolygon","coordinates":[[[[-41.375247,-10.969538],[-41.378159,-10.978543],[-41.376283,-10.978893],[-41.379541,-10.992498],[-41.377839,-10.992763],[-41.372153,-10.970489],[-41.375247,-10.969538]]]]}},
{"type":"Feature","properties":{"nome":"Ventos de Santa Patrícia 10","situacao":"Planejada","fase":"Construção não iniciada","pot_mw":68.2,"area_ha":208.9},"geometry":{"type":"MultiPolygon","coordinates":[[[[-41.354546,-11.03388],[-41.35626,-11.041277],[-41.353926,-11.042351],[-41.353574,-11.04135],[-41.353055,-11.040491],[-41.353119,-11.040055],[-41.351198,-11.034585],[-41.351179,-11.034517],[-41.350789,-11.030428],[-41.350358,-11.026046],[-41.355864,-11.020112],[-41.352758,-11.014233],[-41.358047,-11.013344],[-41.359545,-11.015499],[-41.377867,-10.996208],[-41.378424,-10.995056],[-41.377839,-10.992763],[-41.379541,-10.992498],[-41.380154,-10.995058],[-41.378956,-10.996494],[-41.360816,-11.016535],[-41.359125,-11.02071],[-41.354536,-11.03381],[-41.354546,-11.03388]]]]}},
{"type":"Feature","properties":{"nome":"Ventos de São Januário 17","situacao":"Em operação","fase":"Operação","pot_mw":72000.0,"area_ha":544.7},"geometry":{"type":"MultiPolygon","coordinates":[[[[-41.296373,-11.145584],[-41.297387,-11.148378],[-41.293531,-11.149921],[-41.292855,-11.150124],[-41.291046,-11.157683],[-41.292988,-11.158757],[-41.291893,-11.167615],[-41.285943,-11.167894],[-41.279572,-11.148115],[-41.279569,-11.140349],[-41.282649,-11.134],[-41.284255,-11.130687],[-41.28468,-11.129849],[-41.289427,-11.130041],[-41.293008,-11.128627],[-41.296373,-11.145584]]]]}},
{"type":"Feature","properties":{"nome":"Ventos de São Januário 18","situacao":"Em operação","fase":"Operação","pot_mw":72000.0,"area_ha":614.0},"geometry":{"type":"MultiPolygon","coordinates":[[[[-41.299189,-11.126185],[-41.306628,-11.124717],[-41.312595,-11.128983],[-41.318132,-11.129142],[-41.321988,-11.12986],[-41.322708,-11.129994],[-41.324414,-11.134731],[-41.326344,-11.140089],[-41.328063,-11.147018],[-41.320108,-11.147366],[-41.30982,-11.138755],[-41.305689,-11.139096],[-41.304871,-11.145478],[-41.296373,-11.145584],[-41.293008,-11.128627],[-41.299189,-11.126185]]]]}},
{"type":"Feature","properties":{"nome":"Serra da Babilônia VI","situacao":"Em operação","fase":"Operação","pot_mw":25850.0,"area_ha":155.8},"geometry":{"type":"MultiPolygon","coordinates":[[[[-41.322881,-11.056124],[-41.322336,-11.050409],[-41.325685,-11.047253],[-41.32768,-11.047071],[-41.328548,-11.059063],[-41.330289,-11.061085],[-41.330676,-11.061539],[-41.32977,-11.068102],[-41.331129,-11.06979],[-41.33452,-11.073658],[-41.335588,-11.080207],[-41.335973,-11.082319],[-41.335547,-11.082475],[-41.33767,-11.091706],[-41.337699,-11.092557],[-41.337306,-11.092547],[-41.337173,-11.104036],[-41.332582,-11.10461],[-41.332326,-11.102342],[-41.332091,-11.092909],[-41.336854,-11.091876],[-41.337315,-11.091776],[-41.335281,-11.082143],[-41.335562,-11.082108],[-41.335264,-11.080143],[-41.334248,-11.073721],[-41.330905,-11.069872],[-41.329499,-11.068141],[-41.330421,-11.061512],[-41.33025,-11.061339],[-41.328592,-11.059666],[-41.326345,-11.057642],[-41.32334,-11.060652],[-41.322881,-11.056124]]]]}},
{"type":"Feature","properties":{"nome":"Ventos de Santa Luzia 16","situacao":"Em operação","fase":"Operação","pot_mw":0.0,"area_ha":null},"geometry":{"type":"MultiPolygon","coordinates":[[[[-41.266993,-11.038013],[-41.278698,-11.03452],[-41.279306,-11.035882],[-41.280582,-11.035261],[-41.282995,-11.039425],[-41.283518,-11.039117],[-41.300275,-11.067866],[-41.315452,-11.054887],[-41.307202,-11.024535],[-41.307647,-11.022058],[-41.303478,-11.018524],[-41.304074,-11.018519],[-41.308142,-11.021894],[-41.307711,-11.02453],[-41.316143,-11.055138],[-41.300145,-11.069016],[-41.283238,-11.039845],[-41.271585,-11.050266],[-41.27811,-11.079372],[-41.265462,-11.07766],[-41.254406,-11.076163],[-41.249307,-11.099524],[-41.2188,-11.094122],[-41.23656,-11.053492],[-41.266993,-11.038013]]]]}},
{"type":"Feature","properties":{"nome":"Ventos de Santo Antônio 04","situacao":"Em operação","fase":"Operação","pot_mw":67500.0,"area_ha":null},"geometry":{"type":"MultiPolygon","coordinates":[[[[-41.3044,-11.018517],[-41.304396,-11.018083],[-41.304668,-11.018081],[-41.308805,-11.021632],[-41.308511,-11.024331],[-41.317406,-11.054724],[-41.317138,-11.055023],[-41.309148,-11.062228],[-41.301999,-11.068248],[-41.290999,-11.077185],[-41.286951,-11.080394],[-41.254331,-11.07607],[-41.249156,-11.09934],[-41.219009,-11.094012],[-41.233933,-11.059907],[-41.237369,-11.05223],[-41.214401,-11.047349],[-41.22041,-11.034223],[-41.23713,-11.031295],[-41.234353,-11.017828],[-41.234533,-11.014099],[-41.244259,-11.01173],[-41.263571,-11.004833],[-41.260066,-10.998961],[-41.260598,-10.998448],[-41.260845,-10.998209],[-41.274449,-10.985366],[-41.272922,-10.970431],[-41.270415,-10.965123],[-41.275137,-10.957343],[-41.291055,-10.968242],[-41.284135,-10.970108],[-41.27888,-10.971449],[-41.273674,-10.973292],[-41.274926,-10.98554],[-41.261163,-10.998534],[-41.260918,-10.998771],[-41.260641,-10.999263],[-41.263747,-11.004879],[-41.244295,-11.011857],[-41.246782,-11.020582],[-41.251048,-11.028976],[-41.260936,-11.041094],[-41.266993,-11.038013],[-41.265603,-11.048624],[-41.247926,-11.057966],[-41.234083,-11.05991],[-41.219204,-11.093912],[-41.24901,-11.099118],[-41.254201,-11.075875],[-41.278036,-11.079044],[-41.286918,-11.080119],[-41.289674,-11.078045],[-41.300304,-11.06936],[-41.316983,-11.054808],[-41.308364,-11.024256],[-41.308693,-11.021677],[-41.3044,-11.018517]]]]}}
]
}
