{
"type": "FeatureCollection",
"xy_coordinate_resolution": 1e-06,
"features": [
{"type":"Feature","properties":{"nome_uc":"RESERVA PARTICULAR DO PATRIMÔNIO NATURAL BRUMADINHO","categoria":"Reserva Particular do Patrimônio Natural","grupo":"Uso Sustentável","esfera":"Federal","municipio":"RIO DE CONTAS (BA)","org_gestor":"INSTITUTO CHICO MENDES DE CONSERVAÇÃO DA BIODIVERSIDADE","ato_legal":"Portaria 19 de 27-02-2014","criacao":"28-02-2014","fonte":"MMA – CNUC 07/2026"},"geometry":{"type":"MultiPolygon","coordinates":[[[[-41.893248,-13.542392],[-41.893803,-13.543183],[-41.888481,-13.547708],[-41.885838,-13.546909],[-41.887178,-13.546482],[-41.890351,-13.5446],[-41.893248,-13.542392]]]]}},
{"type":"Feature","properties":{"nome_uc":"PARQUE NATURAL MUNICIPAL DO ESPALHADO","categoria":"Parque","grupo":"Proteção Integral","esfera":"Municipal","municipio":"IBICOARA (BA)","org_gestor":"SECRETARIA MUNICIPAL DE MEIO AMBIENTE E TURISMO DE IBICOARA - BA","ato_legal":"Lei ordinária 15 de 12-08-2005","criacao":"12-08-2005","fonte":"MMA – CNUC 07/2026"},"geometry":{"type":"MultiPolygon","coordinates":[[[[-41.186767,-13.295106],[-41.186612,-13.296616],[-41.185372,-13.296627],[-41.184172,-13.297699],[-41.182652,-13.301573],[-41.180713,-13.304865],[-41.179391,-13.305581],[-41.178391,-13.30562],[-41.173182,-13.307561],[-41.172405,-13.308422],[-41.171715,-13.308388],[-41.170049,-13.309026],[-41.1676,-13.308904],[-41.161657,-13.311184],[-41.161486,-13.313357],[-41.161334,-13.316212],[-41.162675,-13.315775],[-41.162282,-13.31719],[-41.152393,-13.327158],[-41.150297,-13.3338],[-41.128355,-13.346174],[-41.128644,-13.341961],[-41.128958,-13.340753],[-41.128744,-13.338683],[-41.127297,-13.338372],[-41.142156,-13.329515],[-41.140863,-13.325042],[-41.156958,-13.309801],[-41.177589,-13.301976],[-41.17948,-13.299912],[-41.181321,-13.294692],[-41.185115,-13.292043],[-41.185318,-13.292383],[-41.185297,-13.293157],[-41.186767,-13.295106]]]]}},
{"type":"Feature","properties":{"nome_uc":"RESERVA PARTICULAR DO PATRIMÔNIO NATURAL EDNA MARIA TOURINHO SAMPAIO NAVARRO","categoria":"Reserva Particular do Patrimônio Natural","grupo":"Uso Sustentável","esfera":"Estadual","municipio":"MORRO DO CHAPÉU (BA)","org_gestor":"INSTITUTO DO MEIO AMBIENTE E RECURSOS HÍDRICOS DA BAHIA - BA","ato_legal":"Portaria 61 de 22-09-2022","criacao":"23-09-2022","fonte":"MMA – CNUC 07/2026"},"geometry":{"type":"MultiPolygon","coordinates":[[[[-41.34485,-11.521868],[-41.347916,-11.53084],[-41.347925,-11.534895],[-41.341018,-11.53599],[-41.339293,-11.531019],[-41.340789,-11.527248],[-41.33854,-11.524204],[-41.343392,-11.52361],[-41.34485,-11.521868]]]]}},
{"type":"Feature","properties":{"nome_uc":"RESERVA PARTICULAR DO PATRIMÔNIO NATURAL LAGOA DA VELHA","categoria":"Reserva Particular do Patrimônio Natural","grupo":"Uso Sustentável","esfera":"Estadual","municipio":"MORRO DO CHAPÉU (BA)","org_gestor":"INSTITUTO DO MEIO AMBIENTE E RECURSOS HÍDRICOS DA BAHIA - BA","ato_legal":"Portaria 62 de 22-09-2022","criacao":"23-09-2022","fonte":"MMA – CNUC 07/2026"},"geometry":{"type":"MultiPolygon","coordinates":[[[[-41.328377,-11.501061],[-41.334016,-11.496856],[-41.341604,-11.512367],[-41.343856,-11.518957],[-41.342541,-11.521111],[-41.337711,-11.521857],[-41.334592,-11.516324],[-41.332667,-11.51155],[-41.332011,-11.506584],[-41.328377,-11.501061]]]]}},
{"type":"Feature","properties":{"nome_uc":"RESERVA PARTICULAR DO PATRIMÔNIO NATURAL EDGARD NAVARRO SAMPAIO","categoria":"Reserva Particular do Patrimônio Natural","grupo":"Uso Sustentável","esfera":"Estadual","municipio":"MORRO DO CHAPÉU (BA)","org_gestor":"INSTITUTO DO MEIO AMBIENTE E RECURSOS HÍDRICOS DA BAHIA - BA","ato_legal":"Portaria 63 de 22-09-2022","criacao":"23-09-2022","fonte":"MMA – CNUC 07/2026"},"geometry":{"type":"MultiPolygon","coordinates":[[[[-41.327238,-11.563009],[-41.330949,-11.564638],[-41.333283,-11.56525],[-41.335244,-11.565047],[-41.337028,-11.567114],[-41.337152,-11.569989],[-41.334322,-11.570886],[-41.332662,-11.571388],[-41.324729,-11.578823],[-41.316473,-11.586415],[-41.316186,-11.585774],[-41.3143,-11.58304],[-41.31129,-11.578636],[-41.310308,-11.577049],[-41.319279,-11.571202],[-41.321977,-11.56898],[-41.327238,-11.563009]]]]}},
{"type":"Feature","properties":{"nome_uc":"RESERVA PARTICULAR DO PATRIMÔNIO NATURAL ADÍLIA PARAGUASSU BATISTA","categoria":"Reserva Particular do Patrimônio Natural","grupo":"Uso Sustentável","esfera":"Federal","municipio":"MUCUGÊ (BA)","org_gestor":"INSTITUTO CHICO MENDES DE CONSERVAÇÃO DA BIODIVERSIDADE","ato_legal":"Portaria 88/2002 de 06-08-2002","criacao":"07-08-2002","fonte":"MMA – CNUC 07/2026"},"geometry":{"type":"MultiPolygon","coordinates":[[[[-41.384114,-13.002121],[-41.38421,-13.001292],[-41.384469,-13.000496],[-41.384882,-12.999766],[-41.385432,-12.999128],[-41.386099,-12.998607],[-41.386857,-12.998224],[-41.387677,-12.997993],[-41.388527,-12.997923],[-41.389374,-12.998017],[-41.390187,-12.998271],[-41.390933,-12.998674],[-41.391585,-12.999213],[-41.392117,-12.999866],[-41.392508,-13.000608],[-41.392744,-13.00141],[-41.392816,-13.002242],[-41.39272,-13.003071],[-41.392461,-13.003867],[-41.392048,-13.004597],[-41.391498,-13.005235],[-41.390831,-13.005756],[-41.390073,-13.006139],[-41.389253,-13.00637],[-41.388403,-13.00644],[-41.387556,-13.006346],[-41.386743,-13.006093],[-41.385996,-13.005689],[-41.385345,-13.00515],[-41.384813,-13.004497],[-41.384422,-13.003755],[-41.384186,-13.002953],[-41.384114,-13.002121]]]]}},
{"type":"Feature","properties":{"nome_uc":"RESERVA PARTICULAR DO PATRIMÔNIO NATURAL NATURA MATER","categoria":"Reserva Particular do Patrimônio Natural","grupo":"Uso Sustentável","esfera":"Federal","municipio":"RIO DE CONTAS (BA)","org_gestor":"INSTITUTO CHICO MENDES DE CONSERVAÇÃO DA BIODIVERSIDADE","ato_legal":"Portaria 24 de 06-03-2014","criacao":"07-03-2014","fonte":"MMA – CNUC 07/2026"},"geometry":{"type":"MultiPolygon","coordinates":[[[[-41.892822,-13.536234],[-41.882221,-13.529511],[-41.8825,-13.529585],[-41.883016,-13.529435],[-41.88325,-13.529427],[-41.883573,-13.529263],[-41.883731,-13.529246],[-41.884269,-13.529361],[-41.884596,-13.529241],[-41.884949,-13.529226],[-41.88519,-13.529411],[-41.885829,-13.530031],[-41.886205,-13.530098],[-41.887569,-13.530743],[-41.88779,-13.530583],[-41.888417,-13.530984],[-41.888636,-13.531296],[-41.888899,-13.531324],[-41.889497,-13.531445],[-41.889627,-13.531607],[-41.889827,-13.531613],[-41.89007,-13.531746],[-41.891116,-13.531984],[-41.89127,-13.531947],[-41.891717,-13.532001],[-41.892112,-13.532374],[-41.892334,-13.532423],[-41.892796,-13.533172],[-41.893061,-13.533349],[-41.89342,-13.533824],[-41.893846,-13.533921],[-41.894105,-13.53411],[-41.89416,-13.534222],[-41.894118,-13.534464],[-41.894289,-13.534601],[-41.894232,-13.534753],[-41.892822,-13.536234]]],[[[-41.885851,-13.52998],[-41.885231,-13.529375],[-41.885361,-13.529323],[-41.885516,-13.529326],[-41.885802,-13.529397],[-41.885943,-13.529391],[-41.88637,-13.529424],[-41.886618,-13.529338],[-41.886742,-13.529205],[-41.887066,-13.529037],[-41.887342,-13.528994],[-41.887637,-13.528786],[-41.888884,-13.528645],[-41.889019,-13.528723],[-41.891053,-13.531047],[-41.891884,-13.531911],[-41.892079,-13.532173],[-41.89214,-13.532325],[-41.891741,-13.531949],[-41.891267,-13.531891],[-41.891115,-13.531929],[-41.890089,-13.531695],[-41.889844,-13.53156],[-41.889645,-13.531554],[-41.889524,-13.531396],[-41.888902,-13.531269],[-41.888671,-13.531252],[-41.88846,-13.530948],[-41.887773,-13.530526],[-41.887575,-13.530686],[-41.886223,-13.530047],[-41.885851,-13.52998]]]]}},
{"type":"Feature","properties":{"nome_uc":"RESERVA PARTICULAR DO PATRIMÔNIO NATURAL NATURA CERRADA","categoria":"Reserva Particular do Patrimônio Natural","grupo":"Uso Sustentável","esfera":"Federal","municipio":"RIO DE CONTAS (BA)","org_gestor":"INSTITUTO CHICO MENDES DE CONSERVAÇÃO DA BIODIVERSIDADE","ato_legal":"Portaria 22 de 06-03-2014","criacao":"07-03-2014","fonte":"MMA – CNUC 07/2026"},"geometry":{"type":"MultiPolygon","coordinates":[[[[-41.882221,-13.529511],[-41.892822,-13.536234],[-41.890943,-13.539005],[-41.886326,-13.541636],[-41.884213,-13.540126],[-41.885673,-13.53826],[-41.885672,-13.538206],[-41.884743,-13.538216],[-41.88416,-13.537501],[-41.883513,-13.536821],[-41.882831,-13.536222],[-41.881572,-13.53518],[-41.88092,-13.534637],[-41.880455,-13.53422],[-41.880105,-13.533749],[-41.879538,-13.53355],[-41.878799,-13.533954],[-41.878556,-13.533809],[-41.878632,-13.533681],[-41.879077,-13.533177],[-41.879357,-13.53281],[-41.879854,-13.53231],[-41.882221,-13.529511]]]]}},
{"type":"Feature","properties":{"nome_uc":"RESERVA PARTICULAR DO PATRIMÔNIO NATURAL PICO DO BARBADO","categoria":"Reserva Particular do Patrimônio Natural","grupo":"Uso Sustentável","esfera":"Federal","municipio":"ABAÍRA (BA)","org_gestor":"INSTITUTO CHICO MENDES DE CONSERVAÇÃO DA BIODIVERSIDADE","ato_legal":"Portaria 76 de 27-08-2010","criacao":"31-08-2010","fonte":"MMA – CNUC 07/2026"},"geometry":{"type":"MultiPolygon","coordinates":[[[[-41.901125,-13.306433],[-41.900462,-13.306172],[-41.898922,-13.305566],[-41.897369,-13.305001],[-41.898342,-13.292378],[-41.898296,-13.292307],[-41.89792,-13.29155],[-41.897369,-13.291431],[-41.897229,-13.290664],[-41.898618,-13.290942],[-41.89834,-13.289275],[-41.898063,-13.288997],[-41.898063,-13.287608],[-41.897507,-13.287331],[-41.894451,-13.288997],[-41.893086,-13.288324],[-41.896941,-13.28083],[-41.898273,-13.280885],[-41.907314,-13.281258],[-41.907348,-13.281443],[-41.907481,-13.281809],[-41.907614,-13.282075],[-41.907593,-13.282324],[-41.907441,-13.282602],[-41.907151,-13.28286],[-41.906894,-13.283086],[-41.906533,-13.283734],[-41.906417,-13.283985],[-41.905616,-13.285078],[-41.905297,-13.285591],[-41.904856,-13.28684],[-41.904544,-13.287959],[-41.904239,-13.289683],[-41.904343,-13.290224],[-41.904542,-13.290572],[-41.904937,-13.290886],[-41.905459,-13.291072],[-41.906306,-13.291126],[-41.907258,-13.29117],[-41.905921,-13.297649],[-41.904432,-13.298471],[-41.902261,-13.300407],[-41.901124,-13.302091],[-41.900924,-13.302627],[-41.900416,-13.303961],[-41.900358,-13.304471],[-41.900428,-13.304981],[-41.900629,-13.305425],[-41.900896,-13.305996],[-41.901125,-13.306433]]]]}},
{"type":"Feature","properties":{"nome_uc":"RESERVA PARTICULAR DO PATRIMÔNIO NATURAL AVE NATURA","categoria":"Reserva Particular do Patrimônio Natural","grupo":"Uso Sustentável","esfera":"Federal","municipio":"RIO DE CONTAS (BA)","org_gestor":"INSTITUTO CHICO MENDES DE CONSERVAÇÃO DA BIODIVERSIDADE","ato_legal":"Portaria 71 de 25-06-2014","criacao":"30-06-2014","fonte":"MMA – CNUC 07/2026"},"geometry":{"type":"MultiPolygon","coordinates":[[[[-41.894232,-13.534753],[-41.894253,-13.534903],[-41.894182,-13.535206],[-41.894263,-13.535385],[-41.893769,-13.536202],[-41.893738,-13.536492],[-41.893524,-13.536913],[-41.89367,-13.537144],[-41.893653,-13.537397],[-41.894008,-13.537718],[-41.894121,-13.538042],[-41.894327,-13.538471],[-41.894375,-13.53907],[-41.894524,-13.53939],[-41.894882,-13.539788],[-41.895275,-13.54],[-41.895326,-13.540107],[-41.895259,-13.540385],[-41.895078,-13.540673],[-41.894577,-13.541119],[-41.89454,-13.541344],[-41.894702,-13.541465],[-41.89742,-13.541392],[-41.901427,-13.540064],[-41.90159,-13.539791],[-41.901675,-13.537988],[-41.904128,-13.538061],[-41.905197,-13.538929],[-41.904215,-13.540807],[-41.894192,-13.543628],[-41.890943,-13.539005],[-41.892822,-13.536234],[-41.894232,-13.534753]]]]}},
{"type":"Feature","properties":{"nome_uc":"RESERVA PARTICULAR DO PATRIMÔNIO NATURAL CÓRREGO DOS BOIS","categoria":"Reserva Particular do Patrimônio Natural","grupo":"Uso Sustentável","esfera":"Federal","municipio":"PALMEIRAS (BA)","org_gestor":"INSTITUTO CHICO MENDES DE CONSERVAÇÃO DA BIODIVERSIDADE","ato_legal":"Portaria 53/2000 de 08-09-2000","criacao":"11-09-2000","fonte":"MMA – CNUC 07/2026"},"geometry":{"type":"MultiPolygon","coordinates":[[[[-41.485276,-12.579138],[-41.485356,-12.578437],[-41.485574,-12.577764],[-41.485922,-12.577146],[-41.486386,-12.576607],[-41.486948,-12.576166],[-41.487587,-12.575842],[-41.488279,-12.575646],[-41.488996,-12.575586],[-41.489711,-12.575665],[-41.490397,-12.575879],[-41.491027,-12.57622],[-41.491577,-12.576674],[-41.492027,-12.577226],[-41.492357,-12.577853],[-41.492557,-12.578531],[-41.492618,-12.579234],[-41.492538,-12.579935],[-41.49232,-12.580608],[-41.491973,-12.581226],[-41.491509,-12.581765],[-41.490946,-12.582206],[-41.490307,-12.58253],[-41.489616,-12.582726],[-41.488898,-12.582786],[-41.488183,-12.582708],[-41.487497,-12.582494],[-41.486867,-12.582153],[-41.486317,-12.581698],[-41.485867,-12.581146],[-41.485537,-12.58052],[-41.485337,-12.579842],[-41.485276,-12.579138]]]]}},
{"type":"Feature","properties":{"nome_uc":"PARQUE MUNICIPAL DE MUCUGÊ","categoria":"Parque","grupo":"Proteção Integral","esfera":"Municipal","municipio":"MUCUGÊ (BA)","org_gestor":"SECRETARIA MUNICIPAL DE MEIO AMBIENTE DE MUCUGÊ - BA","ato_legal":"Decreto 103 de 26-07-2023","criacao":"27-07-2023","fonte":"MMA – CNUC 07/2026"},"geometry":{"type":"MultiPolygon","coordinates":[[[[-41.334506,-12.989296],[-41.340385,-12.98931],[-41.342099,-12.98771],[-41.344949,-12.984861],[-41.345117,-12.984694],[-41.345068,-12.984996],[-41.344983,-12.985525],[-41.344889,-12.986117],[-41.34479,-12.986627],[-41.344649,-12.987181],[-41.344497,-12.987746],[-41.344429,-12.987903],[-41.344321,-12.988122],[-41.343992,-12.98877],[-41.343781,-12.989201],[-41.343719,-12.989357],[-41.343661,-12.989589],[-41.343621,-12.989872],[-41.343591,-12.990289],[-41.343648,-12.990631],[-41.343809,-12.990984],[-41.344152,-12.991396],[-41.344431,-12.991579],[-41.345088,-12.991925],[-41.34559,-12.992169],[-41.345902,-12.99223],[-41.346326,-12.992187],[-41.346602,-12.992072],[-41.346971,-12.991747],[-41.347702,-12.990989],[-41.348004,-12.990709],[-41.348316,-12.990421],[-41.348573,-12.990268],[-41.34872,-12.990219],[-41.348872,-12.990204],[-41.349103,-12.990236],[-41.349365,-12.990363],[-41.349528,-12.990484],[-41.349681,-12.990648],[-41.349829,-12.990828],[-41.349929,-12.990952],[-41.350467,-12.991626],[-41.350655,-12.99188],[-41.350749,-12.992061],[-41.350776,-12.99226],[-41.350757,-12.992548],[-41.350716,-12.992898],[-41.350713,-12.993129],[-41.350755,-12.993336],[-41.350837,-12.993509],[-41.350927,-12.993641],[-41.351061,-12.993751],[-41.351249,-12.993829],[-41.351508,-12.993855],[-41.351866,-12.993794],[-41.352437,-12.993671],[-41.352409,-12.993672],[-41.352797,-12.993549],[-41.35343,-12.99328],[-41.354409,-12.99286],[-41.354632,-12.992747],[-41.354779,-12.992634],[-41.354944,-12.992454],[-41.355108,-12.992214],[-41.355189,-12.992097],[-41.355233,-12.992042],[-41.355284,-12.991987],[-41.35534,-12.991935],[-41.355401,-12.991897],[-41.355509,-12.991872],[-41.355598,-12.991871],[-41.355694,-12.991886],[-41.355958,-12.991995],[-41.357328,-12.992633],[-41.357476,-12.992705],[-41.357562,-12.992759],[-41.357618,-12.992806],[-41.357673,-12.992868],[-41.357718,-12.992947],[-41.357736,-12.993049],[-41.357735,-12.993155],[-41.357686,-12.993673],[-41.357649,-12.993872],[-41.357603,-12.994025],[-41.357386,-12.994578],[-41.357249,-12.994977],[-41.357229,-12.995113],[-41.35723,-12.995236],[-41.357298,-12.995561],[-41.357617,-12.996531],[-41.357683,-12.99669],[-41.357747,-12.996811],[-41.35778,-12.996864],[-41.357835,-12.99694],[-41.357909,-12.997017],[-41.357991,-12.997085],[-41.358141,-12.997176],[-41.358441,-12.997251],[-41.358955,-12.99726],[-41.359024,-12.99727],[-41.36008,-12.997748],[-41.360499,-12.997991],[-41.360836,-12.998199],[-41.361031,-12.998358],[-41.361461,-12.998739],[-41.362236,-12.999423],[-41.362564,-12.999712],[-41.362081,-13.000311],[-41.361778,-13.000529],[-41.359684,-13.00558],[-41.356892,-13.003115],[-41.353884,-13.006672],[-41.351071,-13.008646],[-41.349199,-13.01131],[-41.348745,-13.010974],[-41.347972,-13.010345],[-41.347591,-13.009857],[-41.34711,-13.009227],[-41.346377,-13.008846],[-41.345741,-13.008646],[-41.344836,-13.008283],[-41.343839,-13.007591],[-41.339274,-13.005023],[-41.32842,-12.997137],[-41.329546,-12.993212],[-41.332395,-12.993737],[-41.334506,-12.989296]]]]}},
{"type":"Feature","properties":{"nome_uc":"ÁREA DE PROTEÇÃO AMBIENTAL GRUTAS DOS BREJÕES / VEREDAS DO ROMÃO GRAMACHO","categoria":"Área de Proteção Ambiental","grupo":"Uso Sustentável","esfera":"Estadual","municipio":"JOÃO DOURADO (BA), MORRO DO CHAPÉU (BA), SÃO GABRIEL (BA)","org_gestor":"INSTITUTO DO MEIO AMBIENTE E RECURSOS HÍDRICOS DA BAHIA - BA","ato_legal":"Decreto 32.487 de 13-11-1985","criacao":"14-11-1985","fonte":"MMA – CNUC 07/2026"},"geometry":{"type":"MultiPolygon","coordinates":[[[[-41.391757,-11.086668],[-41.376217,-11.081321],[-41.428077,-10.936151],[-41.488272,-10.957738],[-41.478288,-10.985577],[-41.478064,-10.985599],[-41.477106,-10.985898],[-41.476405,-10.98605],[-41.476108,-10.986071],[-41.475676,-10.985939],[-41.475045,-10.985615],[-41.474765,-10.985289],[-41.474633,-10.984998],[-41.474478,-10.984124],[-41.474263,-10.983202],[-41.474154,-10.982958],[-41.47378,-10.982487],[-41.473501,-10.982216],[-41.473129,-10.981982],[-41.472757,-10.981784],[-41.471952,-10.981494],[-41.470988,-10.981118],[-41.470337,-10.980722],[-41.469965,-10.980433],[-41.469536,-10.979963],[-41.469181,-10.979455],[-41.468881,-10.97891],[-41.468394,-10.978257],[-41.468244,-10.978057],[-41.467967,-10.977968],[-41.467726,-10.97797],[-41.467265,-10.978047],[-41.46662,-10.978271],[-41.465902,-10.97866],[-41.465263,-10.979025],[-41.464901,-10.979125],[-41.464472,-10.979145],[-41.464026,-10.979132],[-41.463761,-10.979053],[-41.463497,-10.978892],[-41.463279,-10.978584],[-41.463045,-10.978162],[-41.462793,-10.977642],[-41.462377,-10.97714],[-41.462143,-10.976881],[-41.46211,-10.976874],[-41.461762,-10.976668],[-41.461296,-10.976169],[-41.461148,-10.97622],[-41.460378,-10.976266],[-41.459492,-10.976346],[-41.45853,-10.976299],[-41.45768,-10.976343],[-41.457199,-10.976383],[-41.456665,-10.976534],[-41.456075,-10.976721],[-41.45566,-10.97682],[-41.455448,-10.976871],[-41.45506,-10.976912],[-41.454616,-10.976878],[-41.454171,-10.97679],[-41.453783,-10.976739],[-41.453378,-10.976697],[-41.453107,-10.976669],[-41.452551,-10.9766],[-41.452218,-10.976549],[-41.451828,-10.976369],[-41.451271,-10.976045],[-41.450454,-10.97565],[-41.450119,-10.975379],[-41.449784,-10.974962],[-41.449465,-10.974399],[-41.449371,-10.974199],[-41.449166,-10.974019],[-41.449101,-10.973996],[-41.448961,-10.973947],[-41.448703,-10.973967],[-41.4485,-10.974042],[-41.448298,-10.974262],[-41.448155,-10.974429],[-41.44798,-10.974632],[-41.447687,-10.974908],[-41.447265,-10.975258],[-41.4471,-10.975424],[-41.446937,-10.975827],[-41.446754,-10.976083],[-41.446515,-10.976286],[-41.446276,-10.976398],[-41.445889,-10.976528],[-41.44526,-10.976569],[-41.444835,-10.976522],[-41.444649,-10.976502],[-41.444168,-10.976396],[-41.44402,-10.976397],[-41.443836,-10.976435],[-41.443367,-10.976571],[-41.442593,-10.976869],[-41.442335,-10.976926],[-41.441964,-10.976929],[-41.441687,-10.976876],[-41.441467,-10.976873],[-41.441043,-10.977265],[-41.440731,-10.977541],[-41.440382,-10.977799],[-41.44016,-10.977855],[-41.440013,-10.977857],[-41.439828,-10.97784],[-41.439679,-10.977768],[-41.439308,-10.97757],[-41.438974,-10.977464],[-41.438659,-10.977411],[-41.438419,-10.977395],[-41.438068,-10.977507],[-41.437779,-10.977653],[-41.437664,-10.977711],[-41.437145,-10.978125],[-41.436742,-10.97853],[-41.436578,-10.978804],[-41.436525,-10.979096],[-41.436421,-10.979937],[-41.436222,-10.980522],[-41.435859,-10.981255],[-41.43531,-10.982143],[-41.435093,-10.982748],[-41.435041,-10.983112],[-41.435047,-10.983934],[-41.435107,-10.984408],[-41.435053,-10.984572],[-41.434925,-10.984701],[-41.434795,-10.984757],[-41.434573,-10.984777],[-41.434334,-10.984779],[-41.433963,-10.984727],[-41.433444,-10.984585],[-41.433259,-10.984496],[-41.433074,-10.984479],[-41.432945,-10.984516],[-41.432715,-10.98471],[-41.432528,-10.984898],[-41.432312,-10.985115],[-41.432091,-10.985281],[-41.431703,-10.985357],[-41.431388,-10.985305],[-41.431203,-10.985251],[-41.431092,-10.985143],[-41.430888,-10.985035],[-41.430665,-10.985001],[-41.430587,-10.985011],[-41.43037,-10.985039],[-41.430038,-10.985133],[-41.429706,-10.985281],[-41.429615,-10.985373],[-41.429588,-10.985419],[-41.42956,-10.985465],[-41.429561,-10.985574],[-41.429636,-10.985684],[-41.429747,-10.985774],[-41.4301,-10.985953],[-41.430326,-10.986445],[-41.430366,-10.986828],[-41.43032,-10.987922],[-41.430288,-10.988616],[-41.430142,-10.989174],[-41.429556,-10.990227],[-41.429377,-10.990548],[-41.428463,-10.991815],[-41.427947,-10.992412],[-41.427709,-10.992797],[-41.427529,-10.99331],[-41.427347,-10.994102],[-41.427651,-10.994433],[-41.42835,-10.995147],[-41.428889,-10.995525],[-41.429313,-10.99602],[-41.429549,-10.996562],[-41.429973,-10.997552],[-41.430212,-10.998599],[-41.430366,-11.000108],[-41.430175,-11.000893],[-41.429935,-11.001824],[-41.430104,-11.002216],[-41.430333,-11.002535],[-41.430699,-11.002924],[-41.431682,-11.003738],[-41.432811,-11.00455],[-41.433782,-11.00522],[-41.434576,-11.00583],[-41.434881,-11.00628],[-41.434957,-11.00658],[-41.434963,-11.006604],[-41.434897,-11.007338],[-41.434597,-11.008356],[-41.434248,-11.009334],[-41.434225,-11.009379],[-41.433995,-11.009874],[-41.433903,-11.010264],[-41.433923,-11.01039],[-41.433982,-11.010626],[-41.433982,-11.01063],[-41.434132,-11.011165],[-41.43439,-11.011698],[-41.434685,-11.012482],[-41.43475,-11.012815],[-41.435097,-11.014138],[-41.435184,-11.015923],[-41.43552,-11.017205],[-41.436016,-11.018813],[-41.436208,-11.01922],[-41.436748,-11.020886],[-41.436902,-11.022098],[-41.436799,-11.023175],[-41.436554,-11.024248],[-41.436129,-11.02543],[-41.435129,-11.027455],[-41.434203,-11.02939],[-41.433454,-11.030717],[-41.432134,-11.032978],[-41.43106,-11.035001],[-41.429951,-11.03658],[-41.429342,-11.037406],[-41.428805,-11.038053],[-41.428122,-11.03863],[-41.427509,-11.039028],[-41.426351,-11.039553],[-41.42556,-11.040094],[-41.425164,-11.040454],[-41.424985,-11.040777],[-41.424883,-11.041421],[-41.424852,-11.042171],[-41.424712,-11.042743],[-41.424639,-11.042879],[-41.424463,-11.04321],[-41.424069,-11.043784],[-41.423639,-11.044216],[-41.423025,-11.044729],[-41.422054,-11.045487],[-41.421767,-11.045811],[-41.421697,-11.046097],[-41.421591,-11.046455],[-41.421585,-11.04649],[-41.421522,-11.046849],[-41.421491,-11.047527],[-41.421464,-11.048563],[-41.42155,-11.050476],[-41.421486,-11.05144],[-41.42131,-11.05212],[-41.420814,-11.053338],[-41.420349,-11.053984],[-41.419954,-11.054381],[-41.419749,-11.054483],[-41.419222,-11.054517],[-41.418938,-11.054475],[-41.418548,-11.054273],[-41.418353,-11.054151],[-41.418204,-11.054029],[-41.418066,-11.053894],[-41.417894,-11.05376],[-41.417746,-11.053716],[-41.417494,-11.053718],[-41.417256,-11.053776],[-41.417131,-11.053867],[-41.41704,-11.053936],[-41.416984,-11.054049],[-41.416882,-11.054186],[-41.416756,-11.054375],[-41.416542,-11.054586],[-41.416512,-11.054705],[-41.416298,-11.054973],[-41.414935,-11.056682],[-41.413971,-11.058296],[-41.413531,-11.059328],[-41.413383,-11.059981],[-41.413191,-11.06124],[-41.412898,-11.062247],[-41.412702,-11.062666],[-41.412377,-11.063132],[-41.412077,-11.063472],[-41.411768,-11.063582],[-41.411438,-11.063717],[-41.411075,-11.063685],[-41.410459,-11.063511],[-41.410059,-11.063327],[-41.409843,-11.063323],[-41.409648,-11.063391],[-41.409541,-11.063586],[-41.409495,-11.064095],[-41.409392,-11.066205],[-41.409116,-11.067921],[-41.408655,-11.068996],[-41.408398,-11.069511],[-41.408183,-11.069691],[-41.407641,-11.069874],[-41.407063,-11.069986],[-41.406557,-11.070097],[-41.406232,-11.070206],[-41.405331,-11.070678],[-41.40461,-11.070934],[-41.403851,-11.071154],[-41.403164,-11.071195],[-41.402077,-11.071132],[-41.400806,-11.071011],[-41.400517,-11.071084],[-41.400337,-11.071228],[-41.400231,-11.071408],[-41.400235,-11.071908],[-41.400314,-11.072764],[-41.400209,-11.073265],[-41.399925,-11.073839],[-41.399459,-11.074485],[-41.399027,-11.074845],[-41.398487,-11.075171],[-41.397839,-11.075498],[-41.396611,-11.075972],[-41.395999,-11.076525],[-41.395856,-11.076776],[-41.395822,-11.077062],[-41.395933,-11.077311],[-41.396152,-11.077631],[-41.396885,-11.07866],[-41.397254,-11.079514],[-41.397479,-11.080405],[-41.397451,-11.081441],[-41.397345,-11.082136],[-41.396458,-11.084357],[-41.395923,-11.085254],[-41.395671,-11.08547],[-41.395272,-11.085473],[-41.395054,-11.085297],[-41.394876,-11.084859],[-41.394625,-11.084401],[-41.394467,-11.084337],[-41.394322,-11.084267],[-41.394104,-11.084269],[-41.393887,-11.084271],[-41.393595,-11.08442],[-41.392803,-11.085069],[-41.392157,-11.085753],[-41.391872,-11.086255],[-41.391766,-11.086541],[-41.391757,-11.086668]]]]}},
{"type":"Feature","properties":{"nome_uc":"PARQUE ESTADUAL DO MORRO DO CHAPÉU","categoria":"Parque","grupo":"Proteção Integral","esfera":"Estadual","municipio":"MORRO DO CHAPÉU (BA)","org_gestor":"INSTITUTO DO MEIO AMBIENTE E RECURSOS HÍDRICOS DA BAHIA - BA","ato_legal":"Decreto 7.413 de 17-08-1998","criacao":"18-08-1998","fonte":"MMA – CNUC 07/2026"},"geometry":{"type":"MultiPolygon","coordinates":[[[[-41.215753,-11.404148],[-41.215533,-11.404002],[-41.215283,-11.40384],[-41.214378,-11.403255],[-41.213799,-11.402881],[-41.213606,-11.402568],[-41.213473,-11.40194],[-41.213593,-11.400933],[-41.213588,-11.40024],[-41.213392,-11.399739],[-41.212363,-11.398865],[-41.210825,-11.398121],[-41.209848,-11.398056],[-41.209274,-11.398124],[-41.208701,-11.398443],[-41.207618,-11.398703],[-41.206467,-11.398648],[-41.205506,-11.398278],[-41.2049,-11.397814],[-41.204285,-11.397343],[-41.203579,-11.396845],[-41.203366,-11.396639],[-41.202163,-11.395471],[-41.201007,-11.394599],[-41.199789,-11.394105],[-41.198818,-11.393777],[-41.198452,-11.393535],[-41.197431,-11.393281],[-41.196884,-11.392919],[-41.196637,-11.39211],[-41.196606,-11.390211],[-41.196225,-11.388182],[-41.195959,-11.386799],[-41.195825,-11.385971],[-41.195945,-11.384964],[-41.196759,-11.382818],[-41.197681,-11.378446],[-41.197853,-11.376903],[-41.197727,-11.375429],[-41.197714,-11.375247],[-41.197583,-11.373417],[-41.197186,-11.371531],[-41.196662,-11.369836],[-41.196209,-11.369085],[-41.195238,-11.367455],[-41.194848,-11.366739],[-41.19482,-11.366114],[-41.194597,-11.365021],[-41.194197,-11.364483],[-41.193933,-11.364195],[-41.193677,-11.363915],[-41.192252,-11.362592],[-41.191312,-11.361965],[-41.191225,-11.361907],[-41.190839,-11.361533],[-41.190486,-11.361124],[-41.190373,-11.360518],[-41.190339,-11.359838],[-41.19031,-11.359208],[-41.190144,-11.35865],[-41.190094,-11.358516],[-41.189805,-11.358335],[-41.189757,-11.358103],[-41.189921,-11.357842],[-41.190134,-11.357694],[-41.190477,-11.357695],[-41.191136,-11.357644],[-41.191325,-11.357595],[-41.191488,-11.357478],[-41.191511,-11.357269],[-41.191491,-11.357061],[-41.191459,-11.356736],[-41.191453,-11.355924],[-41.191473,-11.355483],[-41.191589,-11.35487],[-41.192134,-11.35362],[-41.195354,-11.351136],[-41.203152,-11.345155],[-41.208202,-11.342348],[-41.217848,-11.338729],[-41.217433,-11.338183],[-41.216026,-11.335899],[-41.215263,-11.334568],[-41.214746,-11.333048],[-41.214327,-11.331682],[-41.213761,-11.329969],[-41.213582,-11.329356],[-41.213078,-11.327709],[-41.212781,-11.326262],[-41.212689,-11.324893],[-41.212758,-11.323202],[-41.212873,-11.322254],[-41.212782,-11.321046],[-41.212575,-11.319555],[-41.212436,-11.318552],[-41.212133,-11.31622],[-41.212038,-11.314489],[-41.212099,-11.313159],[-41.212108,-11.312959],[-41.212381,-11.311287],[-41.212557,-11.309207],[-41.212606,-11.308627],[-41.21234,-11.305892],[-41.212282,-11.303717],[-41.211939,-11.301597],[-41.211562,-11.300271],[-41.211305,-11.299112],[-41.211223,-11.298744],[-41.211252,-11.297215],[-41.211401,-11.29528],[-41.212034,-11.292659],[-41.212709,-11.290052],[-41.213706,-11.286864],[-41.213737,-11.286685],[-41.214021,-11.285029],[-41.214877,-11.282136],[-41.215125,-11.279868],[-41.215126,-11.279851],[-41.215242,-11.277799],[-41.2151,-11.276687],[-41.214891,-11.276045],[-41.214721,-11.275138],[-41.214674,-11.274293],[-41.214708,-11.273447],[-41.214787,-11.273044],[-41.21523,-11.272236],[-41.215822,-11.271342],[-41.216225,-11.2704],[-41.216372,-11.269569],[-41.216624,-11.268791],[-41.21697,-11.266091],[-41.217167,-11.263673],[-41.217556,-11.260695],[-41.217827,-11.2586],[-41.218093,-11.256521],[-41.218174,-11.25623],[-41.218809,-11.25396],[-41.219485,-11.25162],[-41.219761,-11.25037],[-41.220012,-11.248377],[-41.220261,-11.246331],[-41.220283,-11.246154],[-41.220531,-11.243993],[-41.220456,-11.242729],[-41.220233,-11.242213],[-41.220012,-11.241175],[-41.219926,-11.240711],[-41.219769,-11.240304],[-41.219599,-11.239338],[-41.21959,-11.238131],[-41.219786,-11.237122],[-41.220313,-11.235568],[-41.220706,-11.23494],[-41.222087,-11.232737],[-41.223138,-11.231239],[-41.223622,-11.23043],[-41.22374,-11.229947],[-41.223816,-11.229061],[-41.22392,-11.228607],[-41.223973,-11.228374],[-41.224577,-11.227243],[-41.225222,-11.226151],[-41.225462,-11.225404],[-41.225657,-11.224196],[-41.226014,-11.222784],[-41.226335,-11.222057],[-41.226657,-11.221369],[-41.22702,-11.220924],[-41.228077,-11.220151],[-41.229987,-11.218929],[-41.230471,-11.218465],[-41.230605,-11.218337],[-41.231168,-11.217326],[-41.232134,-11.215467],[-41.232416,-11.214942],[-41.232653,-11.214705],[-41.232781,-11.214577],[-41.233269,-11.214372],[-41.233594,-11.214169],[-41.233756,-11.213966],[-41.233628,-11.213282],[-41.233599,-11.212849],[-41.233767,-11.212305],[-41.234499,-11.210777],[-41.235041,-11.209687],[-41.235293,-11.209184],[-41.236109,-11.207846],[-41.236764,-11.207135],[-41.237556,-11.206205],[-41.237826,-11.206035],[-41.237988,-11.205991],[-41.238659,-11.205692],[-41.239055,-11.205595],[-41.239231,-11.20546],[-41.239485,-11.205143],[-41.239555,-11.204997],[-41.239783,-11.204516],[-41.240025,-11.203726],[-41.240092,-11.202861],[-41.240125,-11.202422],[-41.240406,-11.199486],[-41.240506,-11.198154],[-41.240616,-11.197677],[-41.240858,-11.196914],[-41.242814,-11.193287],[-41.243574,-11.19176],[-41.243845,-11.191058],[-41.244114,-11.190215],[-41.244458,-11.188473],[-41.244683,-11.185429],[-41.244501,-11.183215],[-41.244393,-11.182684],[-41.244368,-11.182558],[-41.24419,-11.182185],[-41.243441,-11.181565],[-41.242529,-11.181138],[-41.240895,-11.180091],[-41.239011,-11.178692],[-41.237146,-11.177461],[-41.235655,-11.176902],[-41.23325,-11.175915],[-41.231094,-11.175007],[-41.231023,-11.174985],[-41.230058,-11.174688],[-41.228871,-11.174479],[-41.225703,-11.174448],[-41.22331,-11.17454],[-41.223897,-11.174266],[-41.224338,-11.17406],[-41.225822,-11.172932],[-41.226846,-11.172265],[-41.228179,-11.171545],[-41.229108,-11.170764],[-41.229972,-11.169439],[-41.230533,-11.168674],[-41.231452,-11.167804],[-41.232422,-11.167215],[-41.232713,-11.167037],[-41.233285,-11.166663],[-41.234469,-11.166049],[-41.235399,-11.165667],[-41.235962,-11.165436],[-41.237143,-11.16512],[-41.237543,-11.165104],[-41.238687,-11.165058],[-41.239562,-11.165051],[-41.240348,-11.165132],[-41.241192,-11.165486],[-41.242349,-11.166147],[-41.243139,-11.166844],[-41.244399,-11.167994],[-41.244576,-11.168155],[-41.24719,-11.170542],[-41.250193,-11.172905],[-41.251177,-11.173709],[-41.251953,-11.174312],[-41.253413,-11.174712],[-41.255169,-11.175512],[-41.256136,-11.176158],[-41.256964,-11.176811],[-41.257019,-11.176857],[-41.258829,-11.17837],[-41.26092,-11.180104],[-41.262785,-11.181664],[-41.264439,-11.182615],[-41.266567,-11.184333],[-41.267285,-11.184673],[-41.26806,-11.185125],[-41.269093,-11.185573],[-41.270072,-11.18582],[-41.270998,-11.185761],[-41.272232,-11.1856],[-41.273773,-11.185233],[-41.275519,-11.184865],[-41.275912,-11.184726],[-41.276546,-11.184502],[-41.277214,-11.184293],[-41.278648,-11.183471],[-41.279517,-11.182754],[-41.280459,-11.181973],[-41.282298,-11.180234],[-41.284448,-11.178746],[-41.286189,-11.177718],[-41.288702,-11.176532],[-41.290035,-11.176066],[-41.292036,-11.175289],[-41.293729,-11.174667],[-41.299166,-11.174297],[-41.30045,-11.174058],[-41.302002,-11.173949],[-41.303322,-11.173906],[-41.304379,-11.173995],[-41.3058,-11.174213],[-41.307485,-11.174395],[-41.307751,-11.174402],[-41.309467,-11.174445],[-41.310324,-11.174276],[-41.311885,-11.173909],[-41.312775,-11.17374],[-41.313798,-11.173699],[-41.315548,-11.173652],[-41.318816,-11.173627],[-41.320083,-11.173686],[-41.320357,-11.17366],[-41.321239,-11.174149],[-41.32209,-11.174405],[-41.322448,-11.174534],[-41.322996,-11.174737],[-41.323996,-11.175058],[-41.324624,-11.175183],[-41.325086,-11.17518],[-41.325613,-11.175046],[-41.326994,-11.174352],[-41.327367,-11.174116],[-41.327881,-11.173792],[-41.328802,-11.173361],[-41.330423,-11.172791],[-41.330884,-11.172658],[-41.331544,-11.17262],[-41.332073,-11.172648],[-41.332999,-11.172836],[-41.334095,-11.172757],[-41.335149,-11.172489],[-41.336401,-11.172219],[-41.33795,-11.171849],[-41.339664,-11.171509],[-41.341254,-11.171272],[-41.342638,-11.171033],[-41.343299,-11.171028],[-41.343993,-11.171153],[-41.344688,-11.171375],[-41.344867,-11.171442],[-41.345313,-11.171609],[-41.345722,-11.171633],[-41.346345,-11.171718],[-41.346738,-11.17175],[-41.347133,-11.171584],[-41.347766,-11.171384],[-41.348195,-11.171283],[-41.348558,-11.171247],[-41.348889,-11.171343],[-41.349552,-11.171793],[-41.350381,-11.172242],[-41.350779,-11.172369],[-41.350987,-11.172426],[-41.351007,-11.172432],[-41.351025,-11.172502],[-41.351096,-11.172612],[-41.351194,-11.172735],[-41.35132,-11.172802],[-41.351461,-11.172842],[-41.3516,-11.172869],[-41.351781,-11.172867],[-41.3522,-11.172809],[-41.352325,-11.172766],[-41.352854,-11.172611],[-41.353257,-11.172525],[-41.353508,-11.172496],[-41.353814,-11.17248],[-41.354051,-11.172465],[-41.35433,-11.172448],[-41.354581,-11.172419],[-41.354832,-11.17239],[-41.355055,-11.172318],[-41.355235,-11.17218],[-41.355429,-11.172041],[-41.355637,-11.171902],[-41.355859,-11.171803],[-41.356095,-11.171733],[-41.356222,-11.171718],[-41.356375,-11.171759],[-41.356501,-11.171881],[-41.356544,-11.172018],[-41.356559,-11.172101],[-41.356546,-11.172224],[-41.356505,-11.172362],[-41.356411,-11.172707],[-41.356398,-11.172817],[-41.356385,-11.172969],[-41.356372,-11.173093],[-41.356373,-11.173188],[-41.356402,-11.17334],[-41.356431,-11.173463],[-41.356446,-11.173601],[-41.356433,-11.173738],[-41.356365,-11.17389],[-41.356254,-11.174029],[-41.356019,-11.174319],[-41.355854,-11.174636],[-41.355563,-11.175458],[-41.35543,-11.176031],[-41.355164,-11.177313],[-41.354651,-11.178788],[-41.354548,-11.179659],[-41.35433,-11.180151],[-41.354003,-11.180644],[-41.353728,-11.181016],[-41.353563,-11.181181],[-41.353097,-11.18162],[-41.353014,-11.181648],[-41.352549,-11.182196],[-41.352304,-11.182498],[-41.352115,-11.183071],[-41.351896,-11.183373],[-41.351594,-11.183566],[-41.351566,-11.183566],[-41.350794,-11.183653],[-41.350656,-11.183709],[-41.350271,-11.183848],[-41.350107,-11.184122],[-41.349971,-11.184395],[-41.349866,-11.184995],[-41.349759,-11.185459],[-41.349545,-11.186277],[-41.349406,-11.187003],[-41.349245,-11.187549],[-41.349109,-11.187903],[-41.348728,-11.188588],[-41.348263,-11.189135],[-41.347851,-11.189466],[-41.347384,-11.189714],[-41.346864,-11.189929],[-41.346726,-11.189979],[-41.346579,-11.190058],[-41.346481,-11.190146],[-41.346364,-11.190253],[-41.346276,-11.190351],[-41.346189,-11.190478],[-41.346131,-11.190614],[-41.346103,-11.19077],[-41.346114,-11.190925],[-41.346125,-11.19108],[-41.346146,-11.191246],[-41.346137,-11.191401],[-41.346099,-11.191576],[-41.346022,-11.191722],[-41.345944,-11.191849],[-41.34568,-11.192132],[-41.345214,-11.192537],[-41.344903,-11.192832],[-41.344795,-11.192972],[-41.344718,-11.193127],[-41.344688,-11.193265],[-41.344689,-11.193404],[-41.344721,-11.193543],[-41.344801,-11.193696],[-41.344927,-11.193864],[-41.345604,-11.194568],[-41.34619,-11.195426],[-41.346492,-11.196101],[-41.346524,-11.196209],[-41.346556,-11.196347],[-41.346573,-11.196455],[-41.346558,-11.196563],[-41.346512,-11.196687],[-41.346466,-11.196779],[-41.346373,-11.196873],[-41.346125,-11.197013],[-41.345648,-11.197199],[-41.345519,-11.197293],[-41.345408,-11.197385],[-41.345353,-11.197476],[-41.345317,-11.19755],[-41.345281,-11.19766],[-41.345281,-11.197752],[-41.3453,-11.197843],[-41.345339,-11.197952],[-41.345414,-11.198098],[-41.345433,-11.198171],[-41.34549,-11.198299],[-41.345509,-11.19839],[-41.345529,-11.198555],[-41.345512,-11.198738],[-41.345439,-11.198922],[-41.345293,-11.199215],[-41.34522,-11.199381],[-41.345185,-11.199527],[-41.345166,-11.199637],[-41.345186,-11.199728],[-41.345224,-11.199801],[-41.345316,-11.199855],[-41.345894,-11.200125],[-41.346138,-11.200397],[-41.346176,-11.200489],[-41.346232,-11.20058],[-41.34627,-11.200708],[-41.346252,-11.200799],[-41.346179,-11.200946],[-41.346069,-11.201112],[-41.345977,-11.201204],[-41.345608,-11.20139],[-41.345201,-11.201521],[-41.345034,-11.201614],[-41.344942,-11.201688],[-41.34487,-11.201908],[-41.344886,-11.20205],[-41.344923,-11.202159],[-41.344962,-11.202323],[-41.344964,-11.202327],[-41.344097,-11.202294],[-41.342017,-11.202224],[-41.340853,-11.202095],[-41.339346,-11.202165],[-41.338434,-11.202207],[-41.337106,-11.202043],[-41.336256,-11.202044],[-41.334624,-11.202301],[-41.333704,-11.202724],[-41.332997,-11.202817],[-41.332599,-11.20282],[-41.332499,-11.202792],[-41.332532,-11.202833],[-41.332669,-11.202965],[-41.332928,-11.203031],[-41.333201,-11.203055],[-41.333486,-11.203067],[-41.333705,-11.203119],[-41.334128,-11.203257],[-41.334757,-11.203546],[-41.335194,-11.203664],[-41.335452,-11.203743],[-41.335739,-11.203767],[-41.336161,-11.20371],[-41.336432,-11.203654],[-41.336704,-11.203572],[-41.336922,-11.203557],[-41.337099,-11.203596],[-41.337304,-11.203742],[-41.337469,-11.203915],[-41.337719,-11.204517],[-41.337734,-11.206376],[-41.337791,-11.206685],[-41.337902,-11.206912],[-41.3384,-11.207834],[-41.338483,-11.208062],[-41.338498,-11.208262],[-41.338473,-11.208578],[-41.338333,-11.209781],[-41.33807,-11.210857],[-41.337217,-11.213233],[-41.336954,-11.214355],[-41.336902,-11.214692],[-41.336864,-11.215014],[-41.336757,-11.215297],[-41.336502,-11.215661],[-41.334484,-11.217134],[-41.333456,-11.217813],[-41.333063,-11.218179],[-41.332942,-11.218368],[-41.332903,-11.218502],[-41.332946,-11.218636],[-41.333205,-11.218611],[-41.334019,-11.218383],[-41.335304,-11.218173],[-41.336783,-11.217665],[-41.338259,-11.216896],[-41.338762,-11.216788],[-41.339988,-11.216638],[-41.340681,-11.216553],[-41.342883,-11.216646],[-41.344739,-11.216736],[-41.345351,-11.216767],[-41.347388,-11.216872],[-41.347997,-11.216972],[-41.348395,-11.217072],[-41.348821,-11.217304],[-41.34951,-11.217684],[-41.350047,-11.21826],[-41.350077,-11.218289],[-41.350875,-11.219064],[-41.35097,-11.219143],[-41.351472,-11.219564],[-41.351872,-11.2199],[-41.352564,-11.22039],[-41.353363,-11.220933],[-41.354242,-11.221552],[-41.354865,-11.222085],[-41.355603,-11.222717],[-41.35611,-11.223234],[-41.356395,-11.223446],[-41.356457,-11.223493],[-41.356855,-11.223647],[-41.357226,-11.223695],[-41.357764,-11.223779],[-41.357476,-11.224062],[-41.357013,-11.224749],[-41.356889,-11.225011],[-41.356325,-11.225282],[-41.355874,-11.225407],[-41.355669,-11.225408],[-41.355132,-11.22517],[-41.354473,-11.224972],[-41.354062,-11.224976],[-41.354055,-11.224977],[-41.352986,-11.225187],[-41.352493,-11.225312],[-41.351383,-11.225239],[-41.350727,-11.225366],[-41.350337,-11.225532],[-41.349949,-11.225697],[-41.349295,-11.226107],[-41.348601,-11.226679],[-41.34775,-11.22765],[-41.346838,-11.228642],[-41.346045,-11.229135],[-41.34598,-11.229175],[-41.343972,-11.230002],[-41.342663,-11.230579],[-41.34133,-11.230904],[-41.340954,-11.230919],[-41.340924,-11.23092],[-41.340721,-11.230991],[-41.340262,-11.231066],[-41.339593,-11.231142],[-41.33908,-11.231107],[-41.339004,-11.231108],[-41.339091,-11.231193],[-41.339968,-11.231428],[-41.340727,-11.231618],[-41.340955,-11.231709],[-41.341336,-11.232005],[-41.341815,-11.232748],[-41.342201,-11.233621],[-41.342594,-11.235382],[-41.342728,-11.235662],[-41.342959,-11.235977],[-41.34334,-11.236347],[-41.344808,-11.237511],[-41.345075,-11.237808],[-41.34519,-11.238022],[-41.345191,-11.238116],[-41.345098,-11.238396],[-41.345043,-11.238527],[-41.344761,-11.238827],[-41.344668,-11.239034],[-41.344632,-11.239221],[-41.344633,-11.239333],[-41.34471,-11.2395],[-41.344843,-11.239573],[-41.345014,-11.239591],[-41.345488,-11.239699],[-41.345792,-11.239828],[-41.345944,-11.239976],[-41.346078,-11.240143],[-41.346194,-11.240403],[-41.3462,-11.241112],[-41.345926,-11.242374],[-41.345608,-11.242918],[-41.344238,-11.244385],[-41.343975,-11.244573],[-41.343786,-11.244649],[-41.343503,-11.244708],[-41.342973,-11.244768],[-41.342708,-11.244807],[-41.342443,-11.244856],[-41.342292,-11.244931],[-41.34218,-11.245044],[-41.342124,-11.245157],[-41.342125,-11.245288],[-41.342127,-11.245302],[-41.342145,-11.245418],[-41.342214,-11.245579],[-41.342313,-11.245622],[-41.342477,-11.245772],[-41.34267,-11.2461],[-41.342849,-11.246418],[-41.342893,-11.246541],[-41.342983,-11.246656],[-41.343155,-11.246787],[-41.343051,-11.246886],[-41.342867,-11.247193],[-41.342787,-11.247397],[-41.342706,-11.247785],[-41.342714,-11.24873],[-41.342721,-11.248732],[-41.342797,-11.248754],[-41.342929,-11.248753],[-41.343099,-11.248732],[-41.343212,-11.248675],[-41.343325,-11.248581],[-41.343681,-11.248093],[-41.344171,-11.247735],[-41.344473,-11.247658],[-41.344813,-11.247599],[-41.345002,-11.247579],[-41.345363,-11.24766],[-41.346124,-11.248177],[-41.346793,-11.248937],[-41.346985,-11.24929],[-41.347159,-11.249699],[-41.347316,-11.249934],[-41.34737,-11.250014],[-41.347617,-11.250236],[-41.347903,-11.250383],[-41.349993,-11.251235],[-41.351112,-11.251506],[-41.351606,-11.251726],[-41.351739,-11.251856],[-41.351835,-11.251967],[-41.351913,-11.252191],[-41.351918,-11.252844],[-41.351827,-11.25333],[-41.351828,-11.253497],[-41.351868,-11.253665],[-41.351926,-11.253739],[-41.352589,-11.253902],[-41.353936,-11.254162],[-41.354126,-11.254216],[-41.354316,-11.254346],[-41.354469,-11.254494],[-41.354584,-11.25468],[-41.354642,-11.254903],[-41.354626,-11.255202],[-41.354479,-11.255781],[-41.354387,-11.256081],[-41.354389,-11.25636],[-41.354639,-11.256751],[-41.355211,-11.257278],[-41.355536,-11.25763],[-41.355689,-11.257872],[-41.355785,-11.25815],[-41.355787,-11.258356],[-41.355751,-11.258562],[-41.355263,-11.259107],[-41.35519,-11.259332],[-41.355153,-11.259518],[-41.355154,-11.259705],[-41.355232,-11.259891],[-41.355576,-11.260326],[-41.356932,-11.261715],[-41.357394,-11.262626],[-41.357857,-11.263771],[-41.357919,-11.264293],[-41.357889,-11.265357],[-41.357742,-11.265843],[-41.357536,-11.266125],[-41.356358,-11.268033],[-41.355644,-11.268369],[-41.354345,-11.269277],[-41.353836,-11.269817],[-41.353274,-11.270149],[-41.353206,-11.270189],[-41.352464,-11.270488],[-41.351832,-11.270677],[-41.351237,-11.270866],[-41.350857,-11.270917],[-41.350407,-11.271189],[-41.349544,-11.271889],[-41.349384,-11.272018],[-41.348486,-11.272552],[-41.348516,-11.272623],[-41.348681,-11.27273],[-41.34898,-11.272781],[-41.349716,-11.272775],[-41.350016,-11.2728],[-41.350316,-11.272851],[-41.350672,-11.273063],[-41.351493,-11.273593],[-41.352262,-11.274446],[-41.352789,-11.275529],[-41.353902,-11.279551],[-41.353912,-11.279588],[-41.354356,-11.280577],[-41.354776,-11.282051],[-41.354888,-11.282399],[-41.354917,-11.282641],[-41.354683,-11.283971],[-41.354455,-11.286121],[-41.354457,-11.286416],[-41.354488,-11.286792],[-41.354599,-11.287032],[-41.354792,-11.287353],[-41.355371,-11.288181],[-41.355682,-11.289615],[-41.355832,-11.291305],[-41.356659,-11.295795],[-41.357777,-11.302686],[-41.358337,-11.304534],[-41.358428,-11.305714],[-41.35838,-11.306439],[-41.358276,-11.307031],[-41.357981,-11.307691],[-41.357444,-11.308635],[-41.357205,-11.309255],[-41.357144,-11.309645],[-41.357049,-11.310249],[-41.356943,-11.310572],[-41.356782,-11.310895],[-41.355947,-11.312056],[-41.355868,-11.312379],[-41.355924,-11.312567],[-41.356116,-11.312646],[-41.356129,-11.312646],[-41.356361,-11.312644],[-41.356796,-11.312506],[-41.357392,-11.312206],[-41.358257,-11.311448],[-41.358986,-11.310555],[-41.35923,-11.31042],[-41.359421,-11.310391],[-41.35964,-11.310497],[-41.359805,-11.310764],[-41.359943,-11.311004],[-41.359973,-11.311326],[-41.359893,-11.311568],[-41.35968,-11.312147],[-41.35898,-11.313173],[-41.358658,-11.31374],[-41.358632,-11.313874],[-41.35866,-11.313981],[-41.358714,-11.314008],[-41.358878,-11.314006],[-41.35915,-11.313977],[-41.359368,-11.313949],[-41.359425,-11.313937],[-41.359776,-11.313864],[-41.360021,-11.313863],[-41.360239,-11.313942],[-41.360404,-11.314075],[-41.360542,-11.314234],[-41.360733,-11.314287],[-41.361032,-11.314311],[-41.361468,-11.314227],[-41.362609,-11.313842],[-41.363043,-11.313678],[-41.363287,-11.313568],[-41.36356,-11.313593],[-41.363751,-11.313699],[-41.363943,-11.313885],[-41.364083,-11.314314],[-41.364281,-11.315252],[-41.364238,-11.316474],[-41.36399,-11.31951],[-41.363805,-11.320209],[-41.363267,-11.321086],[-41.3627,-11.321654],[-41.362022,-11.321928],[-41.361586,-11.322012],[-41.361096,-11.322069],[-41.360715,-11.322072],[-41.359979,-11.322025],[-41.359897,-11.321998],[-41.359734,-11.322],[-41.359516,-11.322055],[-41.359408,-11.322163],[-41.359354,-11.322244],[-41.359274,-11.322406],[-41.359221,-11.322675],[-41.359251,-11.32297],[-41.359449,-11.323935],[-41.3596,-11.325665],[-41.359559,-11.327304],[-41.359298,-11.332071],[-41.359316,-11.334218],[-41.358907,-11.337564],[-41.358671,-11.338533],[-41.358295,-11.339287],[-41.357971,-11.339639],[-41.357591,-11.33983],[-41.35683,-11.34005],[-41.355522,-11.340061],[-41.354677,-11.339973],[-41.354377,-11.339922],[-41.354078,-11.339952],[-41.353752,-11.340088],[-41.353671,-11.340224],[-41.353591,-11.340412],[-41.353565,-11.340546],[-41.353567,-11.34056],[-41.354075,-11.34065],[-41.355492,-11.341019],[-41.356316,-11.34124],[-41.357192,-11.34141],[-41.35804,-11.341454],[-41.358508,-11.341384],[-41.35854,-11.341415],[-41.358616,-11.341451],[-41.358939,-11.341542],[-41.359147,-11.341559],[-41.359715,-11.341554],[-41.360549,-11.341604],[-41.360795,-11.341658],[-41.360929,-11.341732],[-41.361025,-11.341861],[-41.36103,-11.342421],[-41.360806,-11.342992],[-41.360696,-11.343348],[-41.36066,-11.343553],[-41.360661,-11.343665],[-41.360606,-11.343946],[-41.360539,-11.34501],[-41.360448,-11.345403],[-41.360394,-11.34572],[-41.360399,-11.346402],[-41.360439,-11.346681],[-41.360478,-11.346811],[-41.360499,-11.347017],[-41.360353,-11.347634],[-41.360226,-11.348344],[-41.360172,-11.348699],[-41.360195,-11.349222],[-41.360235,-11.349492],[-41.360543,-11.350011],[-41.361363,-11.35077],[-41.361936,-11.351251],[-41.362299,-11.35164],[-41.362432,-11.351825],[-41.362472,-11.351993],[-41.362478,-11.352787],[-41.362442,-11.352992],[-41.362329,-11.353124],[-41.362255,-11.353199],[-41.362066,-11.353331],[-41.361329,-11.353598],[-41.360894,-11.353639],[-41.360175,-11.353719],[-41.35993,-11.353758],[-41.359702,-11.353779],[-41.359305,-11.353876],[-41.359041,-11.35399],[-41.358797,-11.354179],[-41.358684,-11.354292],[-41.358553,-11.35446],[-41.358499,-11.354815],[-41.358487,-11.355711],[-41.358714,-11.35794],[-41.358647,-11.359051],[-41.358557,-11.359649],[-41.358502,-11.359929],[-41.358429,-11.360135],[-41.358354,-11.360267],[-41.358054,-11.360623],[-41.357641,-11.361056],[-41.357509,-11.361262],[-41.357454,-11.361431],[-41.357442,-11.361541],[-41.35831,-11.361578],[-41.359139,-11.361857],[-41.359195,-11.361876],[-41.359773,-11.362306],[-41.360306,-11.36265],[-41.361101,-11.362817],[-41.361898,-11.363029],[-41.361072,-11.364221],[-41.360623,-11.365639],[-41.3607,-11.366045],[-41.360716,-11.366205],[-41.360717,-11.366335],[-41.360718,-11.366451],[-41.360764,-11.366567],[-41.360794,-11.366712],[-41.360839,-11.366813],[-41.360899,-11.366899],[-41.361003,-11.366971],[-41.361091,-11.367029],[-41.361239,-11.367085],[-41.361342,-11.367084],[-41.36146,-11.367083],[-41.361548,-11.367083],[-41.361696,-11.36711],[-41.361873,-11.367182],[-41.361962,-11.367283],[-41.362052,-11.367383],[-41.362141,-11.367499],[-41.362335,-11.367845],[-41.362488,-11.368526],[-41.362544,-11.36916],[-41.363028,-11.370825],[-41.363226,-11.371622],[-41.363409,-11.371847],[-41.363543,-11.372006],[-41.363663,-11.372122],[-41.36381,-11.372251],[-41.363914,-11.372366],[-41.364004,-11.372554],[-41.364036,-11.372771],[-41.364069,-11.373221],[-41.364071,-11.373468],[-41.364074,-11.37383],[-41.363962,-11.374528],[-41.363935,-11.374897],[-41.363908,-11.375115],[-41.363909,-11.375289],[-41.36394,-11.37542],[-41.363999,-11.375492],[-41.364147,-11.375548],[-41.364232,-11.375539],[-41.363747,-11.376233],[-41.363025,-11.37734],[-41.361887,-11.379579],[-41.361348,-11.382566],[-41.361225,-11.384044],[-41.361228,-11.384419],[-41.361351,-11.386083],[-41.361465,-11.386754],[-41.361604,-11.387128],[-41.361714,-11.387288],[-41.361878,-11.387314],[-41.362014,-11.387286],[-41.362149,-11.38715],[-41.362256,-11.386961],[-41.362362,-11.386558],[-41.362488,-11.385322],[-41.362781,-11.384515],[-41.362915,-11.384245],[-41.363051,-11.384136],[-41.363241,-11.384082],[-41.363759,-11.384104],[-41.364387,-11.384286],[-41.364662,-11.384527],[-41.364964,-11.384926],[-41.36516,-11.385435],[-41.365164,-11.385931],[-41.365084,-11.386201],[-41.36495,-11.386444],[-41.364599,-11.386849],[-41.364437,-11.387065],[-41.364413,-11.387333],[-41.364551,-11.387655],[-41.365019,-11.388215],[-41.365378,-11.388749],[-41.365435,-11.389124],[-41.365502,-11.390587],[-41.365293,-11.391716],[-41.364923,-11.393061],[-41.364871,-11.393411],[-41.364929,-11.393786],[-41.365095,-11.394053],[-41.36559,-11.394693],[-41.365757,-11.395095],[-41.365788,-11.395498],[-41.365654,-11.395821],[-41.365277,-11.39636],[-41.365034,-11.396523],[-41.364761,-11.396607],[-41.364434,-11.396609],[-41.364079,-11.396558],[-41.363751,-11.396427],[-41.363286,-11.396135],[-41.361943,-11.395206],[-41.361697,-11.395047],[-41.361533,-11.394968],[-41.361315,-11.39497],[-41.361207,-11.395051],[-41.36118,-11.395159],[-41.361175,-11.395224],[-41.361839,-11.395896],[-41.36298,-11.397002],[-41.363621,-11.397554],[-41.363883,-11.397697],[-41.364188,-11.397863],[-41.364969,-11.39824],[-41.365927,-11.398615],[-41.366494,-11.398785],[-41.36699,-11.398885],[-41.367369,-11.398881],[-41.367487,-11.398904],[-41.367506,-11.398907],[-41.367488,-11.399],[-41.367501,-11.399264],[-41.367601,-11.40002],[-41.367687,-11.400651],[-41.367738,-11.401417],[-41.367739,-11.401569],[-41.367715,-11.401822],[-41.367615,-11.402074],[-41.367163,-11.403088],[-41.366734,-11.404025],[-41.36623,-11.404938],[-41.365724,-11.405724],[-41.365484,-11.406098],[-41.365241,-11.406367],[-41.364883,-11.40656],[-41.364743,-11.406649],[-41.364654,-11.406713],[-41.364399,-11.407006],[-41.364336,-11.407184],[-41.364311,-11.407273],[-41.364286,-11.407387],[-41.364275,-11.407513],[-41.364301,-11.407652],[-41.364348,-11.407717],[-41.36315,-11.41468],[-41.362834,-11.415263],[-41.36261,-11.415768],[-41.362443,-11.416146],[-41.362111,-11.417308],[-41.362022,-11.417963],[-41.361823,-11.419162],[-41.361649,-11.42111],[-41.361458,-11.422858],[-41.361456,-11.422873],[-41.361371,-11.424111],[-41.361285,-11.425278],[-41.361066,-11.426234],[-41.360851,-11.427626],[-41.360794,-11.427947],[-41.360738,-11.428263],[-41.360634,-11.428853],[-41.360555,-11.429164],[-41.360401,-11.429711],[-41.359937,-11.431142],[-41.359502,-11.432174],[-41.359133,-11.43333],[-41.358963,-11.43398],[-41.358795,-11.434776],[-41.358627,-11.435502],[-41.35853,-11.435891],[-41.358464,-11.436258],[-41.358408,-11.43649],[-41.358376,-11.436582],[-41.35832,-11.436744],[-41.358202,-11.436971],[-41.358666,-11.441107],[-41.358744,-11.441444],[-41.358871,-11.441982],[-41.359209,-11.44353],[-41.359383,-11.444402],[-41.359613,-11.445545],[-41.359992,-11.446324],[-41.360008,-11.44636],[-41.360234,-11.446958],[-41.360293,-11.44734],[-41.360185,-11.447723],[-41.359902,-11.448519],[-41.359594,-11.449383],[-41.359104,-11.450369],[-41.358927,-11.450933],[-41.358857,-11.451444],[-41.358863,-11.451848],[-41.35887,-11.452228],[-41.358917,-11.452422],[-41.359004,-11.452777],[-41.359549,-11.453364],[-41.360792,-11.454371],[-41.361005,-11.4545],[-41.361351,-11.454835],[-41.36162,-11.455482],[-41.362191,-11.457441],[-41.36255,-11.45944],[-41.362806,-11.461544],[-41.362951,-11.463142],[-41.363086,-11.46669],[-41.363205,-11.468405],[-41.363515,-11.470781],[-41.363905,-11.473144],[-41.364359,-11.47695],[-41.364373,-11.478587],[-41.36512,-11.483929],[-41.364572,-11.484609],[-41.363902,-11.485428],[-41.362949,-11.486638],[-41.361777,-11.488155],[-41.360816,-11.489272],[-41.359827,-11.489977],[-41.358861,-11.490346],[-41.358253,-11.490407],[-41.358215,-11.490569],[-41.358208,-11.490468],[-41.357867,-11.490535],[-41.357097,-11.490541],[-41.356033,-11.490498],[-41.35438,-11.490331],[-41.351688,-11.490185],[-41.34949,-11.490103],[-41.346739,-11.490018],[-41.345692,-11.48996],[-41.345085,-11.489926],[-41.343096,-11.489815],[-41.341864,-11.489783],[-41.339156,-11.489711],[-41.337729,-11.489661],[-41.33666,-11.489617],[-41.335426,-11.489567],[-41.334509,-11.489574],[-41.334171,-11.489564],[-41.333828,-11.489554],[-41.33333,-11.489558],[-41.332885,-11.489639],[-41.332362,-11.489798],[-41.331453,-11.490178],[-41.331292,-11.490245],[-41.331028,-11.490377],[-41.329586,-11.491094],[-41.328552,-11.491608],[-41.328161,-11.491762],[-41.32636,-11.492467],[-41.325185,-11.492935],[-41.322955,-11.493859],[-41.32188,-11.494304],[-41.318356,-11.495906],[-41.314988,-11.497352],[-41.312611,-11.498203],[-41.312025,-11.498444],[-41.311268,-11.498863],[-41.310669,-11.499229],[-41.310279,-11.499644],[-41.3098,-11.500194],[-41.309149,-11.500621],[-41.308448,-11.501303],[-41.308404,-11.500843],[-41.308405,-11.499969],[-41.307748,-11.499322],[-41.306916,-11.498405],[-41.306724,-11.497963],[-41.306721,-11.497594],[-41.307358,-11.497404],[-41.30788,-11.497142],[-41.308178,-11.496954],[-41.308701,-11.496543],[-41.309031,-11.495654],[-41.309174,-11.494803],[-41.309465,-11.493729],[-41.310161,-11.490781],[-41.310566,-11.489817],[-41.311487,-11.487815],[-41.312213,-11.484816],[-41.312318,-11.483892],[-41.312427,-11.483411],[-41.312348,-11.482968],[-41.311818,-11.482344],[-41.310493,-11.481257],[-41.31019,-11.480889],[-41.309963,-11.480633],[-41.309848,-11.480375],[-41.309921,-11.480079],[-41.310181,-11.479818],[-41.310405,-11.479669],[-41.310891,-11.479405],[-41.311786,-11.478918],[-41.312309,-11.478582],[-41.312796,-11.478431],[-41.313358,-11.478426],[-41.313734,-11.47857],[-41.31426,-11.478677],[-41.315696,-11.479922],[-41.316826,-11.480541],[-41.317088,-11.480613],[-41.317576,-11.480609],[-41.318397,-11.480085],[-41.319027,-11.479156],[-41.319095,-11.478232],[-41.318921,-11.477765],[-41.318712,-11.477312],[-41.317844,-11.476654],[-41.315846,-11.475487],[-41.314526,-11.474463],[-41.313882,-11.473693],[-41.313122,-11.472554],[-41.312208,-11.470795],[-41.311641,-11.470356],[-41.31104,-11.470176],[-41.310552,-11.470143],[-41.309877,-11.470185],[-41.309054,-11.470414],[-41.307595,-11.470795],[-41.306793,-11.470991],[-41.306023,-11.47185],[-41.30564,-11.472485],[-41.305226,-11.473171],[-41.304961,-11.473703],[-41.304258,-11.475114],[-41.304055,-11.475196],[-41.303856,-11.475175],[-41.303523,-11.475091],[-41.303457,-11.475025],[-41.303431,-11.474633],[-41.303517,-11.474327],[-41.303625,-11.473998],[-41.303733,-11.473584],[-41.303725,-11.472623],[-41.30375,-11.471627],[-41.303773,-11.470714],[-41.303769,-11.470256],[-41.303898,-11.469752],[-41.303962,-11.469468],[-41.303959,-11.469141],[-41.303889,-11.468727],[-41.303709,-11.468314],[-41.303481,-11.468003],[-41.303437,-11.46796],[-41.303148,-11.467767],[-41.302704,-11.467726],[-41.302349,-11.467751],[-41.302238,-11.467729],[-41.301887,-11.468038],[-41.301579,-11.468346],[-41.300924,-11.469421],[-41.300621,-11.469724],[-41.300198,-11.470147],[-41.299824,-11.470432],[-41.299275,-11.471114],[-41.298888,-11.471554],[-41.29831,-11.472212],[-41.297671,-11.472675],[-41.297387,-11.472796],[-41.297546,-11.472585],[-41.297633,-11.47229],[-41.297683,-11.47114],[-41.297758,-11.470667],[-41.297825,-11.470244],[-41.298048,-11.469569],[-41.298234,-11.469004],[-41.298397,-11.468637],[-41.29824,-11.468662],[-41.298062,-11.468539],[-41.298011,-11.468465],[-41.297984,-11.468168],[-41.298072,-11.467808],[-41.298203,-11.467273],[-41.29825,-11.4669],[-41.298046,-11.46663],[-41.297996,-11.466581],[-41.297717,-11.466384],[-41.297389,-11.466263],[-41.296962,-11.46634],[-41.296433,-11.46627],[-41.2957,-11.466003],[-41.294667,-11.465258],[-41.294039,-11.464757],[-41.293265,-11.464787],[-41.292384,-11.464822],[-41.291069,-11.465008],[-41.289787,-11.46552],[-41.289214,-11.465869],[-41.288954,-11.466027],[-41.288004,-11.466978],[-41.287354,-11.467999],[-41.287085,-11.468421],[-41.286384,-11.46928],[-41.286235,-11.469631],[-41.285669,-11.470966],[-41.285435,-11.471646],[-41.285235,-11.472738],[-41.285047,-11.473608],[-41.284744,-11.475011],[-41.28439,-11.476236],[-41.284157,-11.477043],[-41.283751,-11.478549],[-41.282959,-11.480589],[-41.281117,-11.483572],[-41.27947,-11.486233],[-41.278201,-11.488395],[-41.277697,-11.489136],[-41.277074,-11.4897],[-41.275666,-11.490998],[-41.274005,-11.492779],[-41.273442,-11.493333],[-41.272164,-11.494591],[-41.270457,-11.49591],[-41.26944,-11.497459],[-41.268785,-11.498613],[-41.268333,-11.499473],[-41.268195,-11.499859],[-41.268115,-11.500195],[-41.268126,-11.500499],[-41.267991,-11.500932],[-41.267308,-11.502406],[-41.265637,-11.505284],[-41.265206,-11.505669],[-41.26431,-11.506835],[-41.263478,-11.507596],[-41.262076,-11.50863],[-41.261622,-11.509137],[-41.261279,-11.50908],[-41.260686,-11.509029],[-41.260241,-11.509005],[-41.259736,-11.508981],[-41.259262,-11.508928],[-41.258609,-11.508847],[-41.25757,-11.508683],[-41.256441,-11.508403],[-41.255578,-11.508154],[-41.254431,-11.50768],[-41.253838,-11.507419],[-41.252504,-11.506569],[-41.251556,-11.505946],[-41.251554,-11.505759],[-41.251478,-11.505359],[-41.251402,-11.504995],[-41.251323,-11.504302],[-41.251282,-11.503937],[-41.251242,-11.503462],[-41.251052,-11.50277],[-41.250865,-11.502406],[-41.250715,-11.502006],[-41.250581,-11.501195],[-41.250556,-11.500194],[-41.250577,-11.49996],[-41.250599,-11.499832],[-41.250748,-11.499642],[-41.251323,-11.499073],[-41.252462,-11.498195],[-41.253199,-11.497558],[-41.253199,-11.497558],[-41.25193,-11.492236],[-41.248998,-11.485522],[-41.244705,-11.478038],[-41.240961,-11.468657],[-41.236425,-11.461498],[-41.23494,-11.458249],[-41.228031,-11.450258],[-41.228148,-11.448847],[-41.227887,-11.447246],[-41.227699,-11.446074],[-41.226531,-11.443909],[-41.225743,-11.442606],[-41.225613,-11.442413],[-41.224845,-11.441273],[-41.224773,-11.441166],[-41.223869,-11.439914],[-41.223416,-11.439288],[-41.222574,-11.437658],[-41.222052,-11.436278],[-41.221264,-11.433578],[-41.220867,-11.432145],[-41.220732,-11.431658],[-41.220278,-11.430718],[-41.219721,-11.430058],[-41.219721,-11.430058],[-41.219697,-11.43003],[-41.218796,-11.429155],[-41.217639,-11.42822],[-41.217357,-11.427745],[-41.217184,-11.427453],[-41.21692,-11.426322],[-41.216786,-11.425442],[-41.216777,-11.424309],[-41.217208,-11.422293],[-41.21764,-11.420338],[-41.218199,-11.418257],[-41.218384,-11.417375],[-41.218375,-11.416241],[-41.2183,-11.414857],[-41.218468,-11.412975],[-41.218535,-11.412213],[-41.218709,-11.409604],[-41.218765,-11.408471],[-41.218564,-11.407339],[-41.218175,-11.406339],[-41.218114,-11.406252],[-41.216811,-11.404851],[-41.215753,-11.404148]]]]}},
{"type":"Feature","properties":{"nome_uc":"MONUMENTO NATURAL CACHOEIRA DO FERRO DOIDO","categoria":"Monumento Natural","grupo":"Proteção Integral","esfera":"Estadual","municipio":"MORRO DO CHAPÉU (BA)","org_gestor":"INSTITUTO DO MEIO AMBIENTE E RECURSOS HÍDRICOS DA BAHIA - BA","ato_legal":"Decreto 7.412 de 17-08-1998","criacao":"18-08-1998","fonte":"MMA – CNUC 07/2026"},"geometry":{"type":"MultiPolygon","coordinates":[[[[-40.999992,-11.630066],[-40.989989,-11.630071],[-40.979991,-11.610066],[-40.999996,-11.610063],[-40.999992,-11.630066]]]]}},
{"type":"Feature","properties":{"nome_uc":"ÁREA DE RELEVANTE INTERESSE ECOLÓGICO NASCENTE DO RIO DE CONTAS","categoria":"Área de Relevante Interesse Ecológico","grupo":"Uso Sustentável","esfera":"Estadual","municipio":"ABAÍRA (BA), PIATÃ (BA)","org_gestor":"INSTITUTO DO MEIO AMBIENTE E RECURSOS HÍDRICOS DA BAHIA - BA","ato_legal":"Decreto 7.968 de 05-06-2001","criacao":"06-06-2001","fonte":"MMA – CNUC 07/2026"},"geometry":{"type":"MultiPolygon","coordinates":[[[[-41.782905,-13.295366],[-41.780826,-13.295379],[-41.77885,-13.295094],[-41.76963,-13.295194],[-41.765422,-13.292187],[-41.77423,-13.284855],[-41.771892,-13.276497],[-41.774394,-13.272387],[-41.775661,-13.267251],[-41.776958,-13.266243],[-41.777328,-13.265046],[-41.777095,-13.262014],[-41.776584,-13.257937],[-41.776992,-13.25627],[-41.77782,-13.254914],[-41.778156,-13.253809],[-41.777065,-13.25233],[-41.777557,-13.248386],[-41.778469,-13.247554],[-41.778423,-13.244818],[-41.778987,-13.242779],[-41.780254,-13.238709],[-41.780994,-13.237409],[-41.781501,-13.237079],[-41.78284,-13.236477],[-41.784725,-13.232535],[-41.785084,-13.231465],[-41.788483,-13.223144],[-41.788532,-13.219901],[-41.786251,-13.219104],[-41.785148,-13.218493],[-41.78302,-13.214902],[-41.784542,-13.204579],[-41.784168,-13.204348],[-41.79068,-13.189733],[-41.812955,-13.215487],[-41.828199,-13.223567],[-41.855227,-13.225433],[-41.821336,-13.256668],[-41.811372,-13.274619],[-41.812356,-13.281961],[-41.802559,-13.286884],[-41.799118,-13.285134],[-41.796883,-13.292981],[-41.79261,-13.292784],[-41.788246,-13.293338],[-41.783901,-13.294985],[-41.782905,-13.295366]]]]}},
{"type":"Feature","properties":{"nome_uc":"ÁREA DE PROTEÇÃO AMBIENTAL SERRA DO BARBADO","categoria":"Área de Proteção Ambiental","grupo":"Uso Sustentável","esfera":"Estadual","municipio":"ABAÍRA (BA), ÉRICO CARDOSO (BA), PIATÃ (BA), RIO DE CONTAS (BA), RIO DO PIRES (BA)","org_gestor":"INSTITUTO DO MEIO AMBIENTE E RECURSOS HÍDRICOS DA BAHIA - BA","ato_legal":"Decreto 2.183 de 07-06-1993","criacao":"08-06-1993","fonte":"MMA – CNUC 07/2026"},"geometry":{"type":"MultiPolygon","coordinates":[[[[-41.948416,-13.374611],[-41.94771,-13.375552],[-41.942276,-13.379598],[-41.944461,-13.387128],[-41.9451,-13.398698],[-41.943555,-13.40843],[-41.939318,-13.418945],[-41.932413,-13.428879],[-41.924929,-13.435356],[-41.923322,-13.435835],[-41.922036,-13.438832],[-41.91629,-13.445934],[-41.909303,-13.451364],[-41.902866,-13.453848],[-41.898359,-13.454645],[-41.894811,-13.455273],[-41.887705,-13.454581],[-41.883466,-13.452859],[-41.882127,-13.459976],[-41.879151,-13.468288],[-41.878976,-13.468567],[-41.875735,-13.47373],[-41.871707,-13.478143],[-41.867476,-13.482132],[-41.864989,-13.484056],[-41.864952,-13.484085],[-41.86305,-13.485556],[-41.857936,-13.490616],[-41.855014,-13.495091],[-41.85298,-13.497856],[-41.847358,-13.506742],[-41.846079,-13.509313],[-41.845125,-13.511232],[-41.844501,-13.515424],[-41.844039,-13.517598],[-41.842669,-13.522881],[-41.84222,-13.524495],[-41.841616,-13.526397],[-41.841277,-13.527353],[-41.839699,-13.531353],[-41.838478,-13.533666],[-41.836084,-13.536975],[-41.835246,-13.537764],[-41.83321,-13.539031],[-41.830686,-13.537787],[-41.830196,-13.537545],[-41.824937,-13.536436],[-41.823195,-13.536564],[-41.822933,-13.536583],[-41.819614,-13.536828],[-41.810644,-13.542168],[-41.806694,-13.541556],[-41.805728,-13.541386],[-41.800091,-13.540391],[-41.793247,-13.536674],[-41.790807,-13.534351],[-41.788373,-13.532032],[-41.785111,-13.52767],[-41.782146,-13.520847],[-41.781272,-13.514341],[-41.781838,-13.503967],[-41.782651,-13.497911],[-41.782586,-13.492247],[-41.780718,-13.487613],[-41.780819,-13.482328],[-41.779794,-13.477167],[-41.778234,-13.471912],[-41.776362,-13.467719],[-41.767813,-13.476737],[-41.764549,-13.475449],[-41.760745,-13.474497],[-41.755254,-13.474621],[-41.749841,-13.475765],[-41.745585,-13.477886],[-41.743921,-13.477707],[-41.741115,-13.478061],[-41.736098,-13.477583],[-41.731879,-13.476614],[-41.728812,-13.475154],[-41.728215,-13.474869],[-41.724479,-13.472452],[-41.721381,-13.46993],[-41.717074,-13.466152],[-41.713943,-13.462516],[-41.711304,-13.458453],[-41.709633,-13.454163],[-41.708631,-13.4495],[-41.708737,-13.445701],[-41.71022,-13.441273],[-41.711542,-13.437114],[-41.712804,-13.433561],[-41.715403,-13.427974],[-41.718223,-13.424021],[-41.721533,-13.419606],[-41.724914,-13.415841],[-41.728727,-13.412299],[-41.732811,-13.409322],[-41.738192,-13.405949],[-41.743958,-13.402233],[-41.74871,-13.398244],[-41.749119,-13.396646],[-41.75203,-13.391924],[-41.754415,-13.388188],[-41.758467,-13.383562],[-41.764163,-13.379335],[-41.772298,-13.375517],[-41.779068,-13.374127],[-41.78247,-13.368009],[-41.782642,-13.367719],[-41.789205,-13.35665],[-41.790118,-13.355187],[-41.790118,-13.355187],[-41.792934,-13.350677],[-41.798396,-13.342878],[-41.800047,-13.341011],[-41.802686,-13.337667],[-41.805514,-13.334554],[-41.808788,-13.33036],[-41.811617,-13.327259],[-41.815172,-13.322541],[-41.818303,-13.318173],[-41.821657,-13.313561],[-41.825411,-13.308377],[-41.829551,-13.302345],[-41.833095,-13.297859],[-41.83634,-13.292864],[-41.837547,-13.29122],[-41.836867,-13.291573],[-41.835117,-13.290026],[-41.835688,-13.288039],[-41.838667,-13.286805],[-41.841304,-13.28562],[-41.842098,-13.285526],[-41.843901,-13.283704],[-41.845323,-13.282229],[-41.845324,-13.282228],[-41.847095,-13.280391],[-41.851005,-13.278051],[-41.852436,-13.277087],[-41.852442,-13.277083],[-41.854272,-13.275851],[-41.857241,-13.272808],[-41.860196,-13.269557],[-41.862823,-13.266636],[-41.864754,-13.262445],[-41.865458,-13.257982],[-41.865658,-13.253072],[-41.866019,-13.248684],[-41.867307,-13.243561],[-41.870078,-13.23837],[-41.872875,-13.233331],[-41.875447,-13.22841],[-41.87829,-13.223856],[-41.87829,-13.223856],[-41.878333,-13.223788],[-41.881808,-13.219726],[-41.887941,-13.213987],[-41.894625,-13.208626],[-41.90138,-13.202816],[-41.907446,-13.196687],[-41.910872,-13.192664],[-41.914068,-13.18943],[-41.917056,-13.186557],[-41.920829,-13.183076],[-41.92373,-13.179844],[-41.925877,-13.176898],[-41.926314,-13.17602],[-41.92756,-13.173515],[-41.929523,-13.169747],[-41.930321,-13.166488],[-41.930971,-13.16257],[-41.931652,-13.159346],[-41.931803,-13.158229],[-41.931804,-13.158223],[-41.932051,-13.156402],[-41.932664,-13.153665],[-41.936175,-13.148681],[-41.940185,-13.146655],[-41.943877,-13.146114],[-41.949381,-13.146102],[-41.954006,-13.14678],[-41.956907,-13.147577],[-41.962557,-13.14938],[-41.967013,-13.150985],[-41.972255,-13.152085],[-41.976483,-13.153264],[-41.981073,-13.154046],[-41.984562,-13.154454],[-41.984622,-13.154461],[-41.987517,-13.1548],[-41.99273,-13.155194],[-41.998663,-13.155593],[-42.003154,-13.155866],[-42.009164,-13.156971],[-42.014422,-13.158234],[-42.014882,-13.158344],[-42.022334,-13.159516],[-42.028654,-13.160953],[-42.035064,-13.163072],[-42.039045,-13.165641],[-42.041236,-13.168804],[-42.042461,-13.172242],[-42.043081,-13.176635],[-42.043255,-13.178778],[-42.043112,-13.178707],[-42.042819,-13.178636],[-42.042513,-13.178656],[-42.042124,-13.178744],[-42.041727,-13.178867],[-42.041149,-13.179021],[-42.04056,-13.179097],[-42.039901,-13.179113],[-42.039362,-13.179073],[-42.038716,-13.178974],[-42.037814,-13.178805],[-42.036672,-13.178698],[-42.036073,-13.178703],[-42.035122,-13.178681],[-42.034785,-13.178656],[-42.034734,-13.178653],[-42.03435,-13.178534],[-42.033964,-13.178369],[-42.033626,-13.178239],[-42.032922,-13.178185],[-42.032588,-13.178135],[-42.032271,-13.178061],[-42.03209,-13.177928],[-42.031824,-13.177672],[-42.03172,-13.177508],[-42.031699,-13.177316],[-42.031701,-13.176915],[-42.031681,-13.176628],[-42.031599,-13.176352],[-42.031515,-13.17623],[-42.031397,-13.176153],[-42.030768,-13.178665],[-42.030481,-13.179341],[-42.029637,-13.180376],[-42.02921,-13.181208],[-42.028615,-13.181802],[-42.027487,-13.182453],[-42.026662,-13.183181],[-42.025621,-13.184366],[-42.024669,-13.185262],[-42.024033,-13.186085],[-42.023389,-13.186541],[-42.022438,-13.187214],[-42.02165,-13.187772],[-42.020502,-13.188182],[-42.019485,-13.188249],[-42.018385,-13.188117],[-42.017155,-13.187969],[-42.016269,-13.188068],[-42.015449,-13.188363],[-42.014858,-13.188839],[-42.014325,-13.189466],[-42.014038,-13.190135],[-42.013572,-13.191039],[-42.013428,-13.191447],[-42.012961,-13.192238],[-42.012762,-13.192974],[-42.012481,-13.194008],[-42.01216,-13.195191],[-42.011767,-13.196064],[-42.011216,-13.197288],[-42.010773,-13.198273],[-42.010547,-13.199225],[-42.010281,-13.199651],[-42.010002,-13.200717],[-42.009887,-13.201619],[-42.009591,-13.202243],[-42.00916,-13.202811],[-42.008328,-13.203539],[-42.007803,-13.203998],[-42.007542,-13.204392],[-42.007491,-13.204868],[-42.007394,-13.205792],[-42.007491,-13.206689],[-42.007573,-13.207444],[-42.007377,-13.207936],[-42.006638,-13.208395],[-42.006297,-13.208752],[-42.006192,-13.209172],[-42.006069,-13.209661],[-42.005752,-13.210249],[-42.00549,-13.210446],[-42.004923,-13.210535],[-42.004292,-13.21084],[-42.003341,-13.211299],[-42.002651,-13.211775],[-42.002077,-13.212021],[-42.001057,-13.212196],[-42.000397,-13.212497],[-41.999737,-13.213154],[-41.999155,-13.213789],[-41.998472,-13.214195],[-41.997886,-13.214624],[-41.997385,-13.214991],[-41.996893,-13.215417],[-41.99643,-13.21623],[-41.995852,-13.216867],[-41.995431,-13.217486],[-41.995011,-13.218247],[-41.994314,-13.219507],[-41.993886,-13.220448],[-41.993552,-13.221441],[-41.993072,-13.222482],[-41.992634,-13.22318],[-41.99227,-13.223758],[-41.991685,-13.224209],[-41.990825,-13.224793],[-41.989821,-13.225475],[-41.988952,-13.226065],[-41.988246,-13.226804],[-41.987721,-13.227706],[-41.987446,-13.228563],[-41.987328,-13.22933],[-41.987044,-13.231167],[-41.9867,-13.232541],[-41.986327,-13.23353],[-41.985769,-13.234203],[-41.985293,-13.234515],[-41.984562,-13.234706],[-41.984181,-13.234691],[-41.983571,-13.234679],[-41.982767,-13.234662],[-41.982143,-13.234843],[-41.981556,-13.235162],[-41.981129,-13.235676],[-41.980195,-13.236799],[-41.979421,-13.237729],[-41.978976,-13.238125],[-41.978189,-13.2386],[-41.977344,-13.23911],[-41.97645,-13.239978],[-41.975464,-13.240936],[-41.974926,-13.241293],[-41.974458,-13.2415],[-41.973727,-13.24157],[-41.97289,-13.241783],[-41.972398,-13.242059],[-41.971378,-13.242337],[-41.97045,-13.242512],[-41.969395,-13.242734],[-41.968953,-13.242666],[-41.968267,-13.242366],[-41.967641,-13.242092],[-41.966985,-13.241564],[-41.966573,-13.241143],[-41.966081,-13.240963],[-41.965543,-13.240984],[-41.965146,-13.241127],[-41.964605,-13.241322],[-41.964212,-13.241876],[-41.963527,-13.242844],[-41.963011,-13.243572],[-41.962637,-13.2441],[-41.962055,-13.244618],[-41.961434,-13.244951],[-41.960847,-13.245113],[-41.960222,-13.245126],[-41.959683,-13.244933],[-41.959223,-13.244769],[-41.958682,-13.244277],[-41.958501,-13.243899],[-41.958032,-13.243498],[-41.957615,-13.243374],[-41.957209,-13.243573],[-41.956893,-13.243899],[-41.956401,-13.244408],[-41.955793,-13.244732],[-41.954924,-13.244989],[-41.954309,-13.245432],[-41.954039,-13.246071],[-41.953624,-13.247053],[-41.953397,-13.247958],[-41.953114,-13.248411],[-41.952545,-13.248736],[-41.951894,-13.248718],[-41.950848,-13.24869],[-41.949834,-13.248906],[-41.948976,-13.249153],[-41.947934,-13.249697],[-41.947487,-13.250306],[-41.946808,-13.250617],[-41.946497,-13.250588],[-41.946088,-13.250215],[-41.945602,-13.250098],[-41.944962,-13.249943],[-41.944335,-13.249791],[-41.943301,-13.250023],[-41.942628,-13.250348],[-41.941728,-13.250783],[-41.94091,-13.251179],[-41.939452,-13.251884],[-41.938701,-13.252248],[-41.93722,-13.252964],[-41.936571,-13.253278],[-41.935977,-13.25343],[-41.935479,-13.253393],[-41.933987,-13.253283],[-41.933222,-13.253226],[-41.932639,-13.252964],[-41.931741,-13.252872],[-41.930914,-13.253134],[-41.930239,-13.253347],[-41.929258,-13.25407],[-41.92834,-13.254746],[-41.927388,-13.255447],[-41.926357,-13.255855],[-41.925325,-13.256367],[-41.924456,-13.256889],[-41.923005,-13.257571],[-41.921579,-13.258114],[-41.920338,-13.258586],[-41.919506,-13.259149],[-41.918674,-13.25988],[-41.917619,-13.260807],[-41.916552,-13.261541],[-41.91576,-13.261946],[-41.914747,-13.262234],[-41.91385,-13.262762],[-41.913238,-13.263258],[-41.912566,-13.26406],[-41.912584,-13.264136],[-41.912551,-13.265566],[-41.912729,-13.266143],[-41.91319,-13.26634],[-41.913706,-13.266462],[-41.914266,-13.266887],[-41.914331,-13.267192],[-41.914336,-13.267543],[-41.913836,-13.268722],[-41.91325,-13.270519],[-41.912547,-13.271729],[-41.911454,-13.272667],[-41.910165,-13.273916],[-41.909618,-13.274815],[-41.909189,-13.275908],[-41.908828,-13.277152],[-41.908812,-13.277701],[-41.908579,-13.278117],[-41.90808,-13.278632],[-41.907564,-13.27953],[-41.907298,-13.280046],[-41.907198,-13.280628],[-41.907348,-13.281443],[-41.907481,-13.281809],[-41.907614,-13.282075],[-41.907593,-13.282324],[-41.907441,-13.282602],[-41.907151,-13.28286],[-41.906894,-13.283086],[-41.906533,-13.283734],[-41.906417,-13.283985],[-41.905616,-13.285078],[-41.905297,-13.285591],[-41.904856,-13.28684],[-41.904544,-13.287959],[-41.904239,-13.289683],[-41.904343,-13.290224],[-41.904542,-13.290572],[-41.904937,-13.290886],[-41.905459,-13.291072],[-41.906306,-13.291126],[-41.907413,-13.291177],[-41.907936,-13.291331],[-41.908459,-13.291579],[-41.90882,-13.291863],[-41.909019,-13.292147],[-41.909186,-13.292464],[-41.909456,-13.29329],[-41.909496,-13.293958],[-41.909339,-13.294375],[-41.908891,-13.295082],[-41.908316,-13.295916],[-41.90752,-13.296766],[-41.904432,-13.298471],[-41.902261,-13.300407],[-41.901124,-13.302091],[-41.900924,-13.302627],[-41.900416,-13.303961],[-41.900358,-13.304471],[-41.900428,-13.304981],[-41.900629,-13.305425],[-41.900896,-13.305996],[-41.901162,-13.306503],[-41.901364,-13.307075],[-41.901703,-13.308155],[-41.901907,-13.308853],[-41.90211,-13.309616],[-41.902246,-13.310125],[-41.902445,-13.310377],[-41.9031,-13.310753],[-41.903691,-13.311128],[-41.904214,-13.311441],[-41.904999,-13.311751],[-41.90552,-13.311681],[-41.906103,-13.311483],[-41.907333,-13.310959],[-41.908437,-13.310819],[-41.90905,-13.31113],[-41.909136,-13.311448],[-41.911382,-13.319675],[-41.915994,-13.334149],[-41.947585,-13.343387],[-41.948416,-13.374611]]]]}},
{"type":"Feature","properties":{"nome_uc":"PARQUE NACIONAL DA CHAPADA DIAMANTINA","categoria":"Parque","grupo":"Proteção Integral","esfera":"Federal","municipio":"ANDARAÍ (BA), IBICOARA (BA), ITAETÉ (BA), LENÇÓIS (BA), MUCUGÊ (BA), PALMEIRAS (BA)","org_gestor":"INSTITUTO CHICO MENDES DE CONSERVAÇÃO DA BIODIVERSIDADE","ato_legal":"Decreto Nº 91.655 de 17-09-1985","criacao":"18-09-1985","fonte":"MMA – CNUC 07/2026"},"geometry":{"type":"MultiPolygon","coordinates":[[[[-41.484533,-12.454665],[-41.485333,-12.453925],[-41.500634,-12.46207],[-41.500632,-12.462152],[-41.500629,-12.462238],[-41.500629,-12.462342],[-41.500642,-12.462419],[-41.5007,-12.462503],[-41.500701,-12.462601],[-41.500702,-12.462713],[-41.500575,-12.462854],[-41.500548,-12.462994],[-41.500549,-12.463106],[-41.500608,-12.463287],[-41.500652,-12.463455],[-41.500796,-12.463608],[-41.50087,-12.463845],[-41.500856,-12.463915],[-41.5008,-12.464028],[-41.500773,-12.46414],[-41.500803,-12.464294],[-41.50086,-12.464363],[-41.50099,-12.464474],[-41.501077,-12.464655],[-41.50125,-12.464821],[-41.501464,-12.464917],[-41.50165,-12.465028],[-41.501808,-12.465152],[-41.501823,-12.465222],[-41.501754,-12.465405],[-41.501683,-12.465489],[-41.501585,-12.465658],[-41.501516,-12.465827],[-41.501502,-12.465911],[-41.501504,-12.466065],[-41.501562,-12.466163],[-41.501592,-12.466344],[-41.501751,-12.466567],[-41.501851,-12.466678],[-41.501923,-12.466761],[-41.50211,-12.466899],[-41.502296,-12.466996],[-41.502454,-12.467106],[-41.50257,-12.467343],[-41.502586,-12.467469],[-41.502601,-12.467553],[-41.502659,-12.467692],[-41.502661,-12.467888],[-41.502706,-12.468126],[-41.50275,-12.468279],[-41.502894,-12.468446],[-41.502996,-12.468655],[-41.50294,-12.468824],[-41.502942,-12.469034],[-41.502958,-12.469188],[-41.503044,-12.469257],[-41.503087,-12.46927],[-41.503143,-12.469144],[-41.503185,-12.469101],[-41.503272,-12.469199],[-41.503301,-12.469324],[-41.503288,-12.469436],[-41.503276,-12.469619],[-41.503248,-12.469675],[-41.503164,-12.469816],[-41.503164,-12.469858],[-41.503137,-12.469998],[-41.503082,-12.470194],[-41.502943,-12.470518],[-41.503101,-12.470656],[-41.503102,-12.470796],[-41.503146,-12.470936],[-41.503234,-12.471201],[-41.503235,-12.471299],[-41.503451,-12.471507],[-41.503593,-12.47152],[-41.503765,-12.471588],[-41.503795,-12.471798],[-41.503813,-12.472133],[-41.503957,-12.4723],[-41.504064,-12.47236],[-41.50411,-12.472366],[-41.504156,-12.47243],[-41.504209,-12.472481],[-41.504209,-12.472545],[-41.504216,-12.472577],[-41.504223,-12.472634],[-41.504224,-12.472692],[-41.504309,-12.472736],[-41.504348,-12.472761],[-41.504349,-12.472806],[-41.504362,-12.47287],[-41.504363,-12.472985],[-41.504363,-12.47301],[-41.504364,-12.473081],[-41.504358,-12.473145],[-41.50445,-12.473176],[-41.504495,-12.473188],[-41.504581,-12.473239],[-41.504698,-12.473295],[-41.504745,-12.473371],[-41.504824,-12.473479],[-41.504857,-12.473511],[-41.504864,-12.473581],[-41.504864,-12.473633],[-41.504891,-12.473703],[-41.504892,-12.473767],[-41.504958,-12.473868],[-41.504991,-12.473913],[-41.505056,-12.473976],[-41.505128,-12.473995],[-41.505187,-12.474058],[-41.505188,-12.474135],[-41.505183,-12.474231],[-41.505157,-12.474282],[-41.505164,-12.474365],[-41.505211,-12.474448],[-41.505329,-12.474543],[-41.505381,-12.474607],[-41.505441,-12.474664],[-41.505461,-12.474772],[-41.505553,-12.474803],[-41.50567,-12.474796],[-41.505716,-12.474834],[-41.505716,-12.474885],[-41.505769,-12.475006],[-41.505783,-12.475108],[-41.505825,-12.475325],[-41.505865,-12.475498],[-41.505847,-12.475671],[-41.505823,-12.475805],[-41.505915,-12.47592],[-41.506052,-12.475982],[-41.506111,-12.476001],[-41.506137,-12.476039],[-41.506131,-12.476097],[-41.506087,-12.476187],[-41.506074,-12.476251],[-41.506031,-12.476437],[-41.506077,-12.476519],[-41.506124,-12.476628],[-41.506124,-12.476692],[-41.506106,-12.476884],[-41.506101,-12.476993],[-41.506102,-12.477082],[-41.506122,-12.477191],[-41.506156,-12.477248],[-41.506209,-12.477356],[-41.506261,-12.47742],[-41.506268,-12.477477],[-41.506302,-12.477547],[-41.506309,-12.477586],[-41.506336,-12.477681],[-41.506349,-12.477713],[-41.506356,-12.477796],[-41.506357,-12.477854],[-41.506371,-12.477943],[-41.506404,-12.478058],[-41.506483,-12.478121],[-41.506516,-12.478153],[-41.506549,-12.478166],[-41.506627,-12.478178],[-41.506711,-12.478183],[-41.50677,-12.478183],[-41.506803,-12.478189],[-41.506874,-12.478207],[-41.506946,-12.478232],[-41.506993,-12.478315],[-41.506987,-12.478373],[-41.506981,-12.478437],[-41.506981,-12.478507],[-41.507054,-12.478596],[-41.5071,-12.478666],[-41.507192,-12.478742],[-41.507291,-12.478856],[-41.507364,-12.478983],[-41.507397,-12.479066],[-41.507417,-12.479111],[-41.507457,-12.479213],[-41.507458,-12.479302],[-41.507511,-12.479385],[-41.507525,-12.479532],[-41.507578,-12.479627],[-41.507618,-12.479704],[-41.507658,-12.479825],[-41.507679,-12.479902],[-41.507725,-12.480016],[-41.507765,-12.480093],[-41.507791,-12.480105],[-41.507837,-12.480137],[-41.507928,-12.480078],[-41.507999,-12.480078],[-41.50809,-12.48009],[-41.508123,-12.480109],[-41.508157,-12.480191],[-41.508184,-12.480287],[-41.508269,-12.480421],[-41.508348,-12.480478],[-41.508401,-12.480522],[-41.508441,-12.480611],[-41.508526,-12.480732],[-41.50856,-12.480795],[-41.508587,-12.48091],[-41.508594,-12.481013],[-41.508595,-12.481121],[-41.508616,-12.481204],[-41.508629,-12.481287],[-41.508631,-12.481422],[-41.508632,-12.481511],[-41.508685,-12.481645],[-41.508699,-12.481767],[-41.508798,-12.481874],[-41.50885,-12.481893],[-41.508909,-12.481925],[-41.508929,-12.481969],[-41.508969,-12.482039],[-41.50908,-12.482115],[-41.509133,-12.48221],[-41.509134,-12.482262],[-41.509134,-12.482319],[-41.509135,-12.482383],[-41.509135,-12.482441],[-41.509142,-12.482498],[-41.509208,-12.482561],[-41.509228,-12.482625],[-41.509229,-12.48267],[-41.509229,-12.482734],[-41.50921,-12.482798],[-41.509211,-12.482888],[-41.509218,-12.482964],[-41.509213,-12.483022],[-41.509233,-12.483086],[-41.509292,-12.483136],[-41.509299,-12.483252],[-41.50932,-12.483341],[-41.50934,-12.483418],[-41.50938,-12.48352],[-41.509472,-12.483615],[-41.509473,-12.48373],[-41.509429,-12.483845],[-41.509429,-12.483897],[-41.509437,-12.48398],[-41.509437,-12.484012],[-41.509464,-12.484069],[-41.509484,-12.484146],[-41.509498,-12.484235],[-41.509583,-12.484317],[-41.509597,-12.484381],[-41.509571,-12.484465],[-41.509481,-12.484485],[-41.509448,-12.484504],[-41.509449,-12.484613],[-41.509483,-12.484702],[-41.509555,-12.484823],[-41.509621,-12.484912],[-41.509693,-12.484962],[-41.509798,-12.485013],[-41.509876,-12.485025],[-41.509897,-12.485127],[-41.509891,-12.485216],[-41.509879,-12.485281],[-41.50988,-12.485351],[-41.509848,-12.485434],[-41.509849,-12.485524],[-41.509778,-12.485627],[-41.509779,-12.485691],[-41.509825,-12.485748],[-41.509826,-12.485882],[-41.509853,-12.48594],[-41.509854,-12.486106],[-41.509907,-12.486195],[-41.509948,-12.486348],[-41.510015,-12.486527],[-41.510029,-12.486635],[-41.51003,-12.486783],[-41.510032,-12.486936],[-41.510032,-12.487019],[-41.510027,-12.487134],[-41.510008,-12.487243],[-41.509945,-12.487423],[-41.509901,-12.487526],[-41.509908,-12.487609],[-41.509921,-12.487641],[-41.509967,-12.487698],[-41.509942,-12.487781],[-41.510001,-12.487845],[-41.510028,-12.487966],[-41.510069,-12.488068],[-41.51007,-12.488222],[-41.510058,-12.488331],[-41.510039,-12.488427],[-41.51004,-12.488497],[-41.510048,-12.488631],[-41.510049,-12.488714],[-41.510049,-12.488772],[-41.510018,-12.488862],[-41.510031,-12.488958],[-41.510032,-12.488996],[-41.510039,-12.489034],[-41.510059,-12.489124],[-41.51006,-12.489162],[-41.51006,-12.489181],[-41.510061,-12.489329],[-41.510075,-12.489418],[-41.510121,-12.489424],[-41.510121,-12.489481],[-41.510122,-12.489558],[-41.510123,-12.489661],[-41.510111,-12.48975],[-41.510117,-12.489769],[-41.510131,-12.489833],[-41.510112,-12.489929],[-41.510113,-12.49],[-41.510127,-12.490051],[-41.51014,-12.490108],[-41.510154,-12.490223],[-41.510155,-12.490262],[-41.510155,-12.490313],[-41.510169,-12.490389],[-41.510228,-12.490427],[-41.510326,-12.490426],[-41.510352,-12.490426],[-41.510404,-12.490458],[-41.510468,-12.490374],[-41.510526,-12.490316],[-41.510625,-12.490379],[-41.510651,-12.490436],[-41.510684,-12.4905],[-41.510691,-12.490538],[-41.510692,-12.490577],[-41.510692,-12.490634],[-41.510693,-12.490673],[-41.510642,-12.490788],[-41.510629,-12.490859],[-41.51063,-12.490923],[-41.510605,-12.491012],[-41.510579,-12.491083],[-41.510541,-12.491173],[-41.510543,-12.491333],[-41.510544,-12.491454],[-41.510545,-12.491557],[-41.510494,-12.491672],[-41.510521,-12.491806],[-41.510536,-12.491973],[-41.510583,-12.492164],[-41.510591,-12.492305],[-41.510639,-12.492541],[-41.51064,-12.492624],[-41.510654,-12.492701],[-41.510655,-12.492797],[-41.510668,-12.492829],[-41.510675,-12.492912],[-41.510702,-12.493014],[-41.510755,-12.493109],[-41.51077,-12.49325],[-41.510816,-12.493365],[-41.510844,-12.493544],[-41.510845,-12.493627],[-41.510846,-12.493735],[-41.510846,-12.493793],[-41.510867,-12.49387],[-41.5109,-12.493991],[-41.510908,-12.494106],[-41.510922,-12.494208],[-41.510922,-12.494234],[-41.510923,-12.494323],[-41.510951,-12.494489],[-41.510951,-12.494528],[-41.510926,-12.494637],[-41.510941,-12.494797],[-41.510994,-12.494898],[-41.511007,-12.494943],[-41.511022,-12.495071],[-41.511029,-12.495128],[-41.511049,-12.495256],[-41.511044,-12.495352],[-41.511012,-12.495474],[-41.511007,-12.495564],[-41.511008,-12.495679],[-41.511009,-12.495743],[-41.511016,-12.495813],[-41.511096,-12.496004],[-41.511136,-12.496145],[-41.511137,-12.496234],[-41.511119,-12.496369],[-41.511107,-12.496452],[-41.511094,-12.496529],[-41.51103,-12.496625],[-41.511031,-12.496721],[-41.511045,-12.496817],[-41.510936,-12.497077],[-41.510918,-12.497211],[-41.510861,-12.497403],[-41.510796,-12.49771],[-41.51072,-12.497882],[-41.510643,-12.497988],[-41.510576,-12.498142],[-41.51046,-12.498239],[-41.510413,-12.498392],[-41.51025,-12.498614],[-41.510106,-12.498806],[-41.50997,-12.498865],[-41.509824,-12.498866],[-41.509591,-12.498868],[-41.50926,-12.498871],[-41.509021,-12.498872],[-41.509083,-12.499048],[-41.509086,-12.499371],[-41.509016,-12.499886],[-41.508869,-12.500166],[-41.50881,-12.50024],[-41.508183,-12.50026],[-41.507765,-12.500338],[-41.507496,-12.500399],[-41.507395,-12.500753],[-41.507396,-12.50087],[-41.507398,-12.50109],[-41.507433,-12.501545],[-41.507614,-12.501749],[-41.507857,-12.502173],[-41.507848,-12.502731],[-41.507671,-12.503027],[-41.507419,-12.503264],[-41.507081,-12.50384],[-41.506967,-12.504399],[-41.506971,-12.504869],[-41.507081,-12.505627],[-41.507188,-12.506236],[-41.507447,-12.507797],[-41.507702,-12.50877],[-41.508265,-12.510756],[-41.508899,-12.513035],[-41.509142,-12.514316],[-41.509437,-12.515248],[-41.510115,-12.516418],[-41.510859,-12.51748],[-41.511656,-12.518274],[-41.512453,-12.519135],[-41.5131,-12.519971],[-41.51371,-12.521101],[-41.514018,-12.522033],[-41.514287,-12.523153],[-41.514553,-12.523872],[-41.51493,-12.524898],[-41.515154,-12.525591],[-41.515159,-12.526085],[-41.515164,-12.526619],[-41.51509,-12.527395],[-41.515139,-12.528236],[-41.515366,-12.52925],[-41.515468,-12.52993],[-41.515546,-12.530972],[-41.515681,-12.532227],[-41.51573,-12.533108],[-41.515767,-12.534123],[-41.51576,-12.534724],[-41.515587,-12.535194],[-41.515441,-12.535516],[-41.515155,-12.535465],[-41.514842,-12.535521],[-41.514695,-12.53579],[-41.514631,-12.536151],[-41.514611,-12.536953],[-41.514576,-12.537542],[-41.514502,-12.538277],[-41.514479,-12.538772],[-41.514497,-12.539159],[-41.514528,-12.53956],[-41.514627,-12.539933],[-41.514643,-12.54016],[-41.514565,-12.540602],[-41.51449,-12.541297],[-41.514318,-12.541713],[-41.514062,-12.541969],[-41.513684,-12.542174],[-41.513247,-12.542629],[-41.513011,-12.542837],[-41.512895,-12.542866],[-41.513049,-12.543106],[-41.513265,-12.543268],[-41.513324,-12.543359],[-41.513446,-12.543468],[-41.513391,-12.543493],[-41.51321,-12.543554],[-41.512949,-12.543645],[-41.512819,-12.543716],[-41.512569,-12.543847],[-41.512359,-12.543957],[-41.512229,-12.544077],[-41.51208,-12.544316],[-41.512021,-12.544406],[-41.51191,-12.544407],[-41.511809,-12.544378],[-41.511635,-12.544132],[-41.51138,-12.543749],[-41.511166,-12.543636],[-41.510957,-12.543609],[-41.510776,-12.543474],[-41.510664,-12.543395],[-41.51052,-12.543352],[-41.51028,-12.543453],[-41.51001,-12.543643],[-41.50977,-12.543843],[-41.509511,-12.544093],[-41.50929,-12.544194],[-41.509059,-12.544206],[-41.508898,-12.544267],[-41.508819,-12.544416],[-41.50876,-12.544535],[-41.508652,-12.544783],[-41.508623,-12.544922],[-41.508484,-12.545131],[-41.508376,-12.54536],[-41.508337,-12.545518],[-41.508308,-12.545637],[-41.5083,-12.545884],[-41.508303,-12.546171],[-41.508325,-12.546428],[-41.508377,-12.546596],[-41.508358,-12.546675],[-41.508278,-12.546715],[-41.508208,-12.546775],[-41.508028,-12.546876],[-41.507958,-12.546975],[-41.507879,-12.547085],[-41.507849,-12.547164],[-41.50776,-12.547294],[-41.507711,-12.547393],[-41.507601,-12.547463],[-41.50742,-12.547554],[-41.50729,-12.547664],[-41.50712,-12.547755],[-41.50706,-12.547775],[-41.50697,-12.547875],[-41.506961,-12.547914],[-41.506881,-12.548004],[-41.506811,-12.548094],[-41.506752,-12.548183],[-41.506672,-12.548224],[-41.506532,-12.548354],[-41.506513,-12.548502],[-41.506514,-12.548571],[-41.506485,-12.5487],[-41.506344,-12.548711],[-41.506234,-12.548782],[-41.506196,-12.54895],[-41.506207,-12.549088],[-41.506278,-12.549167],[-41.50628,-12.549305],[-41.506211,-12.549504],[-41.506182,-12.549633],[-41.506013,-12.549812],[-41.505873,-12.549952],[-41.505742,-12.549973],[-41.505601,-12.549955],[-41.505463,-12.550203],[-41.505425,-12.550421],[-41.505416,-12.550589],[-41.505357,-12.550699],[-41.505147,-12.550819],[-41.504986,-12.55086],[-41.504765,-12.550932],[-41.504716,-12.551021],[-41.504687,-12.551179],[-41.504688,-12.551318],[-41.504629,-12.551447],[-41.50458,-12.551546],[-41.504411,-12.551785],[-41.504101,-12.551996],[-41.50397,-12.552017],[-41.503708,-12.552019],[-41.503346,-12.552013],[-41.503265,-12.552014],[-41.503104,-12.552015],[-41.502944,-12.552056],[-41.502784,-12.552157],[-41.502664,-12.552276],[-41.502545,-12.552505],[-41.502476,-12.552634],[-41.502356,-12.552744],[-41.502237,-12.552893],[-41.502037,-12.553063],[-41.501798,-12.553283],[-41.501546,-12.553296],[-41.501295,-12.553318],[-41.501074,-12.553438],[-41.500976,-12.553657],[-41.500786,-12.553827],[-41.500568,-12.554126],[-41.500478,-12.554255],[-41.500399,-12.554345],[-41.500219,-12.554514],[-41.500059,-12.554664],[-41.499819,-12.554746],[-41.499668,-12.554777],[-41.499427,-12.554809],[-41.499205,-12.554811],[-41.498933,-12.554784],[-41.498842,-12.554775],[-41.498752,-12.554775],[-41.498611,-12.554826],[-41.49844,-12.554828],[-41.498381,-12.554927],[-41.49819,-12.554978],[-41.498009,-12.55499],[-41.497828,-12.554992],[-41.497737,-12.554993],[-41.497557,-12.555143],[-41.497346,-12.555184],[-41.497145,-12.555186],[-41.496984,-12.555187],[-41.496652,-12.555191],[-41.496481,-12.555202],[-41.496088,-12.555166],[-41.495806,-12.555139],[-41.495665,-12.55514],[-41.495503,-12.555142],[-41.49498,-12.555127],[-41.494849,-12.555128],[-41.494708,-12.55509],[-41.494335,-12.555103],[-41.493933,-12.555117],[-41.493489,-12.555062],[-41.493137,-12.555105],[-41.492866,-12.555157],[-41.492535,-12.555268],[-41.492304,-12.55536],[-41.491896,-12.555226],[-41.491621,-12.55496],[-41.491163,-12.554625],[-41.490633,-12.554291],[-41.48994,-12.554083],[-41.489449,-12.55407],[-41.488941,-12.554235],[-41.48858,-12.554453],[-41.488236,-12.554581],[-41.487635,-12.554497],[-41.487471,-12.554427],[-41.48727,-12.554322],[-41.487069,-12.554252],[-41.486942,-12.554254],[-41.486615,-12.55431],[-41.486434,-12.554383],[-41.486137,-12.55459],[-41.486168,-12.558188],[-41.486402,-12.558548],[-41.486856,-12.559484],[-41.487211,-12.56042],[-41.487648,-12.561193],[-41.488295,-12.561673],[-41.488482,-12.562223],[-41.488552,-12.562611],[-41.488706,-12.563257],[-41.488959,-12.563757],[-41.489208,-12.564014],[-41.489261,-12.564337],[-41.489151,-12.564954],[-41.488863,-12.565848],[-41.488457,-12.566499],[-41.487422,-12.568631],[-41.486562,-12.570097],[-41.485504,-12.571467],[-41.484523,-12.572384],[-41.483839,-12.573281],[-41.483399,-12.573868],[-41.482617,-12.57488],[-41.481949,-12.575647],[-41.481345,-12.576333],[-41.480824,-12.577019],[-41.480434,-12.57767],[-41.480176,-12.578288],[-41.48005,-12.578824],[-41.479764,-12.579944],[-41.479444,-12.581016],[-41.479219,-12.581634],[-41.478847,-12.58235],[-41.478426,-12.583213],[-41.478267,-12.583797],[-41.478125,-12.584447],[-41.47795,-12.585145],[-41.477624,-12.585585],[-41.477183,-12.585978],[-41.477185,-12.586253],[-41.477188,-12.586513],[-41.477371,-12.586641],[-41.477667,-12.586638],[-41.478176,-12.586406],[-41.478781,-12.585785],[-41.479469,-12.585325],[-41.480044,-12.585061],[-41.480471,-12.584862],[-41.480733,-12.584763],[-41.481011,-12.584517],[-41.48129,-12.584304],[-41.481616,-12.583961],[-41.482156,-12.583437],[-41.482861,-12.583058],[-41.483469,-12.582874],[-41.484113,-12.582868],[-41.484791,-12.583089],[-41.485404,-12.58344],[-41.485954,-12.583953],[-41.486496,-12.584863],[-41.486709,-12.585286],[-41.486885,-12.5857],[-41.487088,-12.58633],[-41.48738,-12.587258],[-41.487612,-12.588386],[-41.487941,-12.589295],[-41.488121,-12.590152],[-41.488143,-12.591182],[-41.488105,-12.592293],[-41.488077,-12.59326],[-41.488083,-12.593829],[-41.488175,-12.594506],[-41.488443,-12.59548],[-41.488583,-12.595921],[-41.488795,-12.596217],[-41.489191,-12.596539],[-41.489575,-12.596806],[-41.489762,-12.597057],[-41.489839,-12.597364],[-41.489927,-12.59758],[-41.490176,-12.597894],[-41.490498,-12.598117],[-41.491114,-12.598219],[-41.491741,-12.598241],[-41.492099,-12.598337],[-41.492668,-12.59863],[-41.492855,-12.598953],[-41.492847,-12.599414],[-41.492814,-12.599776],[-41.492598,-12.600383],[-41.492442,-12.600755],[-41.492127,-12.601246],[-41.491483,-12.60202],[-41.490948,-12.60273],[-41.490331,-12.603801],[-41.489919,-12.604393],[-41.489506,-12.604902],[-41.489067,-12.60534],[-41.488654,-12.605841],[-41.488217,-12.606459],[-41.487854,-12.607104],[-41.487614,-12.607703],[-41.487472,-12.608292],[-41.487232,-12.608863],[-41.486954,-12.609399],[-41.486727,-12.61016],[-41.486614,-12.611155],[-41.486477,-12.612267],[-41.486368,-12.61366],[-41.486376,-12.614572],[-41.486361,-12.615494],[-41.486224,-12.616579],[-41.486059,-12.617403],[-41.485639,-12.618491],[-41.485471,-12.618927],[-41.484913,-12.619646],[-41.484193,-12.620321],[-41.483388,-12.62097],[-41.482741,-12.621527],[-41.482227,-12.621821],[-41.481899,-12.622176],[-41.481802,-12.622358],[-41.481794,-12.62281],[-41.481933,-12.623224],[-41.48227,-12.623709],[-41.482545,-12.624104],[-41.482597,-12.624483],[-41.482603,-12.625079],[-41.482629,-12.626443],[-41.48264,-12.627627],[-41.482505,-12.628965],[-41.482415,-12.629806],[-41.482376,-12.630819],[-41.482364,-12.632165],[-41.482492,-12.632715],[-41.482636,-12.633563],[-41.482688,-12.633852],[-41.482507,-12.634278],[-41.482435,-12.634459],[-41.4825,-12.634775],[-41.482713,-12.63518],[-41.482816,-12.635612],[-41.482774,-12.636435],[-41.482778,-12.63686],[-41.482834,-12.637473],[-41.482839,-12.638079],[-41.482906,-12.63862],[-41.48291,-12.639054],[-41.482815,-12.639362],[-41.482794,-12.63976],[-41.482834,-12.640085],[-41.48301,-12.640472],[-41.483458,-12.640946],[-41.48367,-12.641306],[-41.48365,-12.641731],[-41.483714,-12.642037],[-41.484051,-12.642522],[-41.484378,-12.64326],[-41.484621,-12.644233],[-41.484851,-12.645071],[-41.484995,-12.646046],[-41.485002,-12.646742],[-41.484835,-12.647163],[-41.484677,-12.647453],[-41.484638,-12.647874],[-41.484888,-12.648164],[-41.485162,-12.64848],[-41.485386,-12.648731],[-41.485511,-12.648937],[-41.485415,-12.64911],[-41.485181,-12.649157],[-41.485034,-12.649186],[-41.484937,-12.649331],[-41.484938,-12.649467],[-41.485052,-12.649728],[-41.485104,-12.650061],[-41.485049,-12.650685],[-41.48488,-12.651103],[-41.484786,-12.651519],[-41.484764,-12.651772],[-41.484781,-12.652242],[-41.484748,-12.652631],[-41.484566,-12.652994],[-41.484532,-12.653274],[-41.484696,-12.653679],[-41.484921,-12.65403],[-41.484924,-12.654319],[-41.484816,-12.654636],[-41.484415,-12.6551],[-41.48422,-12.655355],[-41.484223,-12.655608],[-41.484237,-12.655807],[-41.484608,-12.656029],[-41.484844,-12.656226],[-41.484797,-12.656443],[-41.484443,-12.656763],[-41.48415,-12.657009],[-41.484115,-12.657199],[-41.484118,-12.65747],[-41.484316,-12.657595],[-41.484539,-12.657828],[-41.484603,-12.658071],[-41.484593,-12.658288],[-41.484436,-12.658552],[-41.484265,-12.658689],[-41.484119,-12.658889],[-41.484108,-12.659034],[-41.484172,-12.659295],[-41.484113,-12.659485],[-41.483954,-12.65964],[-41.483745,-12.65967],[-41.483524,-12.659672],[-41.483389,-12.659682],[-41.483255,-12.659819],[-41.483257,-12.660035],[-41.48332,-12.660252],[-41.483322,-12.660469],[-41.483213,-12.660632],[-41.483018,-12.660788],[-41.482797,-12.660826],[-41.482489,-12.660829],[-41.48233,-12.660893],[-41.482172,-12.661076],[-41.481928,-12.661322],[-41.481721,-12.661504],[-41.481512,-12.661488],[-41.481253,-12.661491],[-41.481093,-12.661492],[-41.480861,-12.661603],[-41.480349,-12.662141],[-41.479776,-12.662634],[-41.479239,-12.663082],[-41.479095,-12.663444],[-41.479097,-12.663697],[-41.479443,-12.663902],[-41.479936,-12.663906],[-41.480586,-12.663756],[-41.481692,-12.663583],[-41.482835,-12.663473],[-41.483658,-12.663303],[-41.484456,-12.66315],[-41.484715,-12.663238],[-41.484853,-12.663481],[-41.484743,-12.663645],[-41.484427,-12.663973],[-41.484305,-12.664146],[-41.484271,-12.664363],[-41.484371,-12.664534],[-41.484568,-12.664613],[-41.48479,-12.664611],[-41.485145,-12.664499],[-41.485527,-12.664523],[-41.485749,-12.664557],[-41.485923,-12.664772],[-41.485902,-12.665098],[-41.48572,-12.665352],[-41.485343,-12.665853],[-41.485174,-12.666143],[-41.485115,-12.666433],[-41.485216,-12.666703],[-41.485576,-12.66707],[-41.485789,-12.667385],[-41.486124,-12.667725],[-41.486545,-12.668019],[-41.487015,-12.668277],[-41.487262,-12.66841],[-41.487472,-12.668408],[-41.487777,-12.668224],[-41.487922,-12.667934],[-41.487956,-12.667599],[-41.487905,-12.667437],[-41.487619,-12.667151],[-41.48742,-12.666863],[-41.487404,-12.666529],[-41.487486,-12.666131],[-41.487729,-12.665749],[-41.487751,-12.665469],[-41.487745,-12.664936],[-41.487765,-12.664357],[-41.487943,-12.66375],[-41.487974,-12.663109],[-41.488149,-12.66214],[-41.488206,-12.661706],[-41.488201,-12.661128],[-41.488453,-12.660475],[-41.488984,-12.659413],[-41.489829,-12.657778],[-41.490969,-12.65606],[-41.491582,-12.654609],[-41.492161,-12.653438],[-41.49313,-12.651848],[-41.493933,-12.649672],[-41.494112,-12.648757],[-41.49431,-12.647469],[-41.494577,-12.645804],[-41.494972,-12.643478],[-41.495415,-12.640899],[-41.495793,-12.639305],[-41.496095,-12.63745],[-41.496625,-12.635042],[-41.497115,-12.63361],[-41.498079,-12.631505],[-41.498792,-12.630206],[-41.499058,-12.629697],[-41.499517,-12.628371],[-41.499903,-12.627056],[-41.500309,-12.625996],[-41.500988,-12.624576],[-41.502166,-12.622607],[-41.503037,-12.621305],[-41.504217,-12.619556],[-41.505332,-12.618371],[-41.507035,-12.61689],[-41.508658,-12.616194],[-41.509365,-12.615881],[-41.509816,-12.615809],[-41.510093,-12.615806],[-41.510527,-12.615853],[-41.510914,-12.616377],[-41.511158,-12.616545],[-41.511384,-12.616594],[-41.511694,-12.616421],[-41.512413,-12.615461],[-41.513179,-12.614023],[-41.514103,-12.612703],[-41.514991,-12.611315],[-41.515726,-12.610201],[-41.516429,-12.609445],[-41.516819,-12.609176],[-41.516637,-12.608506],[-41.515893,-12.605759],[-41.516152,-12.605754],[-41.51628,-12.60569],[-41.516325,-12.605599],[-41.516388,-12.605445],[-41.516442,-12.605363],[-41.516441,-12.605273],[-41.51644,-12.605147],[-41.516438,-12.604921],[-41.516345,-12.604832],[-41.516343,-12.604696],[-41.51637,-12.604597],[-41.516432,-12.604371],[-41.516358,-12.60429],[-41.516266,-12.604291],[-41.516036,-12.604293],[-41.515926,-12.604276],[-41.515778,-12.604196],[-41.515657,-12.604071],[-41.515628,-12.603927],[-41.515644,-12.603674],[-41.515551,-12.603558],[-41.515358,-12.603514],[-41.515062,-12.603382],[-41.514905,-12.603293],[-41.514885,-12.603058],[-41.514882,-12.602815],[-41.51498,-12.602516],[-41.515171,-12.602261],[-41.515324,-12.601989],[-41.515525,-12.601834],[-41.515699,-12.60176],[-41.515976,-12.601848],[-41.516097,-12.602],[-41.516135,-12.602153],[-41.51619,-12.602207],[-41.51633,-12.602332],[-41.516506,-12.602483],[-41.516756,-12.60268],[-41.516821,-12.602742],[-41.516803,-12.602869],[-41.51674,-12.602933],[-41.516786,-12.602968],[-41.516823,-12.603013],[-41.516916,-12.60312],[-41.516917,-12.603175],[-41.516918,-12.603292],[-41.516919,-12.603409],[-41.516957,-12.60358],[-41.517041,-12.603625],[-41.517226,-12.603749],[-41.517494,-12.603891],[-41.517669,-12.60398],[-41.517845,-12.604168],[-41.517921,-12.604348],[-41.51807,-12.60459],[-41.518303,-12.604877],[-41.518432,-12.604975],[-41.518552,-12.60501],[-41.518597,-12.604946],[-41.518605,-12.604801],[-41.518622,-12.604648],[-41.518612,-12.604513],[-41.518665,-12.604286],[-41.518791,-12.604096],[-41.518919,-12.603986],[-41.518973,-12.603877],[-41.51899,-12.603724],[-41.518989,-12.603643],[-41.519071,-12.603515],[-41.519153,-12.603451],[-41.519243,-12.603315],[-41.519399,-12.60326],[-41.519619,-12.603248],[-41.519831,-12.603328],[-41.519962,-12.603489],[-41.520156,-12.603668],[-41.520276,-12.603721],[-41.520451,-12.603719],[-41.520515,-12.603718],[-41.52067,-12.603563],[-41.520771,-12.603508],[-41.520926,-12.603417],[-41.52099,-12.60338],[-41.521145,-12.603279],[-41.521281,-12.603088],[-41.521473,-12.602924],[-41.521628,-12.602814],[-41.521755,-12.602696],[-41.521883,-12.602586],[-41.52203,-12.602558],[-41.522377,-12.602419],[-41.522652,-12.602263],[-41.522881,-12.602189],[-41.523054,-12.602061],[-41.523255,-12.601914],[-41.523447,-12.60184],[-41.523686,-12.601856],[-41.524063,-12.601916],[-41.524348,-12.60185],[-41.524769,-12.601683],[-41.525154,-12.601581],[-41.525861,-12.601425],[-41.525742,-12.601672],[-41.525683,-12.601905],[-41.525564,-12.602145],[-41.525468,-12.602343],[-41.525391,-12.602535],[-41.525302,-12.602793],[-41.525304,-12.602907],[-41.525318,-12.60317],[-41.525357,-12.603402],[-41.525359,-12.603588],[-41.525349,-12.603833],[-41.525363,-12.604024],[-41.525505,-12.604238],[-41.525842,-12.604503],[-41.525953,-12.60458],[-41.526048,-12.604938],[-41.526088,-12.60535],[-41.526118,-12.605923],[-41.526195,-12.606353],[-41.526178,-12.60649],[-41.526149,-12.606628],[-41.526102,-12.606742],[-41.526036,-12.606916],[-41.525983,-12.607078],[-41.525924,-12.607234],[-41.525854,-12.607545],[-41.525856,-12.607748],[-41.525858,-12.607904],[-41.525858,-12.607975],[-41.52575,-12.608138],[-41.525693,-12.608473],[-41.525665,-12.60876],[-41.52574,-12.608945],[-41.525833,-12.609081],[-41.525853,-12.609296],[-41.52586,-12.60938],[-41.525948,-12.609666],[-41.52601,-12.609779],[-41.526157,-12.609849],[-41.526371,-12.61002],[-41.526501,-12.610276],[-41.526649,-12.610436],[-41.52673,-12.610651],[-41.526732,-12.610818],[-41.526728,-12.610997],[-41.526802,-12.611128],[-41.526938,-12.611312],[-41.527115,-12.611454],[-41.527265,-12.611847],[-41.527329,-12.612151],[-41.527264,-12.612367],[-41.527236,-12.612624],[-41.527342,-12.61282],[-41.527539,-12.613033],[-41.527675,-12.613259],[-41.527809,-12.6133],[-41.528059,-12.613309],[-41.528283,-12.613271],[-41.528588,-12.613286],[-41.528893,-12.613409],[-41.529211,-12.613585],[-41.52955,-12.613982],[-41.529637,-12.614179],[-41.529769,-12.614626],[-41.52977,-12.614668],[-41.529827,-12.61496],[-41.52988,-12.615348],[-41.529901,-12.615611],[-41.529903,-12.615862],[-41.529875,-12.616095],[-41.529834,-12.616299],[-41.529807,-12.616657],[-41.529719,-12.616969],[-41.529717,-12.617328],[-41.52978,-12.617602],[-41.529838,-12.617906],[-41.529841,-12.618253],[-41.529842,-12.618354],[-41.529843,-12.618462],[-41.529773,-12.618761],[-41.529745,-12.618989],[-41.529705,-12.619186],[-41.529634,-12.619462],[-41.52957,-12.619725],[-41.529443,-12.61987],[-41.529397,-12.620104],[-41.529399,-12.620253],[-41.529419,-12.620438],[-41.529432,-12.620605],[-41.529452,-12.620713],[-41.529538,-12.620861],[-41.529614,-12.621094],[-41.529683,-12.621296],[-41.529751,-12.621445],[-41.529741,-12.621624],[-41.529651,-12.621798],[-41.52958,-12.622032],[-41.529467,-12.622248],[-41.529305,-12.622447],[-41.529106,-12.622682],[-41.529046,-12.622802],[-41.529004,-12.622874],[-41.528964,-12.623042],[-41.528965,-12.62315],[-41.528991,-12.623329],[-41.529017,-12.623538],[-41.529049,-12.623723],[-41.529137,-12.623997],[-41.529237,-12.624247],[-41.529418,-12.624693],[-41.529672,-12.625115],[-41.529813,-12.625281],[-41.529936,-12.625381],[-41.530101,-12.625505],[-41.53023,-12.625558],[-41.530352,-12.625617],[-41.530414,-12.625694],[-41.53047,-12.625866],[-41.530473,-12.626141],[-41.530505,-12.626308],[-41.530506,-12.62647],[-41.530533,-12.626655],[-41.530602,-12.626929],[-41.530726,-12.627101],[-41.531004,-12.627577],[-41.531251,-12.627921],[-41.531432,-12.628421],[-41.531621,-12.629011],[-41.531835,-12.629451],[-41.532025,-12.629945],[-41.532069,-12.630056],[-41.532133,-12.630076],[-41.532185,-12.630054],[-41.53226,-12.630024],[-41.532357,-12.629942],[-41.532568,-12.630003],[-41.532757,-12.630106],[-41.532965,-12.630194],[-41.533122,-12.630332],[-41.533223,-12.630481],[-41.533392,-12.630599],[-41.533548,-12.630657],[-41.533746,-12.63067],[-41.533812,-12.630658],[-41.533952,-12.630594],[-41.534107,-12.630534],[-41.534225,-12.630565],[-41.534337,-12.630616],[-41.534346,-12.630705],[-41.534318,-12.630825],[-41.534223,-12.631001],[-41.534104,-12.631216],[-41.534069,-12.631382],[-41.533985,-12.631648],[-41.53377,-12.631999],[-41.533528,-12.632292],[-41.533345,-12.632549],[-41.533242,-12.632759],[-41.533267,-12.633022],[-41.533314,-12.633264],[-41.533494,-12.633394],[-41.533748,-12.633495],[-41.533941,-12.633746],[-41.533969,-12.633919],[-41.53404,-12.634185],[-41.53403,-12.634518],[-41.533978,-12.634772],[-41.533953,-12.635025],[-41.533996,-12.635252],[-41.533999,-12.635545],[-41.533973,-12.635705],[-41.533936,-12.636025],[-41.53398,-12.636398],[-41.534093,-12.636863],[-41.534126,-12.637383],[-41.534155,-12.637622],[-41.534144,-12.637916],[-41.534135,-12.638329],[-41.534138,-12.638595],[-41.534139,-12.638729],[-41.534101,-12.638969],[-41.534223,-12.639091],[-41.534406,-12.639149],[-41.534498,-12.639228],[-41.534581,-12.639347],[-41.534715,-12.639634],[-41.534727,-12.639823],[-41.53478,-12.640031],[-41.534984,-12.640199],[-41.535106,-12.640247],[-41.535198,-12.640326],[-41.53532,-12.640375],[-41.535533,-12.640402],[-41.535575,-12.640491],[-41.535698,-12.64064],[-41.53576,-12.640748],[-41.535892,-12.640807],[-41.535964,-12.640886],[-41.535997,-12.641144],[-41.536009,-12.641343],[-41.536052,-12.641631],[-41.536165,-12.641809],[-41.536227,-12.641938],[-41.536249,-12.642097],[-41.536311,-12.642236],[-41.536414,-12.642394],[-41.536547,-12.642462],[-41.536668,-12.642471],[-41.53674,-12.64254],[-41.536731,-12.64265],[-41.536621,-12.64282],[-41.536573,-12.643059],[-41.536504,-12.643219],[-41.536515,-12.643358],[-41.536668,-12.643486],[-41.536851,-12.643544],[-41.536963,-12.643603],[-41.537055,-12.643662],[-41.537148,-12.64384],[-41.537241,-12.643968],[-41.537363,-12.644027],[-41.537495,-12.644075],[-41.537557,-12.644164],[-41.537567,-12.644214],[-41.537598,-12.644264],[-41.537629,-12.644363],[-41.537711,-12.644412],[-41.537793,-12.64451],[-41.537855,-12.644599],[-41.537936,-12.644609],[-41.537976,-12.644578],[-41.537975,-12.644449],[-41.537974,-12.644379],[-41.538065,-12.644378],[-41.538096,-12.644408],[-41.538219,-12.644496],[-41.53822,-12.644596],[-41.538149,-12.644646],[-41.5381,-12.644796],[-41.538222,-12.644884],[-41.538274,-12.645033],[-41.538367,-12.645211],[-41.53843,-12.64535],[-41.538553,-12.645568],[-41.538595,-12.645667],[-41.538728,-12.645765],[-41.538799,-12.645854],[-41.538901,-12.645923],[-41.539003,-12.645972],[-41.539146,-12.64608],[-41.539299,-12.646168],[-41.539573,-12.646245],[-41.539847,-12.646272],[-41.54,-12.6463],[-41.540142,-12.646379],[-41.540285,-12.646437],[-41.54057,-12.646594],[-41.540661,-12.646623],[-41.540804,-12.646711],[-41.540927,-12.646819],[-41.54106,-12.646947],[-41.541141,-12.646966],[-41.541253,-12.646975],[-41.541294,-12.647034],[-41.541386,-12.647153],[-41.541459,-12.647401],[-41.541491,-12.6475],[-41.541482,-12.64765],[-41.541495,-12.647918],[-41.541438,-12.648317],[-41.541359,-12.648526],[-41.541301,-12.648796],[-41.541093,-12.649285],[-41.540975,-12.649684],[-41.540867,-12.650044],[-41.540819,-12.650283],[-41.540772,-12.650671],[-41.540724,-12.650911],[-41.540625,-12.651101],[-41.540626,-12.65125],[-41.540678,-12.651339],[-41.54079,-12.651447],[-41.540923,-12.651516],[-41.541126,-12.651613],[-41.541238,-12.651692],[-41.541341,-12.651771],[-41.541362,-12.65186],[-41.541454,-12.652008],[-41.541567,-12.652107],[-41.541579,-12.652306],[-41.541529,-12.652426],[-41.541419,-12.652536],[-41.541369,-12.652596],[-41.541259,-12.652697],[-41.541259,-12.652786],[-41.541362,-12.652885],[-41.541596,-12.653022],[-41.541759,-12.6531],[-41.541861,-12.653159],[-41.541983,-12.653217],[-41.542115,-12.653266],[-41.542166,-12.653275],[-41.542288,-12.653344],[-41.54235,-12.653463],[-41.542352,-12.653642],[-41.542414,-12.65379],[-41.542497,-12.653909],[-41.542549,-12.654068],[-41.542723,-12.654275],[-41.542836,-12.654443],[-41.542848,-12.654552],[-41.542869,-12.654662],[-41.54287,-12.654801],[-41.542841,-12.654891],[-41.542741,-12.654991],[-41.54263,-12.655132],[-41.542532,-12.655391],[-41.542503,-12.655541],[-41.542484,-12.65567],[-41.542475,-12.6558],[-41.542467,-12.656059],[-41.542419,-12.656258],[-41.54233,-12.656538],[-41.542322,-12.656757],[-41.542427,-12.657064],[-41.542569,-12.657152],[-41.542661,-12.657241],[-41.542773,-12.65729],[-41.542956,-12.657348],[-41.542988,-12.657417],[-41.542988,-12.657516],[-41.542959,-12.657596],[-41.542818,-12.657697],[-41.542616,-12.657749],[-41.542465,-12.65789],[-41.542436,-12.657969],[-41.542437,-12.658119],[-41.542449,-12.658278],[-41.542482,-12.658596],[-41.542484,-12.658735],[-41.542505,-12.658834],[-41.542547,-12.658944],[-41.542548,-12.659103],[-41.542407,-12.659194],[-41.542297,-12.659354],[-41.542107,-12.659614],[-41.541896,-12.659766],[-41.541704,-12.659827],[-41.541613,-12.659878],[-41.541522,-12.659899],[-41.541391,-12.65991],[-41.541228,-12.659832],[-41.541107,-12.659893],[-41.541058,-12.660092],[-41.54104,-12.660281],[-41.541021,-12.660431],[-41.541042,-12.66054],[-41.541054,-12.660719],[-41.540954,-12.660839],[-41.540914,-12.66091],[-41.540834,-12.661],[-41.540784,-12.66104],[-41.540825,-12.661149],[-41.540988,-12.661227],[-41.541029,-12.661247],[-41.541132,-12.661395],[-41.541112,-12.661475],[-41.541021,-12.661476],[-41.54094,-12.661476],[-41.540798,-12.661448],[-41.540666,-12.661449],[-41.540545,-12.66151],[-41.540442,-12.661586],[-41.540311,-12.661743],[-41.540307,-12.661828],[-41.540329,-12.661978],[-41.540365,-12.662047],[-41.540407,-12.662162],[-41.540485,-12.662367],[-41.540497,-12.662512],[-41.540498,-12.662607],[-41.540453,-12.662737],[-41.540424,-12.662893],[-41.540414,-12.662918],[-41.540401,-12.663083],[-41.540438,-12.663218],[-41.540494,-12.663278],[-41.540593,-12.663407],[-41.540614,-12.663547],[-41.540591,-12.663727],[-41.540568,-12.663983],[-41.540521,-12.664236],[-41.540488,-12.664511],[-41.540452,-12.664595],[-41.540562,-12.664642],[-41.540636,-12.664737],[-41.540686,-12.664856],[-41.540723,-12.664951],[-41.540688,-12.665071],[-41.540567,-12.665168],[-41.540446,-12.665181],[-41.540324,-12.665194],[-41.540251,-12.665206],[-41.540117,-12.665244],[-41.54007,-12.66534],[-41.540047,-12.665471],[-41.540024,-12.665615],[-41.540111,-12.665817],[-41.540295,-12.665923],[-41.540491,-12.666101],[-41.540662,-12.666147],[-41.540893,-12.666145],[-41.541051,-12.666095],[-41.541172,-12.666058],[-41.541283,-12.666129],[-41.541296,-12.666224],[-41.541248,-12.666332],[-41.541128,-12.666489],[-41.541129,-12.666608],[-41.541192,-12.666859],[-41.54128,-12.667121],[-41.541281,-12.66724],[-41.541259,-12.667456],[-41.541139,-12.667612],[-41.541067,-12.667721],[-41.541057,-12.667924],[-41.541034,-12.668103],[-41.541036,-12.668283],[-41.541038,-12.66851],[-41.541041,-12.668808],[-41.541044,-12.669095],[-41.54096,-12.669192],[-41.540863,-12.669276],[-41.540694,-12.669386],[-41.540658,-12.669422],[-41.540598,-12.669554],[-41.54049,-12.669686],[-41.540346,-12.669927],[-41.540251,-12.670071],[-41.540154,-12.670168],[-41.540045,-12.67024],[-41.539765,-12.670255],[-41.539717,-12.670327],[-41.539658,-12.670447],[-41.539647,-12.670543],[-41.539611,-12.670603],[-41.539503,-12.670748],[-41.539479,-12.670796],[-41.539443,-12.67088],[-41.539384,-12.671059],[-41.539349,-12.671263],[-41.539338,-12.671323],[-41.539279,-12.671574],[-41.539282,-12.671801],[-41.539138,-12.671994],[-41.538836,-12.672236],[-41.538605,-12.672334],[-41.538399,-12.672396],[-41.538047,-12.672506],[-41.537792,-12.672581],[-41.537585,-12.672583],[-41.53744,-12.67262],[-41.537355,-12.672668],[-41.537137,-12.672838],[-41.537004,-12.672923],[-41.536993,-12.673042],[-41.536982,-12.67315],[-41.536923,-12.673318],[-41.536802,-12.673343],[-41.536717,-12.673416],[-41.536755,-12.673571],[-41.53672,-12.67369],[-41.536637,-12.67393],[-41.536552,-12.674003],[-41.536505,-12.674135],[-41.536494,-12.674278],[-41.536496,-12.67441],[-41.536497,-12.674505],[-41.536412,-12.674614],[-41.536315,-12.674651],[-41.536194,-12.674723],[-41.536159,-12.674855],[-41.536112,-12.674963],[-41.536052,-12.675071],[-41.535967,-12.675132],[-41.535945,-12.675311],[-41.535825,-12.67548],[-41.535668,-12.675625],[-41.535536,-12.675829],[-41.535464,-12.675961],[-41.535453,-12.676093],[-41.535456,-12.676368],[-41.535458,-12.676547],[-41.535521,-12.676833],[-41.53555,-12.677252],[-41.535551,-12.677371],[-41.53554,-12.677503],[-41.535566,-12.677694],[-41.535666,-12.677908],[-41.535667,-12.678039],[-41.535668,-12.678123],[-41.535669,-12.678254],[-41.535671,-12.678398],[-41.535661,-12.678589],[-41.535651,-12.678876],[-41.535604,-12.679056],[-41.535594,-12.679283],[-41.535596,-12.679426],[-41.535612,-12.679797],[-41.535747,-12.679927],[-41.535748,-12.680094],[-41.535642,-12.68037],[-41.535632,-12.680633],[-41.535549,-12.680885],[-41.535479,-12.681173],[-41.535408,-12.681329],[-41.535276,-12.681533],[-41.535204,-12.681701],[-41.535084,-12.681858],[-41.535037,-12.682049],[-41.535124,-12.682204],[-41.535223,-12.682382],[-41.535298,-12.682525],[-41.535361,-12.682716],[-41.53534,-12.683074],[-41.535232,-12.683255],[-41.535186,-12.683482],[-41.535309,-12.68366],[-41.53531,-12.683804],[-41.535313,-12.684079],[-41.535316,-12.684365],[-41.535235,-12.684808],[-41.535213,-12.685],[-41.535153,-12.685132],[-41.535155,-12.685359],[-41.535157,-12.685562],[-41.535183,-12.685729],[-41.535258,-12.685848],[-41.53526,-12.686039],[-41.535262,-12.686242],[-41.535214,-12.686374],[-41.535215,-12.686494],[-41.535278,-12.686661],[-41.535266,-12.686732],[-41.535304,-12.686864],[-41.535305,-12.686971],[-41.535367,-12.68703],[-41.535441,-12.687173],[-41.535455,-12.687304],[-41.535419,-12.6874],[-41.535359,-12.687509],[-41.535335,-12.687545],[-41.5353,-12.687712],[-41.535289,-12.687808],[-41.535229,-12.687904],[-41.535206,-12.687988],[-41.535182,-12.68806],[-41.535183,-12.688108],[-41.535184,-12.688215],[-41.535222,-12.688346],[-41.535258,-12.688382],[-41.535271,-12.68843],[-41.535272,-12.688549],[-41.535227,-12.688671],[-41.534272,-12.691313],[-41.533708,-12.695959],[-41.533572,-12.696927],[-41.533498,-12.699982],[-41.5321,-12.703099],[-41.531327,-12.704727],[-41.529765,-12.707198],[-41.529634,-12.709178],[-41.529379,-12.713003],[-41.528946,-12.715668],[-41.528445,-12.71992],[-41.528223,-12.724878],[-41.526281,-12.730028],[-41.524847,-12.732534],[-41.522808,-12.736249],[-41.521945,-12.73782],[-41.521037,-12.740641],[-41.520579,-12.743021],[-41.51996,-12.744831],[-41.519532,-12.745879],[-41.51922,-12.747297],[-41.518714,-12.748453],[-41.518165,-12.749475],[-41.516897,-12.750337],[-41.514076,-12.751357],[-41.5133,-12.752096],[-41.513567,-12.752609],[-41.513872,-12.753365],[-41.514035,-12.754872],[-41.514076,-12.75639],[-41.51398,-12.75769],[-41.51379,-12.758934],[-41.513852,-12.760059],[-41.513855,-12.761154],[-41.513397,-12.761885],[-41.512259,-12.763611],[-41.511702,-12.7645],[-41.51107,-12.765642],[-41.510135,-12.767266],[-41.509375,-12.768434],[-41.508999,-12.769447],[-41.508622,-12.770283],[-41.508398,-12.771017],[-41.508148,-12.771751],[-41.508055,-12.772711],[-41.508061,-12.773342],[-41.508068,-12.774074],[-41.508103,-12.775033],[-41.508115,-12.776269],[-41.50815,-12.777203],[-41.50851,-12.779275],[-41.507958,-12.782749],[-41.507757,-12.783636],[-41.507518,-12.784696],[-41.506967,-12.785577],[-41.50578,-12.786366],[-41.50476,-12.787459],[-41.504003,-12.788199],[-41.503403,-12.789216],[-41.503207,-12.790673],[-41.502987,-12.792039],[-41.503428,-12.793363],[-41.503738,-12.794697],[-41.503681,-12.796098],[-41.50337,-12.797429],[-41.502729,-12.80133],[-41.503017,-12.802113],[-41.502653,-12.803219],[-41.501561,-12.803681],[-41.500758,-12.803743],[-41.500257,-12.80466],[-41.498885,-12.806317],[-41.498599,-12.806898],[-41.498322,-12.807687],[-41.497941,-12.809714],[-41.497517,-12.811842],[-41.497682,-12.814513],[-41.497523,-12.8161],[-41.497339,-12.817531],[-41.497175,-12.818429],[-41.49679,-12.819426],[-41.49628,-12.820255],[-41.495993,-12.821178],[-41.495777,-12.821858],[-41.495783,-12.822464],[-41.495789,-12.82307],[-41.495991,-12.823552],[-41.496117,-12.823769],[-41.496224,-12.824616],[-41.496258,-12.825536],[-41.496264,-12.82619],[-41.496368,-12.826722],[-41.4964,-12.827401],[-41.496631,-12.828319],[-41.496782,-12.828657],[-41.497279,-12.829047],[-41.497827,-12.829446],[-41.49825,-12.829781],[-41.498828,-12.830793],[-41.499357,-12.83183],[-41.499737,-12.832844],[-41.499839,-12.833568],[-41.499579,-12.834372],[-41.49929,-12.835126],[-41.498884,-12.836328],[-41.498766,-12.837029],[-41.498729,-12.838556],[-41.498575,-12.840274],[-41.49823,-12.842247],[-41.497284,-12.845969],[-41.496896,-12.847012],[-41.496773,-12.847266],[-41.496399,-12.848047],[-41.495646,-12.84875],[-41.495715,-12.849589],[-41.495707,-12.850484],[-41.495628,-12.851424],[-41.495421,-12.852547],[-41.493943,-12.856058],[-41.490856,-12.861214],[-41.488711,-12.863898],[-41.486104,-12.867783],[-41.484101,-12.87113],[-41.482424,-12.87301],[-41.481688,-12.874082],[-41.481164,-12.876018],[-41.479623,-12.877963],[-41.478681,-12.87877],[-41.476196,-12.88139],[-41.474397,-12.883673],[-41.474257,-12.884337],[-41.474755,-12.884199],[-41.477358,-12.882244],[-41.478974,-12.880964],[-41.480996,-12.879614],[-41.483019,-12.87833],[-41.484833,-12.876515],[-41.486516,-12.875235],[-41.487526,-12.874426],[-41.488677,-12.874149],[-41.489424,-12.874275],[-41.490044,-12.875135],[-41.490135,-12.876576],[-41.489954,-12.878433],[-41.489804,-12.879814],[-41.489648,-12.881929],[-41.489567,-12.883453],[-41.489391,-12.884616],[-41.489259,-12.885878],[-41.489354,-12.886727],[-41.489786,-12.887873],[-41.489592,-12.888835],[-41.488984,-12.890115],[-41.488287,-12.891198],[-41.487824,-12.892576],[-41.487033,-12.894311],[-41.486165,-12.895325],[-41.485262,-12.896481],[-41.48442,-12.89779],[-41.483141,-12.899348],[-41.482044,-12.900379],[-41.481341,-12.901461],[-41.480662,-12.903934],[-41.480544,-12.904369],[-41.48009,-12.906731],[-41.479764,-12.90893],[-41.479577,-12.910187],[-41.479417,-12.911969],[-41.47933,-12.912927],[-41.47918,-12.914483],[-41.47906,-12.915928],[-41.479208,-12.918299],[-41.479572,-12.919651],[-41.479767,-12.920814],[-41.480051,-12.921887],[-41.480245,-12.923021],[-41.480473,-12.924102],[-41.480009,-12.925048],[-41.479221,-12.926169],[-41.478802,-12.926702],[-41.47815,-12.92781],[-41.477412,-12.929213],[-41.476755,-12.930588],[-41.476399,-12.931658],[-41.475926,-12.932927],[-41.475371,-12.934053],[-41.474616,-12.935903],[-41.473858,-12.937112],[-41.472839,-12.938839],[-41.472338,-12.940587],[-41.471507,-12.942303],[-41.471029,-12.943337],[-41.470405,-12.945015],[-41.469826,-12.94633],[-41.469029,-12.947747],[-41.468619,-12.94851],[-41.468186,-12.949327],[-41.467268,-12.951188],[-41.466931,-12.952267],[-41.466874,-12.953641],[-41.466972,-12.955356],[-41.466777,-12.956894],[-41.466353,-12.958994],[-41.465882,-12.960408],[-41.464819,-12.961466],[-41.464273,-12.961878],[-41.464116,-12.962593],[-41.464089,-12.963208],[-41.464302,-12.96364],[-41.464822,-12.964574],[-41.465215,-12.964905],[-41.466227,-12.965217],[-41.466706,-12.965596],[-41.467,-12.96573],[-41.467239,-12.96596],[-41.467449,-12.965958],[-41.467644,-12.965956],[-41.467938,-12.966063],[-41.468234,-12.966347],[-41.468643,-12.966863],[-41.468884,-12.967176],[-41.469095,-12.967393],[-41.469265,-12.967596],[-41.469674,-12.968113],[-41.469803,-12.968453],[-41.469917,-12.968699],[-41.469947,-12.968876],[-41.470271,-12.969188],[-41.470761,-12.969361],[-41.471127,-12.969659],[-41.471729,-12.969954],[-41.471968,-12.970075],[-41.472154,-12.970264],[-41.471125,-12.972183],[-41.470211,-12.973244],[-41.469768,-12.973787],[-41.469375,-12.974313],[-41.469028,-12.974612],[-41.468633,-12.974923],[-41.468454,-12.975126],[-41.468107,-12.975473],[-41.467762,-12.975926],[-41.467224,-12.976475],[-41.466734,-12.976953],[-41.466305,-12.977502],[-41.46584,-12.978074],[-41.465507,-12.978539],[-41.465352,-12.978741],[-41.465223,-12.97918],[-41.465142,-12.979465],[-41.465168,-12.979737],[-41.46511,-12.979963],[-41.465088,-12.980188],[-41.464997,-12.980686],[-41.464916,-12.981101],[-41.464682,-12.981766],[-41.464435,-12.982466],[-41.464141,-12.983191],[-41.463964,-12.983619],[-41.463788,-12.984129],[-41.463622,-12.984462],[-41.46354,-12.984747],[-41.463364,-12.985246],[-41.463129,-12.985828],[-41.463011,-12.986184],[-41.462942,-12.986528],[-41.462742,-12.987039],[-41.462496,-12.987715],[-41.462176,-12.988334],[-41.461784,-12.988941],[-41.461523,-12.989393],[-41.461106,-12.990036],[-41.460822,-12.990512],[-41.460608,-12.990858],[-41.460315,-12.991724],[-41.460042,-12.992283],[-41.459878,-12.992746],[-41.459665,-12.993174],[-41.459427,-12.993484],[-41.459092,-12.993854],[-41.458517,-12.994274],[-41.45787,-12.99473],[-41.457619,-12.994945],[-41.457357,-12.995279],[-41.456956,-12.996253],[-41.456662,-12.997014],[-41.456424,-12.997383],[-41.456079,-12.997907],[-41.455748,-12.998584],[-41.45545,-12.999037],[-41.455236,-12.999323],[-41.455178,-12.999548],[-41.455108,-12.999845],[-41.455028,-13.00026],[-41.454863,-13.000676],[-41.454588,-13.000939],[-41.45399,-13.001512],[-41.453645,-13.001977],[-41.453109,-13.002669],[-41.452668,-13.003241],[-41.452442,-13.003634],[-41.452265,-13.004002],[-41.452147,-13.004335],[-41.452116,-13.004796],[-41.452072,-13.005235],[-41.451931,-13.005662],[-41.451657,-13.005984],[-41.451454,-13.006223],[-41.451214,-13.006379],[-41.451024,-13.006736],[-41.450848,-13.007187],[-41.450707,-13.007567],[-41.450697,-13.007804],[-41.450628,-13.008148],[-41.450485,-13.008339],[-41.450017,-13.008568],[-41.449536,-13.008845],[-41.449261,-13.009096],[-41.449058,-13.009323],[-41.448795,-13.009538],[-41.448422,-13.009961],[-41.433874,-13.010376],[-41.432339,-13.019511],[-41.429898,-13.019889],[-41.428399,-13.020228],[-41.427035,-13.020394],[-41.426509,-13.020437],[-41.425844,-13.020271],[-41.424843,-13.019535],[-41.42321,-13.018154],[-41.421992,-13.017248],[-41.421264,-13.016604],[-41.420439,-13.015981],[-41.420027,-13.015736],[-41.419243,-13.015322],[-41.417694,-13.014515],[-41.416341,-13.013762],[-41.415792,-13.013499],[-41.413666,-13.016303],[-41.414016,-13.017295],[-41.414238,-13.01816],[-41.414557,-13.019591],[-41.414598,-13.020727],[-41.414799,-13.022637],[-41.414768,-13.025715],[-41.414684,-13.026463],[-41.414385,-13.027064],[-41.413815,-13.027936],[-41.413364,-13.028627],[-41.412583,-13.0298],[-41.412163,-13.030521],[-41.411988,-13.031329],[-41.411815,-13.032347],[-41.411914,-13.033063],[-41.411985,-13.034168],[-41.412235,-13.034823],[-41.412579,-13.035657],[-41.412496,-13.036584],[-41.411987,-13.037485],[-41.411294,-13.038299],[-41.4106,-13.039082],[-41.409695,-13.039987],[-41.40885,-13.040861],[-41.408248,-13.041614],[-41.407761,-13.041738],[-41.407365,-13.041742],[-41.406934,-13.041357],[-41.40638,-13.040795],[-41.405916,-13.040022],[-41.405485,-13.039578],[-41.404933,-13.039284],[-41.40472,-13.039256],[-41.404262,-13.039171],[-41.404018,-13.039173],[-41.403743,-13.039116],[-41.403373,-13.038731],[-41.402914,-13.038526],[-41.402579,-13.038529],[-41.402337,-13.038711],[-41.402003,-13.038893],[-41.40161,-13.039166],[-41.401338,-13.039437],[-41.401133,-13.040246],[-41.401168,-13.040753],[-41.401269,-13.041709],[-41.401524,-13.042932],[-41.402024,-13.044182],[-41.402671,-13.044893],[-41.403133,-13.045337],[-41.403348,-13.045544],[-41.403505,-13.046081],[-41.403482,-13.046858],[-41.403491,-13.047695],[-41.403286,-13.048623],[-41.402661,-13.050153],[-41.401793,-13.051775],[-41.40095,-13.052888],[-41.400228,-13.053881],[-41.39927,-13.055653],[-41.398638,-13.056525],[-41.39782,-13.057011],[-41.397212,-13.057166],[-41.39651,-13.057083],[-41.395593,-13.056882],[-41.394829,-13.05668],[-41.394312,-13.056745],[-41.393947,-13.056838],[-41.393284,-13.057681],[-41.392773,-13.058432],[-41.392447,-13.059362],[-41.391663,-13.060266],[-41.391153,-13.061107],[-41.390524,-13.062248],[-41.390079,-13.063478],[-41.389544,-13.064917],[-41.389254,-13.066474],[-41.388874,-13.068181],[-41.388561,-13.070455],[-41.388133,-13.073507],[-41.387815,-13.075362],[-41.387522,-13.07659],[-41.387197,-13.077669],[-41.386935,-13.078927],[-41.386363,-13.079619],[-41.385791,-13.080372],[-41.384734,-13.081427],[-41.383524,-13.082455],[-41.382982,-13.083147],[-41.382476,-13.084347],[-41.381579,-13.086268],[-41.381259,-13.087825],[-41.380962,-13.088604],[-41.380512,-13.089356],[-41.380151,-13.089897],[-41.380035,-13.090466],[-41.379983,-13.091482],[-41.379656,-13.092322],[-41.379509,-13.092891],[-41.379334,-13.093699],[-41.379283,-13.094776],[-41.379533,-13.095401],[-41.379662,-13.096117],[-41.380489,-13.096558],[-41.381589,-13.096757],[-41.382136,-13.096572],[-41.383042,-13.095727],[-41.384163,-13.09497],[-41.3851,-13.094124],[-41.385857,-13.093639],[-41.386923,-13.09345],[-41.388143,-13.093528],[-41.389334,-13.093816],[-41.390464,-13.093955],[-41.39193,-13.0943],[-41.392266,-13.094297],[-41.393881,-13.094222],[-41.39522,-13.094031],[-41.39668,-13.093629],[-41.397563,-13.093531],[-41.398111,-13.093436],[-41.398751,-13.09343],[-41.399755,-13.093271],[-41.400517,-13.093264],[-41.401098,-13.093378],[-41.401343,-13.093525],[-41.40141,-13.094152],[-41.401416,-13.09475],[-41.401239,-13.095349],[-41.400912,-13.096249],[-41.40019,-13.097242],[-41.399253,-13.098027],[-41.397828,-13.098877],[-41.397073,-13.099631],[-41.396836,-13.100291],[-41.396808,-13.10062],[-41.396695,-13.101547],[-41.396425,-13.101968],[-41.395881,-13.102481],[-41.395673,-13.102961],[-41.395464,-13.103412],[-41.395228,-13.104251],[-41.395141,-13.104789],[-41.394964,-13.105329],[-41.394787,-13.105988],[-41.394152,-13.106502],[-41.393519,-13.107285],[-41.392762,-13.10777],[-41.392401,-13.108311],[-41.391738,-13.109094],[-41.391255,-13.109637],[-41.390465,-13.109883],[-41.389856,-13.109918],[-41.389187,-13.110134],[-41.388549,-13.110349],[-41.388128,-13.11101],[-41.387615,-13.111523],[-41.386735,-13.111979],[-41.385852,-13.112018],[-41.385517,-13.11211],[-41.385214,-13.112292],[-41.385065,-13.112622],[-41.38507,-13.11322],[-41.385415,-13.114173],[-41.38602,-13.116857],[-41.386306,-13.11802],[-41.386312,-13.118707],[-41.386198,-13.119485],[-41.385753,-13.120744],[-41.385063,-13.121886],[-41.384009,-13.12333],[-41.382771,-13.124597],[-41.381626,-13.125923],[-41.380811,-13.126767],[-41.379844,-13.127672],[-41.378662,-13.12849],[-41.377296,-13.1291],[-41.37593,-13.12974],[-41.37529,-13.129776],[-41.37468,-13.129752],[-41.373768,-13.13],[-41.373071,-13.130484],[-41.37271,-13.131025],[-41.372291,-13.131746],[-41.371691,-13.132768],[-41.371452,-13.133338],[-41.371277,-13.134206],[-41.371164,-13.135134],[-41.371079,-13.135792],[-41.370719,-13.136393],[-41.370176,-13.136996],[-41.369511,-13.137629],[-41.368815,-13.138174],[-41.368147,-13.138478],[-41.367569,-13.138573],[-41.366929,-13.138669],[-41.365528,-13.138801],[-41.364339,-13.138842],[-41.363519,-13.139149],[-41.362852,-13.139543],[-41.36179,-13.140151],[-41.361036,-13.140965],[-41.360527,-13.141925],[-41.360052,-13.143275],[-41.359579,-13.144863],[-41.359286,-13.146061],[-41.358903,-13.147499],[-41.357948,-13.149629],[-41.357053,-13.151699],[-41.356281,-13.153888],[-41.355303,-13.156885],[-41.354592,-13.159073],[-41.354084,-13.160184],[-41.3537,-13.161442],[-41.353161,-13.162523],[-41.352626,-13.163933],[-41.351934,-13.164955],[-41.35109,-13.166009],[-41.349907,-13.166677],[-41.349146,-13.166774],[-41.347347,-13.16682],[-41.346432,-13.166828],[-41.346157,-13.166741],[-41.34591,-13.166445],[-41.345299,-13.166301],[-41.344721,-13.166426],[-41.344356,-13.166578],[-41.344084,-13.16685],[-41.343783,-13.167211],[-41.343392,-13.167842],[-41.343184,-13.168382],[-41.34277,-13.16979],[-41.342451,-13.171437],[-41.341886,-13.172996],[-41.341112,-13.175005],[-41.340631,-13.175727],[-41.34033,-13.176148],[-41.339669,-13.1772],[-41.339222,-13.17825],[-41.338722,-13.180197],[-41.338579,-13.181215],[-41.338586,-13.181932],[-41.338598,-13.183246],[-41.33888,-13.184051],[-41.339376,-13.184913],[-41.340021,-13.185355],[-41.340146,-13.185683],[-41.340119,-13.185982],[-41.340092,-13.18643],[-41.339881,-13.186701],[-41.339886,-13.187209],[-41.33989,-13.187568],[-41.339773,-13.188137],[-41.339568,-13.189035],[-41.339056,-13.189667],[-41.338633,-13.190149],[-41.338275,-13.190989],[-41.337433,-13.192222],[-41.336859,-13.192825],[-41.336283,-13.193159],[-41.335127,-13.193469],[-41.334306,-13.193715],[-41.332937,-13.194116],[-41.332208,-13.194422],[-41.331179,-13.195298],[-41.330425,-13.196111],[-41.329857,-13.197372],[-41.32947,-13.198361],[-41.329175,-13.19947],[-41.329243,-13.200216],[-41.329343,-13.201052],[-41.329505,-13.202097],[-41.329512,-13.202754],[-41.329397,-13.203562],[-41.32898,-13.204612],[-41.328805,-13.20539],[-41.32854,-13.206439],[-41.328275,-13.207487],[-41.327829,-13.208686],[-41.327287,-13.209438],[-41.326322,-13.210553],[-41.325839,-13.211065],[-41.325567,-13.211562],[-41.325713,-13.218742],[-41.32581,-13.219121],[-41.32603,-13.219866],[-41.326035,-13.220374],[-41.326012,-13.221181],[-41.325838,-13.222139],[-41.325541,-13.222948],[-41.324759,-13.224061],[-41.324095,-13.224844],[-41.323613,-13.225506],[-41.322922,-13.226618],[-41.322569,-13.227966],[-41.322367,-13.229163],[-41.322291,-13.230837],[-41.322211,-13.232093],[-41.322156,-13.232691],[-41.32171,-13.233951],[-41.321177,-13.235569],[-41.320277,-13.237191],[-41.319435,-13.238514],[-41.319137,-13.239204],[-41.318688,-13.240104],[-41.317972,-13.241844],[-41.317103,-13.243466],[-41.316349,-13.244459],[-41.315626,-13.245422],[-41.314869,-13.245996],[-41.312024,-13.272927],[-41.311549,-13.274566],[-41.311204,-13.275201],[-41.310337,-13.276414],[-41.309939,-13.277737],[-41.30907,-13.278778],[-41.308551,-13.279643],[-41.307815,-13.280491],[-41.307025,-13.281372],[-41.306566,-13.282434],[-41.306338,-13.283172],[-41.306205,-13.284047],[-41.30621,-13.284599],[-41.306221,-13.285703],[-41.306229,-13.286531],[-41.306189,-13.287359],[-41.306102,-13.288004],[-41.305969,-13.288925],[-41.305605,-13.290171],[-41.305194,-13.29137],[-41.304737,-13.292709],[-41.304509,-13.293447],[-41.304279,-13.293955],[-41.304096,-13.294508],[-41.30382,-13.295063],[-41.303686,-13.2958],[-41.303696,-13.296812],[-41.303424,-13.297919],[-41.302689,-13.299673],[-41.301819,-13.301981],[-41.300808,-13.304382],[-41.299798,-13.30683],[-41.299385,-13.307891],[-41.299109,-13.308538],[-41.298639,-13.309344],[-41.297213,-13.311637],[-41.296147,-13.313211],[-41.295036,-13.314923],[-41.294151,-13.31598],[-41.292706,-13.317739],[-41.291937,-13.319085],[-41.291361,-13.320046],[-41.290242,-13.318425],[-41.289045,-13.317688],[-41.287388,-13.316747],[-41.285214,-13.31596],[-41.282216,-13.31512],[-41.281358,-13.314769],[-41.280562,-13.314477],[-41.280005,-13.313675],[-41.27978,-13.312452],[-41.279311,-13.311261],[-41.278714,-13.309384],[-41.278067,-13.308732],[-41.277475,-13.30826],[-41.276981,-13.308035],[-41.276664,-13.307935],[-41.276289,-13.307961],[-41.240286,-13.307157],[-41.21253,-13.298815],[-41.212733,-13.298086],[-41.212729,-13.297655],[-41.212643,-13.29695],[-41.212273,-13.295894],[-41.212181,-13.294601],[-41.21213,-13.293464],[-41.211922,-13.292525],[-41.211757,-13.292056],[-41.211266,-13.290805],[-41.210971,-13.2892],[-41.210523,-13.288381],[-41.210399,-13.287989],[-41.209794,-13.287485],[-41.209351,-13.287136],[-41.208784,-13.286435],[-41.207217,-13.2859],[-41.206656,-13.285787],[-41.205533,-13.285561],[-41.205172,-13.285525],[-41.203929,-13.285261],[-41.203326,-13.285031],[-41.202251,-13.284446],[-41.201757,-13.284228],[-41.201172,-13.284149],[-41.200847,-13.284152],[-41.199984,-13.284435],[-41.198667,-13.284806],[-41.198602,-13.284807],[-41.198364,-13.284851],[-41.19817,-13.284896],[-41.197934,-13.28511],[-41.197937,-13.285534],[-41.197854,-13.285916],[-41.197748,-13.286086],[-41.197576,-13.286258],[-41.197229,-13.286155],[-41.197099,-13.286156],[-41.196926,-13.286157],[-41.196558,-13.28616],[-41.196212,-13.286185],[-41.196018,-13.286377],[-41.195846,-13.286485],[-41.195674,-13.286592],[-41.19561,-13.286656],[-41.195525,-13.286911],[-41.195419,-13.287082],[-41.195376,-13.287167],[-41.195141,-13.287508],[-41.194712,-13.287957],[-41.194518,-13.288001],[-41.193566,-13.288116],[-41.193438,-13.288265],[-41.193116,-13.288628],[-41.192923,-13.288778],[-41.192707,-13.288907],[-41.192513,-13.288994],[-41.19221,-13.288954],[-41.192143,-13.288679],[-41.191924,-13.288469],[-41.191877,-13.288067],[-41.191725,-13.287983],[-41.191444,-13.287985],[-41.191205,-13.287945],[-41.190902,-13.287905],[-41.190555,-13.287845],[-41.19036,-13.287846],[-41.189993,-13.287977],[-41.189585,-13.288341],[-41.189263,-13.28864],[-41.188939,-13.288749],[-41.188529,-13.288901],[-41.188206,-13.28901],[-41.187581,-13.289312],[-41.187085,-13.289613],[-41.186699,-13.289956],[-41.186313,-13.290383],[-41.186079,-13.29083],[-41.18576,-13.291448],[-41.18548,-13.291641],[-41.185396,-13.291896],[-41.185285,-13.29136],[-41.185292,-13.290925],[-41.185392,-13.290556],[-41.185492,-13.290299],[-41.185614,-13.289997],[-41.185896,-13.289638],[-41.186302,-13.289244],[-41.186595,-13.288951],[-41.186661,-13.288672],[-41.186715,-13.288326],[-41.186881,-13.287834],[-41.18697,-13.287532],[-41.187329,-13.286994],[-41.187567,-13.286825],[-41.188065,-13.286597],[-41.188906,-13.286345],[-41.189678,-13.286115],[-41.190098,-13.285989],[-41.19063,-13.285661],[-41.190864,-13.285124],[-41.191176,-13.284385],[-41.191477,-13.283702],[-41.19171,-13.282953],[-41.191773,-13.282362],[-41.191621,-13.281951],[-41.191197,-13.281631],[-41.190485,-13.280957],[-41.189324,-13.279707],[-41.188771,-13.278965],[-41.188494,-13.278543],[-41.188469,-13.278254],[-41.188466,-13.277975],[-41.188623,-13.277673],[-41.18895,-13.277313],[-41.189208,-13.276876],[-41.18951,-13.276305],[-41.189722,-13.275812],[-41.189879,-13.275577],[-41.190175,-13.27553],[-41.19097,-13.275422],[-41.191618,-13.275272],[-41.192321,-13.274931],[-41.192569,-13.27474],[-41.193147,-13.274434],[-41.193326,-13.274086],[-41.193448,-13.273684],[-41.193648,-13.273125],[-41.193653,-13.272433],[-41.193239,-13.271935],[-41.192927,-13.271425],[-41.192774,-13.270947],[-41.192759,-13.270479],[-41.192754,-13.269966],[-41.192715,-13.269386],[-41.192712,-13.269097],[-41.192787,-13.268538],[-41.19285,-13.267936],[-41.192995,-13.267645],[-41.193231,-13.267297],[-41.193646,-13.266624],[-41.193881,-13.266121],[-41.193832,-13.265798],[-41.193828,-13.265363],[-41.194052,-13.264859],[-41.194289,-13.264723],[-41.194537,-13.264443],[-41.194672,-13.264196],[-41.194715,-13.263895],[-41.194949,-13.263335],[-41.195602,-13.262594],[-41.195939,-13.2621],[-41.196151,-13.261585],[-41.196216,-13.26125],[-41.196088,-13.260895],[-41.196049,-13.26036],[-41.196146,-13.259824],[-41.196275,-13.258975],[-41.196538,-13.257769],[-41.196711,-13.256842],[-41.196763,-13.256206],[-41.19686,-13.255659],[-41.196869,-13.255335],[-41.196898,-13.254789],[-41.196746,-13.254389],[-41.196265,-13.254036],[-41.195511,-13.25373],[-41.194894,-13.253401],[-41.194346,-13.253261],[-41.193832,-13.25302],[-41.193431,-13.252745],[-41.193372,-13.252522],[-41.193392,-13.252254],[-41.193627,-13.251784],[-41.193953,-13.251358],[-41.194096,-13.25081],[-41.194083,-13.250543],[-41.193931,-13.250165],[-41.193644,-13.249911],[-41.193289,-13.249669],[-41.19315,-13.249402],[-41.193091,-13.249102],[-41.193224,-13.248677],[-41.193409,-13.247806],[-41.193485,-13.247325],[-41.193388,-13.246758],[-41.193203,-13.246414],[-41.19261,-13.246229],[-41.19206,-13.245855],[-41.191807,-13.2456],[-41.191531,-13.245291],[-41.191496,-13.245135],[-41.19147,-13.244789],[-41.191456,-13.244444],[-41.191292,-13.244022],[-41.191199,-13.243744],[-41.191173,-13.243421],[-41.19137,-13.242527],[-41.191586,-13.241265],[-41.191628,-13.240785],[-41.1916,-13.240284],[-41.191458,-13.239661],[-41.191352,-13.239249],[-41.191394,-13.238847],[-41.19139,-13.238379],[-41.191214,-13.237812],[-41.191199,-13.237433],[-41.191384,-13.23645],[-41.191828,-13.235164],[-41.192151,-13.23437],[-41.192261,-13.233978],[-41.192497,-13.23362],[-41.192562,-13.233318],[-41.192673,-13.232949],[-41.192671,-13.23276],[-41.192657,-13.232403],[-41.192529,-13.232069],[-41.192503,-13.231769],[-41.192556,-13.231367],[-41.192724,-13.231009],[-41.192721,-13.230674],[-41.192719,-13.230451],[-41.1926,-13.229917],[-41.192563,-13.229516],[-41.192615,-13.22898],[-41.192845,-13.227964],[-41.193044,-13.227349],[-41.193122,-13.227125],[-41.193038,-13.226735],[-41.192909,-13.226302],[-41.192848,-13.225823],[-41.192867,-13.225343],[-41.193023,-13.22503],[-41.19326,-13.224805],[-41.193599,-13.224467],[-41.193676,-13.224232],[-41.193527,-13.224055],[-41.193217,-13.223824],[-41.192782,-13.22356],[-41.192211,-13.223297],[-41.191751,-13.222788],[-41.191738,-13.222565],[-41.191792,-13.22223],[-41.192015,-13.22176],[-41.192484,-13.220753],[-41.192696,-13.22026],[-41.192762,-13.219992],[-41.192822,-13.219477],[-41.193138,-13.21913],[-41.193326,-13.218721],[-41.193961,-13.218278],[-41.194501,-13.217898],[-41.195005,-13.217174],[-41.195412,-13.216263],[-41.195914,-13.215257],[-41.196508,-13.213812],[-41.196823,-13.213278],[-41.197072,-13.212587],[-41.197291,-13.212053],[-41.197447,-13.211583],[-41.197761,-13.210985],[-41.198203,-13.210481],[-41.198836,-13.20985],[-41.200455,-13.208646],[-41.201723,-13.207603],[-41.203655,-13.205803],[-41.204353,-13.205265],[-41.204859,-13.204697],[-41.20505,-13.204695],[-41.205529,-13.204629],[-41.205909,-13.204344],[-41.207589,-13.20289],[-41.208793,-13.201847],[-41.209173,-13.201405],[-41.209839,-13.200962],[-41.210473,-13.200424],[-41.211422,-13.199446],[-41.212021,-13.198564],[-41.212624,-13.198152],[-41.213499,-13.197555],[-41.213673,-13.197309],[-41.213776,-13.197279],[-41.214125,-13.196975],[-41.214372,-13.196743],[-41.214429,-13.196642],[-41.214501,-13.19644],[-41.214616,-13.196252],[-41.214806,-13.196164],[-41.215068,-13.195932],[-41.215373,-13.195614],[-41.215852,-13.195121],[-41.216273,-13.194629],[-41.216679,-13.194123],[-41.217099,-13.193617],[-41.217476,-13.193139],[-41.217766,-13.192764],[-41.21807,-13.192373],[-41.2182,-13.192113],[-41.218388,-13.191825],[-41.218533,-13.191651],[-41.218662,-13.191377],[-41.218777,-13.19106],[-41.218863,-13.190844],[-41.21898,-13.1908],[-41.219041,-13.190795],[-41.219069,-13.190296],[-41.218897,-13.190033],[-41.218642,-13.189788],[-41.216854,-13.188394],[-41.21513,-13.187358],[-41.214513,-13.186794],[-41.213923,-13.185929],[-41.213154,-13.185515],[-41.212078,-13.185075],[-41.211033,-13.184544],[-41.210386,-13.184129],[-41.209432,-13.183568],[-41.209054,-13.183307],[-41.207983,-13.182763],[-41.207111,-13.182506],[-41.206001,-13.182125],[-41.2052,-13.181577],[-41.2039,-13.180822],[-41.202516,-13.179856],[-41.201595,-13.179362],[-41.200753,-13.178709],[-41.200112,-13.178337],[-41.199588,-13.178085],[-41.19902,-13.177799],[-41.198749,-13.177696],[-41.198425,-13.177672],[-41.198097,-13.177591],[-41.197744,-13.177385],[-41.196936,-13.176893],[-41.196124,-13.17653],[-41.195663,-13.176243],[-41.19515,-13.176142],[-41.19483,-13.176091],[-41.19419,-13.176131],[-41.193545,-13.176155],[-41.193293,-13.176143],[-41.192911,-13.175976],[-41.192448,-13.175662],[-41.19205,-13.175509],[-41.19159,-13.175271],[-41.190744,-13.174832],[-41.190122,-13.174626],[-41.18896,-13.174398],[-41.1885,-13.174138],[-41.188093,-13.173904],[-41.187644,-13.173711],[-41.187093,-13.173595],[-41.186228,-13.173365],[-41.185336,-13.173082],[-41.184482,-13.172687],[-41.18379,-13.172357],[-41.183485,-13.17223],[-41.183251,-13.172069],[-41.182575,-13.171811],[-41.182208,-13.171715],[-41.182061,-13.171577],[-41.182058,-13.171234],[-41.182183,-13.170229],[-41.182315,-13.169911],[-41.182395,-13.169725],[-41.182553,-13.169381],[-41.182632,-13.169116],[-41.182818,-13.168797],[-41.18287,-13.168585],[-41.182893,-13.16811],[-41.182916,-13.16774],[-41.183209,-13.167288],[-41.183208,-13.167182],[-41.183259,-13.166838],[-41.183256,-13.166574],[-41.183038,-13.166259],[-41.182847,-13.166023],[-41.182764,-13.16576],[-41.182762,-13.165575],[-41.182761,-13.165416],[-41.182678,-13.165179],[-41.182595,-13.164968],[-41.182404,-13.164732],[-41.182295,-13.164522],[-41.182212,-13.164311],[-41.182102,-13.164127],[-41.181993,-13.163996],[-41.181992,-13.163811],[-41.182098,-13.163678],[-41.182231,-13.163413],[-41.182255,-13.163043],[-41.182253,-13.162858],[-41.182199,-13.162858],[-41.181903,-13.162861],[-41.181472,-13.162944],[-41.18045,-13.163217],[-41.179347,-13.163464],[-41.178996,-13.163467],[-41.178511,-13.163471],[-41.178242,-13.163526],[-41.177726,-13.163108],[-41.177262,-13.162451],[-41.176308,-13.161218],[-41.175545,-13.160299],[-41.175164,-13.159986],[-41.174756,-13.159514],[-41.174241,-13.159175],[-41.173672,-13.158836],[-41.173024,-13.158789],[-41.17238,-13.159058],[-41.172002,-13.158982],[-41.17173,-13.158747],[-41.171646,-13.15843],[-41.171532,-13.157744],[-41.171287,-13.157482],[-41.171015,-13.157194],[-41.170717,-13.157038],[-41.170527,-13.156855],[-41.170496,-13.156406],[-41.17033,-13.155958],[-41.170193,-13.155616],[-41.170057,-13.155564],[-41.169381,-13.155306],[-41.168842,-13.155257],[-41.168599,-13.155233],[-41.168354,-13.154997],[-41.168056,-13.154841],[-41.167839,-13.154711],[-41.167273,-13.154637],[-41.167108,-13.154321],[-41.166862,-13.15398],[-41.166647,-13.153955],[-41.166323,-13.153958],[-41.16608,-13.153907],[-41.165593,-13.153726],[-41.165242,-13.153597],[-41.164836,-13.153442],[-41.16443,-13.153313],[-41.163972,-13.153317],[-41.163864,-13.153318],[-41.16381,-13.153319],[-41.163623,-13.153479],[-41.163355,-13.153692],[-41.163222,-13.153799],[-41.163141,-13.153853],[-41.162523,-13.154016],[-41.161929,-13.154021],[-41.161633,-13.153997],[-41.16085,-13.153845],[-41.160499,-13.153769],[-41.160147,-13.153693],[-41.159851,-13.153695],[-41.159529,-13.153857],[-41.159449,-13.153936],[-41.159369,-13.154069],[-41.159264,-13.154361],[-41.159104,-13.154547],[-41.158808,-13.154629],[-41.158404,-13.154738],[-41.157597,-13.154929],[-41.156842,-13.154936],[-41.15641,-13.154755],[-41.155949,-13.154468],[-41.155409,-13.154393],[-41.15495,-13.154371],[-41.154788,-13.154266],[-41.154356,-13.154191],[-41.153925,-13.1543],[-41.153197,-13.154253],[-41.153035,-13.154175],[-41.152521,-13.154047],[-41.152062,-13.153919],[-41.151818,-13.153816],[-41.151441,-13.153766],[-41.15082,-13.153718],[-41.150416,-13.153748],[-41.150093,-13.153777],[-41.149607,-13.153755],[-41.14931,-13.153678],[-41.149041,-13.15368],[-41.148613,-13.154133],[-41.148211,-13.154401],[-41.147861,-13.154456],[-41.147401,-13.154249],[-41.146911,-13.153698],[-41.146505,-13.153464],[-41.146124,-13.153124],[-41.145691,-13.152889],[-41.145203,-13.152629],[-41.144634,-13.152264],[-41.144282,-13.152029],[-41.144118,-13.151819],[-41.143819,-13.151505],[-41.143738,-13.151505],[-41.143495,-13.151455],[-41.143143,-13.151299],[-41.142954,-13.151301],[-41.142712,-13.151303],[-41.142391,-13.15157],[-41.142096,-13.15181],[-41.141718,-13.151681],[-41.141446,-13.151419],[-41.141093,-13.151184],[-41.140632,-13.150818],[-41.140416,-13.150793],[-41.140012,-13.150797],[-41.139715,-13.150799],[-41.139175,-13.150698],[-41.138582,-13.150703],[-41.138151,-13.150707],[-41.137826,-13.150551],[-41.137178,-13.150477],[-41.136855,-13.15048],[-41.136585,-13.150429],[-41.136039,-13.15036],[-41.135666,-13.148936],[-41.135652,-13.147377],[-41.135877,-13.145816],[-41.135907,-13.144607],[-41.136414,-13.143433],[-41.136843,-13.142455],[-41.13759,-13.141474],[-41.138807,-13.139671],[-41.13916,-13.139044],[-41.139712,-13.138455],[-41.140307,-13.138294],[-41.140862,-13.138134],[-41.14118,-13.138053],[-41.140978,-13.137704],[-41.140577,-13.137317],[-41.140335,-13.136891],[-41.140291,-13.136462],[-41.140286,-13.135878],[-41.140558,-13.135096],[-41.140991,-13.134624],[-41.141543,-13.133996],[-41.141973,-13.133213],[-41.142249,-13.132938],[-41.142762,-13.132465],[-41.143279,-13.132383],[-41.143517,-13.132381],[-41.143554,-13.131991],[-41.14355,-13.131523],[-41.143425,-13.130901],[-41.14362,-13.130431],[-41.143931,-13.129688],[-41.144404,-13.129177],[-41.144601,-13.128942],[-41.144598,-13.128552],[-41.144594,-13.128123],[-41.144591,-13.127733],[-41.144781,-13.126796],[-41.144779,-13.126562],[-41.144774,-13.1259],[-41.144611,-13.125472],[-41.144043,-13.124191],[-41.144237,-13.123643],[-41.144628,-13.122899],[-41.144783,-13.122352],[-41.145293,-13.121607],[-41.14557,-13.121371],[-41.146002,-13.120822],[-41.14628,-13.120703],[-41.146557,-13.120622],[-41.146796,-13.12062],[-41.147472,-13.120615],[-41.147711,-13.120613],[-41.147908,-13.120455],[-41.147906,-13.12026],[-41.147903,-13.119909],[-41.14794,-13.119597],[-41.148378,-13.119555],[-41.148937,-13.119862],[-41.149416,-13.120092],[-41.149934,-13.120126],[-41.150091,-13.119891],[-41.150089,-13.119657],[-41.150085,-13.119189],[-41.150081,-13.118761],[-41.150316,-13.11833],[-41.150393,-13.118095],[-41.15031,-13.117706],[-41.149633,-13.117556],[-41.149273,-13.117364],[-41.149073,-13.117171],[-41.149105,-13.116352],[-41.149532,-13.115062],[-41.15,-13.114006],[-41.150548,-13.113026],[-41.151101,-13.112593],[-41.151458,-13.112512],[-41.152137,-13.112779],[-41.152854,-13.112968],[-41.153215,-13.113316],[-41.153573,-13.113235],[-41.15373,-13.113],[-41.153647,-13.11265],[-41.153327,-13.112496],[-41.153007,-13.112187],[-41.152885,-13.111915],[-41.152681,-13.111371],[-41.152362,-13.111218],[-41.15236,-13.110984],[-41.152356,-13.110594],[-41.152554,-13.110398],[-41.153069,-13.110199],[-41.153905,-13.11027],[-41.154262,-13.11015],[-41.154855,-13.109794],[-41.155451,-13.109672],[-41.155968,-13.109668],[-41.156525,-13.109702],[-41.157004,-13.109971],[-41.157602,-13.110122],[-41.157765,-13.11051],[-41.158085,-13.110741],[-41.158483,-13.110777],[-41.15876,-13.110697],[-41.158915,-13.110189],[-41.15891,-13.109604],[-41.158547,-13.108983],[-41.158343,-13.108439],[-41.157785,-13.108327],[-41.157226,-13.10802],[-41.157101,-13.107397],[-41.156899,-13.107009],[-41.156422,-13.107013],[-41.156185,-13.107288],[-41.155631,-13.107604],[-41.155354,-13.107685],[-41.154836,-13.10765],[-41.154277,-13.107343],[-41.154193,-13.106876],[-41.154188,-13.106291],[-41.15458,-13.105586],[-41.155013,-13.105154],[-41.155529,-13.104994],[-41.155924,-13.104639],[-41.156237,-13.10413],[-41.156394,-13.103895],[-41.156234,-13.10374],[-41.155757,-13.103744],[-41.155321,-13.103904],[-41.154922,-13.10379],[-41.154721,-13.10348],[-41.154677,-13.103052],[-41.15491,-13.102426],[-41.155733,-13.100977],[-41.156164,-13.100232],[-41.156592,-13.099176],[-41.157333,-13.097533],[-41.157842,-13.096632],[-41.15863,-13.095729],[-41.159302,-13.095216],[-41.159659,-13.095174],[-41.160135,-13.095054],[-41.160572,-13.094933],[-41.160809,-13.094736],[-41.160806,-13.094385],[-41.160282,-13.093688],[-41.159802,-13.093263],[-41.159719,-13.092874],[-41.159635,-13.092407],[-41.15963,-13.091861],[-41.159704,-13.091237],[-41.160055,-13.090376],[-41.160601,-13.089163],[-41.161425,-13.08787],[-41.161739,-13.087478],[-41.162251,-13.086889],[-41.162842,-13.08626],[-41.162995,-13.085557],[-41.16327,-13.085165],[-41.163784,-13.084771],[-41.164141,-13.08469],[-41.164898,-13.084917],[-41.164903,-13.085385],[-41.165105,-13.085851],[-41.165465,-13.086043],[-41.165942,-13.086039],[-41.166733,-13.085526],[-41.167632,-13.083764],[-41.168141,-13.082863],[-41.168491,-13.081964],[-41.168726,-13.081494],[-41.168447,-13.081379],[-41.167888,-13.081189],[-41.167608,-13.080957],[-41.167605,-13.080685],[-41.167881,-13.080409],[-41.168239,-13.080328],[-41.168753,-13.080012],[-41.169149,-13.079814],[-41.16974,-13.079224],[-41.170092,-13.07852],[-41.170682,-13.077774],[-41.171035,-13.077264],[-41.171191,-13.076873],[-41.171505,-13.076481],[-41.171623,-13.076324],[-41.172097,-13.075969],[-41.172494,-13.07581],[-41.172771,-13.075729],[-41.173207,-13.07557],[-41.173485,-13.07549],[-41.173523,-13.075255],[-41.173518,-13.074749],[-41.173317,-13.074516],[-41.172958,-13.074403],[-41.17252,-13.074289],[-41.171884,-13.074256],[-41.171565,-13.074258],[-41.171129,-13.07434],[-41.170613,-13.074422],[-41.170373,-13.074346],[-41.170173,-13.074192],[-41.17021,-13.073841],[-41.170523,-13.073332],[-41.17092,-13.073172],[-41.171433,-13.072778],[-41.17147,-13.072427],[-41.171427,-13.072115],[-41.171189,-13.072079],[-41.17091,-13.072081],[-41.170474,-13.07224],[-41.170316,-13.072359],[-41.170038,-13.0724],[-41.169759,-13.072363],[-41.169596,-13.071897],[-41.169593,-13.071507],[-41.169591,-13.071234],[-41.169469,-13.070924],[-41.169147,-13.070497],[-41.168827,-13.070344],[-41.168824,-13.069954],[-41.168979,-13.069563],[-41.169213,-13.069016],[-41.169568,-13.068623],[-41.170237,-13.067799],[-41.170592,-13.067523],[-41.170826,-13.067014],[-41.171137,-13.066193],[-41.171253,-13.065841],[-41.171408,-13.065372],[-41.171684,-13.065136],[-41.172238,-13.064819],[-41.172556,-13.064816],[-41.173073,-13.064773],[-41.173909,-13.064844],[-41.174626,-13.064994],[-41.175024,-13.065108],[-41.175382,-13.065105],[-41.1757,-13.065024],[-41.175935,-13.06471],[-41.176405,-13.063848],[-41.176832,-13.062714],[-41.176909,-13.062324],[-41.176587,-13.061976],[-41.176269,-13.06194],[-41.175871,-13.061943],[-41.175636,-13.062335],[-41.1752,-13.062494],[-41.174762,-13.062342],[-41.174282,-13.062073],[-41.17396,-13.061608],[-41.173875,-13.060985],[-41.17411,-13.060554],[-41.174423,-13.059967],[-41.174578,-13.059498],[-41.174614,-13.059147],[-41.174648,-13.058406],[-41.174961,-13.057857],[-41.175556,-13.057697],[-41.176589,-13.057649],[-41.177231,-13.058306],[-41.177515,-13.058927],[-41.177758,-13.059432],[-41.178159,-13.05978],[-41.178596,-13.059776],[-41.178795,-13.059774],[-41.179467,-13.059379],[-41.179973,-13.058127],[-41.180126,-13.057463],[-41.180124,-13.057151],[-41.180119,-13.056567],[-41.180232,-13.055864],[-41.180467,-13.055511],[-41.18086,-13.054923],[-41.181098,-13.054921],[-41.181571,-13.05441],[-41.181814,-13.054344],[-41.181961,-13.054343],[-41.182202,-13.054367],[-41.182297,-13.054419],[-41.182633,-13.054613],[-41.182808,-13.054729],[-41.183036,-13.054714],[-41.18329,-13.054725],[-41.183504,-13.054671],[-41.183798,-13.054577],[-41.183985,-13.054549],[-41.184106,-13.054548],[-41.1842,-13.054639],[-41.184429,-13.054755],[-41.18467,-13.05474],[-41.184884,-13.054673],[-41.185058,-13.054645],[-41.185285,-13.054643],[-41.185634,-13.054732],[-41.186037,-13.054794],[-41.186358,-13.054831],[-41.186654,-13.054907],[-41.186923,-13.055049],[-41.187097,-13.055087],[-41.187487,-13.055255],[-41.187702,-13.055253],[-41.187983,-13.055277],[-41.188425,-13.055312],[-41.188626,-13.05535],[-41.188894,-13.055361],[-41.189122,-13.055293],[-41.189309,-13.055292],[-41.189752,-13.055406],[-41.189927,-13.055457],[-41.190075,-13.055561],[-41.190236,-13.055638],[-41.190519,-13.05578],[-41.190679,-13.055779],[-41.190734,-13.055844],[-41.190975,-13.055934],[-41.191177,-13.056011],[-41.191338,-13.056075],[-41.191554,-13.056192],[-41.191701,-13.056217],[-41.191903,-13.056307],[-41.1924,-13.0565],[-41.192696,-13.056668],[-41.192817,-13.056719],[-41.193072,-13.056796],[-41.193235,-13.056952],[-41.193356,-13.057043],[-41.193477,-13.05716],[-41.19368,-13.057356],[-41.193734,-13.057421],[-41.193802,-13.057499],[-41.193883,-13.05763],[-41.193925,-13.057774],[-41.19398,-13.057918],[-41.194034,-13.058022],[-41.194156,-13.058205],[-41.194278,-13.058309],[-41.194387,-13.058492],[-41.194549,-13.058648],[-41.194589,-13.058687],[-41.194778,-13.058791],[-41.194913,-13.05896],[-41.194994,-13.058986],[-41.194876,-13.059328],[-41.194864,-13.059525],[-41.194866,-13.059735],[-41.194894,-13.059853],[-41.19483,-13.060169],[-41.194646,-13.060525],[-41.194567,-13.060709],[-41.194554,-13.060815],[-41.194517,-13.061104],[-41.194425,-13.061315],[-41.194187,-13.061711],[-41.194109,-13.061921],[-41.194056,-13.06204],[-41.194031,-13.062211],[-41.193834,-13.062659],[-41.193729,-13.062922],[-41.19373,-13.063001],[-41.193825,-13.063145],[-41.19396,-13.063222],[-41.194363,-13.063429],[-41.194511,-13.063507],[-41.1947,-13.063597],[-41.194727,-13.063649],[-41.194861,-13.063701],[-41.194943,-13.063858],[-41.194891,-13.064081],[-41.194825,-13.064187],[-41.194694,-13.064437],[-41.194655,-13.064595],[-41.194723,-13.064726],[-41.194844,-13.064777],[-41.194938,-13.064803],[-41.195205,-13.064735],[-41.195474,-13.064798],[-41.195648,-13.064876],[-41.195797,-13.064966],[-41.195877,-13.065018],[-41.19592,-13.06528],[-41.195921,-13.065451],[-41.195923,-13.065596],[-41.195832,-13.065938],[-41.195941,-13.06616],[-41.196143,-13.066329],[-41.196439,-13.066392],[-41.196627,-13.066469],[-41.196802,-13.066625],[-41.197019,-13.066873],[-41.196927,-13.067071],[-41.19665,-13.06752],[-41.196438,-13.06785],[-41.196159,-13.068141],[-41.195922,-13.068511],[-41.195817,-13.06884],[-41.195726,-13.069156],[-41.195676,-13.069497],[-41.195625,-13.069774],[-41.195572,-13.069892],[-41.195494,-13.070116],[-41.195857,-13.070244],[-41.196259,-13.070267],[-41.19646,-13.070331],[-41.196608,-13.070435],[-41.196796,-13.070433],[-41.197078,-13.070497],[-41.197292,-13.070468],[-41.197372,-13.070507],[-41.197587,-13.070571],[-41.19795,-13.070725],[-41.198339,-13.070722],[-41.198861,-13.070678],[-41.199503,-13.070633],[-41.200092,-13.070537],[-41.200747,-13.070439],[-41.201403,-13.070407],[-41.201725,-13.070404],[-41.20218,-13.070401],[-41.202501,-13.070358],[-41.202862,-13.070303],[-41.203183,-13.070274],[-41.203544,-13.070205],[-41.203718,-13.070151],[-41.20444,-13.070014],[-41.205082,-13.069929],[-41.205551,-13.069925],[-41.205859,-13.069923],[-41.206114,-13.069921],[-41.206274,-13.069919],[-41.206555,-13.069825],[-41.206889,-13.069809],[-41.207145,-13.069885],[-41.207479,-13.069883],[-41.20768,-13.069881],[-41.207935,-13.069879],[-41.208229,-13.069876],[-41.208631,-13.069873],[-41.20894,-13.06991],[-41.209167,-13.069921],[-41.209462,-13.069918],[-41.209704,-13.069982],[-41.209958,-13.06998],[-41.210159,-13.070004],[-41.210293,-13.070003],[-41.210856,-13.070038],[-41.21111,-13.06997],[-41.211445,-13.069954],[-41.211886,-13.069937],[-41.211993,-13.069923],[-41.212274,-13.069881],[-41.212461,-13.069827],[-41.212742,-13.069733],[-41.213036,-13.069664],[-41.213342,-13.069452],[-41.213569,-13.069371],[-41.213728,-13.069186],[-41.213941,-13.069026],[-41.214154,-13.068919],[-41.21426,-13.0688],[-41.214554,-13.068706],[-41.214782,-13.068743],[-41.21497,-13.068742],[-41.21513,-13.068714],[-41.215344,-13.068647],[-41.215665,-13.068644],[-41.215759,-13.068656],[-41.215961,-13.068786],[-41.21611,-13.068942],[-41.216232,-13.069072],[-41.216593,-13.069017],[-41.216781,-13.069041],[-41.217089,-13.069104],[-41.21729,-13.069116],[-41.217505,-13.06914],[-41.217799,-13.069151],[-41.218107,-13.069122],[-41.218536,-13.069092],[-41.219058,-13.069061],[-41.219258,-13.069033],[-41.219687,-13.06903],[-41.219901,-13.069028],[-41.220102,-13.069],[-41.220436,-13.068905],[-41.220664,-13.068929],[-41.220771,-13.068981],[-41.221107,-13.069017],[-41.221335,-13.069055],[-41.221857,-13.06909],[-41.222299,-13.069112],[-41.222901,-13.069015],[-41.223263,-13.069012],[-41.223597,-13.06893],[-41.223905,-13.068928],[-41.224199,-13.068833],[-41.22468,-13.068685],[-41.225214,-13.068536],[-41.225615,-13.068453],[-41.226083,-13.068344],[-41.226297,-13.068303],[-41.226644,-13.068195],[-41.227085,-13.068099],[-41.22734,-13.068084],[-41.22762,-13.068003],[-41.227981,-13.067934],[-41.228329,-13.067865],[-41.228823,-13.067677],[-41.228943,-13.067611],[-41.229329,-13.067371],[-41.229557,-13.067369],[-41.229717,-13.067368],[-41.229918,-13.067366],[-41.230186,-13.067364],[-41.230374,-13.067362],[-41.230601,-13.067334],[-41.230775,-13.067332],[-41.231177,-13.067302],[-41.231471,-13.0673],[-41.231525,-13.067326],[-41.231659,-13.067364],[-41.231834,-13.067402],[-41.231968,-13.06744],[-41.232303,-13.067437],[-41.23245,-13.067436],[-41.232731,-13.067407],[-41.233025,-13.067313],[-41.233185,-13.067259],[-41.233331,-13.067126],[-41.233411,-13.067047],[-41.233517,-13.066862],[-41.233622,-13.06669],[-41.233781,-13.066518],[-41.233847,-13.066426],[-41.2339,-13.06632],[-41.233993,-13.066201],[-41.234112,-13.066095],[-41.234259,-13.066028],[-41.234499,-13.065908],[-41.2347,-13.065867],[-41.235181,-13.065824],[-41.235356,-13.065888],[-41.23541,-13.065887],[-41.235584,-13.065886],[-41.235758,-13.065871],[-41.235851,-13.065805],[-41.235958,-13.06583],[-41.236066,-13.065868],[-41.236107,-13.065973],[-41.236175,-13.066051],[-41.236349,-13.066063],[-41.236643,-13.065982],[-41.236709,-13.065955],[-41.236896,-13.065822],[-41.237149,-13.065649],[-41.237241,-13.06553],[-41.23728,-13.065398],[-41.237428,-13.065397],[-41.237602,-13.065474],[-41.237831,-13.065564],[-41.237978,-13.065576],[-41.238099,-13.065575],[-41.238179,-13.065574],[-41.238312,-13.065494],[-41.238552,-13.065309],[-41.238765,-13.065215],[-41.238859,-13.065201],[-41.239166,-13.065106],[-41.239246,-13.065092],[-41.239647,-13.06501],[-41.239834,-13.06493],[-41.24006,-13.06477],[-41.240261,-13.06469],[-41.240621,-13.064516],[-41.240833,-13.064343],[-41.241047,-13.064223],[-41.241207,-13.064235],[-41.241422,-13.064286],[-41.241477,-13.064377],[-41.24168,-13.064625],[-41.241815,-13.064742],[-41.24191,-13.064859],[-41.242111,-13.064949],[-41.242192,-13.065001],[-41.242447,-13.065052],[-41.242528,-13.06513],[-41.242823,-13.065206],[-41.243024,-13.065204],[-41.243239,-13.065202],[-41.243331,-13.065096],[-41.243437,-13.064964],[-41.243516,-13.064806],[-41.243596,-13.064779],[-41.243676,-13.06466],[-41.243796,-13.064685],[-41.243958,-13.064802],[-41.244293,-13.064839],[-41.244628,-13.064836],[-41.244708,-13.064782],[-41.244828,-13.064755],[-41.245055,-13.064648],[-41.245309,-13.064593],[-41.245483,-13.064592],[-41.24559,-13.064565],[-41.245683,-13.064472],[-41.245803,-13.064405],[-41.246016,-13.064259],[-41.246122,-13.064179],[-41.246296,-13.064138],[-41.246402,-13.064059],[-41.246481,-13.063887],[-41.246681,-13.063741],[-41.246988,-13.063633],[-41.247229,-13.063579],[-41.247522,-13.063498],[-41.247749,-13.06343],[-41.24783,-13.063495],[-41.247925,-13.063625],[-41.248181,-13.063715],[-41.248368,-13.063674],[-41.248715,-13.063605],[-41.248915,-13.063499],[-41.249062,-13.063392],[-41.249262,-13.063351],[-41.249516,-13.063244],[-41.249769,-13.063163],[-41.25009,-13.063068],[-41.25029,-13.063001],[-41.250638,-13.062985],[-41.250826,-13.062983],[-41.251161,-13.06298],[-41.251281,-13.06294],[-41.251414,-13.062873],[-41.251641,-13.062766],[-41.251841,-13.062646],[-41.252028,-13.062592],[-41.252429,-13.062509],[-41.252629,-13.062481],[-41.252951,-13.062452],[-41.253111,-13.062451],[-41.253727,-13.062406],[-41.254061,-13.062364],[-41.25465,-13.062267],[-41.254891,-13.062252],[-41.255305,-13.062117],[-41.255599,-13.062048],[-41.255799,-13.061981],[-41.255973,-13.061914],[-41.256186,-13.061833],[-41.256253,-13.061806],[-41.25636,-13.061779],[-41.256775,-13.061776],[-41.257056,-13.061734],[-41.257336,-13.061666],[-41.257456,-13.061573],[-41.257709,-13.061387],[-41.257869,-13.061293],[-41.258136,-13.061239],[-41.258509,-13.061038],[-41.259191,-13.060862],[-41.259779,-13.060765],[-41.260019,-13.060684],[-41.260486,-13.060443],[-41.260859,-13.060269],[-41.261006,-13.060176],[-41.261352,-13.059924],[-41.261606,-13.059843],[-41.261846,-13.059749],[-41.261979,-13.059695],[-41.262327,-13.059639],[-41.262555,-13.059664],[-41.262729,-13.059636],[-41.262849,-13.059595],[-41.263196,-13.059514],[-41.26333,-13.059512],[-41.263504,-13.059472],[-41.263651,-13.059483],[-41.263894,-13.059599],[-41.264256,-13.059688],[-41.264564,-13.059738],[-41.264632,-13.05979],[-41.264901,-13.059906],[-41.265062,-13.059917],[-41.26533,-13.059928],[-41.265491,-13.060032],[-41.26572,-13.060109],[-41.266014,-13.060106],[-41.266241,-13.060025],[-41.266363,-13.060129],[-41.266524,-13.060246],[-41.266578,-13.060285],[-41.266779,-13.060283],[-41.266953,-13.060282],[-41.267235,-13.060305],[-41.267476,-13.060343],[-41.267798,-13.060419],[-41.268066,-13.060429],[-41.268416,-13.060597],[-41.26851,-13.060596],[-41.268805,-13.06062],[-41.269006,-13.060697],[-41.269181,-13.060748],[-41.269329,-13.060799],[-41.269545,-13.060981],[-41.26972,-13.061111],[-41.270042,-13.061174],[-41.270297,-13.061237],[-41.270405,-13.061289],[-41.270513,-13.061393],[-41.270754,-13.061443],[-41.270901,-13.061442],[-41.271156,-13.061505],[-41.271425,-13.061582],[-41.271721,-13.06171],[-41.271842,-13.061788],[-41.271936,-13.061853],[-41.272044,-13.061904],[-41.272219,-13.062034],[-41.27234,-13.062033],[-41.272541,-13.062031],[-41.272836,-13.062094],[-41.273146,-13.062289],[-41.273374,-13.062326],[-41.273508,-13.062377],[-41.273832,-13.062611],[-41.274074,-13.062714],[-41.27437,-13.062842],[-41.274652,-13.062919],[-41.274893,-13.062969],[-41.275135,-13.063072],[-41.275539,-13.063252],[-41.275713,-13.06329],[-41.276009,-13.063406],[-41.276418,-13.063713],[-41.276893,-13.064064],[-41.277721,-13.064759],[-41.27839,-13.065299],[-41.278898,-13.065789],[-41.279539,-13.066277],[-41.279859,-13.066456],[-41.28074,-13.067099],[-41.281541,-13.067664],[-41.282369,-13.068255],[-41.282637,-13.068512],[-41.283144,-13.068872],[-41.283359,-13.06913],[-41.283918,-13.069411],[-41.284425,-13.069719],[-41.28464,-13.070003],[-41.285095,-13.070441],[-41.285336,-13.070751],[-41.285631,-13.07106],[-41.286058,-13.071291],[-41.286512,-13.071651],[-41.287154,-13.072217],[-41.287929,-13.07286],[-41.288703,-13.073426],[-41.289292,-13.073992],[-41.28956,-13.07425],[-41.28972,-13.074327],[-41.29012,-13.074557],[-41.290494,-13.074814],[-41.290867,-13.075045],[-41.291268,-13.075405],[-41.291617,-13.075792],[-41.292097,-13.076126],[-41.292365,-13.076436],[-41.29258,-13.076642],[-41.292741,-13.076848],[-41.293088,-13.077105],[-41.293383,-13.077441],[-41.29365,-13.077646],[-41.293863,-13.077774],[-41.293997,-13.077929],[-41.294105,-13.078058],[-41.294451,-13.078211],[-41.294744,-13.078313],[-41.29493,-13.078415],[-41.295144,-13.078543],[-41.295251,-13.078646],[-41.295332,-13.078854],[-41.295388,-13.079087],[-41.29547,-13.07945],[-41.295606,-13.079761],[-41.29582,-13.079941],[-41.296273,-13.080145],[-41.296567,-13.080429],[-41.296807,-13.080531],[-41.297106,-13.080713],[-41.297367,-13.080916],[-41.297635,-13.081173],[-41.29793,-13.081457],[-41.298144,-13.081663],[-41.298465,-13.082024],[-41.298749,-13.082102],[-41.29917,-13.08186],[-41.299478,-13.081621],[-41.299581,-13.08162],[-41.299855,-13.08155],[-41.300234,-13.081547],[-41.300578,-13.081544],[-41.301401,-13.081221],[-41.301715,-13.080879],[-41.302107,-13.08055],[-41.30256,-13.080211],[-41.302772,-13.079936],[-41.302827,-13.079728],[-41.302986,-13.07936],[-41.303235,-13.078873],[-41.303472,-13.078504],[-41.303745,-13.078211],[-41.304225,-13.078005],[-41.304568,-13.077934],[-41.304843,-13.077932],[-41.305189,-13.078074],[-41.305534,-13.078263],[-41.305742,-13.078396],[-41.306015,-13.078191],[-41.30625,-13.077582],[-41.306556,-13.077141],[-41.306962,-13.076497],[-41.3072,-13.076124],[-41.307369,-13.075785],[-41.307676,-13.075614],[-41.30812,-13.075273],[-41.308529,-13.074864],[-41.309008,-13.07459],[-41.309452,-13.074182],[-41.309827,-13.073909],[-41.310237,-13.073534],[-41.310852,-13.07309],[-41.311571,-13.07278],[-41.312256,-13.072437],[-41.312563,-13.072198],[-41.312973,-13.071925],[-41.313348,-13.071551],[-41.313586,-13.071313],[-41.313995,-13.070837],[-41.314404,-13.070462],[-41.315122,-13.069984],[-41.315462,-13.06961],[-41.315974,-13.069201],[-41.316281,-13.068962],[-41.316589,-13.068723],[-41.316965,-13.06845],[-41.317202,-13.068111],[-41.317371,-13.067806],[-41.317711,-13.067365],[-41.317985,-13.067194],[-41.318224,-13.067057],[-41.318704,-13.06685],[-41.31891,-13.066848],[-41.319082,-13.066813],[-41.319354,-13.066541],[-41.31959,-13.066033],[-41.319761,-13.06593],[-41.320033,-13.065591],[-41.32034,-13.065318],[-41.320817,-13.064842],[-41.321364,-13.0645],[-41.321875,-13.063956],[-41.322521,-13.063208],[-41.322726,-13.063004],[-41.323338,-13.06229],[-41.32354,-13.06185],[-41.324051,-13.061306],[-41.324835,-13.060524],[-41.325415,-13.060013],[-41.325756,-13.059706],[-41.32603,-13.059603],[-41.326474,-13.059228],[-41.32678,-13.058955],[-41.327123,-13.058817],[-41.327669,-13.058374],[-41.328009,-13.057933],[-41.328723,-13.057084],[-41.329336,-13.056404],[-41.329949,-13.055724],[-41.330221,-13.055418],[-41.330357,-13.055316],[-41.33111,-13.054938],[-41.331521,-13.054665],[-41.332237,-13.054085],[-41.33278,-13.053305],[-41.332922,-13.052997],[-41.332946,-13.052713],[-41.332768,-13.052057],[-41.332766,-13.051754],[-41.332967,-13.051213],[-41.333544,-13.050432],[-41.334059,-13.050292],[-41.334794,-13.049866],[-41.335462,-13.049605],[-41.335668,-13.04929],[-41.335766,-13.048996],[-41.335966,-13.04832],[-41.336066,-13.047948],[-41.336509,-13.047573],[-41.337086,-13.047434],[-41.33778,-13.047359],[-41.338359,-13.047223],[-41.338912,-13.047147],[-41.339428,-13.047142],[-41.339862,-13.046936],[-41.339976,-13.046499],[-41.339955,-13.046053],[-41.339896,-13.045654],[-41.339651,-13.045252],[-41.339469,-13.044819],[-41.339394,-13.044131],[-41.339293,-13.043772],[-41.338911,-13.043371],[-41.338253,-13.042871],[-41.337906,-13.042548],[-41.337793,-13.041902],[-41.337923,-13.041092],[-41.337974,-13.040472],[-41.337835,-13.040139],[-41.337979,-13.039266],[-41.33773,-13.038425],[-41.337587,-13.03782],[-41.337583,-13.037415],[-41.337581,-13.037179],[-41.33782,-13.036295],[-41.338139,-13.035977],[-41.33868,-13.035687],[-41.339205,-13.035189],[-41.339654,-13.034632],[-41.340504,-13.033511],[-41.341146,-13.032359],[-41.341518,-13.031682],[-41.341789,-13.031207],[-41.341959,-13.031037],[-41.342257,-13.030732],[-41.342389,-13.030246],[-41.342451,-13.029669],[-41.342531,-13.028959],[-41.342656,-13.028367],[-41.342788,-13.027759],[-41.342744,-13.027271],[-41.342537,-13.026716],[-41.341844,-13.026082],[-41.341495,-13.025579],[-41.341316,-13.024873],[-41.34126,-13.024678],[-41.341276,-13.024338],[-41.341419,-13.023821],[-41.341241,-13.023308],[-41.341088,-13.022739],[-41.340875,-13.021843],[-41.340906,-13.021219],[-41.340997,-13.020951],[-41.341319,-13.020354],[-41.34147,-13.019983],[-41.341781,-13.019489],[-41.342373,-13.018732],[-41.343,-13.018296],[-41.343391,-13.018007],[-41.343799,-13.017599],[-41.344033,-13.017055],[-41.344091,-13.016606],[-41.343983,-13.015914],[-41.343424,-13.014942],[-41.3433,-13.014661],[-41.343479,-13.014053],[-41.343582,-13.013457],[-41.343438,-13.012784],[-41.34326,-13.012178],[-41.343208,-13.011521],[-41.343352,-13.011011],[-41.343626,-13.01086],[-41.343933,-13.010622],[-41.344098,-13.010155],[-41.344234,-13.009742],[-41.344206,-13.009099],[-41.344225,-13.008492],[-41.344321,-13.007988],[-41.344524,-13.007683],[-41.34471,-13.008155],[-41.344953,-13.008389],[-41.345564,-13.008516],[-41.346356,-13.008644],[-41.347116,-13.009042],[-41.34788,-13.009878],[-41.348921,-13.010846],[-41.349752,-13.011479],[-41.350341,-13.011912],[-41.35131,-13.012578],[-41.352175,-13.01321],[-41.353247,-13.013875],[-41.354459,-13.014741],[-41.355704,-13.015505],[-41.356882,-13.016404],[-41.357781,-13.017003],[-41.358544,-13.017704],[-41.359377,-13.018438],[-41.360243,-13.01964],[-41.364372,-13.025802],[-41.364955,-13.026578],[-41.365578,-13.026963],[-41.366112,-13.02724],[-41.36638,-13.027477],[-41.366849,-13.027863],[-41.366939,-13.028058],[-41.367118,-13.028251],[-41.367474,-13.028443],[-41.367831,-13.028701],[-41.368255,-13.029066],[-41.368611,-13.029301],[-41.368967,-13.029472],[-41.369168,-13.029709],[-41.369547,-13.0299],[-41.370081,-13.030199],[-41.370637,-13.03052],[-41.370928,-13.030799],[-41.371374,-13.031121],[-41.372041,-13.03144],[-41.372443,-13.031806],[-41.372977,-13.03217],[-41.373447,-13.0326],[-41.373488,-13.032641],[-41.373851,-13.032898],[-41.374142,-13.033072],[-41.374568,-13.033391],[-41.374765,-13.033504],[-41.375174,-13.033692],[-41.375229,-13.033746],[-41.382875,-13.023964],[-41.382587,-13.023835],[-41.382462,-13.023756],[-41.382402,-13.023455],[-41.382237,-13.022902],[-41.382052,-13.022524],[-41.381913,-13.022258],[-41.381796,-13.022108],[-41.381674,-13.022082],[-41.381592,-13.022016],[-41.381628,-13.021805],[-41.381724,-13.021568],[-41.381925,-13.021143],[-41.382108,-13.020794],[-41.382328,-13.02047],[-41.382483,-13.02041],[-41.382712,-13.020199],[-41.383064,-13.019832],[-41.383252,-13.019599],[-41.383399,-13.019277],[-41.383557,-13.018927],[-41.38382,-13.018337],[-41.384188,-13.017666],[-41.384455,-13.017039],[-41.384833,-13.016166],[-41.385012,-13.01583],[-41.385078,-13.015562],[-41.385142,-13.015182],[-41.385203,-13.014401],[-41.385223,-13.014111],[-41.385489,-13.013594],[-41.38559,-13.013276],[-41.385824,-13.012746],[-41.385912,-13.012532],[-41.386006,-13.012202],[-41.386226,-13.012028],[-41.386405,-13.011737],[-41.386672,-13.011088],[-41.387008,-13.010505],[-41.387276,-13.010079],[-41.38738,-13.009901],[-41.387463,-13.009697],[-41.387547,-13.009469],[-41.387738,-13.00912],[-41.388059,-13.008645],[-41.388239,-13.008465],[-41.388371,-13.008062],[-41.388484,-13.007905],[-41.388822,-13.007656],[-41.389038,-13.007411],[-41.389304,-13.007086],[-41.38945,-13.006692],[-41.389445,-13.006246],[-41.389352,-13.005979],[-41.389237,-13.005824],[-41.389234,-13.005579],[-41.389273,-13.005215],[-41.389282,-13.004803],[-41.389264,-13.004235],[-41.389444,-13.003771],[-41.389599,-13.003279],[-41.389654,-13.003001],[-41.389774,-13.002608],[-41.389862,-13.002229],[-41.38986,-13.002028],[-41.389764,-13.001709],[-41.389682,-13.001434],[-41.389551,-13.001125],[-41.389425,-13.000702],[-41.389184,-13.000315],[-41.388927,-13.000186],[-41.388746,-12.999719],[-41.388721,-12.999407],[-41.388648,-12.998984],[-41.388646,-12.998611],[-41.388675,-12.998127],[-41.388908,-12.997592],[-41.389048,-12.996946],[-41.389201,-12.996359],[-41.389483,-12.995877],[-41.389691,-12.995374],[-41.389823,-12.995158],[-41.389868,-12.994715],[-41.390058,-12.994222],[-41.390085,-12.993822],[-41.390154,-12.993469],[-41.390266,-12.993008],[-41.390419,-12.992421],[-41.390571,-12.99178],[-41.390687,-12.99105],[-41.390571,-12.990531],[-41.390559,-12.989903],[-41.390761,-12.989266],[-41.390847,-12.988797],[-41.390743,-12.9887],[-41.390442,-12.988536],[-41.390068,-12.98824],[-41.389632,-12.987693],[-41.389357,-12.987517],[-41.389127,-12.987252],[-41.389092,-12.986928],[-41.38935,-12.986418],[-41.389595,-12.986199],[-41.390013,-12.985486],[-41.390526,-12.984456],[-41.390722,-12.983973],[-41.3909,-12.983499],[-41.390813,-12.983303],[-41.390562,-12.98315],[-41.389922,-12.982588],[-41.389711,-12.981761],[-41.389502,-12.98138],[-41.389406,-12.980823],[-41.389286,-12.9804],[-41.389283,-12.980133],[-41.389442,-12.979712],[-41.389688,-12.979286],[-41.390005,-12.979216],[-41.390618,-12.978882],[-41.391183,-12.978497],[-41.391392,-12.978181],[-41.39147,-12.977865],[-41.391218,-12.977644],[-41.391008,-12.977111],[-41.390711,-12.976409],[-41.390296,-12.975789],[-41.389911,-12.974991],[-41.389622,-12.974749],[-41.389259,-12.974702],[-41.38874,-12.974139],[-41.388179,-12.973703],[-41.387633,-12.973398],[-41.387103,-12.972644],[-41.386955,-12.971663],[-41.386645,-12.971202],[-41.386392,-12.970912],[-41.386019,-12.970766],[-41.385733,-12.970882],[-41.384979,-12.97099],[-41.384488,-12.97106],[-41.384036,-12.971265],[-41.38358,-12.971332],[-41.383031,-12.971206],[-41.382137,-12.970478],[-41.381759,-12.970049],[-41.38147,-12.969341],[-41.381193,-12.968897],[-41.381051,-12.968315],[-41.38089,-12.967558],[-41.380383,-12.966849],[-41.380035,-12.966058],[-41.379649,-12.965507],[-41.379196,-12.965071],[-41.378725,-12.964674],[-41.378268,-12.964295],[-41.377971,-12.964164],[-41.3774,-12.963857],[-41.376608,-12.963297],[-41.375901,-12.963036],[-41.375452,-12.96304],[-41.374712,-12.963133],[-41.373716,-12.963521],[-41.372898,-12.963854],[-41.372333,-12.964194],[-41.371765,-12.964221],[-41.371183,-12.964255],[-41.370637,-12.964216],[-41.370062,-12.964265],[-41.369483,-12.963859],[-41.368954,-12.963587],[-41.36854,-12.963122],[-41.368295,-12.962714],[-41.368041,-12.96236],[-41.367606,-12.961985],[-41.366901,-12.961946],[-41.366424,-12.962147],[-41.365947,-12.962151],[-41.365219,-12.961984],[-41.364783,-12.961631],[-41.363873,-12.96155],[-41.363395,-12.961443],[-41.363008,-12.961402],[-41.362825,-12.961292],[-41.362254,-12.96103],[-41.362184,-12.960874],[-41.361998,-12.960385],[-41.361909,-12.959905],[-41.361903,-12.959348],[-41.361824,-12.958871],[-41.361104,-12.958759],[-41.360443,-12.958519],[-41.360205,-12.958464],[-41.359678,-12.958067],[-41.359563,-12.957754],[-41.359536,-12.958506],[-41.359477,-12.959465],[-41.359491,-12.959991],[-41.359409,-12.960537],[-41.359413,-12.960983],[-41.359458,-12.961627],[-41.359623,-12.962272],[-41.359818,-12.962618],[-41.359805,-12.963622],[-41.359642,-12.96457],[-41.359189,-12.965167],[-41.358785,-12.965751],[-41.358515,-12.966092],[-41.358118,-12.966353],[-41.357759,-12.966825],[-41.357447,-12.967228],[-41.35718,-12.968198],[-41.356957,-12.968646],[-41.355904,-12.969962],[-41.355416,-12.971398],[-41.35502,-12.972829],[-41.354735,-12.973642],[-41.354565,-12.974218],[-41.354508,-12.974448],[-41.354426,-12.974994],[-41.354435,-12.975562],[-41.354573,-12.976111],[-41.354712,-12.976829],[-41.354877,-12.977351],[-41.354949,-12.977774],[-41.354737,-12.978825],[-41.354628,-12.979917],[-41.354544,-12.980698],[-41.354312,-12.981545],[-41.353928,-12.982199],[-41.353604,-12.982957],[-41.353305,-12.98339],[-41.35315,-12.983771],[-41.352696,-12.984926],[-41.352545,-12.985864],[-41.352431,-12.986531],[-41.352349,-12.987482],[-41.352122,-12.988202],[-41.351621,-12.989233],[-41.351241,-12.98995],[-41.350954,-12.990555],[-41.350597,-12.990941],[-41.350373,-12.991039],[-41.350024,-12.990555],[-41.349596,-12.990131],[-41.349288,-12.989972],[-41.348921,-12.989906],[-41.348474,-12.989968],[-41.348017,-12.990261],[-41.347631,-12.990669],[-41.347117,-12.991206],[-41.346604,-12.991743],[-41.346334,-12.991872],[-41.346098,-12.991909],[-41.345803,-12.991912],[-41.345436,-12.991776],[-41.344903,-12.991492],[-41.3445,-12.991276],[-41.344203,-12.99107],[-41.343929,-12.990691],[-41.343889,-12.990287],[-41.343955,-12.989766],[-41.344057,-12.989291],[-41.344347,-12.988791],[-41.344578,-12.988257],[-41.34481,-12.987815],[-41.345003,-12.987073],[-41.345172,-12.986239],[-41.345418,-12.984768],[-41.345585,-12.983772],[-41.345676,-12.983378],[-41.346032,-12.982334],[-41.346227,-12.981824],[-41.346295,-12.981453],[-41.346245,-12.981211],[-41.346042,-12.980912],[-41.345865,-12.980856],[-41.345428,-12.980848],[-41.34498,-12.980875],[-41.344815,-12.980853],[-41.344554,-12.980717],[-41.344019,-12.980259],[-41.343568,-12.979882],[-41.343091,-12.979389],[-41.342959,-12.979112],[-41.342957,-12.978858],[-41.343046,-12.978314],[-41.343124,-12.977793],[-41.343269,-12.976901],[-41.343426,-12.976067],[-41.343398,-12.975628],[-41.343229,-12.975236],[-41.34298,-12.975041],[-41.342434,-12.974699],[-41.341948,-12.97438],[-41.341674,-12.974082],[-41.341039,-12.97307],[-41.340537,-12.972253],[-41.340321,-12.971897],[-41.340143,-12.971783],[-41.339917,-12.971623],[-41.339125,-12.97141],[-41.338523,-12.971335],[-41.336645,-12.971016],[-41.335618,-12.97084],[-41.335228,-12.970774],[-41.333949,-12.970222],[-41.332054,-12.969178],[-41.330718,-12.968493],[-41.330066,-12.968165],[-41.328761,-12.967449],[-41.327985,-12.967062],[-41.327301,-12.966674],[-41.326245,-12.966198],[-41.325437,-12.96572],[-41.324722,-12.965211],[-41.323817,-12.964371],[-41.322818,-12.963258],[-41.322068,-12.962355],[-41.321568,-12.961844],[-41.321129,-12.961151],[-41.320935,-12.960243],[-41.320865,-12.959364],[-41.32073,-12.958153],[-41.320695,-12.957638],[-41.32051,-12.957349],[-41.320205,-12.957114],[-41.319947,-12.957116],[-41.319765,-12.957162],[-41.319177,-12.957584],[-41.318442,-12.958394],[-41.317841,-12.959099],[-41.317196,-12.959893],[-41.31604,-12.961183],[-41.315425,-12.961948],[-41.314855,-12.962622],[-41.314283,-12.963104],[-41.313664,-12.963466],[-41.312743,-12.96398],[-41.312441,-12.964147],[-41.312197,-12.964015],[-41.311892,-12.96378],[-41.311768,-12.963572],[-41.311751,-12.963364],[-41.311809,-12.963021],[-41.311804,-12.962545],[-41.311571,-12.961937],[-41.311295,-12.961568],[-41.310898,-12.961289],[-41.310426,-12.961129],[-41.30971,-12.960868],[-41.309223,-12.960678],[-41.307732,-12.960171],[-41.306346,-12.959647],[-41.304824,-12.95911],[-41.304048,-12.958864],[-41.303637,-12.958689],[-41.303316,-12.958424],[-41.302946,-12.957803],[-41.301866,-12.955833],[-41.301495,-12.955107],[-41.301263,-12.954633],[-41.30126,-12.954321],[-41.301286,-12.953829],[-41.30143,-12.95301],[-41.301646,-12.951713],[-41.30182,-12.950864],[-41.302092,-12.949076],[-41.302131,-12.948435],[-41.301971,-12.947499],[-41.301444,-12.944602],[-41.300837,-12.941245],[-41.300583,-12.940027],[-41.300517,-12.939477],[-41.300143,-12.938424],[-41.299803,-12.937713],[-41.299539,-12.937015],[-41.299352,-12.936571],[-41.29921,-12.935917],[-41.298928,-12.934982],[-41.298836,-12.93479],[-41.298178,-12.93423],[-41.297444,-12.933537],[-41.297153,-12.933331],[-41.297282,-12.932818],[-41.297367,-12.93229],[-41.297477,-12.931762],[-41.297552,-12.931561],[-41.297717,-12.931409],[-41.297984,-12.931243],[-41.298071,-12.931029],[-41.298096,-12.930904],[-41.298079,-12.930502],[-41.297999,-12.930064],[-41.297982,-12.929687],[-41.29798,-12.929449],[-41.298068,-12.929222],[-41.298116,-12.928921],[-41.298217,-12.928719],[-41.298316,-12.928405],[-41.298363,-12.92799],[-41.29836,-12.927639],[-41.29837,-12.927312],[-41.298469,-12.926998],[-41.298633,-12.926683],[-41.298667,-12.926206],[-41.29869,-12.925942],[-41.298849,-12.925125],[-41.298883,-12.924698],[-41.29888,-12.924284],[-41.298903,-12.924033],[-41.299013,-12.92353],[-41.299212,-12.922888],[-41.299386,-12.922284],[-41.299512,-12.922057],[-41.29965,-12.92178],[-41.299825,-12.921389],[-41.299976,-12.921074],[-41.300112,-12.920609],[-41.300283,-12.919704],[-41.30033,-12.919227],[-41.300417,-12.918925],[-41.300437,-12.918335],[-41.300446,-12.917946],[-41.300366,-12.917545],[-41.300339,-12.91737],[-41.300384,-12.916779],[-41.30047,-12.916327],[-41.300556,-12.916],[-41.300707,-12.91571],[-41.300908,-12.915344],[-41.301045,-12.914854],[-41.301217,-12.914162],[-41.301378,-12.913521],[-41.30154,-12.913042],[-41.3016,-12.912678],[-41.301781,-12.911422],[-41.301961,-12.910128],[-41.302143,-12.909047],[-41.302227,-12.908494],[-41.302339,-12.908167],[-41.30249,-12.907902],[-41.302794,-12.90751],[-41.303212,-12.90708],[-41.303553,-12.906625],[-41.304012,-12.906408],[-41.304559,-12.906102],[-41.305246,-12.905757],[-41.305743,-12.905477],[-41.306111,-12.90521],[-41.306455,-12.905019],[-41.306632,-12.904841],[-41.306809,-12.904576],[-41.307058,-12.903821],[-41.307496,-12.902763],[-41.307971,-12.901567],[-41.30822,-12.900875],[-41.308383,-12.900509],[-41.308548,-12.900382],[-41.308688,-12.900306],[-41.308842,-12.90028],[-41.308943,-12.900203],[-41.309096,-12.900127],[-41.309262,-12.90005],[-41.309417,-12.900212],[-41.309534,-12.900462],[-41.309563,-12.900788],[-41.309653,-12.900925],[-41.310014,-12.901223],[-41.310374,-12.901408],[-41.310477,-12.901407],[-41.310668,-12.901343],[-41.310948,-12.901202],[-41.311048,-12.900988],[-41.311097,-12.900724],[-41.310914,-12.900311],[-41.310784,-12.900087],[-41.310809,-12.900011],[-41.310998,-12.899708],[-41.311162,-12.899456],[-41.311237,-12.899292],[-41.311373,-12.898739],[-41.311422,-12.898525],[-41.311343,-12.898275],[-41.31138,-12.898136],[-41.311442,-12.897935],[-41.311581,-12.897696],[-41.311643,-12.897482],[-41.311641,-12.897281],[-41.311651,-12.897017],[-41.311738,-12.896665],[-41.311735,-12.896377],[-41.311708,-12.896201],[-41.311642,-12.896051],[-41.31169,-12.895712],[-41.311775,-12.895159],[-41.311848,-12.894707],[-41.312036,-12.89488],[-41.312184,-12.894999],[-41.31237,-12.895174],[-41.31265,-12.895339],[-41.312964,-12.895589],[-41.313444,-12.895819],[-41.314129,-12.896143],[-41.314932,-12.896504],[-41.315308,-12.89663],[-41.315601,-12.896642],[-41.315736,-12.896545],[-41.315794,-12.896411],[-41.315802,-12.896296],[-41.315811,-12.896143],[-41.315829,-12.896037],[-41.315926,-12.895965],[-41.316013,-12.896288],[-41.316152,-12.897002],[-41.316262,-12.897467],[-41.319678,-12.903609],[-41.324808,-12.900297],[-41.326573,-12.898587],[-41.326518,-12.893046],[-41.325947,-12.888181],[-41.323366,-12.889733],[-41.318951,-12.887233],[-41.317836,-12.886434],[-41.315396,-12.894074],[-41.315457,-12.894466],[-41.315657,-12.895191],[-41.315863,-12.895783],[-41.315734,-12.895942],[-41.31573,-12.895984],[-41.315731,-12.896086],[-41.315737,-12.896258],[-41.315729,-12.896407],[-41.315673,-12.896509],[-41.31555,-12.896552],[-41.31529,-12.896531],[-41.314986,-12.896436],[-41.314164,-12.896091],[-41.313845,-12.89588],[-41.313938,-12.895744],[-41.314111,-12.895446],[-41.31425,-12.895115],[-41.314578,-12.894309],[-41.314582,-12.894174],[-41.31466,-12.893978],[-41.314821,-12.89341],[-41.314907,-12.892996],[-41.314958,-12.892828],[-41.314956,-12.892661],[-41.314835,-12.892388],[-41.314613,-12.891903],[-41.314516,-12.891667],[-41.314258,-12.891372],[-41.31369,-12.890908],[-41.313532,-12.890737],[-41.313441,-12.890553],[-41.313141,-12.890383],[-41.31286,-12.890205],[-41.312655,-12.890053],[-41.312474,-12.889865],[-41.312224,-12.889523],[-41.311924,-12.889307],[-41.311767,-12.889188],[-41.311312,-12.888133],[-41.311186,-12.887837],[-41.310994,-12.887556],[-41.310747,-12.887363],[-41.310661,-12.88728],[-41.310594,-12.887267],[-41.310476,-12.887263],[-41.310051,-12.887364],[-41.309705,-12.887363],[-41.309497,-12.887337],[-41.309383,-12.887273],[-41.309258,-12.887093],[-41.309013,-12.88677],[-41.308633,-12.886546],[-41.30838,-12.886362],[-41.308213,-12.886201],[-41.308055,-12.886003],[-41.307869,-12.885805],[-41.307735,-12.885681],[-41.30755,-12.885603],[-41.307469,-12.885539],[-41.30738,-12.885215],[-41.307238,-12.88471],[-41.307131,-12.884293],[-41.306998,-12.88383],[-41.30692,-12.88357],[-41.306836,-12.883172],[-41.306708,-12.882606],[-41.306639,-12.882347],[-41.306619,-12.882156],[-41.306527,-12.88193],[-41.306444,-12.88174],[-41.306425,-12.881638],[-41.306405,-12.881531],[-41.306482,-12.881187],[-41.306494,-12.880978],[-41.306465,-12.880895],[-41.306435,-12.880756],[-41.306376,-12.880459],[-41.30636,-12.880269],[-41.306359,-12.880148],[-41.306437,-12.87985],[-41.306455,-12.879743],[-41.306425,-12.879604],[-41.306386,-12.879535],[-41.306371,-12.87941],[-41.30643,-12.87914],[-41.306584,-12.878827],[-41.30672,-12.878728],[-41.306775,-12.878589],[-41.306797,-12.878356],[-41.30678,-12.878106],[-41.3068,-12.877641],[-41.306853,-12.877246],[-41.306851,-12.877046],[-41.306844,-12.876814],[-41.306815,-12.876712],[-41.306753,-12.876652],[-41.306671,-12.876467],[-41.306636,-12.876268],[-41.3066,-12.875943],[-41.30655,-12.87573],[-41.306502,-12.875573],[-41.306574,-12.875247],[-41.306596,-12.875047],[-41.306552,-12.87488],[-41.306565,-12.874713],[-41.306625,-12.874555],[-41.306764,-12.874289],[-41.306889,-12.873986],[-41.307034,-12.873692],[-41.307107,-12.873408],[-41.307133,-12.873203],[-41.307041,-12.873],[-41.307068,-12.872842],[-41.307162,-12.872692],[-41.307283,-12.872501],[-41.307403,-12.872226],[-41.307417,-12.872142],[-41.307331,-12.872064],[-41.307165,-12.871982],[-41.307079,-12.871908],[-41.307087,-12.871815],[-41.307194,-12.871629],[-41.307245,-12.871494],[-41.307325,-12.871391],[-41.307442,-12.871227],[-41.307488,-12.87112],[-41.307416,-12.871009],[-41.307339,-12.870912],[-41.307272,-12.87082],[-41.307247,-12.870667],[-41.307194,-12.870579],[-41.307051,-12.870432],[-41.306908,-12.87034],[-41.306846,-12.870239],[-41.306878,-12.87015],[-41.30692,-12.870085],[-41.307009,-12.870014],[-41.307123,-12.869985],[-41.307184,-12.869929],[-41.307206,-12.869794],[-41.307253,-12.869715],[-41.307276,-12.86964],[-41.307303,-12.869538],[-41.307392,-12.86937],[-41.307532,-12.869253],[-41.307603,-12.869182],[-41.307753,-12.869032],[-41.307856,-12.868897],[-41.307944,-12.868743],[-41.308046,-12.868487],[-41.308082,-12.868287],[-41.308133,-12.868119],[-41.308028,-12.86805],[-41.307629,-12.867924],[-41.307311,-12.867755],[-41.307049,-12.867599],[-41.306971,-12.867423],[-41.306913,-12.867298],[-41.306809,-12.86722],[-41.306523,-12.867051],[-41.306428,-12.86695],[-41.306375,-12.866853],[-41.306397,-12.86675],[-41.306453,-12.866592],[-41.306513,-12.866452],[-41.306591,-12.866205],[-41.306604,-12.866075],[-41.306656,-12.86601],[-41.306937,-12.865719],[-41.307157,-12.865495],[-41.307321,-12.865331],[-41.307423,-12.86507],[-41.30752,-12.864767],[-41.307561,-12.864581],[-41.307549,-12.864279],[-41.307547,-12.86407],[-41.307621,-12.863949],[-41.307831,-12.863626],[-41.308108,-12.863322],[-41.308281,-12.86314],[-41.308488,-12.862952],[-41.308713,-12.86276],[-41.308939,-12.862577],[-41.309103,-12.862445],[-41.309187,-12.862314],[-41.309308,-12.862067],[-41.309419,-12.861755],[-41.309467,-12.861299],[-41.309496,-12.860937],[-41.309565,-12.860686],[-41.309643,-12.860406],[-41.309754,-12.860182],[-41.309829,-12.860103],[-41.30989,-12.860033],[-41.309994,-12.860004],[-41.310141,-12.859975],[-41.310415,-12.860009],[-41.310595,-12.85998],[-41.310666,-12.859979],[-41.310827,-12.859964],[-41.311002,-12.859925],[-41.31119,-12.859808],[-41.311331,-12.859681],[-41.311447,-12.859448],[-41.311614,-12.859144],[-41.311646,-12.859009],[-41.311748,-12.858744],[-41.311756,-12.858567],[-41.311687,-12.858299],[-41.311562,-12.858054],[-41.311418,-12.857837],[-41.311189,-12.85762],[-41.311082,-12.85738],[-41.310928,-12.857061],[-41.310826,-12.856788],[-41.310777,-12.856537],[-41.31077,-12.85638],[-41.31075,-12.856203],[-41.310777,-12.856101],[-41.310834,-12.85604],[-41.310895,-12.855984],[-41.311008,-12.856011],[-41.311223,-12.856157],[-41.31139,-12.856304],[-41.311513,-12.856354],[-41.311579,-12.856354],[-41.311707,-12.856311],[-41.311753,-12.856236],[-41.3118,-12.856138],[-41.311774,-12.855841],[-41.311758,-12.855651],[-41.311765,-12.85547],[-41.311621,-12.855216],[-41.311497,-12.855059],[-41.311334,-12.854907],[-41.311258,-12.854796],[-41.311642,-12.854821],[-41.31209,-12.854841],[-41.312417,-12.855253],[-41.31242,-12.855595],[-41.312448,-12.855887],[-41.312698,-12.856105],[-41.312948,-12.8562],[-41.31322,-12.856301],[-41.313471,-12.856556],[-41.313997,-12.856966],[-41.314551,-12.857393],[-41.314581,-12.857722],[-41.314411,-12.858138],[-41.314231,-12.858529],[-41.314235,-12.858968],[-41.314363,-12.859519],[-41.314602,-12.860333],[-41.329608,-12.846887],[-41.328807,-12.846678],[-41.327815,-12.846149],[-41.327004,-12.845367],[-41.326741,-12.844581],[-41.326438,-12.843364],[-41.326102,-12.842614],[-41.325583,-12.84183],[-41.324587,-12.84087],[-41.323708,-12.840699],[-41.322976,-12.840526],[-41.322099,-12.84057],[-41.322054,-12.840025],[-41.322037,-12.839507],[-41.322069,-12.839161],[-41.322173,-12.838976],[-41.322475,-12.838558],[-41.322995,-12.837724],[-41.323366,-12.837202],[-41.323715,-12.83675],[-41.323853,-12.83653],[-41.324139,-12.835698],[-41.324427,-12.835038],[-41.324749,-12.834286],[-41.32514,-12.833453],[-41.325383,-12.833002],[-41.325531,-12.832505],[-41.325599,-12.832228],[-41.325604,-12.831571],[-41.325593,-12.831404],[-41.325627,-12.831148],[-41.32563,-12.830959],[-41.325629,-12.830842],[-41.325715,-12.830601],[-41.325839,-12.830452],[-41.325915,-12.830288],[-41.326083,-12.829873],[-41.32627,-12.829315],[-41.326407,-12.828911],[-41.326463,-12.828757],[-41.326535,-12.82868],[-41.326591,-12.828603],[-41.326721,-12.828536],[-41.326845,-12.828473],[-41.327099,-12.828349],[-41.327253,-12.828194],[-41.327361,-12.828061],[-41.327622,-12.827527],[-41.327872,-12.826989],[-41.328102,-12.826543],[-41.328265,-12.826251],[-41.328444,-12.825892],[-41.328592,-12.8256],[-41.328801,-12.825159],[-41.328944,-12.824867],[-41.329066,-12.824488],[-41.329165,-12.824043],[-41.329216,-12.823864],[-41.329256,-12.823752],[-41.329359,-12.823628],[-41.329524,-12.823479],[-41.329643,-12.823355],[-41.329859,-12.823154],[-41.330024,-12.823005],[-41.330111,-12.822815],[-41.330207,-12.822503],[-41.330344,-12.822119],[-41.330491,-12.82173],[-41.330685,-12.821295],[-41.330838,-12.820941],[-41.330929,-12.820731],[-41.330991,-12.820628],[-41.331062,-12.820434],[-41.331117,-12.82028],[-41.370105,-12.80496],[-41.328915,-12.756785],[-41.328818,-12.754819],[-41.328779,-12.753841],[-41.328743,-12.753278],[-41.328725,-12.752893],[-41.328705,-12.752463],[-41.328704,-12.752285],[-41.328641,-12.752004],[-41.328502,-12.751738],[-41.328257,-12.751369],[-41.327679,-12.75087],[-41.327192,-12.75043],[-41.326719,-12.750004],[-41.32614,-12.749446],[-41.325744,-12.749004],[-41.325317,-12.748623],[-41.324921,-12.74827],[-41.324494,-12.747859],[-41.323915,-12.747271],[-41.323352,-12.746757],[-41.322681,-12.746066],[-41.321263,-12.7447],[-41.319709,-12.74323],[-41.318216,-12.741791],[-41.316449,-12.74019],[-41.315246,-12.739029],[-41.313417,-12.73731],[-41.312275,-12.736223],[-41.311102,-12.735166],[-41.310203,-12.734328],[-41.308999,-12.733138],[-41.307842,-12.732081],[-41.307172,-12.731434],[-41.306699,-12.730919],[-41.306044,-12.730347],[-41.306027,-12.730169],[-41.30589,-12.730037],[-41.305631,-12.729802],[-41.305402,-12.729522],[-41.30514,-12.728976],[-41.305138,-12.728738],[-41.305179,-12.728189],[-41.305307,-12.727343],[-41.305417,-12.726156],[-41.3056,-12.724701],[-41.305824,-12.722742],[-41.30606,-12.720427],[-41.306192,-12.71835],[-41.306326,-12.716407],[-41.306416,-12.714671],[-41.306485,-12.713959],[-41.306537,-12.713083],[-41.306552,-12.711319],[-41.306594,-12.709272],[-41.306555,-12.706678],[-41.306504,-12.705982],[-41.306544,-12.705418],[-41.306402,-12.703091],[-41.306408,-12.702083],[-41.30626,-12.700794],[-41.306138,-12.698912],[-41.305971,-12.697164],[-41.305838,-12.695786],[-41.305445,-12.692409],[-41.30517,-12.690351],[-41.304929,-12.688751],[-41.304846,-12.687907],[-41.304766,-12.687403],[-41.304579,-12.686782],[-41.30444,-12.686487],[-41.304103,-12.685926],[-41.303841,-12.685336],[-41.303641,-12.684907],[-41.303546,-12.684688],[-41.303442,-12.68452],[-41.303381,-12.684401],[-41.353299,-12.669564],[-41.354531,-12.653289],[-41.372973,-12.636642],[-41.372936,-12.636325],[-41.372933,-12.635987],[-41.373097,-12.635565],[-41.373255,-12.635432],[-41.373412,-12.635125],[-41.37341,-12.634977],[-41.373391,-12.634746],[-41.373323,-12.634574],[-41.373244,-12.634237],[-41.373175,-12.634056],[-41.37308,-12.633768],[-41.372877,-12.633548],[-41.372758,-12.633359],[-41.372655,-12.633113],[-41.372628,-12.632973],[-41.372609,-12.632726],[-41.372607,-12.632553],[-41.372606,-12.632388],[-41.372604,-12.63219],[-41.372603,-12.632017],[-41.372598,-12.631473],[-41.372594,-12.631119],[-41.372641,-12.630747],[-41.372705,-12.630359],[-41.372753,-12.630112],[-41.372801,-12.629881],[-41.372875,-12.629715],[-41.373116,-12.629449],[-41.373283,-12.629316],[-41.3736,-12.629107],[-41.373866,-12.62889],[-41.374191,-12.62864],[-41.374347,-12.628202],[-41.374412,-12.628053],[-41.374419,-12.62783],[-41.374416,-12.627558],[-41.374322,-12.627337],[-41.374303,-12.627131],[-41.374107,-12.626844],[-41.37398,-12.626672],[-41.373886,-12.626475],[-41.373815,-12.62613],[-41.373746,-12.625858],[-41.373635,-12.625686],[-41.37355,-12.625522],[-41.37354,-12.625423],[-41.373539,-12.625316],[-41.37368,-12.625109],[-41.373779,-12.62491],[-41.373903,-12.624662],[-41.374076,-12.624364],[-41.374258,-12.624082],[-41.374609,-12.623939],[-41.374901,-12.62373],[-41.375084,-12.623522],[-41.375283,-12.623331],[-41.375698,-12.622742],[-41.376005,-12.622393],[-41.376021,-12.622269],[-41.376061,-12.622145],[-41.376035,-12.62203],[-41.375925,-12.62194],[-41.37562,-12.62163],[-41.375485,-12.621483],[-41.37544,-12.621228],[-41.375355,-12.621047],[-41.375261,-12.620949],[-41.375185,-12.620843],[-41.3751,-12.620745],[-41.375157,-12.620489],[-41.37518,-12.620282],[-41.375194,-12.62001],[-41.375193,-12.619911],[-41.375116,-12.619747],[-41.374956,-12.619658],[-41.374795,-12.619552],[-41.374585,-12.619513],[-41.374426,-12.619514],[-41.374258,-12.619516],[-41.374073,-12.619509],[-41.374015,-12.61951],[-41.373796,-12.619437],[-41.373642,-12.619167],[-41.373548,-12.618953],[-41.373486,-12.618624],[-41.373484,-12.618393],[-41.373504,-12.617874],[-41.373527,-12.617635],[-41.373507,-12.617272],[-41.37342,-12.616943],[-41.373417,-12.616606],[-41.373481,-12.6163],[-41.373544,-12.615838],[-41.373647,-12.615194],[-41.373686,-12.614864],[-41.373717,-12.614509],[-41.373738,-12.614122],[-41.373777,-12.613767],[-41.373799,-12.613462],[-41.373847,-12.613206],[-41.373938,-12.613024],[-41.374003,-12.612834],[-41.374252,-12.612452],[-41.374349,-12.612064],[-41.374347,-12.611891],[-41.37436,-12.61152],[-41.37444,-12.611083],[-41.374439,-12.610901],[-41.374545,-12.610595],[-41.374703,-12.610487],[-41.374969,-12.610196],[-41.375085,-12.609972],[-41.375233,-12.609699],[-41.375232,-12.609567],[-41.37523,-12.609336],[-41.375228,-12.609139],[-41.375174,-12.608727],[-41.375172,-12.608513],[-41.375171,-12.608356],[-41.375253,-12.608174],[-41.37541,-12.607967],[-41.375619,-12.607808],[-41.37597,-12.607657],[-41.376186,-12.607441],[-41.376216,-12.607045],[-41.376128,-12.606609],[-41.376051,-12.606453],[-41.375856,-12.60624],[-41.375678,-12.606069],[-41.375458,-12.605807],[-41.375388,-12.60556],[-41.375386,-12.60533],[-41.375409,-12.605066],[-41.375498,-12.60476],[-41.375571,-12.604504],[-41.375571,-12.604421],[-41.375544,-12.604314],[-41.375924,-12.604317],[-41.375977,-12.604209],[-41.375976,-12.604084],[-41.375951,-12.60403],[-41.376006,-12.603958],[-41.376078,-12.603927],[-41.376157,-12.60389],[-41.376248,-12.603812],[-41.376333,-12.603799],[-41.376437,-12.603768],[-41.376516,-12.603756],[-41.376631,-12.603748],[-41.376862,-12.603669],[-41.37699,-12.603644],[-41.377227,-12.603504],[-41.377347,-12.603335],[-41.377521,-12.603094],[-41.377611,-12.602854],[-41.377627,-12.602632],[-41.377668,-12.602428],[-41.377624,-12.602303],[-41.377586,-12.602208],[-41.37758,-12.602136],[-41.377579,-12.602034],[-41.37762,-12.601926],[-41.377705,-12.601835],[-41.37779,-12.601781],[-41.377942,-12.601743],[-41.378045,-12.601736],[-41.3781,-12.601736],[-41.378173,-12.601687],[-41.378184,-12.601556],[-41.378238,-12.601459],[-41.378304,-12.601423],[-41.378427,-12.601446],[-41.378537,-12.601505],[-41.378733,-12.601659],[-41.378948,-12.6018],[-41.379107,-12.601895],[-41.379242,-12.601977],[-41.379321,-12.601995],[-41.379395,-12.601994],[-41.379486,-12.601993],[-41.379602,-12.601992],[-41.379748,-12.601991],[-41.379778,-12.601967],[-41.379875,-12.601852],[-41.37999,-12.601773],[-41.38005,-12.601653],[-41.38011,-12.601586],[-41.380194,-12.601484],[-41.380273,-12.601387],[-41.380387,-12.601267],[-41.380448,-12.601176],[-41.380447,-12.601075],[-41.380354,-12.600974],[-41.380341,-12.600908],[-41.380341,-12.600824],[-41.380395,-12.600716],[-41.380553,-12.600685],[-41.38076,-12.600683],[-41.381083,-12.60068],[-41.381174,-12.600679],[-41.381166,-12.600534],[-41.381156,-12.60049],[-41.381122,-12.6004],[-41.381024,-12.600317],[-41.380895,-12.600205],[-41.380788,-12.600101],[-41.380726,-12.600027],[-41.380627,-12.599888],[-41.380559,-12.599745],[-41.380448,-12.599546],[-41.380291,-12.599353],[-41.38014,-12.599139],[-41.380053,-12.598972],[-41.38003,-12.598823],[-41.380032,-12.598671],[-41.380076,-12.598446],[-41.380154,-12.598015],[-41.38022,-12.597611],[-41.380218,-12.597453],[-41.380207,-12.597247],[-41.380195,-12.597163],[-41.380154,-12.597041],[-41.380055,-12.596865],[-41.380005,-12.596752],[-41.379986,-12.596666],[-41.379982,-12.596591],[-41.379982,-12.596522],[-41.380023,-12.596388],[-41.380119,-12.596231],[-41.380206,-12.596087],[-41.380281,-12.595955],[-41.380344,-12.595859],[-41.380361,-12.595736],[-41.380334,-12.595509],[-41.380361,-12.595428],[-41.380454,-12.595299],[-41.380601,-12.595074],[-41.380715,-12.59486],[-41.380768,-12.594707],[-41.380788,-12.594561],[-41.380768,-12.594352],[-41.380786,-12.594075],[-41.38088,-12.593739],[-41.380902,-12.593471],[-41.380881,-12.59329],[-41.38089,-12.59317],[-41.380879,-12.593113],[-41.380854,-12.593018],[-41.380853,-12.592936],[-41.380939,-12.59272],[-41.380991,-12.592519],[-41.381032,-12.592241],[-41.381074,-12.591992],[-41.381121,-12.591882],[-41.381222,-12.591714],[-41.381279,-12.591575],[-41.381322,-12.591436],[-41.381326,-12.591369],[-41.38133,-12.591263],[-41.381329,-12.591182],[-41.381299,-12.591058],[-41.381298,-12.590962],[-41.381403,-12.590722],[-41.381484,-12.590526],[-41.381555,-12.590382],[-41.381568,-12.590195],[-41.381556,-12.589966],[-41.381565,-12.589894],[-41.381584,-12.589827],[-41.381583,-12.589745],[-41.381592,-12.589573],[-41.381614,-12.589401],[-41.381628,-12.589296],[-41.381665,-12.589128],[-41.381717,-12.588965],[-41.381722,-12.588893],[-41.381721,-12.588793],[-41.381703,-12.588477],[-41.381701,-12.588286],[-41.381701,-12.588205],[-41.381733,-12.588056],[-41.381766,-12.587922],[-41.381779,-12.587769],[-41.381812,-12.587635],[-41.381864,-12.587429],[-41.381906,-12.587189],[-41.381919,-12.587079],[-41.381928,-12.586979],[-41.381961,-12.586926],[-41.382033,-12.586786],[-41.382095,-12.586614],[-41.382258,-12.586471],[-41.382333,-12.586328],[-41.382532,-12.5861],[-41.382587,-12.586058],[-41.382723,-12.586128],[-41.382984,-12.58623],[-41.383284,-12.586387],[-41.383502,-12.586431],[-41.383685,-12.5865],[-41.383954,-12.586548],[-41.384193,-12.586592],[-41.384365,-12.586703],[-41.384613,-12.586848],[-41.384883,-12.586996],[-41.38508,-12.587074],[-41.385255,-12.587139],[-41.38534,-12.587176],[-41.385617,-12.58719],[-41.385737,-12.587189],[-41.385988,-12.587187],[-41.386069,-12.587199],[-41.386283,-12.58731],[-41.386596,-12.587499],[-41.386878,-12.587648],[-41.386994,-12.587713],[-41.387092,-12.58775],[-41.387186,-12.587766],[-41.387293,-12.587803],[-41.3874,-12.587785],[-41.387535,-12.58773],[-41.387697,-12.587695],[-41.387888,-12.587601],[-41.388075,-12.587532],[-41.388291,-12.587463],[-41.388487,-12.587399],[-41.388606,-12.587364],[-41.388751,-12.58738],[-41.388955,-12.587407],[-41.389023,-12.587407],[-41.389215,-12.587397],[-41.389389,-12.587366],[-41.38955,-12.587272],[-41.38964,-12.58725],[-41.38986,-12.587169],[-41.389967,-12.587168],[-41.390082,-12.587142],[-41.390218,-12.587162],[-41.390423,-12.58716],[-41.390585,-12.587171],[-41.390836,-12.587194],[-41.391036,-12.587184],[-41.391202,-12.587132],[-41.39136,-12.587126],[-41.391581,-12.587124],[-41.391842,-12.587197],[-41.392055,-12.587279],[-41.392132,-12.587287],[-41.392252,-12.587307],[-41.392627,-12.587353],[-41.392845,-12.587389],[-41.392955,-12.587397],[-41.393041,-12.587392],[-41.393134,-12.587391],[-41.393262,-12.587398],[-41.39354,-12.587475],[-41.393655,-12.587512],[-41.393736,-12.587544],[-41.393826,-12.587556],[-41.393967,-12.587572],[-41.394201,-12.587511],[-41.394379,-12.587514],[-41.394495,-12.587513],[-41.394738,-12.587611],[-41.394871,-12.587723],[-41.394983,-12.58786],[-41.395052,-12.587913],[-41.395172,-12.587954],[-41.395304,-12.587953],[-41.395462,-12.587964],[-41.395581,-12.58803],[-41.395731,-12.588071],[-41.395863,-12.588115],[-41.396073,-12.58816],[-41.396205,-12.588246],[-41.39645,-12.588395],[-41.396646,-12.588489],[-41.396775,-12.588517],[-41.39695,-12.588558],[-41.397099,-12.588586],[-41.397231,-12.588584],[-41.397422,-12.588532],[-41.397588,-12.588518],[-41.397652,-12.588501],[-41.403051,-12.57638],[-41.424403,-12.576638],[-41.424075,-12.513709],[-41.423537,-12.513759],[-41.423362,-12.5138],[-41.423189,-12.513854],[-41.423021,-12.513918],[-41.423009,-12.513923],[-41.422617,-12.514089],[-41.422465,-12.514158],[-41.422343,-12.514223],[-41.422091,-12.514363],[-41.421814,-12.514517],[-41.421652,-12.514601],[-41.421408,-12.514712],[-41.421334,-12.514748],[-41.421176,-12.514833],[-41.421023,-12.514928],[-41.420965,-12.514968],[-41.420935,-12.514989],[-41.420824,-12.515032],[-41.420753,-12.515056],[-41.420665,-12.515077],[-41.420566,-12.515102],[-41.420408,-12.51515],[-41.42029,-12.51519],[-41.420276,-12.515195],[-41.420108,-12.515259],[-41.419944,-12.515333],[-41.41993,-12.51534],[-41.419845,-12.515383],[-41.419689,-12.515432],[-41.41952,-12.515496],[-41.419356,-12.51557],[-41.419198,-12.515655],[-41.419046,-12.51575],[-41.4189,-12.515855],[-41.418864,-12.515883],[-41.418835,-12.515897],[-41.418677,-12.515982],[-41.418524,-12.516077],[-41.418379,-12.516182],[-41.41824,-12.516295],[-41.418149,-12.516379],[-41.418073,-12.516435],[-41.417982,-12.516508],[-41.417949,-12.516533],[-41.417876,-12.516592],[-41.41781,-12.516646],[-41.417742,-12.516688],[-41.417659,-12.516741],[-41.417513,-12.516846],[-41.417459,-12.516889],[-41.417245,-12.517062],[-41.417103,-12.517158],[-41.416847,-12.517318],[-41.416648,-12.517439],[-41.416546,-12.517505],[-41.4164,-12.517609],[-41.416262,-12.517723],[-41.416131,-12.517845],[-41.416009,-12.517976],[-41.415895,-12.518114],[-41.415792,-12.518259],[-41.415698,-12.518411],[-41.415614,-12.518568],[-41.415541,-12.51873],[-41.415479,-12.518897],[-41.415428,-12.519067],[-41.415425,-12.519079],[-41.415393,-12.519201],[-41.415357,-12.519363],[-41.415329,-12.519538],[-41.415323,-12.519592],[-41.415307,-12.519746],[-41.415277,-12.519932],[-41.415262,-12.520034],[-41.41526,-12.520052],[-41.415223,-12.520362],[-41.415162,-12.520673],[-41.41516,-12.520684],[-41.415142,-12.520786],[-41.415097,-12.521081],[-41.415005,-12.521175],[-41.414917,-12.521268],[-41.414697,-12.521515],[-41.414679,-12.521535],[-41.414566,-12.521673],[-41.414547,-12.521697],[-41.414499,-12.521763],[-41.414307,-12.522],[-41.414208,-12.522097],[-41.414109,-12.522187],[-41.41401,-12.522281],[-41.413888,-12.522411],[-41.413774,-12.52255],[-41.413671,-12.522695],[-41.413577,-12.522846],[-41.413531,-12.522929],[-41.413464,-12.523025],[-41.41337,-12.523176],[-41.413286,-12.523334],[-41.413213,-12.523496],[-41.413151,-12.523662],[-41.4131,-12.523833],[-41.413061,-12.524006],[-41.413033,-12.524181],[-41.413017,-12.524358],[-41.413013,-12.524535],[-41.413021,-12.524712],[-41.41304,-12.524889],[-41.413071,-12.525063],[-41.413114,-12.525236],[-41.413163,-12.525391],[-41.413187,-12.52546],[-41.413179,-12.52556],[-41.413175,-12.525737],[-41.413177,-12.52601],[-41.41314,-12.526175],[-41.413112,-12.52635],[-41.413096,-12.526526],[-41.413093,-12.526613],[-41.413088,-12.526807],[-41.413095,-12.527074],[-41.413114,-12.527251],[-41.413145,-12.527425],[-41.413188,-12.527598],[-41.413242,-12.527767],[-41.413289,-12.52789],[-41.41339,-12.528134],[-41.413408,-12.528176],[-41.413478,-12.528325],[-41.413469,-12.528383],[-41.413461,-12.528441],[-41.413445,-12.528618],[-41.413441,-12.528795],[-41.413442,-12.528947],[-41.41345,-12.529124],[-41.413469,-12.5293],[-41.4135,-12.529475],[-41.413543,-12.529647],[-41.413597,-12.529817],[-41.413633,-12.529913],[-41.413731,-12.530158],[-41.413655,-12.530442],[-41.413441,-12.531169],[-41.413419,-12.531247],[-41.413394,-12.531348],[-41.413374,-12.531441],[-41.413244,-12.531746],[-41.413231,-12.531776],[-41.413169,-12.531943],[-41.413118,-12.532113],[-41.413088,-12.532242],[-41.413015,-12.53259],[-41.412848,-12.533019],[-41.412647,-12.5334],[-41.412612,-12.53347],[-41.412597,-12.533501],[-41.41231,-12.534105],[-41.412262,-12.534193],[-41.412195,-12.534282],[-41.411959,-12.534555],[-41.41186,-12.534677],[-41.411756,-12.534823],[-41.411662,-12.534974],[-41.411578,-12.535131],[-41.411505,-12.535293],[-41.411443,-12.53546],[-41.411429,-12.535502],[-41.411295,-12.535928],[-41.411265,-12.536026],[-41.41119,-12.536302],[-41.41117,-12.536356],[-41.410865,-12.53698],[-41.410596,-12.537444],[-41.410589,-12.537454],[-41.410506,-12.537612],[-41.410435,-12.537769],[-41.410284,-12.538134],[-41.410282,-12.538139],[-41.41022,-12.538305],[-41.410169,-12.538476],[-41.41013,-12.538649],[-41.410102,-12.538824],[-41.410086,-12.539001],[-41.410081,-12.539163],[-41.410058,-12.539271],[-41.41003,-12.539446],[-41.410024,-12.539508],[-41.409957,-12.539658],[-41.409895,-12.539824],[-41.409859,-12.539937],[-41.409755,-12.540302],[-41.409739,-12.540359],[-41.4097,-12.540532],[-41.409683,-12.54063],[-41.40961,-12.5411],[-41.409599,-12.541178],[-41.409583,-12.541355],[-41.409579,-12.541501],[-41.409535,-12.541649],[-41.409496,-12.541822],[-41.409468,-12.541998],[-41.409452,-12.542174],[-41.409448,-12.542352],[-41.40945,-12.542658],[-41.409442,-12.543373],[-41.409442,-12.543428],[-41.40945,-12.543605],[-41.409469,-12.543782],[-41.4095,-12.543956],[-41.409517,-12.544031],[-41.409534,-12.544099],[-41.409497,-12.54415],[-41.409403,-12.544301],[-41.40932,-12.544458],[-41.409247,-12.544621],[-41.409191,-12.544768],[-41.409158,-12.544866],[-41.409034,-12.545077],[-41.409025,-12.545093],[-41.408941,-12.54525],[-41.408868,-12.545412],[-41.408814,-12.545557],[-41.408634,-12.546079],[-41.40835,-12.546688],[-41.408043,-12.546807],[-41.407501,-12.546999],[-41.407271,-12.547073],[-41.407151,-12.5471],[-41.407104,-12.547074],[-41.407087,-12.547064],[-41.406405,-12.546692],[-41.406261,-12.546619],[-41.406096,-12.546547],[-41.40604,-12.546525],[-41.405483,-12.546318],[-41.405369,-12.546279],[-41.405196,-12.546229],[-41.40506,-12.546198],[-41.404627,-12.546111],[-41.404587,-12.546103],[-41.404409,-12.546076],[-41.40433,-12.546067],[-41.403728,-12.546012],[-41.403627,-12.546005],[-41.403446,-12.546],[-41.403357,-12.546003],[-41.402879,-12.546022],[-41.402787,-12.546027],[-41.402671,-12.546038],[-41.402101,-12.546104],[-41.402038,-12.546112],[-41.40186,-12.546143],[-41.401684,-12.546184],[-41.401512,-12.546237],[-41.401414,-12.546273],[-41.401012,-12.546428],[-41.400331,-12.546621],[-41.399878,-12.54674],[-41.399853,-12.546746],[-41.39981,-12.546759],[-41.399482,-12.546854],[-41.399314,-12.546875],[-41.399283,-12.546879],[-41.399105,-12.54691],[-41.39893,-12.546952],[-41.398757,-12.547005],[-41.398589,-12.547069],[-41.398425,-12.547143],[-41.398267,-12.547228],[-41.398114,-12.547324],[-41.397968,-12.547428],[-41.39783,-12.547542],[-41.397824,-12.547547],[-41.397728,-12.547632],[-41.397654,-12.547674],[-41.397501,-12.547769],[-41.397355,-12.547873],[-41.397217,-12.547987],[-41.397086,-12.548109],[-41.396964,-12.54824],[-41.39687,-12.548353],[-41.396702,-12.548567],[-41.396683,-12.548592],[-41.396579,-12.548737],[-41.396485,-12.548888],[-41.396408,-12.549032],[-41.396387,-12.549074],[-41.396373,-12.549096],[-41.396303,-12.549134],[-41.396164,-12.549211],[-41.396125,-12.549233],[-41.395973,-12.549328],[-41.395827,-12.549433],[-41.395688,-12.549547],[-41.395674,-12.549559],[-41.395495,-12.549718],[-41.395369,-12.549811],[-41.395321,-12.549847],[-41.395183,-12.549961],[-41.395175,-12.549967],[-41.394517,-12.550549],[-41.394394,-12.550665],[-41.394272,-12.550795],[-41.394159,-12.550934],[-41.394055,-12.551079],[-41.378726,-12.551171],[-41.37878,-12.550775],[-41.378877,-12.550386],[-41.378958,-12.550021],[-41.378913,-12.549674],[-41.378707,-12.549313],[-41.37857,-12.549082],[-41.378391,-12.548811],[-41.378095,-12.54859],[-41.377883,-12.54846],[-41.37769,-12.548462],[-41.377353,-12.548506],[-41.376968,-12.54865],[-41.376632,-12.548736],[-41.376262,-12.548805],[-41.375975,-12.548667],[-41.375915,-12.548527],[-41.375888,-12.54837],[-41.375895,-12.548246],[-41.375978,-12.548097],[-41.376421,-12.547737],[-41.376729,-12.547404],[-41.377038,-12.54717],[-41.377205,-12.546986],[-41.377304,-12.546795],[-41.377386,-12.546547],[-41.377385,-12.546406],[-41.37734,-12.546084],[-41.377182,-12.545457],[-41.377061,-12.545103],[-41.376669,-12.544586],[-41.376287,-12.544192],[-41.375896,-12.543766],[-41.375556,-12.543405],[-41.375318,-12.543118],[-41.375081,-12.543004],[-41.374854,-12.542981],[-41.374778,-12.542982],[-41.374669,-12.542983],[-41.374493,-12.5431],[-41.374218,-12.543309],[-41.3736,-12.543844],[-41.373357,-12.544044],[-41.372989,-12.544221],[-41.372611,-12.54434],[-41.371822,-12.544521],[-41.371125,-12.544676],[-41.370688,-12.544762],[-41.370351,-12.544708],[-41.369946,-12.544562],[-41.369582,-12.544384],[-41.369429,-12.544195],[-41.3693,-12.543882],[-41.369203,-12.543403],[-41.3692,-12.543031],[-41.369135,-12.54242],[-41.369012,-12.541809],[-41.368891,-12.541472],[-41.368769,-12.541068],[-41.368674,-12.540754],[-41.368375,-12.540244],[-41.368128,-12.539899],[-41.367796,-12.539497],[-41.367641,-12.539151],[-41.36746,-12.538682],[-41.367218,-12.537973],[-41.367053,-12.537429],[-41.366827,-12.536579],[-41.366489,-12.535524],[-41.366143,-12.534453],[-41.365927,-12.533867],[-41.365435,-12.532549],[-41.364875,-12.531099],[-41.364237,-12.529402],[-41.3639,-12.528404],[-41.363615,-12.527671],[-41.363526,-12.527159],[-41.363444,-12.526449],[-41.363374,-12.525185],[-41.363365,-12.524185],[-41.363332,-12.523367],[-41.36325,-12.52269],[-41.363165,-12.521607],[-41.362944,-12.519534],[-41.362633,-12.516867],[-41.362434,-12.515265],[-41.362255,-12.514159],[-41.361898,-12.511855],[-41.361624,-12.510419],[-41.361428,-12.509264],[-41.361348,-12.508719],[-41.361402,-12.508255],[-41.3615,-12.507891],[-41.36173,-12.50731],[-41.362091,-12.506274],[-41.362276,-12.50533],[-41.362536,-12.504327],[-41.362773,-12.503531],[-41.363427,-12.5015],[-41.363771,-12.500389],[-41.364048,-12.499436],[-41.364145,-12.499006],[-41.364143,-12.498758],[-41.364115,-12.498427],[-41.363878,-12.49733],[-41.363334,-12.494904],[-41.362808,-12.492602],[-41.36244,-12.490977],[-41.36216,-12.489797],[-41.361944,-12.489196],[-41.361694,-12.48847],[-41.36164,-12.488057],[-41.361663,-12.487859],[-41.361719,-12.487561],[-41.361859,-12.487212],[-41.362324,-12.486497],[-41.362705,-12.485833],[-41.362968,-12.485235],[-41.363071,-12.484457],[-41.363157,-12.483745],[-41.363242,-12.482984],[-41.363247,-12.482513],[-41.363201,-12.48215],[-41.363029,-12.481696],[-41.362823,-12.48131],[-41.362431,-12.48066],[-41.36198,-12.480151],[-41.36142,-12.479619],[-41.360894,-12.479128],[-41.360393,-12.478644],[-41.359876,-12.478161],[-41.359722,-12.478003],[-41.359678,-12.477873],[-41.359671,-12.477787],[-41.359679,-12.47765],[-41.359696,-12.477592],[-41.360469,-12.476824],[-41.361727,-12.475506],[-41.363014,-12.474087],[-41.364419,-12.472667],[-41.366117,-12.47091],[-41.367097,-12.469857],[-41.368018,-12.468832],[-41.369086,-12.467706],[-41.36957,-12.467324],[-41.370055,-12.467102],[-41.37032,-12.466998],[-41.370955,-12.466949],[-41.371324,-12.466931],[-41.371886,-12.466999],[-41.372862,-12.467077],[-41.374946,-12.467262],[-41.37777,-12.467571],[-41.379972,-12.467784],[-41.380726,-12.467806],[-41.381141,-12.467933],[-41.381437,-12.468076],[-41.381987,-12.468434],[-41.382479,-12.468923],[-41.383656,-12.470059],[-41.384982,-12.471339],[-41.386069,-12.472288],[-41.386618,-12.4725],[-41.387018,-12.472628],[-41.387268,-12.472582],[-41.387489,-12.472522],[-41.387813,-12.472417],[-41.388284,-12.472166],[-41.388784,-12.471959],[-41.391063,-12.470777],[-41.39334,-12.469465],[-41.39531,-12.468461],[-41.397162,-12.467472],[-41.398778,-12.466558],[-41.399911,-12.466127],[-41.401693,-12.465545],[-41.403312,-12.464936],[-41.404653,-12.464575],[-41.405095,-12.464528],[-41.405598,-12.464523],[-41.406972,-12.464627],[-41.408096,-12.464748],[-41.40851,-12.46486],[-41.409029,-12.465102],[-41.40955,-12.465533],[-41.409982,-12.465936],[-41.410414,-12.466266],[-41.41071,-12.466379],[-41.411154,-12.466506],[-41.411598,-12.466531],[-41.412514,-12.466552],[-41.41278,-12.466578],[-41.413403,-12.466877],[-41.414041,-12.467249],[-41.414309,-12.467406],[-41.414855,-12.467372],[-41.415164,-12.467268],[-41.41534,-12.46715],[-41.415663,-12.466872],[-41.416143,-12.466127],[-41.416593,-12.465281],[-41.417074,-12.464537],[-41.417498,-12.464141],[-41.418102,-12.463918],[-41.418573,-12.46374],[-41.418986,-12.463678],[-41.419558,-12.463252],[-41.420261,-12.462636],[-41.421008,-12.461991],[-41.421375,-12.461726],[-41.421699,-12.461607],[-41.422201,-12.461588],[-41.42266,-12.461715],[-41.423639,-12.462214],[-41.424694,-12.462901],[-41.425288,-12.463186],[-41.426206,-12.463497],[-41.427362,-12.463893],[-41.428695,-12.464287],[-41.429806,-12.46464],[-41.431923,-12.465231],[-41.433492,-12.465623],[-41.433982,-12.465851],[-41.435035,-12.46632],[-41.436457,-12.466815],[-41.437703,-12.467298],[-41.439081,-12.467822],[-41.43994,-12.468119],[-41.440917,-12.468314],[-41.441494,-12.46841],[-41.442486,-12.468691],[-41.443598,-12.469175],[-41.445201,-12.469973],[-41.446076,-12.470371],[-41.447542,-12.470794],[-41.448654,-12.47119],[-41.449631,-12.471413],[-41.450443,-12.471435],[-41.451167,-12.471414],[-41.451566,-12.471483],[-41.452159,-12.471724],[-41.452738,-12.471995],[-41.453418,-12.472148],[-41.453817,-12.472086],[-41.454081,-12.471968],[-41.454595,-12.4716],[-41.455717,-12.470023],[-41.456389,-12.46916],[-41.456664,-12.468606],[-41.456862,-12.467734],[-41.457002,-12.466905],[-41.457175,-12.466381],[-41.457437,-12.465958],[-41.457743,-12.465534],[-41.458021,-12.465314],[-41.458403,-12.465093],[-41.45955,-12.464589],[-41.461419,-12.46386],[-41.463552,-12.462956],[-41.466333,-12.461813],[-41.466906,-12.46159],[-41.467321,-12.461746],[-41.467675,-12.461699],[-41.468192,-12.46168],[-41.468589,-12.461516],[-41.469061,-12.46141],[-41.469356,-12.461408],[-41.469608,-12.461435],[-41.469697,-12.461463],[-41.470365,-12.461819],[-41.471789,-12.462518],[-41.472633,-12.462742],[-41.473474,-12.462676],[-41.474226,-12.462524],[-41.475155,-12.462342],[-41.475832,-12.462118],[-41.476389,-12.461721],[-41.476828,-12.46131],[-41.477542,-12.46023],[-41.478897,-12.458316],[-41.479655,-12.457221],[-41.480357,-12.456532],[-41.481354,-12.455739],[-41.481867,-12.455386],[-41.482324,-12.455309],[-41.48287,-12.455261],[-41.483535,-12.455255],[-41.483991,-12.455076],[-41.484533,-12.454665]]]]}},
{"type":"Feature","properties":{"nome_uc":"RESERVA PARTICULAR DO PATRIMÔNIO NATURAL RESERVA ALIANÇA","categoria":"Reserva Particular do Patrimônio Natural","grupo":"Uso Sustentável","esfera":"Estadual","municipio":"IRAMAIA (BA)","org_gestor":"INSTITUTO DO MEIO AMBIENTE E RECURSOS HÍDRICOS DA BAHIA - BA","ato_legal":"Portaria 39 de 02-06-2022","criacao":"03-06-2022","fonte":"MMA – CNUC 07/2026"},"geometry":{"type":"MultiPolygon","coordinates":[[[[-40.769147,-13.649264],[-40.769319,-13.648715],[-40.769343,-13.648337],[-40.783679,-13.641469],[-40.793969,-13.646739],[-40.792178,-13.654035],[-40.791719,-13.653663],[-40.783685,-13.664808],[-40.767767,-13.656516],[-40.769643,-13.65303],[-40.771124,-13.65353],[-40.771733,-13.651921],[-40.771976,-13.651276],[-40.77243,-13.650869],[-40.77226,-13.64979],[-40.771583,-13.649866],[-40.770924,-13.650462],[-40.76988,-13.650772],[-40.769247,-13.650805],[-40.769081,-13.650331],[-40.769147,-13.649264]]]]}},
{"type":"Feature","properties":{"nome_uc":"RESERVA PARTICULAR DO PATRIMÔNIO NATURAL SANTA ANITA I","categoria":"Reserva Particular do Patrimônio Natural","grupo":"Uso Sustentável","esfera":"Estadual","municipio":"BARRA DA ESTIVA (BA), IRAMAIA (BA)","org_gestor":"INSTITUTO DO MEIO AMBIENTE E RECURSOS HÍDRICOS DA BAHIA - BA","ato_legal":"Portaria 061 de 07-08-2024","criacao":"08-08-2024","fonte":"MMA – CNUC 07/2026"},"geometry":{"type":"MultiPolygon","coordinates":[[[[-40.831121,-13.670052],[-40.831295,-13.66985],[-40.831543,-13.669723],[-40.831696,-13.669572],[-40.831993,-13.669549],[-40.832385,-13.669715],[-40.832764,-13.669781],[-40.833137,-13.669869],[-40.833249,-13.670262],[-40.833346,-13.67029],[-40.834099,-13.670172],[-40.835113,-13.671243],[-40.836486,-13.670962],[-40.842011,-13.66983],[-40.84238,-13.670756],[-40.842727,-13.679511],[-40.842708,-13.679981],[-40.839571,-13.688807],[-40.84094,-13.699704],[-40.841452,-13.704482],[-40.826322,-13.69828],[-40.817767,-13.683533],[-40.816885,-13.683866],[-40.816761,-13.683633],[-40.816538,-13.68347],[-40.816465,-13.683339],[-40.816379,-13.683009],[-40.816317,-13.682538],[-40.815674,-13.681864],[-40.815016,-13.681424],[-40.814842,-13.681429],[-40.81456,-13.681781],[-40.814398,-13.681781],[-40.814229,-13.681561],[-40.814559,-13.68038],[-40.814717,-13.680082],[-40.815184,-13.679908],[-40.815683,-13.67957],[-40.815849,-13.67881],[-40.816344,-13.678548],[-40.816384,-13.678307],[-40.816282,-13.677658],[-40.815632,-13.676868],[-40.815337,-13.676611],[-40.815416,-13.676514],[-40.815896,-13.676372],[-40.816334,-13.676074],[-40.816729,-13.675649],[-40.817059,-13.675076],[-40.817276,-13.675017],[-40.819298,-13.67534],[-40.820346,-13.675339],[-40.820855,-13.675516],[-40.821757,-13.675408],[-40.821985,-13.675244],[-40.823339,-13.67597],[-40.823953,-13.676803],[-40.823858,-13.677172],[-40.823863,-13.677351],[-40.824487,-13.677755],[-40.826003,-13.677851],[-40.827125,-13.678114],[-40.828107,-13.678784],[-40.828741,-13.679],[-40.829154,-13.67928],[-40.829811,-13.679124],[-40.830385,-13.679135],[-40.830546,-13.678948],[-40.830624,-13.678739],[-40.830155,-13.678346],[-40.830008,-13.678133],[-40.830152,-13.677872],[-40.83142,-13.677064],[-40.831665,-13.676138],[-40.831586,-13.674778],[-40.831481,-13.673772],[-40.831528,-13.673286],[-40.831417,-13.672553],[-40.831497,-13.672141],[-40.831363,-13.671642],[-40.831121,-13.670052]]]]}},
{"type":"Feature","properties":{"nome_uc":"RESERVA PARTICULAR DO PATRIMÔNIO NATURAL SANTA ANITA II","categoria":"Reserva Particular do Patrimônio Natural","grupo":"Uso Sustentável","esfera":"Estadual","municipio":"BARRA DA ESTIVA (BA), IRAMAIA (BA)","org_gestor":"INSTITUTO DO MEIO AMBIENTE E RECURSOS HÍDRICOS DA BAHIA - BA","ato_legal":"Portaria 078 de 01-10-2024","criacao":"02-10-2024","fonte":"MMA – CNUC 07/2026"},"geometry":{"type":"MultiPolygon","coordinates":[[[[-40.814119,-13.733479],[-40.811959,-13.723847],[-40.812104,-13.72173],[-40.840008,-13.716271],[-40.838234,-13.714099],[-40.832523,-13.709023],[-40.831942,-13.708058],[-40.831215,-13.705046],[-40.830464,-13.703705],[-40.827655,-13.700387],[-40.826322,-13.69828],[-40.841452,-13.704482],[-40.842737,-13.715574],[-40.843101,-13.719127],[-40.843169,-13.719195],[-40.846768,-13.721562],[-40.847018,-13.721753],[-40.84725,-13.721896],[-40.847489,-13.722066],[-40.848498,-13.722736],[-40.848785,-13.722915],[-40.849369,-13.723256],[-40.849921,-13.723582],[-40.850085,-13.723651],[-40.848352,-13.725485],[-40.848119,-13.725689],[-40.847436,-13.726159],[-40.843327,-13.728963],[-40.83869,-13.732274],[-40.83591,-13.734292],[-40.831315,-13.737692],[-40.831205,-13.737829],[-40.82784,-13.741207],[-40.825566,-13.743453],[-40.814119,-13.733479]]]]}},
{"type":"Feature","properties":{"nome_uc":"RESERVA PARTICULAR DO PATRIMÔNIO NATURAL SANTA ANITA III","categoria":"Reserva Particular do Patrimônio Natural","grupo":"Uso Sustentável","esfera":"Estadual","municipio":"BARRA DA ESTIVA (BA), IRAMAIA (BA)","org_gestor":"INSTITUTO DO MEIO AMBIENTE E RECURSOS HÍDRICOS DA BAHIA - BA","ato_legal":"Portaria 058 de 07-08-2024","criacao":"08-08-2024","fonte":"MMA – CNUC 07/2026"},"geometry":{"type":"MultiPolygon","coordinates":[[[[-40.817949,-13.751363],[-40.818388,-13.750861],[-40.814119,-13.733479],[-40.825566,-13.743453],[-40.822161,-13.746817],[-40.822045,-13.747003],[-40.82196,-13.747922],[-40.82096,-13.751267],[-40.821194,-13.751809],[-40.821146,-13.751894],[-40.821155,-13.752004],[-40.81999,-13.753487],[-40.819661,-13.755607],[-40.816941,-13.756897],[-40.813977,-13.759779],[-40.808733,-13.764748],[-40.801644,-13.760345],[-40.80088,-13.759959],[-40.796575,-13.758469],[-40.817949,-13.751363]]]]}},
{"type":"Feature","properties":{"nome_uc":"RESERVA PARTICULAR DO PATRIMÔNIO NATURAL SÃO CARLOS I","categoria":"Reserva Particular do Patrimônio Natural","grupo":"Uso Sustentável","esfera":"Estadual","municipio":"MARCIONÍLIO SOUZA (BA)","org_gestor":"INSTITUTO DO MEIO AMBIENTE E RECURSOS HÍDRICOS DA BAHIA - BA","ato_legal":"Portaria 106 de 12-12-2024","criacao":"13-12-2024","fonte":"MMA – CNUC 07/2026"},"geometry":{"type":"MultiPolygon","coordinates":[[[[-40.52386,-13.182648],[-40.521763,-13.18015],[-40.529286,-13.17157],[-40.528531,-13.185097],[-40.52542,-13.183426],[-40.52386,-13.182648]]]]}},
{"type":"Feature","properties":{"nome_uc":"RESERVA PARTICULAR DO PATRIMÔNIO NATURAL SÃO CARLOS II","categoria":"Reserva Particular do Patrimônio Natural","grupo":"Uso Sustentável","esfera":"Estadual","municipio":"MARCIONÍLIO SOUZA (BA)","org_gestor":"INSTITUTO DO MEIO AMBIENTE E RECURSOS HÍDRICOS DA BAHIA - BA","ato_legal":"Portaria 108 de 12-12-2024","criacao":"13-12-2024","fonte":"MMA – CNUC 07/2026"},"geometry":{"type":"MultiPolygon","coordinates":[[[[-40.529286,-13.17157],[-40.521763,-13.18015],[-40.517634,-13.175182],[-40.518104,-13.174682],[-40.520937,-13.171638],[-40.52272,-13.173398],[-40.529286,-13.17157]]]]}},
{"type":"Feature","properties":{"nome_uc":"RESERVA PARTICULAR DO PATRIMÔNIO NATURAL RESERVA NOVA ESPERANÇA","categoria":"Reserva Particular do Patrimônio Natural","grupo":"Uso Sustentável","esfera":"Estadual","municipio":"IRAMAIA (BA)","org_gestor":"INSTITUTO DO MEIO AMBIENTE E RECURSOS HÍDRICOS DA BAHIA - BA","ato_legal":"Portaria 40 de 02-06-2022","criacao":"03-06-2022","fonte":"MMA – CNUC 07/2026"},"geometry":{"type":"MultiPolygon","coordinates":[[[[-40.754533,-13.687803],[-40.770353,-13.684169],[-40.771548,-13.684243],[-40.771797,-13.683646],[-40.772599,-13.682451],[-40.774069,-13.681594],[-40.776268,-13.679888],[-40.77731,-13.67958],[-40.777782,-13.678788],[-40.778644,-13.678242],[-40.791086,-13.673027],[-40.791747,-13.673767],[-40.793359,-13.676543],[-40.793842,-13.676852],[-40.794093,-13.677823],[-40.795114,-13.678505],[-40.796078,-13.677811],[-40.796964,-13.678494],[-40.804519,-13.690678],[-40.803932,-13.691038],[-40.803717,-13.691271],[-40.803318,-13.691779],[-40.803343,-13.691937],[-40.803387,-13.692395],[-40.803272,-13.693691],[-40.803328,-13.694489],[-40.803348,-13.694715],[-40.803317,-13.695126],[-40.803098,-13.695605],[-40.802791,-13.696357],[-40.802805,-13.696573],[-40.803045,-13.696766],[-40.803169,-13.696944],[-40.803493,-13.697578],[-40.803538,-13.697794],[-40.803483,-13.69789],[-40.803379,-13.697909],[-40.803314,-13.69788],[-40.803151,-13.697637],[-40.803058,-13.697478],[-40.802792,-13.697367],[-40.802466,-13.697413],[-40.802219,-13.6981],[-40.802171,-13.698261],[-40.802091,-13.698332],[-40.801581,-13.698467],[-40.800986,-13.698548],[-40.800279,-13.698418],[-40.800045,-13.698414],[-40.79992,-13.698461],[-40.799582,-13.698757],[-40.79948,-13.698872],[-40.799462,-13.698976],[-40.79875,-13.700042],[-40.798325,-13.701133],[-40.798177,-13.701382],[-40.797966,-13.701549],[-40.797731,-13.701651],[-40.797464,-13.701908],[-40.797237,-13.702046],[-40.797053,-13.70207],[-40.796671,-13.702073],[-40.796073,-13.702315],[-40.795558,-13.702529],[-40.795436,-13.702622],[-40.795103,-13.70289],[-40.794678,-13.703168],[-40.79445,-13.703353],[-40.794373,-13.703519],[-40.794274,-13.703622],[-40.794141,-13.703721],[-40.793794,-13.703978],[-40.793547,-13.703974],[-40.79309,-13.704194],[-40.792915,-13.704328],[-40.793096,-13.704577],[-40.793195,-13.704692],[-40.793064,-13.705005],[-40.792589,-13.70556],[-40.792371,-13.705716],[-40.792223,-13.705669],[-40.791672,-13.705428],[-40.791124,-13.705354],[-40.79032,-13.705004],[-40.790088,-13.70481],[-40.789541,-13.704474],[-40.789314,-13.704135],[-40.788273,-13.703831],[-40.787361,-13.703889],[-40.787222,-13.703852],[-40.787169,-13.703951],[-40.787109,-13.704448],[-40.786949,-13.704643],[-40.786171,-13.705218],[-40.78581,-13.70534],[-40.784431,-13.70563],[-40.783668,-13.705715],[-40.783573,-13.705889],[-40.783233,-13.706295],[-40.782772,-13.706582],[-40.782479,-13.70681],[-40.781964,-13.707616],[-40.781816,-13.707699],[-40.781704,-13.707716],[-40.781513,-13.707663],[-40.780988,-13.706832],[-40.780517,-13.70663],[-40.780122,-13.706304],[-40.779337,-13.706111],[-40.779217,-13.70614],[-40.778911,-13.706739],[-40.778902,-13.707079],[-40.778708,-13.707582],[-40.778469,-13.708249],[-40.778253,-13.708619],[-40.778015,-13.708906],[-40.778047,-13.709439],[-40.777995,-13.709607],[-40.777742,-13.709896],[-40.777398,-13.710128],[-40.776593,-13.710751],[-40.775855,-13.711249],[-40.775671,-13.711334],[-40.775379,-13.711356],[-40.775023,-13.711292],[-40.774005,-13.711418],[-40.773848,-13.711382],[-40.773444,-13.710979],[-40.773408,-13.710851],[-40.773401,-13.710009],[-40.773138,-13.709627],[-40.772852,-13.709344],[-40.772329,-13.709077],[-40.771725,-13.708505],[-40.771364,-13.708453],[-40.771146,-13.708613],[-40.770884,-13.708921],[-40.770353,-13.709428],[-40.770177,-13.709659],[-40.770037,-13.70995],[-40.769609,-13.710714],[-40.769518,-13.710811],[-40.769339,-13.710919],[-40.769153,-13.710967],[-40.768858,-13.710874],[-40.768778,-13.710736],[-40.768672,-13.710503],[-40.768086,-13.710108],[-40.767884,-13.709769],[-40.767737,-13.709508],[-40.767642,-13.709394],[-40.767337,-13.709309],[-40.766741,-13.709237],[-40.766647,-13.709254],[-40.766473,-13.709208],[-40.765915,-13.708752],[-40.765533,-13.708258],[-40.765053,-13.708042],[-40.764603,-13.708148],[-40.763567,-13.708134],[-40.763112,-13.708044],[-40.762396,-13.708007],[-40.761818,-13.708052],[-40.76059,-13.708165],[-40.760245,-13.708424],[-40.759283,-13.70898],[-40.758672,-13.70952],[-40.758535,-13.709916],[-40.758434,-13.710437],[-40.758118,-13.710636],[-40.757707,-13.710725],[-40.757436,-13.710734],[-40.757285,-13.710678],[-40.757086,-13.710324],[-40.756952,-13.710025],[-40.756648,-13.709889],[-40.756376,-13.709953],[-40.756158,-13.709982],[-40.756021,-13.71034],[-40.756026,-13.710717],[-40.755796,-13.711459],[-40.755453,-13.711943],[-40.755194,-13.712567],[-40.754794,-13.713323],[-40.754357,-13.714073],[-40.754259,-13.71416],[-40.753947,-13.714257],[-40.753632,-13.714399],[-40.753345,-13.714592],[-40.753066,-13.714879],[-40.752933,-13.715096],[-40.75294,-13.715256],[-40.753181,-13.715438],[-40.753622,-13.716166],[-40.753797,-13.716608],[-40.753811,-13.716973],[-40.753713,-13.717435],[-40.753655,-13.717691],[-40.753597,-13.717724],[-40.753115,-13.717813],[-40.752633,-13.717852],[-40.752193,-13.718073],[-40.752013,-13.718192],[-40.751774,-13.718673],[-40.751255,-13.718927],[-40.750913,-13.719112],[-40.750693,-13.719195],[-40.750446,-13.719211],[-40.749964,-13.719306],[-40.749577,-13.71932],[-40.749412,-13.719233],[-40.749314,-13.719174],[-40.749204,-13.719039],[-40.749192,-13.718986],[-40.749425,-13.718682],[-40.749456,-13.718556],[-40.749607,-13.717824],[-40.749652,-13.71719],[-40.7496,-13.716981],[-40.749471,-13.716903],[-40.749395,-13.716928],[-40.749058,-13.717167],[-40.748667,-13.717428],[-40.748551,-13.717485],[-40.748474,-13.717484],[-40.74828,-13.717354],[-40.747873,-13.717425],[-40.747249,-13.717407],[-40.746849,-13.717403],[-40.746293,-13.717455],[-40.746121,-13.71785],[-40.746067,-13.717756],[-40.745895,-13.717473],[-40.746876,-13.713296],[-40.74555,-13.711806],[-40.746989,-13.706668],[-40.752638,-13.702254],[-40.753912,-13.698994],[-40.753311,-13.694969],[-40.754071,-13.690423],[-40.754533,-13.687803]]]]}},
{"type":"Feature","properties":{"nome_uc":"MONUMENTO NATURAL MUNICIPAL DA CARRAPETA","categoria":"Monumento Natural","grupo":"Proteção Integral","esfera":"Municipal","municipio":"PALMEIRAS (BA)","org_gestor":"SECRETARIA MUNICIPAL DE MEIO AMBIENTE, AGRICULTURA E MUDANÇAS CLIMÁTICAS DE PALMEIRAS - BA","ato_legal":"Decreto 226 de 18-05-2015","criacao":"19-05-2015","fonte":"MMA – CNUC 07/2026"},"geometry":{"type":"MultiPolygon","coordinates":[[[[-41.495482,-12.579307],[-41.496962,-12.576878],[-41.49734,-12.575925],[-41.497719,-12.575434],[-41.498188,-12.574751],[-41.498441,-12.574395],[-41.49898,-12.573548],[-41.49973,-12.572499],[-41.499834,-12.572202],[-41.500092,-12.571678],[-41.501822,-12.571327],[-41.502833,-12.571889],[-41.504097,-12.573225],[-41.504942,-12.576199],[-41.505,-12.576528],[-41.504639,-12.576611],[-41.504333,-12.576639],[-41.504,-12.576805],[-41.503486,-12.577056],[-41.503321,-12.577155],[-41.502523,-12.578221],[-41.501294,-12.579342],[-41.499719,-12.581447],[-41.497854,-12.581041],[-41.497379,-12.580877],[-41.495482,-12.579307]]]]}},
{"type":"Feature","properties":{"nome_uc":"ÁREA DE PROTEÇÃO AMBIENTAL DO BOQUEIRÃO DA ONÇA","categoria":"Área de Proteção Ambiental","grupo":"Uso Sustentável","esfera":"Federal","municipio":"CAMPO FORMOSO (BA), JUAZEIRO (BA), MORRO DO CHAPÉU (BA), SENTO SÉ (BA), SOBRADINHO (BA), UMBURANAS (BA)","org_gestor":"INSTITUTO CHICO MENDES DE CONSERVAÇÃO DA BIODIVERSIDADE","ato_legal":"Decreto Nº 9.337 de 05-04-2018","criacao":"06-04-2018","fonte":"MMA – CNUC 07/2026"},"geometry":{"type":"MultiPolygon","coordinates":[[[[-41.601466,-10.808988],[-41.601396,-10.808961],[-41.600982,-10.808793],[-41.600898,-10.808739],[-41.60096,-10.808765],[-41.601466,-10.808988]]],[[[-41.600357,-10.808518],[-41.600106,-10.808448],[-41.599576,-10.808253],[-41.598904,-10.808095],[-41.598727,-10.808053],[-41.598152,-10.807859],[-41.597801,-10.807527],[-41.597406,-10.807224],[-41.596774,-10.806578],[-41.596138,-10.805734],[-41.595951,-10.805519],[-41.595927,-10.805492],[-41.595566,-10.805025],[-41.59507,-10.804975],[-41.594751,-10.804978],[-41.594545,-10.804989],[-41.594339,-10.804963],[-41.594134,-10.804974],[-41.594051,-10.804967],[-41.593951,-10.804958],[-41.593426,-10.804962],[-41.59322,-10.804928],[-41.592717,-10.804896],[-41.592419,-10.804853],[-41.591986,-10.804866],[-41.591621,-10.804896],[-41.591121,-10.804972],[-41.590885,-10.804991],[-41.590072,-10.805017],[-41.589748,-10.80497],[-41.589316,-10.804906],[-41.588649,-10.804713],[-41.587961,-10.804547],[-41.587322,-10.804561],[-41.586686,-10.80472],[-41.586371,-10.804904],[-41.585899,-10.805206],[-41.58545,-10.805517],[-41.584822,-10.806001],[-41.584219,-10.806557],[-41.583697,-10.806706],[-41.583058,-10.806702],[-41.582328,-10.806718],[-41.581689,-10.806732],[-41.580937,-10.806792],[-41.580118,-10.806926],[-41.579344,-10.807014],[-41.578934,-10.807017],[-41.578409,-10.80703],[-41.578297,-10.807003],[-41.578087,-10.806952],[-41.5779,-10.806755],[-41.577542,-10.806107],[-41.577322,-10.805625],[-41.577205,-10.805369],[-41.576696,-10.805066],[-41.576512,-10.804995],[-41.5758,-10.804811],[-41.575175,-10.804464],[-41.574825,-10.804133],[-41.574204,-10.803921],[-41.573701,-10.803907],[-41.573403,-10.803846],[-41.572942,-10.803679],[-41.572406,-10.803195],[-41.572355,-10.802997],[-41.572035,-10.802981],[-41.571598,-10.802831],[-41.571252,-10.802654],[-41.570948,-10.802349],[-41.57076,-10.802152],[-41.570256,-10.802075],[-41.569798,-10.801988],[-41.569155,-10.801822],[-41.568572,-10.801321],[-41.568134,-10.801125],[-41.567507,-10.800688],[-41.566772,-10.800504],[-41.56611,-10.800492],[-41.565768,-10.800504],[-41.565565,-10.800623],[-41.565297,-10.800712],[-41.565203,-10.800743],[-41.564655,-10.800757],[-41.564012,-10.80059],[-41.563637,-10.800142],[-41.563608,-10.800105],[-41.563401,-10.799837],[-41.563145,-10.79964],[-41.563072,-10.799433],[-41.56284,-10.799281],[-41.562196,-10.799069],[-41.561466,-10.799094],[-41.560805,-10.799126],[-41.560097,-10.799123],[-41.559408,-10.79893],[-41.558555,-10.798594],[-41.557906,-10.798156],[-41.557422,-10.797961],[-41.556912,-10.79764],[-41.556607,-10.797309],[-41.556323,-10.796922],[-41.555478,-10.79683],[-41.555162,-10.796995],[-41.554662,-10.797099],[-41.554281,-10.797382],[-41.553853,-10.797621],[-41.55356,-10.797786],[-41.552791,-10.79809],[-41.552091,-10.79843],[-41.551319,-10.798599],[-41.550497,-10.798597],[-41.550431,-10.798554],[-41.550126,-10.798356],[-41.549375,-10.797468],[-41.548792,-10.796967],[-41.548469,-10.796789],[-41.547962,-10.796603],[-41.547438,-10.796634],[-41.547052,-10.79671],[-41.546574,-10.796795],[-41.546258,-10.79696],[-41.545923,-10.797261],[-41.545406,-10.797609],[-41.545096,-10.798027],[-41.544783,-10.798301],[-41.544216,-10.798432],[-41.543646,-10.798464],[-41.543121,-10.798676],[-41.542639,-10.799348],[-41.542486,-10.799639],[-41.542239,-10.799804],[-41.541763,-10.799952],[-41.54147,-10.800105],[-41.533666,-10.797027],[-41.533228,-10.786269],[-41.553242,-10.772253],[-41.561347,-10.746031],[-41.56153,-10.746264],[-41.562153,-10.74692],[-41.562498,-10.747303],[-41.563113,-10.747757],[-41.563607,-10.748332],[-41.564005,-10.749173],[-41.564132,-10.749848],[-41.564311,-10.750692],[-41.564608,-10.751099],[-41.565546,-10.751926],[-41.566111,-10.752355],[-41.566875,-10.753025],[-41.567442,-10.753527],[-41.56823,-10.754293],[-41.568819,-10.754602],[-41.569678,-10.755102],[-41.570194,-10.755387],[-41.571083,-10.755684],[-41.571422,-10.755935],[-41.571428,-10.755941],[-41.571729,-10.756277],[-41.572,-10.75702],[-41.572131,-10.757608],[-41.572133,-10.757801],[-41.571966,-10.758309],[-41.571556,-10.759012],[-41.57122,-10.759619],[-41.57115,-10.759957],[-41.571256,-10.760922],[-41.571753,-10.762004],[-41.572174,-10.762542],[-41.57266,-10.763187],[-41.573142,-10.763838],[-41.573549,-10.764924],[-41.573533,-10.76583],[-41.573403,-10.76636],[-41.573309,-10.766795],[-41.573166,-10.767182],[-41.573024,-10.767763],[-41.573103,-10.768366],[-41.573155,-10.768703],[-41.573625,-10.769472],[-41.5741,-10.770214],[-41.574364,-10.770928],[-41.574453,-10.771246],[-41.574379,-10.771748],[-41.574043,-10.772474],[-41.573682,-10.773105],[-41.573491,-10.773637],[-41.573348,-10.774098],[-41.57323,-10.774504],[-41.573288,-10.77557],[-41.573393,-10.776455],[-41.573618,-10.777008],[-41.573917,-10.777609],[-41.574188,-10.777944],[-41.574559,-10.778473],[-41.574637,-10.77893],[-41.574762,-10.779316],[-41.57491,-10.779435],[-41.575521,-10.779526],[-41.576305,-10.779689],[-41.576748,-10.780023],[-41.577047,-10.780224],[-41.577319,-10.780656],[-41.577318,-10.78096],[-41.57733,-10.781549],[-41.577333,-10.781983],[-41.577362,-10.782418],[-41.577491,-10.783358],[-41.577666,-10.78367],[-41.577814,-10.78391],[-41.578404,-10.784364],[-41.578747,-10.784458],[-41.57926,-10.784357],[-41.579871,-10.784376],[-41.580067,-10.784495],[-41.58039,-10.785071],[-41.580494,-10.785843],[-41.580473,-10.786254],[-41.580557,-10.787388],[-41.580779,-10.787699],[-41.581171,-10.787793],[-41.581489,-10.787838],[-41.581779,-10.788137],[-41.581892,-10.788504],[-41.581995,-10.789058],[-41.582318,-10.78978],[-41.582516,-10.79002],[-41.583033,-10.790473],[-41.583575,-10.791048],[-41.583824,-10.791226],[-41.584193,-10.791584],[-41.58425,-10.791704],[-41.584588,-10.791904],[-41.585243,-10.791849],[-41.585783,-10.79196],[-41.586079,-10.792271],[-41.586206,-10.792812],[-41.58621,-10.793295],[-41.586046,-10.794021],[-41.585957,-10.794423],[-41.585961,-10.794881],[-41.586011,-10.795171],[-41.585965,-10.795437],[-41.585845,-10.79563],[-41.585687,-10.795836],[-41.585665,-10.796101],[-41.585801,-10.796355],[-41.585974,-10.796426],[-41.586193,-10.796448],[-41.58661,-10.796542],[-41.586832,-10.796732],[-41.58708,-10.797165],[-41.587425,-10.797644],[-41.587673,-10.798005],[-41.588097,-10.798589],[-41.588368,-10.798876],[-41.58842,-10.799166],[-41.588471,-10.799454],[-41.588499,-10.799817],[-41.588647,-10.800032],[-41.588796,-10.800297],[-41.589067,-10.800536],[-41.589557,-10.8007],[-41.590024,-10.800938],[-41.590686,-10.80127],[-41.591005,-10.801341],[-41.591692,-10.8016],[-41.592281,-10.801957],[-41.59287,-10.802193],[-41.593286,-10.802311],[-41.593898,-10.802426],[-41.594389,-10.802591],[-41.594733,-10.802902],[-41.595113,-10.803467],[-41.595433,-10.803701],[-41.595546,-10.804009],[-41.595902,-10.805291],[-41.596157,-10.805534],[-41.596748,-10.806085],[-41.597326,-10.806792],[-41.597917,-10.807317],[-41.598532,-10.807771],[-41.599391,-10.808174],[-41.600151,-10.808433],[-41.600357,-10.808518]]],[[[-41.54211,-10.741254],[-41.541546,-10.741122],[-41.541109,-10.740972],[-41.54076,-10.740686],[-41.540482,-10.74049],[-41.540107,-10.740068],[-41.540015,-10.739831],[-41.540219,-10.740008],[-41.54081,-10.740437],[-41.541277,-10.74082],[-41.5414,-10.740891],[-41.54194,-10.741176],[-41.54211,-10.741254]]],[[[-41.537556,-10.737713],[-41.537218,-10.737561],[-41.537053,-10.737364],[-41.536954,-10.737003],[-41.5369,-10.736642],[-41.536733,-10.736355],[-41.536543,-10.736022],[-41.536376,-10.735707],[-41.536183,-10.735284],[-41.536117,-10.735149],[-41.536803,-10.735296],[-41.536926,-10.735633],[-41.537176,-10.736186],[-41.53735,-10.736523],[-41.537451,-10.737004],[-41.537453,-10.737246],[-41.537556,-10.737713]]]]}},
{"type":"Feature","properties":{"nome_uc":"ÁREA DE PROTEÇÃO AMBIENTAL MARIMBUS / IRAQUARA","categoria":"Área de Proteção Ambiental","grupo":"Uso Sustentável","esfera":"Estadual","municipio":"IRAQUARA (BA), LENÇÓIS (BA), PALMEIRAS (BA), SEABRA (BA)","org_gestor":"INSTITUTO DO MEIO AMBIENTE E RECURSOS HÍDRICOS DA BAHIA - BA","ato_legal":"Decreto 2.216 de 14-06-1993","criacao":"15-06-1993","fonte":"MMA – CNUC 07/2026"},"geometry":{"type":"MultiPolygon","coordinates":[[[[-41.740596,-12.397203],[-41.686202,-12.470019],[-41.670313,-12.468759],[-41.667993,-12.468575],[-41.645763,-12.466569],[-41.553091,-12.458189],[-41.487112,-12.452203],[-41.486055,-12.453744],[-41.483801,-12.455525],[-41.481874,-12.456631],[-41.479763,-12.458525],[-41.478689,-12.460723],[-41.476388,-12.462505],[-41.473275,-12.462261],[-41.470484,-12.461711],[-41.456814,-12.468492],[-41.455426,-12.470822],[-41.453039,-12.471787],[-41.450501,-12.471613],[-41.447816,-12.4718],[-41.447607,-12.471814],[-41.444692,-12.472096],[-41.442889,-12.471656],[-41.440874,-12.469928],[-41.43816,-12.46842],[-41.43339,-12.466764],[-41.429791,-12.465628],[-41.426686,-12.464519],[-41.42401,-12.463817],[-41.422065,-12.46331],[-41.420387,-12.463305],[-41.41827,-12.464287],[-41.41626,-12.466006],[-41.414419,-12.46733],[-41.411475,-12.467324],[-41.407775,-12.466444],[-41.405284,-12.465577],[-41.402181,-12.465886],[-41.39932,-12.466651],[-41.396934,-12.46765],[-41.394794,-12.46869],[-41.392881,-12.469969],[-41.391139,-12.470945],[-41.388314,-12.471675],[-41.385599,-12.4714],[-41.383394,-12.47017],[-41.381521,-12.468428],[-41.378841,-12.467541],[-41.375084,-12.467341],[-41.372177,-12.466862],[-41.369867,-12.466914],[-41.367603,-12.468005],[-41.367591,-12.468041],[-41.365004,-12.470469],[-41.36366,-12.472061],[-41.361746,-12.475207],[-41.360571,-12.476415],[-41.360149,-12.47688],[-41.35987,-12.477188],[-41.35954,-12.477747],[-41.359466,-12.478232],[-41.360081,-12.479144],[-41.361157,-12.480278],[-41.363374,-12.482961],[-41.363061,-12.483757],[-41.362142,-12.484806],[-41.362031,-12.485233],[-41.361907,-12.485712],[-41.361192,-12.490611],[-41.362243,-12.49349],[-41.362872,-12.497194],[-41.36271,-12.501358],[-41.362418,-12.506262],[-41.36241,-12.51054],[-41.36254,-12.514585],[-41.362625,-12.518839],[-41.362479,-12.523245],[-41.363713,-12.529039],[-41.365368,-12.533846],[-41.367155,-12.538052],[-41.368587,-12.541272],[-41.369593,-12.54263],[-41.371884,-12.5436],[-41.375325,-12.542987],[-41.376055,-12.543092],[-41.376746,-12.544638],[-41.377725,-12.547151],[-41.377733,-12.54717],[-41.377966,-12.547769],[-41.379897,-12.550566],[-41.381126,-12.551764],[-41.381502,-12.551964],[-41.382847,-12.552584],[-41.383347,-12.552769],[-41.385035,-12.553134],[-41.386744,-12.55322],[-41.388565,-12.553039],[-41.390179,-12.552645],[-41.392686,-12.551727],[-41.395469,-12.550478],[-41.397786,-12.549308],[-41.399899,-12.548168],[-41.402047,-12.546867],[-41.403994,-12.545483],[-41.405478,-12.544129],[-41.40732,-12.541893],[-41.408441,-12.540169],[-41.409368,-12.53834],[-41.41032,-12.535598],[-41.410747,-12.533015],[-41.410768,-12.530678],[-41.410756,-12.527763],[-41.411006,-12.524708],[-41.411333,-12.522765],[-41.411873,-12.521324],[-41.413343,-12.519063],[-41.414595,-12.517741],[-41.416798,-12.516092],[-41.418188,-12.515482],[-41.420518,-12.515131],[-41.420818,-12.538204],[-41.422479,-12.558451],[-41.421536,-12.581986],[-41.407275,-12.582939],[-41.393638,-12.584592],[-41.378904,-12.586928],[-41.37879,-12.587159],[-41.378022,-12.587353],[-41.377311,-12.588684],[-41.376332,-12.592288],[-41.375965,-12.594325],[-41.375926,-12.595319],[-41.374928,-12.622252],[-41.376051,-12.625829],[-41.373918,-12.635389],[-41.355197,-12.651394],[-41.356803,-12.669703],[-41.33924,-12.675031],[-41.30488,-12.68545],[-41.274068,-12.654539],[-41.278311,-12.648086],[-41.319424,-12.581857],[-41.313844,-12.579857],[-41.245596,-12.555377],[-41.254559,-12.528192],[-41.309822,-12.536759],[-41.309699,-12.522968],[-41.309663,-12.52297],[-41.309344,-12.482978],[-41.309273,-12.474994],[-41.30886,-12.42833],[-41.363857,-12.409783],[-41.372153,-12.310314],[-41.383895,-12.298562],[-41.389542,-12.292909],[-41.410343,-12.272085],[-41.426788,-12.255619],[-41.499746,-12.254964],[-41.509465,-12.254875],[-41.509636,-12.272944],[-41.674709,-12.185491],[-41.675126,-12.185124],[-41.675598,-12.182428],[-41.676286,-12.18072],[-41.678701,-12.17984],[-41.680775,-12.178976],[-41.681052,-12.179422],[-41.682604,-12.179617],[-41.684845,-12.180355],[-41.685855,-12.180932],[-41.710178,-12.180694],[-41.738351,-12.180415],[-41.740596,-12.397203]]]]}},
{"type":"Feature","properties":{"nome_uc":"RESERVA PARTICULAR DO PATRIMÔNIO NATURAL SERRA DAS ALMAS DE RIO DE CONTAS","categoria":"Reserva Particular do Patrimônio Natural","grupo":"Uso Sustentável","esfera":"Federal","municipio":"RIO DE CONTAS (BA)","org_gestor":"INSTITUTO CHICO MENDES DE CONSERVAÇÃO DA BIODIVERSIDADE","ato_legal":"Portaria 72 de 25-06-2014","criacao":"30-06-2014","fonte":"MMA – CNUC 07/2026"},"geometry":{"type":"MultiPolygon","coordinates":[[[[-41.878685,-13.538639],[-41.879496,-13.536588],[-41.885937,-13.541191],[-41.88511,-13.546005],[-41.885838,-13.546909],[-41.888481,-13.547708],[-41.882367,-13.550978],[-41.877465,-13.555991],[-41.871328,-13.555979],[-41.868914,-13.550825],[-41.872631,-13.540772],[-41.871446,-13.539807],[-41.872461,-13.539073],[-41.872848,-13.538836],[-41.87302,-13.538733],[-41.873213,-13.538559],[-41.873394,-13.538482],[-41.874202,-13.538367],[-41.874506,-13.538114],[-41.874866,-13.537852],[-41.875503,-13.538384],[-41.875891,-13.537983],[-41.876117,-13.53809],[-41.876333,-13.538166],[-41.87646,-13.538358],[-41.876662,-13.538525],[-41.876687,-13.538623],[-41.876591,-13.53878],[-41.876538,-13.538958],[-41.876576,-13.539051],[-41.877327,-13.539879],[-41.877209,-13.541493],[-41.878674,-13.54363],[-41.879963,-13.541923],[-41.881139,-13.540946],[-41.879622,-13.538762],[-41.878685,-13.538639]]],[[[-41.87541,-13.53712],[-41.876615,-13.53712],[-41.877393,-13.538077],[-41.87662,-13.539015],[-41.876596,-13.538955],[-41.876642,-13.538802],[-41.876746,-13.538632],[-41.876712,-13.538495],[-41.876504,-13.538324],[-41.876367,-13.538121],[-41.876139,-13.53804],[-41.875919,-13.537935],[-41.875213,-13.53745],[-41.87541,-13.53712]]]]}},
{"type":"Feature","properties":{"nome_uc":"RESERVA PARTICULAR DO PATRIMÔNIO NATURAL VOLTA DO RIO","categoria":"Reserva Particular do Patrimônio Natural","grupo":"Uso Sustentável","esfera":"Federal","municipio":"RIO DE CONTAS (BA)","org_gestor":"INSTITUTO CHICO MENDES DE CONSERVAÇÃO DA BIODIVERSIDADE","ato_legal":"Portaria 37 de 27-03-2014","criacao":"28-03-2014","fonte":"MMA – CNUC 07/2026"},"geometry":{"type":"MultiPolygon","coordinates":[[[[-41.917201,-13.528546],[-41.916516,-13.532842],[-41.920175,-13.534443],[-41.92053,-13.535135],[-41.904653,-13.541409],[-41.903826,-13.540362],[-41.904808,-13.538484],[-41.908794,-13.533214],[-41.912018,-13.530163],[-41.915067,-13.529891],[-41.91517,-13.530234],[-41.91516,-13.531185],[-41.915135,-13.531292],[-41.915154,-13.531383],[-41.914552,-13.531864],[-41.914381,-13.532034],[-41.914256,-13.53228],[-41.914004,-13.532499],[-41.913916,-13.532671],[-41.913882,-13.532842],[-41.91378,-13.533046],[-41.913535,-13.533761],[-41.913041,-13.534042],[-41.912524,-13.534387],[-41.91214,-13.534436],[-41.911869,-13.534474],[-41.911433,-13.534444],[-41.911243,-13.5345],[-41.911001,-13.534658],[-41.910825,-13.534822],[-41.91065,-13.534953],[-41.91057,-13.535079],[-41.909513,-13.535347],[-41.909422,-13.535493],[-41.909275,-13.535482],[-41.90912,-13.535549],[-41.909103,-13.535604],[-41.909069,-13.535527],[-41.908789,-13.535464],[-41.908759,-13.535236],[-41.908244,-13.535161],[-41.908059,-13.535266],[-41.908361,-13.5356],[-41.907897,-13.536058],[-41.908096,-13.536575],[-41.908301,-13.53683],[-41.908661,-13.53691],[-41.909189,-13.536623],[-41.909166,-13.536199],[-41.909189,-13.535934],[-41.909132,-13.535668],[-41.909158,-13.535582],[-41.909283,-13.535528],[-41.909447,-13.53554],[-41.909542,-13.535386],[-41.9106,-13.535119],[-41.910777,-13.535262],[-41.911294,-13.535104],[-41.911334,-13.534742],[-41.91118,-13.53472],[-41.91112,-13.534638],[-41.911264,-13.534541],[-41.911438,-13.534489],[-41.911871,-13.534519],[-41.912147,-13.53448],[-41.912541,-13.53443],[-41.913065,-13.53408],[-41.913573,-13.533792],[-41.913823,-13.533063],[-41.913926,-13.532856],[-41.914712,-13.533257],[-41.915196,-13.532768],[-41.915414,-13.53151],[-41.915204,-13.531401],[-41.915183,-13.531292],[-41.915206,-13.53119],[-41.915217,-13.530228],[-41.915113,-13.529887],[-41.915516,-13.529851],[-41.916813,-13.528594],[-41.917201,-13.528546]]]]}},
{"type":"Feature","properties":{"nome_uc":"Parque Natural Municipal do Morro do Pai Inácio","categoria":"Parque Natural Municipal","grupo":"Proteção Integral","esfera":"Municipal","municipio":"Palmeiras","org_gestor":"Prefeitura Municipal de Palmeiras","ato_legal":"Decreto nº 548 de 14/12/2001","criacao":null,"fonte":"INEMA – UC Municipais 2019"},"geometry":{"type":"MultiPolygon","coordinates":[[[[-41.47789,-12.459479],[-41.475853,-12.461902],[-41.473753,-12.462508],[-41.472501,-12.462312],[-41.468149,-12.461041],[-41.466856,-12.46136],[-41.466175,-12.460382],[-41.465396,-12.458681],[-41.466193,-12.457328],[-41.466626,-12.455508],[-41.471856,-12.454376],[-41.4776,-12.450248],[-41.477714,-12.450699],[-41.478676,-12.450292],[-41.47903,-12.450804],[-41.478719,-12.453924],[-41.477984,-12.455837],[-41.47789,-12.459479]]]]}},
{"type":"Feature","properties":{"nome_uc":"Parque Municipal Natural da Serra das Almas","categoria":"Parque Natural Municipal","grupo":"Proteção Integral","esfera":"Municipal","municipio":"Rio de Contas","org_gestor":"Prefeitura Municipal de Rio de Contas","ato_legal":"Decreto nº 01 de 19/01/2002","criacao":null,"fonte":"INEMA – UC Municipais 2019"},"geometry":{"type":"MultiPolygon","coordinates":[[[[-41.817218,-13.612091],[-41.817351,-13.60506],[-41.821864,-13.60501],[-41.821884,-13.598618],[-41.837777,-13.589134],[-41.837947,-13.589024],[-41.838165,-13.588961],[-41.838431,-13.588974],[-41.838618,-13.588972],[-41.838899,-13.588968],[-41.839117,-13.588905],[-41.839256,-13.588781],[-41.839379,-13.588688],[-41.839535,-13.588549],[-41.839627,-13.588518],[-41.839768,-13.588531],[-41.839847,-13.588591],[-41.839864,-13.588683],[-41.839865,-13.588774],[-41.839819,-13.588881],[-41.839805,-13.589003],[-41.83976,-13.589156],[-41.839731,-13.58934],[-41.839748,-13.589462],[-41.839827,-13.589568],[-41.839953,-13.589628],[-41.840297,-13.589654],[-41.840801,-13.589579],[-41.841112,-13.589484],[-41.84167,-13.589142],[-41.842212,-13.588739],[-41.842892,-13.588198],[-41.843509,-13.58758],[-41.843942,-13.587148],[-41.844279,-13.586671],[-41.844651,-13.586109],[-41.844864,-13.585573],[-41.845075,-13.584929],[-41.845335,-13.58453],[-41.845597,-13.584221],[-41.845812,-13.583944],[-41.845903,-13.583653],[-41.845946,-13.583424],[-41.845929,-13.583226],[-41.845801,-13.583059],[-41.845628,-13.582879],[-41.84547,-13.582728],[-41.845186,-13.582486],[-41.844902,-13.582246],[-41.844758,-13.582004],[-41.844736,-13.581473],[-41.844764,-13.581182],[-41.844945,-13.580631],[-41.845251,-13.58014],[-41.845588,-13.579601],[-41.846172,-13.578756],[-41.847084,-13.577653],[-41.847792,-13.576821],[-41.848731,-13.575728],[-41.84971,-13.574655],[-41.850063,-13.574163],[-41.850571,-13.573501],[-41.851031,-13.572809],[-41.851258,-13.572242],[-41.851474,-13.572011],[-41.851615,-13.571994],[-41.85174,-13.572038],[-41.851804,-13.572129],[-41.851853,-13.572281],[-41.851871,-13.572556],[-41.851859,-13.572861],[-41.8518,-13.573136],[-41.85174,-13.573381],[-41.851758,-13.57358],[-41.851823,-13.573716],[-41.851901,-13.573791],[-41.852011,-13.573805],[-41.852229,-13.573818],[-41.852287,-13.573797],[-41.852447,-13.573739],[-41.852741,-13.573553],[-41.853343,-13.57292],[-41.853605,-13.572689],[-41.853916,-13.572517],[-41.854228,-13.572498],[-41.854385,-13.572558],[-41.854526,-13.572663],[-41.854716,-13.572844],[-41.855014,-13.572947],[-41.855217,-13.572975],[-41.855418,-13.572836],[-41.85551,-13.572636],[-41.855531,-13.572428],[-41.855537,-13.572361],[-41.855488,-13.572072],[-41.855391,-13.571874],[-41.855295,-13.571585],[-41.855289,-13.571104],[-41.855331,-13.570721],[-41.855482,-13.570247],[-41.855665,-13.569879],[-41.855864,-13.569571],[-41.855969,-13.56925],[-41.855979,-13.569017],[-41.855981,-13.56896],[-41.855932,-13.568777],[-41.855775,-13.568657],[-41.855571,-13.568613],[-41.855322,-13.568632],[-41.855041,-13.568681],[-41.854683,-13.568807],[-41.854373,-13.568932],[-41.854093,-13.569011],[-41.853921,-13.568984],[-41.85381,-13.568908],[-41.853762,-13.568771],[-41.853774,-13.568543],[-41.853802,-13.568222],[-41.853909,-13.568007],[-41.854062,-13.56773],[-41.854584,-13.566737],[-41.854966,-13.566031],[-41.855303,-13.565508],[-41.8557,-13.564741],[-41.856064,-13.563821],[-41.856537,-13.562645],[-41.856901,-13.561787],[-41.857115,-13.561342],[-41.857299,-13.561127],[-41.857547,-13.560956],[-41.857795,-13.560816],[-41.858152,-13.560659],[-41.858494,-13.560472],[-41.8587,-13.56029],[-41.858756,-13.56024],[-41.858956,-13.559994],[-41.859065,-13.559725],[-41.859063,-13.559512],[-41.858983,-13.559284],[-41.858902,-13.559087],[-41.858883,-13.558797],[-41.858894,-13.558476],[-41.858985,-13.558247],[-41.859151,-13.557772],[-41.859472,-13.557112],[-41.859915,-13.556313],[-41.860313,-13.555699],[-41.860946,-13.554686],[-41.861114,-13.554379],[-41.861437,-13.553948],[-41.862359,-13.552748],[-41.862852,-13.552193],[-41.862974,-13.552033],[-41.868838,-13.551965],[-41.868842,-13.551972],[-41.868906,-13.552093],[-41.868971,-13.552256],[-41.868994,-13.552398],[-41.869016,-13.552582],[-41.868997,-13.552704],[-41.868919,-13.553134],[-41.868798,-13.553585],[-41.868781,-13.553789],[-41.868782,-13.553932],[-41.868763,-13.554094],[-41.868765,-13.554258],[-41.868766,-13.55436],[-41.868831,-13.554502],[-41.868895,-13.554624],[-41.868937,-13.554685],[-41.86898,-13.554787],[-41.869043,-13.554846],[-41.869107,-13.554887],[-41.869211,-13.554927],[-41.869217,-13.554928],[-41.869316,-13.554945],[-41.869441,-13.554924],[-41.869567,-13.554902],[-41.869712,-13.554859],[-41.869815,-13.554777],[-41.870095,-13.554718],[-41.870263,-13.554737],[-41.870556,-13.554814],[-41.87087,-13.554872],[-41.871038,-13.554992],[-41.871292,-13.555174],[-41.871335,-13.555295],[-41.871484,-13.55562],[-41.87151,-13.555946],[-41.871514,-13.556314],[-41.871518,-13.556681],[-41.871563,-13.556945],[-41.87163,-13.557292],[-41.871696,-13.557516],[-41.871866,-13.55782],[-41.871952,-13.558044],[-41.872101,-13.558245],[-41.872118,-13.558266],[-41.872313,-13.558508],[-41.872397,-13.55859],[-41.872461,-13.558649],[-41.872587,-13.558689],[-41.872691,-13.558688],[-41.872838,-13.558706],[-41.872942,-13.558705],[-41.873172,-13.558683],[-41.873339,-13.55866],[-41.873525,-13.558577],[-41.873794,-13.558369],[-41.874208,-13.558018],[-41.874807,-13.55748],[-41.875201,-13.557169],[-41.875697,-13.556796],[-41.876298,-13.556381],[-41.876649,-13.556031],[-41.877269,-13.555554],[-41.877993,-13.554933],[-41.878593,-13.554437],[-41.878964,-13.553963],[-41.879437,-13.553385],[-41.879745,-13.553015],[-41.880274,-13.552363],[-41.880873,-13.551825],[-41.881203,-13.551495],[-41.881369,-13.551391],[-41.881473,-13.55135],[-41.881578,-13.551348],[-41.881682,-13.551347],[-41.881745,-13.551364],[-41.881903,-13.551405],[-41.882024,-13.551518],[-41.882057,-13.551726],[-41.881874,-13.552384],[-41.881847,-13.552789],[-41.881852,-13.553227],[-41.881952,-13.55357],[-41.881958,-13.55358],[-41.882082,-13.553787],[-41.882212,-13.55391],[-41.882468,-13.553907],[-41.882721,-13.553779],[-41.882943,-13.553589],[-41.884774,-13.551788],[-41.885759,-13.550797],[-41.886198,-13.550467],[-41.887371,-13.549767],[-41.887996,-13.549471],[-41.889209,-13.549059],[-41.889385,-13.548918],[-41.889575,-13.548766],[-41.88979,-13.548258],[-41.889966,-13.547533],[-41.890333,-13.547312],[-41.892051,-13.545289],[-41.89268,-13.544438],[-41.893249,-13.543901],[-41.893942,-13.543174],[-41.895049,-13.542169],[-41.895463,-13.542039],[-41.895717,-13.541973],[-41.896324,-13.541966],[-41.896773,-13.542024],[-41.89735,-13.542174],[-41.897573,-13.542171],[-41.897795,-13.542075],[-41.897914,-13.541835],[-41.897983,-13.541698],[-41.89823,-13.541001],[-41.898324,-13.540845],[-41.898545,-13.540686],[-41.898959,-13.540493],[-41.899627,-13.540298],[-41.899849,-13.54014],[-41.900038,-13.539887],[-41.900195,-13.539698],[-41.900384,-13.53954],[-41.900384,-13.5395],[-41.900382,-13.539384],[-41.900284,-13.539229],[-41.900092,-13.539075],[-41.899867,-13.539046],[-41.899708,-13.539079],[-41.899422,-13.539176],[-41.899103,-13.539274],[-41.898912,-13.539307],[-41.898624,-13.539279],[-41.898399,-13.539157],[-41.898237,-13.539034],[-41.898171,-13.538848],[-41.898169,-13.53866],[-41.8982,-13.538535],[-41.898262,-13.538378],[-41.898452,-13.538219],[-41.898641,-13.53803],[-41.898895,-13.537903],[-41.899181,-13.537743],[-41.89937,-13.537553],[-41.899686,-13.537268],[-41.900757,-13.535991],[-41.901378,-13.535442],[-41.901888,-13.534894],[-41.902507,-13.534165],[-41.902538,-13.533659],[-41.902516,-13.532928],[-41.90261,-13.53274],[-41.902703,-13.532583],[-41.902797,-13.532394],[-41.903018,-13.532173],[-41.903207,-13.531952],[-41.903331,-13.531607],[-41.90336,-13.53142],[-41.903293,-13.531139],[-41.90313,-13.530892],[-41.903032,-13.530705],[-41.902996,-13.530362],[-41.903057,-13.530112],[-41.903192,-13.529892],[-41.903486,-13.529637],[-41.904071,-13.529197],[-41.904656,-13.528721],[-41.905204,-13.528208],[-41.906043,-13.527332],[-41.906664,-13.526855],[-41.907006,-13.526694],[-41.90707,-13.526693],[-41.907229,-13.526659],[-41.907485,-13.526719],[-41.907646,-13.526842],[-41.907872,-13.527058],[-41.908003,-13.527244],[-41.908132,-13.527367],[-41.908421,-13.527426],[-41.908644,-13.527423],[-41.908771,-13.52736],[-41.908929,-13.527233],[-41.909087,-13.527075],[-41.909686,-13.526412],[-41.910034,-13.526127],[-41.910256,-13.525969],[-41.910541,-13.525871],[-41.910671,-13.525964],[-41.910677,-13.526495],[-41.910814,-13.527243],[-41.910912,-13.527429],[-41.911106,-13.527551],[-41.911425,-13.527579],[-41.911681,-13.527576],[-41.91184,-13.527542],[-41.912096,-13.527509],[-41.912286,-13.527444],[-41.912541,-13.52741],[-41.912838,-13.527433],[-41.913062,-13.527647],[-41.913213,-13.527971],[-41.913367,-13.528475],[-41.913301,-13.52909],[-41.913197,-13.529669],[-41.913057,-13.530249],[-41.91299,-13.530827],[-41.912886,-13.531407],[-41.912853,-13.531732],[-41.912639,-13.532385],[-41.912353,-13.533007],[-41.912101,-13.533198],[-41.911655,-13.533328],[-41.911336,-13.533394],[-41.911178,-13.533521],[-41.911084,-13.533709],[-41.911056,-13.534053],[-41.911075,-13.534196],[-41.911002,-13.534434],[-41.910903,-13.534586],[-41.910491,-13.534841],[-41.910205,-13.534968],[-41.909952,-13.53519],[-41.909859,-13.535378],[-41.909798,-13.535629],[-41.90984,-13.535994],[-41.909992,-13.536318],[-41.910366,-13.536747],[-41.910702,-13.537032],[-41.91126,-13.537351],[-41.91178,-13.537597],[-41.91241,-13.537807],[-41.913521,-13.538083],[-41.914002,-13.53815],[-41.914593,-13.538143],[-41.915183,-13.538064],[-41.915772,-13.537948],[-41.918643,-13.537192],[-41.919932,-13.53696],[-41.920521,-13.536809],[-41.920927,-13.536732],[-41.921553,-13.536652],[-41.922108,-13.536718],[-41.922739,-13.537],[-41.923113,-13.537357],[-41.923601,-13.538037],[-41.923605,-13.538326],[-41.923575,-13.538905],[-41.923506,-13.539339],[-41.923317,-13.539883],[-41.92332,-13.540133],[-41.923387,-13.540414],[-41.923582,-13.540692],[-41.923712,-13.540815],[-41.924001,-13.540968],[-41.924225,-13.540965],[-41.924609,-13.541023],[-41.924738,-13.541147],[-41.924805,-13.541396],[-41.924778,-13.541833],[-41.92472,-13.54224],[-41.924594,-13.542491],[-41.924374,-13.542775],[-41.924061,-13.543279],[-41.924001,-13.543591],[-41.924004,-13.543809],[-41.924103,-13.544027],[-41.924232,-13.544182],[-41.924331,-13.544399],[-41.924333,-13.544618],[-41.924304,-13.544868],[-41.924243,-13.545118],[-41.924251,-13.545743],[-41.924286,-13.54593],[-41.924316,-13.545988],[-41.924384,-13.546116],[-41.924512,-13.546208],[-41.924865,-13.546267],[-41.925408,-13.546261],[-41.925504,-13.546322],[-41.925508,-13.546326],[-41.925699,-13.546569],[-41.925794,-13.546568],[-41.925922,-13.546535],[-41.926016,-13.546346],[-41.926386,-13.545312],[-41.926575,-13.544998],[-41.926764,-13.544839],[-41.927016,-13.544555],[-41.927108,-13.544242],[-41.927259,-13.543553],[-41.927351,-13.543209],[-41.927541,-13.542988],[-41.927792,-13.542735],[-41.928015,-13.542639],[-41.92827,-13.542542],[-41.928907,-13.54241],[-41.929224,-13.542218],[-41.929541,-13.541996],[-41.929827,-13.541868],[-41.93024,-13.541739],[-41.930496,-13.541766],[-41.930722,-13.54192],[-41.930885,-13.542199],[-41.930985,-13.542448],[-41.931148,-13.542727],[-41.931277,-13.54285],[-41.931405,-13.542942],[-41.931597,-13.54294],[-41.931756,-13.542844],[-41.931819,-13.542746],[-41.931999,-13.542347],[-41.93225,-13.541729],[-41.932469,-13.54151],[-41.933017,-13.541034],[-41.933374,-13.540693],[-41.933595,-13.540441],[-41.933669,-13.540317],[-41.933689,-13.540284],[-41.933719,-13.540096],[-41.933589,-13.53991],[-41.933492,-13.539849],[-41.933267,-13.539758],[-41.933011,-13.539698],[-41.932436,-13.539705],[-41.932276,-13.539675],[-41.932019,-13.539522],[-41.931951,-13.539304],[-41.931947,-13.538961],[-41.931975,-13.538586],[-41.932034,-13.538242],[-41.931968,-13.537993],[-41.93187,-13.537869],[-41.931794,-13.537841],[-41.93171,-13.537809],[-41.931519,-13.537811],[-41.931264,-13.537908],[-41.930884,-13.538224],[-41.930411,-13.538761],[-41.930006,-13.539444],[-41.929827,-13.539879],[-41.929572,-13.540207],[-41.929244,-13.540536],[-41.928745,-13.540935],[-41.928395,-13.541064],[-41.92814,-13.541129],[-41.927788,-13.541102],[-41.927531,-13.540918],[-41.926877,-13.540239],[-41.926577,-13.539809],[-41.926424,-13.539413],[-41.926344,-13.538909],[-41.926332,-13.537933],[-41.926474,-13.537426],[-41.926652,-13.536918],[-41.926831,-13.536446],[-41.92712,-13.535937],[-41.927195,-13.535417],[-41.927192,-13.535167],[-41.927159,-13.535011],[-41.927029,-13.534888],[-41.926804,-13.534796],[-41.92607,-13.534805],[-41.92575,-13.534778],[-41.925493,-13.534719],[-41.925237,-13.534628],[-41.923722,-13.533583],[-41.923594,-13.533554],[-41.923338,-13.533526],[-41.923146,-13.533528],[-41.922956,-13.533562],[-41.922668,-13.533627],[-41.922412,-13.533599],[-41.922221,-13.53357],[-41.921963,-13.533385],[-41.92167,-13.532983],[-41.921538,-13.532642],[-41.921501,-13.532354],[-41.921569,-13.53192],[-41.921785,-13.531411],[-41.921929,-13.531121],[-41.92233,-13.530682],[-41.922878,-13.530206],[-41.923826,-13.529256],[-41.924263,-13.528745],[-41.9247,-13.52827],[-41.925248,-13.527758],[-41.925833,-13.527318],[-41.926052,-13.527098],[-41.926816,-13.52615],[-41.927105,-13.525677],[-41.92739,-13.525166],[-41.927735,-13.524693],[-41.92805,-13.524378],[-41.928367,-13.524187],[-41.928622,-13.524091],[-41.929164,-13.523928],[-41.929703,-13.523609],[-41.930273,-13.523228],[-41.930558,-13.522975],[-41.931947,-13.522952],[-41.932231,-13.522783],[-41.932483,-13.522616],[-41.932649,-13.522514],[-41.932884,-13.522363],[-41.933001,-13.522246],[-41.933117,-13.522113],[-41.9332,-13.521931],[-41.933265,-13.521748],[-41.933279,-13.521567],[-41.933293,-13.521352],[-41.933242,-13.521221],[-41.933139,-13.521091],[-41.932968,-13.520927],[-41.93278,-13.520748],[-41.93266,-13.520601],[-41.93259,-13.52042],[-41.932572,-13.520239],[-41.93257,-13.520091],[-41.932601,-13.519909],[-41.9327,-13.519726],[-41.932816,-13.519577],[-41.932967,-13.519508],[-41.933169,-13.51944],[-41.933405,-13.519437],[-41.933726,-13.519434],[-41.934115,-13.519495],[-41.934471,-13.51959],[-41.93496,-13.519634],[-41.935264,-13.519647],[-41.935702,-13.519609],[-41.936073,-13.519472],[-41.93639,-13.519238],[-41.936757,-13.51892],[-41.937192,-13.518602],[-41.938204,-13.517884],[-41.938405,-13.517734],[-41.938757,-13.517516],[-41.939125,-13.51728],[-41.939442,-13.517045],[-41.939963,-13.516809],[-41.940332,-13.516673],[-41.940819,-13.516518],[-41.941391,-13.516297],[-41.941911,-13.51606],[-41.942263,-13.515808],[-41.942445,-13.515559],[-41.942494,-13.51541],[-41.942492,-13.515278],[-41.942423,-13.515147],[-41.942379,-13.51509],[-41.942372,-13.515082],[-41.942253,-13.515017],[-41.941982,-13.514954],[-41.941661,-13.514958],[-41.941341,-13.514978],[-41.941004,-13.515015],[-41.940465,-13.51512],[-41.93981,-13.515326],[-41.939407,-13.515496],[-41.938887,-13.515815],[-41.938569,-13.516017],[-41.938301,-13.516152],[-41.938083,-13.516204],[-41.937896,-13.516223],[-41.937677,-13.516209],[-41.93744,-13.516146],[-41.937254,-13.516082],[-41.936941,-13.515937],[-41.936772,-13.515905],[-41.93662,-13.515891],[-41.936468,-13.515893],[-41.936216,-13.515945],[-41.936031,-13.516013],[-41.935847,-13.516114],[-41.935646,-13.516198],[-41.93546,-13.516267],[-41.935342,-13.516285],[-41.935242,-13.516286],[-41.935021,-13.516239],[-41.934886,-13.516207],[-41.934733,-13.51616],[-41.934598,-13.516112],[-41.934462,-13.515998],[-41.934394,-13.515933],[-41.934392,-13.515801],[-41.93439,-13.515604],[-41.934421,-13.515471],[-41.934504,-13.515273],[-41.934635,-13.514974],[-41.934948,-13.514376],[-41.93528,-13.51396],[-41.935547,-13.513693],[-41.935713,-13.51351],[-41.935879,-13.513227],[-41.936076,-13.512813],[-41.936406,-13.512216],[-41.936893,-13.511551],[-41.937025,-13.511302],[-41.93724,-13.510937],[-41.937387,-13.510605],[-41.937335,-13.50571],[-41.936663,-13.50597],[-41.935948,-13.506162],[-41.935198,-13.506355],[-41.934792,-13.506413],[-41.934795,-13.506384],[-41.934764,-13.506268],[-41.93466,-13.506154],[-41.934526,-13.506083],[-41.934377,-13.506013],[-41.934214,-13.505971],[-41.933932,-13.505874],[-41.93368,-13.505804],[-41.933471,-13.505677],[-41.933351,-13.505519],[-41.933186,-13.505319],[-41.933036,-13.505118],[-41.932915,-13.504946],[-41.932779,-13.504774],[-41.93254,-13.504546],[-41.932123,-13.504276],[-41.931944,-13.504148],[-41.931781,-13.504107],[-41.931543,-13.504095],[-41.931292,-13.504069],[-41.930996,-13.503986],[-41.930757,-13.503888],[-41.930475,-13.503775],[-41.930178,-13.503649],[-41.92988,-13.503493],[-41.929599,-13.50341],[-41.929302,-13.503341],[-41.928724,-13.503247],[-41.92816,-13.503109],[-41.927857,-13.503036],[-41.927546,-13.502938],[-41.92722,-13.502898],[-41.926998,-13.502858],[-41.926672,-13.502862],[-41.92611,-13.502854],[-41.925711,-13.502829],[-41.925399,-13.502804],[-41.925192,-13.502749],[-41.924984,-13.502636],[-41.924818,-13.502479],[-41.924713,-13.502306],[-41.924636,-13.502062],[-41.924589,-13.501845],[-41.924544,-13.501375],[-41.924538,-13.50131],[-41.924486,-13.500675],[-41.924422,-13.500245],[-41.924475,-13.499741],[-41.924475,-13.499214],[-41.924429,-13.498923],[-41.924402,-13.498527],[-41.92442,-13.498173],[-41.924372,-13.49782],[-41.924344,-13.497596],[-41.924278,-13.497445],[-41.924176,-13.49733],[-41.924055,-13.497197],[-41.923961,-13.496929],[-41.923837,-13.496501],[-41.923549,-13.496057],[-41.923326,-13.495818],[-41.923151,-13.49573],[-41.922912,-13.495644],[-41.922748,-13.49561],[-41.922536,-13.495559],[-41.922426,-13.495498],[-41.922288,-13.495392],[-41.922012,-13.495215],[-41.921846,-13.495173],[-41.92161,-13.495229],[-41.9213,-13.495394],[-41.921073,-13.49554],[-41.920892,-13.495676],[-41.920683,-13.495795],[-41.920538,-13.495815],[-41.920328,-13.495844],[-41.920091,-13.495892],[-41.919936,-13.495983],[-41.919702,-13.49621],[-41.919417,-13.496454],[-41.918953,-13.497237],[-41.918241,-13.498245],[-41.917674,-13.498981],[-41.917085,-13.499529],[-41.916599,-13.499868],[-41.916105,-13.500245],[-41.915799,-13.500588],[-41.915493,-13.500894],[-41.915078,-13.501217],[-41.9146,-13.501496],[-41.914015,-13.501867],[-41.913398,-13.502253],[-41.912845,-13.50267],[-41.912167,-13.503071],[-41.911519,-13.503398],[-41.910762,-13.503649],[-41.909972,-13.503719],[-41.909398,-13.503726],[-41.908823,-13.503702],[-41.908372,-13.503646],[-41.907937,-13.503576],[-41.907703,-13.503487],[-41.907407,-13.503354],[-41.907016,-13.503117],[-41.90655,-13.502591],[-41.906172,-13.502109],[-41.905904,-13.501809],[-41.905622,-13.501539],[-41.905293,-13.501255],[-41.904964,-13.501002],[-41.904681,-13.500717],[-41.904477,-13.500492],[-41.904319,-13.500246],[-41.903832,-13.499778],[-41.903602,-13.499608],[-41.903479,-13.499412],[-41.903428,-13.499135],[-41.903432,-13.498914],[-41.903465,-13.498821],[-41.903743,-13.49854],[-41.904234,-13.498023],[-41.904537,-13.497557],[-41.905223,-13.496484],[-41.905658,-13.495768],[-41.905772,-13.495176],[-41.905908,-13.494442],[-41.906047,-13.493946],[-41.906236,-13.493637],[-41.906569,-13.493279],[-41.907097,-13.492919],[-41.907576,-13.492677],[-41.908058,-13.492553],[-41.908347,-13.49248],[-41.908708,-13.492475],[-41.909073,-13.492636],[-41.909317,-13.492893],[-41.909487,-13.492986],[-41.909729,-13.493006],[-41.910018,-13.492908],[-41.9104,-13.492598],[-41.910733,-13.492263],[-41.911365,-13.491675],[-41.912322,-13.490979],[-41.913065,-13.490498],[-41.914097,-13.490015],[-41.914721,-13.489747],[-41.915372,-13.489622],[-41.916192,-13.489589],[-41.9167,-13.48963],[-41.917425,-13.489787],[-41.918369,-13.489989],[-41.918852,-13.490006],[-41.919069,-13.48998],[-41.919503,-13.489857],[-41.920054,-13.489591],[-41.920474,-13.489397],[-41.920867,-13.489226],[-41.92153,-13.489122],[-41.92205,-13.488978],[-41.922486,-13.48878],[-41.922695,-13.488584],[-41.922792,-13.488417],[-41.922861,-13.488251],[-41.922885,-13.487974],[-41.922811,-13.487672],[-41.922637,-13.487301],[-41.922278,-13.48678],[-41.922002,-13.486082],[-41.921997,-13.485627],[-41.922013,-13.484729],[-41.922091,-13.484457],[-41.92223,-13.483968],[-41.922493,-13.483454],[-41.922784,-13.483078],[-41.923231,-13.482604],[-41.923875,-13.481923],[-41.924572,-13.481225],[-41.925105,-13.480901],[-41.925541,-13.480744],[-41.925991,-13.480642],[-41.926581,-13.480318],[-41.927029,-13.480009],[-41.927621,-13.479373],[-41.928067,-13.478954],[-41.928418,-13.478702],[-41.928615,-13.478644],[-41.929235,-13.478609],[-41.929885,-13.478643],[-41.930535,-13.478649],[-41.931229,-13.478779],[-41.931625,-13.478858],[-41.932467,-13.478929],[-41.932778,-13.478884],[-41.932974,-13.478786],[-41.933184,-13.478604],[-41.93331,-13.478478],[-41.933533,-13.478323],[-41.933844,-13.478265],[-41.934267,-13.47826],[-41.934621,-13.478324],[-41.935005,-13.478499],[-41.935274,-13.478634],[-41.935416,-13.478674],[-41.935642,-13.478672],[-41.935838,-13.4786],[-41.935873,-13.478568],[-41.936006,-13.478446],[-41.936075,-13.478238],[-41.936054,-13.477756],[-41.935887,-13.476778],[-41.935768,-13.476226],[-41.935491,-13.475526],[-41.935317,-13.475183],[-41.934924,-13.474198],[-41.934663,-13.473661],[-41.93454,-13.472794],[-41.934539,-13.471606],[-41.934536,-13.47133],[-41.934646,-13.471056],[-41.934882,-13.470749],[-41.935053,-13.470563],[-41.935477,-13.470091],[-41.935948,-13.469755],[-41.936592,-13.469356],[-41.936928,-13.46918],[-41.93725,-13.468969],[-41.937572,-13.46872],[-41.938023,-13.468442],[-41.938385,-13.46823],[-41.938737,-13.468096],[-41.939101,-13.468043],[-41.939565,-13.467958],[-41.940676,-13.467816],[-41.941463,-13.467669],[-41.942238,-13.467303],[-41.94291,-13.46686],[-41.943169,-13.46655],[-41.943266,-13.466152],[-41.943248,-13.465979],[-41.943572,-13.465634],[-41.94379,-13.465333],[-41.944064,-13.465085],[-41.944394,-13.464837],[-41.944697,-13.464725],[-41.945029,-13.464612],[-41.945138,-13.46453],[-41.945193,-13.464475],[-41.945356,-13.464256],[-41.945437,-13.464065],[-41.945518,-13.463874],[-41.945654,-13.463683],[-41.945875,-13.463571],[-41.94604,-13.463515],[-41.946207,-13.463513],[-41.946345,-13.463538],[-41.946512,-13.463509],[-41.946622,-13.463454],[-41.946814,-13.463289],[-41.946949,-13.463043],[-41.947251,-13.462741],[-41.947526,-13.462575],[-41.947829,-13.462435],[-41.948023,-13.462433],[-41.948855,-13.462423],[-41.949214,-13.462419],[-41.949242,-13.462364],[-41.950097,-13.46159],[-41.958131,-13.491002],[-41.95471,-13.492391],[-41.951736,-13.495128],[-41.951235,-13.497553],[-41.95408,-13.499899],[-41.955371,-13.500296],[-41.957338,-13.502008],[-41.958226,-13.502676],[-41.958671,-13.504074],[-41.959118,-13.505769],[-41.959832,-13.50684],[-41.961688,-13.508369],[-41.962212,-13.508862],[-41.9634,-13.510288],[-41.963402,-13.510296],[-41.96352,-13.512253],[-41.964128,-13.51378],[-41.964489,-13.514278],[-41.965384,-13.517553],[-41.965186,-13.518023],[-41.964056,-13.520284],[-41.963282,-13.522366],[-41.963758,-13.52421],[-41.964948,-13.52534],[-41.967792,-13.526513],[-41.968089,-13.527454],[-41.966778,-13.527006],[-41.965998,-13.52674],[-41.964781,-13.526718],[-41.964236,-13.526916],[-41.962882,-13.52803],[-41.962225,-13.52849],[-41.96132,-13.52876],[-41.960374,-13.529304],[-41.958645,-13.530118],[-41.958068,-13.530118],[-41.957451,-13.529953],[-41.957163,-13.529542],[-41.95634,-13.529336],[-41.955764,-13.529336],[-41.955105,-13.529912],[-41.954159,-13.530982],[-41.953624,-13.532052],[-41.953381,-13.532562],[-41.952924,-13.532875],[-41.951937,-13.533451],[-41.950825,-13.533822],[-41.949838,-13.534357],[-41.94848,-13.534974],[-41.947533,-13.535262],[-41.946792,-13.53555],[-41.94634,-13.535797],[-41.946299,-13.536126],[-41.946257,-13.536949],[-41.946175,-13.537937],[-41.945558,-13.539995],[-41.944858,-13.541559],[-41.944282,-13.542217],[-41.943377,-13.542876],[-41.94206,-13.543493],[-41.941442,-13.543904],[-41.94099,-13.543987],[-41.940414,-13.543699],[-41.939714,-13.543246],[-41.939056,-13.543164],[-41.938315,-13.543452],[-41.937862,-13.544028],[-41.936216,-13.546003],[-41.933953,-13.548472],[-41.932636,-13.549995],[-41.931278,-13.55123],[-41.930208,-13.552053],[-41.929138,-13.552794],[-41.92815,-13.553205],[-41.927533,-13.553411],[-41.926912,-13.553525],[-41.925928,-13.553329],[-41.925187,-13.553082],[-41.924405,-13.552876],[-41.923911,-13.552382],[-41.923829,-13.551477],[-41.923829,-13.551477],[-41.923829,-13.551477],[-41.923335,-13.550777],[-41.922677,-13.550283],[-41.922018,-13.549913],[-41.920742,-13.550119],[-41.919467,-13.550366],[-41.918561,-13.550571],[-41.917615,-13.550859],[-41.916997,-13.550777],[-41.916133,-13.550777],[-41.915598,-13.550571],[-41.915138,-13.550406],[-41.915022,-13.549913],[-41.915022,-13.549913],[-41.915022,-13.549913],[-41.914775,-13.549337],[-41.914734,-13.548678],[-41.914652,-13.548102],[-41.914652,-13.548102],[-41.914652,-13.548102],[-41.914322,-13.547608],[-41.913664,-13.547073],[-41.912841,-13.54695],[-41.911771,-13.547526],[-41.91103,-13.547937],[-41.910001,-13.548061],[-41.909219,-13.54802],[-41.90852,-13.548061],[-41.908227,-13.548308],[-41.90745,-13.548184],[-41.906503,-13.548349],[-41.905845,-13.548678],[-41.904281,-13.549049],[-41.902923,-13.549501],[-41.901015,-13.550665],[-41.900117,-13.550916],[-41.899435,-13.551239],[-41.899076,-13.551418],[-41.898394,-13.551418],[-41.897533,-13.551239],[-41.896887,-13.551311],[-41.896439,-13.55145],[-41.895917,-13.551993],[-41.895577,-13.552289],[-41.895441,-13.552756],[-41.895245,-13.553254],[-41.894928,-13.55348],[-41.89425,-13.5536],[-41.893526,-13.553646],[-41.892893,-13.553872],[-41.892335,-13.554188],[-41.891808,-13.554731],[-41.891431,-13.555319],[-41.891159,-13.555802],[-41.890812,-13.556224],[-41.890345,-13.556525],[-41.890012,-13.556632],[-41.889712,-13.556616],[-41.88938,-13.55648],[-41.889139,-13.556209],[-41.888973,-13.555877],[-41.888928,-13.55553],[-41.888928,-13.55553],[-41.888928,-13.55553],[-41.888807,-13.555304],[-41.888596,-13.555214],[-41.888186,-13.55526],[-41.887492,-13.555853],[-41.887124,-13.556478],[-41.886093,-13.557509],[-41.884142,-13.558981],[-41.882302,-13.559938],[-41.880572,-13.560785],[-41.879321,-13.561411],[-41.878842,-13.561668],[-41.878143,-13.561632],[-41.877554,-13.561043],[-41.876766,-13.560316],[-41.876008,-13.56038],[-41.875198,-13.560675],[-41.874241,-13.561595],[-41.873652,-13.562699],[-41.873026,-13.563914],[-41.87229,-13.565128],[-41.871909,-13.565853],[-41.871075,-13.566858],[-41.870339,-13.567337],[-41.869272,-13.567447],[-41.868278,-13.567742],[-41.867689,-13.568114],[-41.866953,-13.568147],[-41.865922,-13.56822],[-41.865186,-13.568552],[-41.864339,-13.569325],[-41.863603,-13.570024],[-41.863051,-13.57065],[-41.862499,-13.571386],[-41.861652,-13.571864],[-41.861211,-13.571791],[-41.860474,-13.571423],[-41.859738,-13.571496],[-41.859297,-13.572048],[-41.858634,-13.573079],[-41.857971,-13.573926],[-41.857242,-13.574724],[-41.85672,-13.575472],[-41.856205,-13.576171],[-41.855763,-13.577054],[-41.855653,-13.577827],[-41.855211,-13.57838],[-41.854364,-13.578932],[-41.85337,-13.5793],[-41.852671,-13.579631],[-41.852045,-13.579631],[-41.851567,-13.579631],[-41.850573,-13.579447],[-41.850104,-13.579606],[-41.850131,-13.579999],[-41.850131,-13.579999],[-41.850131,-13.579999],[-41.85061,-13.58033],[-41.851235,-13.580809],[-41.851493,-13.581398],[-41.851346,-13.582097],[-41.850904,-13.583717],[-41.850794,-13.5846],[-41.850561,-13.5854],[-41.850389,-13.586293],[-41.849837,-13.587214],[-41.849358,-13.587803],[-41.848622,-13.588318],[-41.847959,-13.58898],[-41.847076,-13.589827],[-41.846193,-13.590821],[-41.845788,-13.591336],[-41.845077,-13.592016],[-41.844536,-13.592588],[-41.844058,-13.592956],[-41.843174,-13.593361],[-41.842513,-13.59376],[-41.841926,-13.594435],[-41.841512,-13.594957],[-41.840881,-13.595784],[-41.840163,-13.596654],[-41.839728,-13.597437],[-41.839358,-13.597764],[-41.838923,-13.598112],[-41.838357,-13.59846],[-41.837857,-13.598852],[-41.837574,-13.59933],[-41.837335,-13.600005],[-41.837291,-13.600636],[-41.837095,-13.60118],[-41.836791,-13.601571],[-41.836051,-13.60205],[-41.835355,-13.602507],[-41.834724,-13.602833],[-41.833875,-13.603225],[-41.833484,-13.603573],[-41.833114,-13.603965],[-41.832787,-13.604247],[-41.832265,-13.604574],[-41.831547,-13.604965],[-41.829937,-13.605662],[-41.828936,-13.606162],[-41.827453,-13.606871],[-41.826782,-13.607054],[-41.825651,-13.607359],[-41.82491,-13.607534],[-41.824149,-13.607931],[-41.823619,-13.608461],[-41.823355,-13.609057],[-41.823288,-13.60952],[-41.822991,-13.610049],[-41.822329,-13.610645],[-41.821137,-13.611241],[-41.820475,-13.611803],[-41.820238,-13.612043],[-41.819953,-13.612285],[-41.819626,-13.612441],[-41.819004,-13.612582],[-41.818587,-13.61264],[-41.818146,-13.61264],[-41.81752,-13.612327],[-41.817218,-13.612091]]]]}},
{"type":"Feature","properties":{"nome_uc":"Parque Natural Municipal do Boqueirão","categoria":"Parque Natural Municipal","grupo":"Proteção Integral","esfera":"Municipal","municipio":"Palmeiras","org_gestor":"Prefeitura Municipal de Palmeiras","ato_legal":"Decreto nº224 de 11/05/2015","criacao":null,"fonte":"INEMA – UC Municipais 2019"},"geometry":{"type":"MultiPolygon","coordinates":[[[[-41.483445,-12.550168],[-41.484529,-12.549223],[-41.485807,-12.54939],[-41.485241,-12.552444],[-41.487337,-12.555415],[-41.49067,-12.554504],[-41.491666,-12.555159],[-41.491519,-12.556086],[-41.490967,-12.557913],[-41.489774,-12.560106],[-41.489834,-12.561175],[-41.490445,-12.562973],[-41.49046,-12.564261],[-41.491751,-12.567806],[-41.492807,-12.56989],[-41.492441,-12.572285],[-41.491893,-12.572336],[-41.491138,-12.573124],[-41.491548,-12.5737],[-41.490833,-12.5745],[-41.490333,-12.575861],[-41.489611,-12.575639],[-41.489361,-12.576111],[-41.487313,-12.575882],[-41.485357,-12.574649],[-41.483779,-12.573889],[-41.48691,-12.568422],[-41.488628,-12.563628],[-41.486687,-12.558866],[-41.479771,-12.553783],[-41.480563,-12.553479],[-41.481146,-12.55309],[-41.481702,-12.552118],[-41.483445,-12.550168]]]]}},
{"type":"Feature","properties":{"nome_uc":"Parque Natural Municipal de Andaraí Rota das Cachoeiras","categoria":"Parque Natural Municipal","grupo":"Proteção Integral","esfera":"Municipal","municipio":"Andaraí","org_gestor":"Prefeitura Municipal de Andaraí","ato_legal":"Lei nº 175 de 13/12/2016","criacao":null,"fonte":"INEMA – UC Municipais 2019"},"geometry":{"type":"MultiPolygon","coordinates":[[[[-41.300473,-12.959446],[-41.301011,-12.957586],[-41.303756,-12.959203],[-41.305682,-12.959914],[-41.308347,-12.960738],[-41.30919,-12.960999],[-41.311246,-12.961992],[-41.311377,-12.963275],[-41.31144,-12.963892],[-41.312681,-12.964674],[-41.315208,-12.96257],[-41.316456,-12.963241],[-41.313395,-12.966684],[-41.320513,-12.973315],[-41.323769,-12.969496],[-41.324329,-12.968771],[-41.324459,-12.969384],[-41.324607,-12.970073],[-41.324623,-12.971853],[-41.324884,-12.972955],[-41.324516,-12.973817],[-41.32371,-12.974561],[-41.322778,-12.975305],[-41.322038,-12.976416],[-41.321489,-12.977955],[-41.320762,-12.980539],[-41.319897,-12.981713],[-41.318906,-12.982826],[-41.317848,-12.983449],[-41.316784,-12.983459],[-41.316033,-12.983404],[-41.315659,-12.983591],[-41.315542,-12.984452],[-41.316551,-12.985302],[-41.316878,-12.986833],[-41.316824,-12.987692],[-41.316832,-12.988613],[-41.316404,-12.989721],[-41.315541,-12.991079],[-41.315177,-12.992309],[-41.315135,-12.993259],[-41.315073,-12.994642],[-41.315149,-12.996053],[-41.315043,-12.99814],[-41.315025,-12.999862],[-41.314291,-13.002025],[-41.313804,-13.003694],[-41.313507,-13.005607],[-41.313078,-13.006782],[-41.311893,-13.007717],[-41.31127,-13.008401],[-41.310591,-13.009763],[-41.310041,-13.01137],[-41.310244,-13.012971],[-41.310697,-13.014385],[-41.311274,-13.015612],[-41.312227,-13.016652],[-41.31274,-13.017818],[-41.312315,-13.019425],[-41.311645,-13.021649],[-41.310718,-13.023445],[-41.309418,-13.025552],[-41.307805,-13.027909],[-41.306068,-13.03039],[-41.305332,-13.032369],[-41.304904,-13.033729],[-41.304714,-13.03504],[-41.304609,-13.035765],[-41.30356,-13.03787],[-41.302706,-13.040713],[-41.302101,-13.043307],[-41.301683,-13.045653],[-41.301757,-13.046885],[-41.302583,-13.047864],[-41.302597,-13.049343],[-41.301736,-13.051447],[-41.300811,-13.053304],[-41.299574,-13.055534],[-41.29808,-13.05715],[-41.297392,-13.057587],[-41.296391,-13.058089],[-41.295577,-13.058405],[-41.294507,-13.058353],[-41.293372,-13.057931],[-41.292114,-13.057881],[-41.291173,-13.058074],[-41.29061,-13.058387],[-41.289359,-13.059138],[-41.288104,-13.059396],[-41.286792,-13.060332],[-41.285167,-13.061394],[-41.284481,-13.061955],[-41.283166,-13.062583],[-41.281916,-13.063334],[-41.281046,-13.064451],[-41.280299,-13.066181],[-41.27571,-13.062859],[-41.275359,-13.0626],[-41.274986,-13.062422],[-41.27429,-13.062076],[-41.27377,-13.061782],[-41.272626,-13.061214],[-41.271276,-13.060612],[-41.270506,-13.060302],[-41.269872,-13.060064],[-41.269014,-13.059692],[-41.268381,-13.059471],[-41.267695,-13.059325],[-41.267565,-13.059298],[-41.2666,-13.05918],[-41.266261,-13.059147],[-41.265684,-13.059061],[-41.265235,-13.058975],[-41.264566,-13.058809],[-41.264136,-13.058758],[-41.263597,-13.058736],[-41.263094,-13.058722],[-41.2626,-13.058754],[-41.262217,-13.05883],[-41.261725,-13.058996],[-41.26127,-13.059244],[-41.260661,-13.059738],[-41.260434,-13.059939],[-41.260244,-13.06004],[-41.259897,-13.060151],[-41.259893,-13.060151],[-41.259491,-13.060164],[-41.258723,-13.060125],[-41.25821,-13.060121],[-41.25779,-13.06016],[-41.257279,-13.0603],[-41.256481,-13.060588],[-41.255598,-13.060975],[-41.254877,-13.061171],[-41.253918,-13.061333],[-41.252927,-13.061504],[-41.251823,-13.061685],[-41.250417,-13.06196],[-41.249423,-13.062239],[-41.249387,-13.062249],[-41.248096,-13.062649],[-41.24713,-13.062937],[-41.246742,-13.063058],[-41.245603,-13.063411],[-41.245064,-13.063524],[-41.243775,-13.063626],[-41.243313,-13.063612],[-41.242819,-13.063607],[-41.242408,-13.063629],[-41.242033,-13.063695],[-41.241578,-13.063844],[-41.241054,-13.064074],[-41.240398,-13.064297],[-41.239887,-13.064464],[-41.239239,-13.06456],[-41.238253,-13.064659],[-41.237294,-13.064857],[-41.236172,-13.065129],[-41.235914,-13.065185],[-41.234762,-13.065511],[-41.233733,-13.065927],[-41.232794,-13.066324],[-41.232229,-13.066545],[-41.231907,-13.066629],[-41.230674,-13.066902],[-41.229994,-13.067035],[-41.229402,-13.067139],[-41.228408,-13.067446],[-41.22802,-13.067553],[-41.227528,-13.067688],[-41.226482,-13.067914],[-41.225424,-13.068086],[-41.224505,-13.068248],[-41.223578,-13.068274],[-41.222644,-13.068245],[-41.221167,-13.068222],[-41.220826,-13.068248],[-41.220639,-13.068263],[-41.220159,-13.06833],[-41.220003,-13.068363],[-41.219757,-13.068415],[-41.218812,-13.068649],[-41.218353,-13.068698],[-41.217976,-13.068688],[-41.217835,-13.068684],[-41.217127,-13.068555],[-41.216496,-13.068398],[-41.215851,-13.068232],[-41.215459,-13.068199],[-41.215119,-13.068235],[-41.214993,-13.068248],[-41.214628,-13.068405],[-41.21403,-13.068672],[-41.213366,-13.069039],[-41.213161,-13.069129],[-41.213159,-13.069129],[-41.212859,-13.06926],[-41.212275,-13.069351],[-41.212182,-13.069365],[-41.21143,-13.069381],[-41.210851,-13.069413],[-41.210848,-13.069413],[-41.210699,-13.069414],[-41.209968,-13.069421],[-41.209422,-13.069425],[-41.209139,-13.069428],[-41.20867,-13.069432],[-41.208053,-13.069636],[-41.20743,-13.069751],[-41.207335,-13.069768],[-41.206572,-13.069791],[-41.206477,-13.069794],[-41.206318,-13.069783],[-41.205718,-13.06974],[-41.205568,-13.069729],[-41.205292,-13.069686],[-41.204696,-13.069628],[-41.20404,-13.069571],[-41.204004,-13.069571],[-41.203434,-13.069576],[-41.203119,-13.069587],[-41.20235,-13.069721],[-41.202294,-13.069734],[-41.202158,-13.069767],[-41.200972,-13.070058],[-41.200867,-13.070084],[-41.200585,-13.070154],[-41.200293,-13.070226],[-41.199637,-13.070295],[-41.199474,-13.070299],[-41.198603,-13.070322],[-41.197555,-13.070213],[-41.197161,-13.070165],[-41.196799,-13.07012],[-41.196373,-13.070043],[-41.195855,-13.069948],[-41.19569,-13.069831],[-41.195588,-13.069615],[-41.195472,-13.069282],[-41.195439,-13.069065],[-41.195418,-13.068921],[-41.195436,-13.068672],[-41.19544,-13.068614],[-41.195526,-13.068342],[-41.195973,-13.06748],[-41.195997,-13.067452],[-41.196341,-13.066979],[-41.19649,-13.066698],[-41.196613,-13.066381],[-41.196636,-13.066145],[-41.196533,-13.065848],[-41.196225,-13.065345],[-41.195721,-13.064698],[-41.195397,-13.064317],[-41.195141,-13.064016],[-41.194809,-13.06354],[-41.194375,-13.062993],[-41.193929,-13.062482],[-41.193851,-13.062229],[-41.193824,-13.062003],[-41.193831,-13.061741],[-41.193909,-13.061515],[-41.194081,-13.061116],[-41.194303,-13.060409],[-41.194499,-13.059784],[-41.194533,-13.059295],[-41.19449,-13.058772],[-41.194348,-13.058384],[-41.194129,-13.057968],[-41.19377,-13.057287],[-41.193248,-13.056586],[-41.192644,-13.056221],[-41.192501,-13.056167],[-41.191518,-13.055797],[-41.190215,-13.055347],[-41.188951,-13.05505],[-41.188536,-13.054909],[-41.187513,-13.054484],[-41.186749,-13.054311],[-41.186515,-13.054258],[-41.185636,-13.054249],[-41.185506,-13.054248],[-41.185036,-13.054242],[-41.184666,-13.054237],[-41.184271,-13.054304],[-41.184115,-13.054323],[-41.183998,-13.054342],[-41.183431,-13.054383],[-41.183325,-13.054382],[-41.182901,-13.054379],[-41.182547,-13.054282],[-41.182127,-13.054123],[-41.181614,-13.054182],[-41.181611,-13.054182],[-41.181405,-13.054192],[-41.181216,-13.054354],[-41.180947,-13.05434],[-41.180841,-13.051769],[-41.181194,-13.050738],[-41.181453,-13.049983],[-41.182092,-13.04812],[-41.182486,-13.047224],[-41.183116,-13.045793],[-41.184095,-13.043317],[-41.184992,-13.041298],[-41.185567,-13.039156],[-41.186416,-13.035993],[-41.187534,-13.03214],[-41.188392,-13.028818],[-41.1893,-13.02598],[-41.190107,-13.023361],[-41.191165,-13.021093],[-41.192948,-13.021285],[-41.194452,-13.020279],[-41.197061,-13.021134],[-41.199612,-13.020958],[-41.202221,-13.0218],[-41.205297,-13.022186],[-41.206287,-13.022943],[-41.209652,-13.023263],[-41.211345,-13.02447],[-41.213772,-13.022881],[-41.214942,-13.023498],[-41.220011,-13.023002],[-41.222488,-13.020885],[-41.224703,-13.021511],[-41.225657,-13.020512],[-41.227134,-13.01768],[-41.230463,-13.017684],[-41.231725,-13.019539],[-41.235939,-13.020462],[-41.238168,-13.021726],[-41.242928,-13.022827],[-41.244137,-13.021642],[-41.246111,-13.021052],[-41.249909,-13.022907],[-41.25228,-13.021304],[-41.253295,-13.019381],[-41.253839,-13.018352],[-41.256153,-13.017997],[-41.258649,-13.008234],[-41.259243,-13.005908],[-41.25978,-13.003806],[-41.260807,-13.002593],[-41.261722,-13.000722],[-41.264356,-12.995643],[-41.269952,-12.983778],[-41.270871,-12.982196],[-41.271535,-12.981105],[-41.271902,-12.980263],[-41.272315,-12.979315],[-41.273084,-12.977592],[-41.273862,-12.976238],[-41.27392,-12.976085],[-41.274557,-12.974416],[-41.275398,-12.97252],[-41.275628,-12.97191],[-41.275791,-12.97148],[-41.276454,-12.970517],[-41.278087,-12.968334],[-41.279292,-12.967665],[-41.280029,-12.966944],[-41.280774,-12.965825],[-41.281796,-12.964148],[-41.282103,-12.963534],[-41.282601,-12.962535],[-41.28299,-12.962008],[-41.283463,-12.961368],[-41.284283,-12.959984],[-41.285544,-12.959878],[-41.286556,-12.960912],[-41.287791,-12.961657],[-41.288875,-12.961683],[-41.289945,-12.961278],[-41.292327,-12.96152],[-41.293119,-12.961677],[-41.29368,-12.961914],[-41.293929,-12.96202],[-41.294356,-12.962201],[-41.295851,-12.963413],[-41.295912,-12.963462],[-41.297175,-12.963423],[-41.29858,-12.963641],[-41.299109,-12.96347],[-41.299383,-12.963381],[-41.299587,-12.963315],[-41.299811,-12.96186],[-41.299841,-12.961663],[-41.300473,-12.959446]]]]}}
]
}
